ISO-10303-21;
HEADER;
FILE_DESCRIPTION((''),'2;1');
FILE_NAME('1720650306','2017-11-24T',('ghp'),(''),
'PRO/ENGINEER BY PARAMETRIC TECHNOLOGY CORPORATION, 2012310',
'PRO/ENGINEER BY PARAMETRIC TECHNOLOGY CORPORATION, 2012310','');
FILE_SCHEMA(('CONFIG_CONTROL_DESIGN'));
ENDSEC;
DATA;
#1=DIRECTION('',(1.E0,0.E0,0.E0));
#2=VECTOR('',#1,2.3E0);
#3=CARTESIAN_POINT('',(-1.15E0,6.24E0,0.E0));
#4=LINE('',#3,#2);
#5=DIRECTION('',(-1.E0,0.E0,0.E0));
#6=VECTOR('',#5,7.725E0);
#7=CARTESIAN_POINT('',(8.875E0,6.24E0,0.E0));
#8=LINE('',#7,#6);
#9=DIRECTION('',(0.E0,1.E0,0.E0));
#10=VECTOR('',#9,1.248E1);
#11=CARTESIAN_POINT('',(8.875E0,-6.24E0,0.E0));
#12=LINE('',#11,#10);
#13=DIRECTION('',(1.E0,0.E0,0.E0));
#14=VECTOR('',#13,1.775E1);
#15=CARTESIAN_POINT('',(-8.875E0,-6.24E0,0.E0));
#16=LINE('',#15,#14);
#17=DIRECTION('',(0.E0,-1.E0,0.E0));
#18=VECTOR('',#17,1.248E1);
#19=CARTESIAN_POINT('',(-8.875E0,6.24E0,0.E0));
#20=LINE('',#19,#18);
#21=DIRECTION('',(-1.E0,0.E0,0.E0));
#22=VECTOR('',#21,7.725E0);
#23=CARTESIAN_POINT('',(-1.15E0,6.24E0,0.E0));
#24=LINE('',#23,#22);
#25=DIRECTION('',(0.E0,-1.E0,0.E0));
#26=VECTOR('',#25,3.67E0);
#27=CARTESIAN_POINT('',(-8.19E0,-3.95E-1,0.E0));
#28=LINE('',#27,#26);
#29=DIRECTION('',(1.E0,0.E0,0.E0));
#30=VECTOR('',#29,3.74E0);
#31=CARTESIAN_POINT('',(-6.95E0,-5.305E0,0.E0));
#32=LINE('',#31,#30);
#33=DIRECTION('',(0.E0,1.E0,0.E0));
#34=VECTOR('',#33,4.91E0);
#35=CARTESIAN_POINT('',(-3.21E0,-5.305E0,0.E0));
#36=LINE('',#35,#34);
#37=DIRECTION('',(-1.E0,0.E0,0.E0));
#38=VECTOR('',#37,4.98E0);
#39=CARTESIAN_POINT('',(-3.21E0,-3.95E-1,0.E0));
#40=LINE('',#39,#38);
#41=DIRECTION('',(0.E0,-1.E0,0.E0));
#42=VECTOR('',#41,3.67E0);
#43=CARTESIAN_POINT('',(-2.49E0,-3.95E-1,0.E0));
#44=LINE('',#43,#42);
#45=DIRECTION('',(1.E0,0.E0,0.E0));
#46=VECTOR('',#45,3.74E0);
#47=CARTESIAN_POINT('',(-1.25E0,-5.305E0,0.E0));
#48=LINE('',#47,#46);
#49=DIRECTION('',(0.E0,1.E0,0.E0));
#50=VECTOR('',#49,4.91E0);
#51=CARTESIAN_POINT('',(2.49E0,-5.305E0,0.E0));
#52=LINE('',#51,#50);
#53=DIRECTION('',(-1.E0,0.E0,0.E0));
#54=VECTOR('',#53,4.98E0);
#55=CARTESIAN_POINT('',(2.49E0,-3.95E-1,0.E0));
#56=LINE('',#55,#54);
#57=DIRECTION('',(0.E0,-1.E0,0.E0));
#58=VECTOR('',#57,3.67E0);
#59=CARTESIAN_POINT('',(3.21E0,-3.95E-1,0.E0));
#60=LINE('',#59,#58);
#61=DIRECTION('',(1.E0,0.E0,0.E0));
#62=VECTOR('',#61,3.74E0);
#63=CARTESIAN_POINT('',(4.45E0,-5.305E0,0.E0));
#64=LINE('',#63,#62);
#65=DIRECTION('',(0.E0,1.E0,0.E0));
#66=VECTOR('',#65,4.91E0);
#67=CARTESIAN_POINT('',(8.19E0,-5.305E0,0.E0));
#68=LINE('',#67,#66);
#69=DIRECTION('',(-1.E0,0.E0,0.E0));
#70=VECTOR('',#69,4.98E0);
#71=CARTESIAN_POINT('',(8.19E0,-3.95E-1,0.E0));
#72=LINE('',#71,#70);
#73=DIRECTION('',(0.E0,-1.E0,0.E0));
#74=VECTOR('',#73,3.67E0);
#75=CARTESIAN_POINT('',(-8.19E0,5.305E0,0.E0));
#76=LINE('',#75,#74);
#77=DIRECTION('',(1.E0,0.E0,0.E0));
#78=VECTOR('',#77,3.74E0);
#79=CARTESIAN_POINT('',(-6.95E0,3.95E-1,0.E0));
#80=LINE('',#79,#78);
#81=DIRECTION('',(0.E0,1.E0,0.E0));
#82=VECTOR('',#81,4.91E0);
#83=CARTESIAN_POINT('',(-3.21E0,3.95E-1,0.E0));
#84=LINE('',#83,#82);
#85=DIRECTION('',(-1.E0,0.E0,0.E0));
#86=VECTOR('',#85,4.98E0);
#87=CARTESIAN_POINT('',(-3.21E0,5.305E0,0.E0));
#88=LINE('',#87,#86);
#89=DIRECTION('',(0.E0,-1.E0,0.E0));
#90=VECTOR('',#89,3.67E0);
#91=CARTESIAN_POINT('',(-2.49E0,5.305E0,0.E0));
#92=LINE('',#91,#90);
#93=DIRECTION('',(1.E0,0.E0,0.E0));
#94=VECTOR('',#93,3.74E0);
#95=CARTESIAN_POINT('',(-1.25E0,3.95E-1,0.E0));
#96=LINE('',#95,#94);
#97=DIRECTION('',(0.E0,1.E0,0.E0));
#98=VECTOR('',#97,4.91E0);
#99=CARTESIAN_POINT('',(2.49E0,3.95E-1,0.E0));
#100=LINE('',#99,#98);
#101=DIRECTION('',(-1.E0,0.E0,0.E0));
#102=VECTOR('',#101,4.98E0);
#103=CARTESIAN_POINT('',(2.49E0,5.305E0,0.E0));
#104=LINE('',#103,#102);
#105=DIRECTION('',(1.E0,0.E0,0.E0));
#106=VECTOR('',#105,3.74E0);
#107=CARTESIAN_POINT('',(3.21E0,3.95E-1,0.E0));
#108=LINE('',#107,#106);
#109=DIRECTION('',(0.E0,1.E0,0.E0));
#110=VECTOR('',#109,3.67E0);
#111=CARTESIAN_POINT('',(8.19E0,1.635E0,0.E0));
#112=LINE('',#111,#110);
#113=DIRECTION('',(-1.E0,0.E0,0.E0));
#114=VECTOR('',#113,4.98E0);
#115=CARTESIAN_POINT('',(8.19E0,5.305E0,0.E0));
#116=LINE('',#115,#114);
#117=DIRECTION('',(0.E0,-1.E0,0.E0));
#118=VECTOR('',#117,4.91E0);
#119=CARTESIAN_POINT('',(3.21E0,5.305E0,0.E0));
#120=LINE('',#119,#118);
#121=DIRECTION('',(1.E0,0.E0,0.E0));
#122=VECTOR('',#121,2.3E0);
#123=CARTESIAN_POINT('',(-1.15E0,7.79E0,-2.6E0));
#124=LINE('',#123,#122);
#125=DIRECTION('',(0.E0,1.E0,0.E0));
#126=VECTOR('',#125,1.55E0);
#127=CARTESIAN_POINT('',(-1.15E0,6.24E0,-3.2E0));
#128=LINE('',#127,#126);
#129=DIRECTION('',(0.E0,0.E0,1.E0));
#130=VECTOR('',#129,6.E-1);
#131=CARTESIAN_POINT('',(-1.15E0,7.79E0,-3.2E0));
#132=LINE('',#131,#130);
#133=DIRECTION('',(0.E0,-5.120645423166E-1,8.589469742086E-1));
#134=VECTOR('',#133,3.026962173533E0);
#135=CARTESIAN_POINT('',(-1.15E0,7.79E0,-2.6E0));
#136=LINE('',#135,#134);
#137=DIRECTION('',(0.E0,0.E0,-1.E0));
#138=VECTOR('',#137,8.E-1);
#139=CARTESIAN_POINT('',(-1.E0,6.24E0,-1.48E1));
#140=LINE('',#139,#138);
#141=DIRECTION('',(0.E0,0.E0,-1.E0));
#142=VECTOR('',#141,8.E-1);
#143=CARTESIAN_POINT('',(7.175E0,6.24E0,-1.48E1));
#144=LINE('',#143,#142);
#145=DIRECTION('',(0.E0,0.E0,-1.E0));
#146=VECTOR('',#145,3.2E0);
#147=CARTESIAN_POINT('',(1.15E0,6.24E0,0.E0));
#148=LINE('',#147,#146);
#149=DIRECTION('',(1.E0,0.E0,0.E0));
#150=VECTOR('',#149,2.3E0);
#151=CARTESIAN_POINT('',(-1.15E0,6.24E0,-3.2E0));
#152=LINE('',#151,#150);
#153=DIRECTION('',(0.E0,0.E0,-1.E0));
#154=VECTOR('',#153,3.2E0);
#155=CARTESIAN_POINT('',(-1.15E0,6.24E0,0.E0));
#156=LINE('',#155,#154);
#157=DIRECTION('',(0.E0,0.E0,-1.E0));
#158=VECTOR('',#157,1.56E1);
#159=CARTESIAN_POINT('',(-8.875E0,6.24E0,0.E0));
#160=LINE('',#159,#158);
#161=DIRECTION('',(1.E0,0.E0,0.E0));
#162=VECTOR('',#161,3.5E0);
#163=CARTESIAN_POINT('',(-8.375E0,6.24E0,-5.E-1));
#164=LINE('',#163,#162);
#165=DIRECTION('',(0.E0,0.E0,-1.E0));
#166=VECTOR('',#165,3.5E0);
#167=CARTESIAN_POINT('',(-4.875E0,6.24E0,-5.E-1));
#168=LINE('',#167,#166);
#169=DIRECTION('',(-1.E0,0.E0,0.E0));
#170=VECTOR('',#169,3.5E0);
#171=CARTESIAN_POINT('',(-4.875E0,6.24E0,-4.E0));
#172=LINE('',#171,#170);
#173=DIRECTION('',(0.E0,0.E0,1.E0));
#174=VECTOR('',#173,3.5E0);
#175=CARTESIAN_POINT('',(-8.375E0,6.24E0,-4.E0));
#176=LINE('',#175,#174);
#177=DIRECTION('',(-3.646920866794E-1,0.E0,-9.311281769517E-1));
#178=VECTOR('',#177,3.427550642593E-1);
#179=CARTESIAN_POINT('',(-7.699999940395E0,6.24E0,-2.281914889812E0));
#180=LINE('',#179,#178);
#181=DIRECTION('',(0.E0,0.E0,-1.E0));
#182=VECTOR('',#181,3.191489875317E-1);
#183=CARTESIAN_POINT('',(-7.825E0,6.24E0,-2.601063787937E0));
#184=LINE('',#183,#182);
#185=DIRECTION('',(3.646920423907E-1,0.E0,-9.311281942981E-1));
#186=VECTOR('',#185,3.427551058839E-1);
#187=CARTESIAN_POINT('',(-7.825E0,6.24E0,-2.920212775469E0));
#188=LINE('',#187,#186);
#189=DIRECTION('',(5.919095150862E-1,0.E0,-8.060044205527E-1));
#190=VECTOR('',#189,3.167713902567E-1);
#191=CARTESIAN_POINT('',(-7.699999940395E0,6.24E0,-3.239361718297E0));
#192=LINE('',#191,#190);
#193=DIRECTION('',(8.526533134429E-1,0.E0,-5.224771067470E-1));
#194=VECTOR('',#193,3.665028633136E-1);
#195=CARTESIAN_POINT('',(-7.512499940395E0,6.24E0,-3.494680859149E0));
#196=LINE('',#195,#194);
#197=DIRECTION('',(9.797707133274E-1,0.E0,-2.001233352361E-1));
#198=VECTOR('',#197,3.189522358179E-1);
#199=CARTESIAN_POINT('',(-7.200000059605E0,6.24E0,-3.686170214787E0));
#200=LINE('',#199,#198);
#201=DIRECTION('',(1.E0,0.E0,0.E0));
#202=VECTOR('',#201,3.124999701977E-1);
#203=CARTESIAN_POINT('',(-6.8875E0,6.24E0,-3.75E0));
#204=LINE('',#203,#202);
#205=DIRECTION('',(9.797707077141E-1,0.E0,2.001233627174E-1));
#206=VECTOR('',#205,3.189521920187E-1);
#207=CARTESIAN_POINT('',(-6.575000029802E0,6.24E0,-3.75E0));
#208=LINE('',#207,#206);
#209=DIRECTION('',(8.526534133324E-1,0.E0,5.224769437331E-1));
#210=VECTOR('',#209,3.665029776634E-1);
#211=CARTESIAN_POINT('',(-6.262500014901E0,6.24E0,-3.686170214787E0));
#212=LINE('',#211,#210);
#213=DIRECTION('',(5.919095150862E-1,0.E0,8.060044205527E-1));
#214=VECTOR('',#213,3.167713902567E-1);
#215=CARTESIAN_POINT('',(-5.95E0,6.24E0,-3.494680859149E0));
#216=LINE('',#215,#214);
#217=DIRECTION('',(3.646918869090E-1,0.E0,9.311282551951E-1));
#218=VECTOR('',#217,3.427550834673E-1);
#219=CARTESIAN_POINT('',(-5.7625E0,6.24E0,-3.239361718297E0));
#220=LINE('',#219,#218);
#221=DIRECTION('',(1.385322033076E-1,0.E0,9.903579295622E-1));
#222=VECTOR('',#221,4.511586502660E-1);
#223=CARTESIAN_POINT('',(-5.637500001863E0,6.24E0,-2.920212775469E0));
#224=LINE('',#223,#222);
#225=DIRECTION('',(0.E0,0.E0,1.E0));
#226=VECTOR('',#225,4.468084573746E-1);
#227=CARTESIAN_POINT('',(-5.575E0,6.24E0,-2.473404228687E0));
#228=LINE('',#227,#226);
#229=DIRECTION('',(-1.385322304961E-1,0.E0,9.903579257591E-1));
#230=VECTOR('',#229,4.511585617211E-1);
#231=CARTESIAN_POINT('',(-5.575E0,6.24E0,-2.026595771313E0));
#232=LINE('',#231,#230);
#233=DIRECTION('',(-3.646917540429E-1,0.E0,9.311283072343E-1));
#234=VECTOR('',#233,3.427552083413E-1);
#235=CARTESIAN_POINT('',(-5.637500001863E0,6.24E0,-1.579787313938E0));
#236=LINE('',#235,#234);
#237=DIRECTION('',(-5.919095487496E-1,0.E0,8.060043958311E-1));
#238=VECTOR('',#237,3.167713722411E-1);
#239=CARTESIAN_POINT('',(-5.7625E0,6.24E0,-1.260638237E0));
#240=LINE('',#239,#238);
#241=DIRECTION('',(-8.526534337091E-1,0.E0,5.224769104793E-1));
#242=VECTOR('',#241,3.665029689047E-1);
#243=CARTESIAN_POINT('',(-5.95E0,6.24E0,-1.005319118500E0));
#244=LINE('',#243,#242);
#245=DIRECTION('',(-9.797707111493E-1,0.E0,2.001233458994E-1));
#246=VECTOR('',#245,3.189521909004E-1);
#247=CARTESIAN_POINT('',(-6.262500014901E0,6.24E0,-8.138297796249E-1));
#248=LINE('',#247,#246);
#249=DIRECTION('',(-1.E0,0.E0,0.E0));
#250=VECTOR('',#249,2.499999403954E-1);
#251=CARTESIAN_POINT('',(-6.575000029802E0,6.24E0,-7.5E-1));
#252=LINE('',#251,#250);
#253=DIRECTION('',(-9.797707055361E-1,0.E0,-2.001233733807E-1));
#254=VECTOR('',#253,3.189521471013E-1);
#255=CARTESIAN_POINT('',(-6.824999970198E0,6.24E0,-7.5E-1));
#256=LINE('',#255,#254);
#257=DIRECTION('',(-8.526534670056E-1,0.E0,-5.224768561414E-1));
#258=VECTOR('',#257,3.665030070213E-1);
#259=CARTESIAN_POINT('',(-7.137499940395E0,6.24E0,-8.138297796249E-1));
#260=LINE('',#259,#258);
#261=DIRECTION('',(-5.919095487496E-1,0.E0,-8.060043958311E-1));
#262=VECTOR('',#261,3.167713722411E-1);
#263=CARTESIAN_POINT('',(-7.45E0,6.24E0,-1.005319118500E0));
#264=LINE('',#263,#262);
#265=DIRECTION('',(-3.102797975506E-1,0.E0,-9.506452793929E-1));
#266=VECTOR('',#265,2.014309049082E-1);
#267=CARTESIAN_POINT('',(-7.6375E0,6.24E0,-1.260638237E0));
#268=LINE('',#267,#266);
#269=DIRECTION('',(1.E0,0.E0,0.E0));
#270=VECTOR('',#269,3.124998807907E-1);
#271=CARTESIAN_POINT('',(-7.699999940395E0,6.24E0,-1.452127575874E0));
#272=LINE('',#271,#270);
#273=DIRECTION('',(5.466227293958E-1,0.E0,8.373790012342E-1));
#274=VECTOR('',#273,2.286770250897E-1);
#275=CARTESIAN_POINT('',(-7.387500059605E0,6.24E0,-1.452127575874E0));
#276=LINE('',#275,#274);
#277=DIRECTION('',(8.265992787996E-1,0.E0,5.627909312417E-1));
#278=VECTOR('',#277,2.268330070071E-1);
#279=CARTESIAN_POINT('',(-7.2625E0,6.24E0,-1.260638237E0));
#280=LINE('',#279,#278);
#281=DIRECTION('',(9.466499177700E-1,0.E0,3.222637633772E-1));
#282=VECTOR('',#281,1.980668845793E-1);
#283=CARTESIAN_POINT('',(-7.075E0,6.24E0,-1.132978677750E0));
#284=LINE('',#283,#282);
#285=DIRECTION('',(1.E0,0.E0,0.E0));
#286=VECTOR('',#285,3.75E-1);
#287=CARTESIAN_POINT('',(-6.8875E0,6.24E0,-1.069148898125E0));
#288=LINE('',#287,#286);
#289=DIRECTION('',(9.466499177700E-1,0.E0,-3.222637633772E-1));
#290=VECTOR('',#289,1.980668845793E-1);
#291=CARTESIAN_POINT('',(-6.5125E0,6.24E0,-1.069148898125E0));
#292=LINE('',#291,#290);
#293=DIRECTION('',(8.265992787996E-1,0.E0,-5.627909312417E-1));
#294=VECTOR('',#293,2.268330070071E-1);
#295=CARTESIAN_POINT('',(-6.325E0,6.24E0,-1.132978677750E0));
#296=LINE('',#295,#294);
#297=DIRECTION('',(5.466225923193E-1,0.E0,-8.373790907147E-1));
#298=VECTOR('',#297,2.286770006538E-1);
#299=CARTESIAN_POINT('',(-6.1375E0,6.24E0,-1.260638237E0));
#300=LINE('',#299,#298);
#301=DIRECTION('',(3.102797362676E-1,0.E0,-9.506452993950E-1));
#302=VECTOR('',#301,2.014310887674E-1);
#303=CARTESIAN_POINT('',(-6.012499985099E0,6.24E0,-1.452127575874E0));
#304=LINE('',#303,#302);
#305=DIRECTION('',(1.610638152106E-1,0.E0,-9.869439940695E-1));
#306=VECTOR('',#305,3.880449955124E-1);
#307=CARTESIAN_POINT('',(-5.95E0,6.24E0,-1.643617093563E0));
#308=LINE('',#307,#306);
#309=DIRECTION('',(0.E0,0.E0,-1.E0));
#310=VECTOR('',#309,1.276595592499E-1);
#311=CARTESIAN_POINT('',(-5.887499992549E0,6.24E0,-2.026595771313E0));
#312=LINE('',#311,#310);
#313=DIRECTION('',(-8.265992944048E-1,0.E0,5.627909083216E-1));
#314=VECTOR('',#313,4.536660324901E-1);
#315=CARTESIAN_POINT('',(-5.887499992549E0,6.24E0,-2.154255330563E0));
#316=LINE('',#315,#314);
#317=DIRECTION('',(-9.797707111493E-1,0.E0,2.001233458994E-1));
#318=VECTOR('',#317,3.189521909004E-1);
#319=CARTESIAN_POINT('',(-6.262500014901E0,6.24E0,-1.898936212063E0));
#320=LINE('',#319,#318);
#321=DIRECTION('',(-1.E0,0.E0,0.E0));
#322=VECTOR('',#321,3.124999701977E-1);
#323=CARTESIAN_POINT('',(-6.575000029802E0,6.24E0,-1.835106432438E0));
#324=LINE('',#323,#322);
#325=DIRECTION('',(-9.797707167625E-1,0.E0,-2.001233184181E-1));
#326=VECTOR('',#325,3.189522346996E-1);
#327=CARTESIAN_POINT('',(-6.8875E0,6.24E0,-1.835106432438E0));
#328=LINE('',#327,#326);
#329=DIRECTION('',(-8.526533338197E-1,0.E0,-5.224770734933E-1));
#330=VECTOR('',#329,3.665028545549E-1);
#331=CARTESIAN_POINT('',(-7.200000059605E0,6.24E0,-1.898936212063E0));
#332=LINE('',#331,#330);
#333=DIRECTION('',(-6.996248351869E-1,0.E0,-7.145103848018E-1));
#334=VECTOR('',#333,2.680007778024E-1);
#335=CARTESIAN_POINT('',(-7.512499940395E0,6.24E0,-2.090425550938E0));
#336=LINE('',#335,#334);
#337=DIRECTION('',(6.996250055017E-1,0.E0,7.145102180353E-1));
#338=VECTOR('',#337,1.786672269025E-1);
#339=CARTESIAN_POINT('',(-7.45E0,6.24E0,-2.473404228687E0));
#340=LINE('',#339,#338);
#341=DIRECTION('',(8.265992787996E-1,0.E0,5.627909312417E-1));
#342=VECTOR('',#341,2.268330070071E-1);
#343=CARTESIAN_POINT('',(-7.324999940395E0,6.24E0,-2.345744669437E0));
#344=LINE('',#343,#342);
#345=DIRECTION('',(9.466498708905E-1,0.E0,3.222639010856E-1));
#346=VECTOR('',#345,1.980667999423E-1);
#347=CARTESIAN_POINT('',(-7.137499940395E0,6.24E0,-2.218085110188E0));
#348=LINE('',#347,#346);
#349=DIRECTION('',(1.E0,0.E0,0.E0));
#350=VECTOR('',#349,4.375000298023E-1);
#351=CARTESIAN_POINT('',(-6.950000029802E0,6.24E0,-2.154255330563E0));
#352=LINE('',#351,#350);
#353=DIRECTION('',(9.466499177700E-1,0.E0,-3.222637633772E-1));
#354=VECTOR('',#353,1.980668845793E-1);
#355=CARTESIAN_POINT('',(-6.5125E0,6.24E0,-2.154255330563E0));
#356=LINE('',#355,#354);
#357=DIRECTION('',(8.265992787996E-1,0.E0,-5.627909312417E-1));
#358=VECTOR('',#357,2.268330070071E-1);
#359=CARTESIAN_POINT('',(-6.325E0,6.24E0,-2.218085110188E0));
#360=LINE('',#359,#358);
#361=DIRECTION('',(6.996248777656E-1,0.E0,-7.145103431102E-1));
#362=VECTOR('',#361,1.786671956269E-1);
#363=CARTESIAN_POINT('',(-6.1375E0,6.24E0,-2.345744669437E0));
#364=LINE('',#363,#362);
#365=DIRECTION('',(3.102798671909E-1,0.E0,-9.506452566631E-1));
#366=VECTOR('',#365,2.014310037731E-1);
#367=CARTESIAN_POINT('',(-6.012499985099E0,6.24E0,-2.473404228687E0));
#368=LINE('',#367,#366);
#369=DIRECTION('',(0.E0,0.E0,-1.E0));
#370=VECTOR('',#369,1.914893388748E-1);
#371=CARTESIAN_POINT('',(-5.95E0,6.24E0,-2.664893656969E0));
#372=LINE('',#371,#370);
#373=DIRECTION('',(-3.102799981143E-1,0.E0,-9.506452139312E-1));
#374=VECTOR('',#373,2.014309187788E-1);
#375=CARTESIAN_POINT('',(-5.95E0,6.24E0,-2.856382995844E0));
#376=LINE('',#375,#374);
#377=DIRECTION('',(-5.466225028388E-1,0.E0,-8.373791491256E-1));
#378=VECTOR('',#377,2.286770380875E-1);
#379=CARTESIAN_POINT('',(-6.012499985099E0,6.24E0,-3.047872334719E0));
#380=LINE('',#379,#378);
#381=DIRECTION('',(-8.265992787996E-1,0.E0,-5.627909312417E-1));
#382=VECTOR('',#381,2.268330070071E-1);
#383=CARTESIAN_POINT('',(-6.1375E0,6.24E0,-3.239361718297E0));
#384=LINE('',#383,#382);
#385=DIRECTION('',(-9.466499177700E-1,0.E0,-3.222637633772E-1));
#386=VECTOR('',#385,1.980668845793E-1);
#387=CARTESIAN_POINT('',(-6.325E0,6.24E0,-3.367021277547E0));
#388=LINE('',#387,#386);
#389=DIRECTION('',(-1.E0,0.E0,0.E0));
#390=VECTOR('',#389,4.375000298023E-1);
#391=CARTESIAN_POINT('',(-6.5125E0,6.24E0,-3.430851057172E0));
#392=LINE('',#391,#390);
#393=DIRECTION('',(-9.466498708905E-1,0.E0,3.222639010856E-1));
#394=VECTOR('',#393,1.980667999423E-1);
#395=CARTESIAN_POINT('',(-6.950000029802E0,6.24E0,-3.430851057172E0));
#396=LINE('',#395,#394);
#397=DIRECTION('',(-8.265992787996E-1,0.E0,5.627909312417E-1));
#398=VECTOR('',#397,2.268330070071E-1);
#399=CARTESIAN_POINT('',(-7.137499940395E0,6.24E0,-3.367021277547E0));
#400=LINE('',#399,#398);
#401=DIRECTION('',(-5.466226399153E-1,0.E0,8.373790596451E-1));
#402=VECTOR('',#401,2.286770625235E-1);
#403=CARTESIAN_POINT('',(-7.324999940395E0,6.24E0,-3.239361718297E0));
#404=LINE('',#403,#402);
#405=DIRECTION('',(-3.102797975506E-1,0.E0,9.506452793929E-1));
#406=VECTOR('',#405,2.014309049082E-1);
#407=CARTESIAN_POINT('',(-7.45E0,6.24E0,-3.047872334719E0));
#408=LINE('',#407,#406);
#409=DIRECTION('',(0.E0,0.E0,1.E0));
#410=VECTOR('',#409,1.914893388748E-1);
#411=CARTESIAN_POINT('',(-7.512499940395E0,6.24E0,-2.856382995844E0));
#412=LINE('',#411,#410);
#413=DIRECTION('',(3.102796666273E-1,0.E0,9.506453221247E-1));
#414=VECTOR('',#413,2.014309899025E-1);
#415=CARTESIAN_POINT('',(-7.512499940395E0,6.24E0,-2.664893656969E0));
#416=LINE('',#415,#414);
#417=DIRECTION('',(1.E0,0.E0,0.E0));
#418=VECTOR('',#417,1.7E0);
#419=CARTESIAN_POINT('',(7.175E0,6.24E0,-1.56E1));
#420=LINE('',#419,#418);
#421=DIRECTION('',(0.E0,1.E0,0.E0));
#422=VECTOR('',#421,1.1E0);
#423=CARTESIAN_POINT('',(7.175E0,5.14E0,-1.56E1));
#424=LINE('',#423,#422);
#425=DIRECTION('',(-1.E0,0.E0,0.E0));
#426=VECTOR('',#425,4.E-1);
#427=CARTESIAN_POINT('',(7.575E0,5.14E0,-1.56E1));
#428=LINE('',#427,#426);
#429=DIRECTION('',(0.E0,1.E0,0.E0));
#430=VECTOR('',#429,9.E-1);
#431=CARTESIAN_POINT('',(7.575E0,4.24E0,-1.56E1));
#432=LINE('',#431,#430);
#433=DIRECTION('',(-1.E0,0.E0,0.E0));
#434=VECTOR('',#433,1.3E0);
#435=CARTESIAN_POINT('',(8.875E0,4.24E0,-1.56E1));
#436=LINE('',#435,#434);
#437=DIRECTION('',(0.E0,-1.E0,0.E0));
#438=VECTOR('',#437,2.E0);
#439=CARTESIAN_POINT('',(8.875E0,6.24E0,-1.56E1));
#440=LINE('',#439,#438);
#441=DIRECTION('',(-1.E0,0.E0,0.E0));
#442=VECTOR('',#441,1.7E0);
#443=CARTESIAN_POINT('',(-7.175E0,-6.24E0,-1.56E1));
#444=LINE('',#443,#442);
#445=DIRECTION('',(0.E0,-1.E0,0.E0));
#446=VECTOR('',#445,1.1E0);
#447=CARTESIAN_POINT('',(-7.175E0,-5.14E0,-1.56E1));
#448=LINE('',#447,#446);
#449=DIRECTION('',(1.E0,0.E0,0.E0));
#450=VECTOR('',#449,4.E-1);
#451=CARTESIAN_POINT('',(-7.575E0,-5.14E0,-1.56E1));
#452=LINE('',#451,#450);
#453=DIRECTION('',(0.E0,-1.E0,0.E0));
#454=VECTOR('',#453,9.E-1);
#455=CARTESIAN_POINT('',(-7.575E0,-4.24E0,-1.56E1));
#456=LINE('',#455,#454);
#457=DIRECTION('',(1.E0,0.E0,0.E0));
#458=VECTOR('',#457,1.3E0);
#459=CARTESIAN_POINT('',(-8.875E0,-4.24E0,-1.56E1));
#460=LINE('',#459,#458);
#461=DIRECTION('',(0.E0,1.E0,0.E0));
#462=VECTOR('',#461,2.E0);
#463=CARTESIAN_POINT('',(-8.875E0,-6.24E0,-1.56E1));
#464=LINE('',#463,#462);
#465=DIRECTION('',(0.E0,1.E0,0.E0));
#466=VECTOR('',#465,1.1E0);
#467=CARTESIAN_POINT('',(7.175E0,-6.24E0,-1.56E1));
#468=LINE('',#467,#466);
#469=DIRECTION('',(-1.E0,0.E0,0.E0));
#470=VECTOR('',#469,1.7E0);
#471=CARTESIAN_POINT('',(8.875E0,-6.24E0,-1.56E1));
#472=LINE('',#471,#470);
#473=DIRECTION('',(0.E0,-1.E0,0.E0));
#474=VECTOR('',#473,2.E0);
#475=CARTESIAN_POINT('',(8.875E0,-4.24E0,-1.56E1));
#476=LINE('',#475,#474);
#477=DIRECTION('',(1.E0,0.E0,0.E0));
#478=VECTOR('',#477,1.3E0);
#479=CARTESIAN_POINT('',(7.575E0,-4.24E0,-1.56E1));
#480=LINE('',#479,#478);
#481=DIRECTION('',(0.E0,1.E0,0.E0));
#482=VECTOR('',#481,9.E-1);
#483=CARTESIAN_POINT('',(7.575E0,-5.14E0,-1.56E1));
#484=LINE('',#483,#482);
#485=DIRECTION('',(1.E0,0.E0,0.E0));
#486=VECTOR('',#485,4.E-1);
#487=CARTESIAN_POINT('',(7.175E0,-5.14E0,-1.56E1));
#488=LINE('',#487,#486);
#489=CARTESIAN_POINT('',(-8.175E0,5.54E0,-1.56E1));
#490=DIRECTION('',(0.E0,0.E0,-1.E0));
#491=DIRECTION('',(-1.E0,0.E0,0.E0));
#492=AXIS2_PLACEMENT_3D('',#489,#490,#491);
#494=DIRECTION('',(1.E0,0.E0,0.E0));
#495=VECTOR('',#494,7.E-1);
#496=CARTESIAN_POINT('',(-8.875E0,6.24E0,-1.56E1));
#497=LINE('',#496,#495);
#498=DIRECTION('',(0.E0,1.E0,0.E0));
#499=VECTOR('',#498,7.E-1);
#500=CARTESIAN_POINT('',(-8.875E0,5.54E0,-1.56E1));
#501=LINE('',#500,#499);
#502=CARTESIAN_POINT('',(-8.175E0,5.54E0,-1.56E1));
#503=DIRECTION('',(0.E0,0.E0,-1.E0));
#504=DIRECTION('',(0.E0,1.E0,0.E0));
#505=AXIS2_PLACEMENT_3D('',#502,#503,#504);
#507=CARTESIAN_POINT('',(-8.175E0,5.54E0,-1.56E1));
#508=DIRECTION('',(0.E0,0.E0,-1.E0));
#509=DIRECTION('',(1.E0,0.E0,0.E0));
#510=AXIS2_PLACEMENT_3D('',#507,#508,#509);
#512=DIRECTION('',(0.E0,1.E0,0.E0));
#513=VECTOR('',#512,1.3E0);
#514=CARTESIAN_POINT('',(-8.875E0,4.24E0,-1.56E1));
#515=LINE('',#514,#513);
#516=DIRECTION('',(-1.E0,0.E0,0.E0));
#517=VECTOR('',#516,1.3E0);
#518=CARTESIAN_POINT('',(-7.575E0,4.24E0,-1.56E1));
#519=LINE('',#518,#517);
#520=DIRECTION('',(0.E0,-1.E0,0.E0));
#521=VECTOR('',#520,9.E-1);
#522=CARTESIAN_POINT('',(-7.575E0,5.14E0,-1.56E1));
#523=LINE('',#522,#521);
#524=DIRECTION('',(-1.E0,0.E0,0.E0));
#525=VECTOR('',#524,4.E-1);
#526=CARTESIAN_POINT('',(-7.175E0,5.14E0,-1.56E1));
#527=LINE('',#526,#525);
#528=DIRECTION('',(0.E0,-1.E0,0.E0));
#529=VECTOR('',#528,1.1E0);
#530=CARTESIAN_POINT('',(-7.175E0,6.24E0,-1.56E1));
#531=LINE('',#530,#529);
#532=DIRECTION('',(1.E0,0.E0,0.E0));
#533=VECTOR('',#532,1.E0);
#534=CARTESIAN_POINT('',(-8.175E0,6.24E0,-1.56E1));
#535=LINE('',#534,#533);
#536=DIRECTION('',(0.E0,0.E0,-1.E0));
#537=VECTOR('',#536,8.E-1);
#538=CARTESIAN_POINT('',(7.175E0,5.14E0,-1.48E1));
#539=LINE('',#538,#537);
#540=DIRECTION('',(0.E0,-1.E0,0.E0));
#541=VECTOR('',#540,1.1E0);
#542=CARTESIAN_POINT('',(1.E0,6.24E0,-1.48E1));
#543=LINE('',#542,#541);
#544=DIRECTION('',(-1.E0,0.E0,0.E0));
#545=VECTOR('',#544,2.E0);
#546=CARTESIAN_POINT('',(1.E0,5.14E0,-1.48E1));
#547=LINE('',#546,#545);
#548=DIRECTION('',(0.E0,-1.E0,0.E0));
#549=VECTOR('',#548,1.1E0);
#550=CARTESIAN_POINT('',(-1.E0,6.24E0,-1.48E1));
#551=LINE('',#550,#549);
#552=DIRECTION('',(-1.E0,0.E0,0.E0));
#553=VECTOR('',#552,6.175E0);
#554=CARTESIAN_POINT('',(-1.E0,6.24E0,-1.48E1));
#555=LINE('',#554,#553);
#556=DIRECTION('',(0.E0,-1.E0,0.E0));
#557=VECTOR('',#556,1.1E0);
#558=CARTESIAN_POINT('',(-7.175E0,6.24E0,-1.48E1));
#559=LINE('',#558,#557);
#560=DIRECTION('',(-1.E0,0.E0,0.E0));
#561=VECTOR('',#560,4.E-1);
#562=CARTESIAN_POINT('',(-7.175E0,5.14E0,-1.48E1));
#563=LINE('',#562,#561);
#564=DIRECTION('',(0.E0,-1.E0,0.E0));
#565=VECTOR('',#564,9.E-1);
#566=CARTESIAN_POINT('',(-7.575E0,5.14E0,-1.48E1));
#567=LINE('',#566,#565);
#568=DIRECTION('',(1.E0,0.E0,0.E0));
#569=VECTOR('',#568,1.3E0);
#570=CARTESIAN_POINT('',(-8.875E0,4.24E0,-1.48E1));
#571=LINE('',#570,#569);
#572=DIRECTION('',(0.E0,-1.E0,0.E0));
#573=VECTOR('',#572,8.48E0);
#574=CARTESIAN_POINT('',(-8.875E0,4.24E0,-1.48E1));
#575=LINE('',#574,#573);
#576=DIRECTION('',(1.E0,0.E0,0.E0));
#577=VECTOR('',#576,1.3E0);
#578=CARTESIAN_POINT('',(-8.875E0,-4.24E0,-1.48E1));
#579=LINE('',#578,#577);
#580=DIRECTION('',(0.E0,-1.E0,0.E0));
#581=VECTOR('',#580,9.E-1);
#582=CARTESIAN_POINT('',(-7.575E0,-4.24E0,-1.48E1));
#583=LINE('',#582,#581);
#584=DIRECTION('',(1.E0,0.E0,0.E0));
#585=VECTOR('',#584,4.E-1);
#586=CARTESIAN_POINT('',(-7.575E0,-5.14E0,-1.48E1));
#587=LINE('',#586,#585);
#588=DIRECTION('',(0.E0,1.E0,0.E0));
#589=VECTOR('',#588,1.1E0);
#590=CARTESIAN_POINT('',(-7.175E0,-6.24E0,-1.48E1));
#591=LINE('',#590,#589);
#592=DIRECTION('',(1.E0,0.E0,0.E0));
#593=VECTOR('',#592,6.175E0);
#594=CARTESIAN_POINT('',(-7.175E0,-6.24E0,-1.48E1));
#595=LINE('',#594,#593);
#596=DIRECTION('',(0.E0,1.E0,0.E0));
#597=VECTOR('',#596,1.1E0);
#598=CARTESIAN_POINT('',(-1.E0,-6.24E0,-1.48E1));
#599=LINE('',#598,#597);
#600=DIRECTION('',(1.E0,0.E0,0.E0));
#601=VECTOR('',#600,2.E0);
#602=CARTESIAN_POINT('',(-1.E0,-5.14E0,-1.48E1));
#603=LINE('',#602,#601);
#604=DIRECTION('',(0.E0,1.E0,0.E0));
#605=VECTOR('',#604,1.1E0);
#606=CARTESIAN_POINT('',(1.E0,-6.24E0,-1.48E1));
#607=LINE('',#606,#605);
#608=DIRECTION('',(1.E0,0.E0,0.E0));
#609=VECTOR('',#608,6.175E0);
#610=CARTESIAN_POINT('',(1.E0,-6.24E0,-1.48E1));
#611=LINE('',#610,#609);
#612=DIRECTION('',(0.E0,1.E0,0.E0));
#613=VECTOR('',#612,1.1E0);
#614=CARTESIAN_POINT('',(7.175E0,-6.24E0,-1.48E1));
#615=LINE('',#614,#613);
#616=DIRECTION('',(1.E0,0.E0,0.E0));
#617=VECTOR('',#616,4.E-1);
#618=CARTESIAN_POINT('',(7.175E0,-5.14E0,-1.48E1));
#619=LINE('',#618,#617);
#620=DIRECTION('',(0.E0,1.E0,0.E0));
#621=VECTOR('',#620,9.E-1);
#622=CARTESIAN_POINT('',(7.575E0,-5.14E0,-1.48E1));
#623=LINE('',#622,#621);
#624=DIRECTION('',(-1.E0,0.E0,0.E0));
#625=VECTOR('',#624,1.3E0);
#626=CARTESIAN_POINT('',(8.875E0,-4.24E0,-1.48E1));
#627=LINE('',#626,#625);
#628=DIRECTION('',(0.E0,1.E0,0.E0));
#629=VECTOR('',#628,8.48E0);
#630=CARTESIAN_POINT('',(8.875E0,-4.24E0,-1.48E1));
#631=LINE('',#630,#629);
#632=DIRECTION('',(-1.E0,0.E0,0.E0));
#633=VECTOR('',#632,1.3E0);
#634=CARTESIAN_POINT('',(8.875E0,4.24E0,-1.48E1));
#635=LINE('',#634,#633);
#636=DIRECTION('',(0.E0,1.E0,0.E0));
#637=VECTOR('',#636,9.E-1);
#638=CARTESIAN_POINT('',(7.575E0,4.24E0,-1.48E1));
#639=LINE('',#638,#637);
#640=DIRECTION('',(-1.E0,0.E0,0.E0));
#641=VECTOR('',#640,4.E-1);
#642=CARTESIAN_POINT('',(7.575E0,5.14E0,-1.48E1));
#643=LINE('',#642,#641);
#644=DIRECTION('',(0.E0,-1.E0,0.E0));
#645=VECTOR('',#644,1.1E0);
#646=CARTESIAN_POINT('',(7.175E0,6.24E0,-1.48E1));
#647=LINE('',#646,#645);
#648=DIRECTION('',(-1.E0,0.E0,0.E0));
#649=VECTOR('',#648,6.175E0);
#650=CARTESIAN_POINT('',(7.175E0,6.24E0,-1.48E1));
#651=LINE('',#650,#649);
#652=DIRECTION('',(0.E0,1.E0,0.E0));
#653=VECTOR('',#652,1.07E0);
#654=CARTESIAN_POINT('',(-6.235E0,-3.465E0,-1.48E1));
#655=LINE('',#654,#653);
#656=DIRECTION('',(1.E0,0.E0,0.E0));
#657=VECTOR('',#656,1.07E0);
#658=CARTESIAN_POINT('',(-6.235E0,-2.395E0,-1.48E1));
#659=LINE('',#658,#657);
#660=DIRECTION('',(0.E0,1.E0,0.E0));
#661=VECTOR('',#660,1.07E0);
#662=CARTESIAN_POINT('',(-5.165E0,-3.465E0,-1.48E1));
#663=LINE('',#662,#661);
#664=DIRECTION('',(1.E0,0.E0,0.E0));
#665=VECTOR('',#664,1.07E0);
#666=CARTESIAN_POINT('',(-6.235E0,-3.465E0,-1.48E1));
#667=LINE('',#666,#665);
#668=DIRECTION('',(0.E0,1.E0,0.E0));
#669=VECTOR('',#668,1.07E0);
#670=CARTESIAN_POINT('',(-6.235E0,2.235E0,-1.48E1));
#671=LINE('',#670,#669);
#672=DIRECTION('',(1.E0,0.E0,0.E0));
#673=VECTOR('',#672,1.07E0);
#674=CARTESIAN_POINT('',(-6.235E0,3.305E0,-1.48E1));
#675=LINE('',#674,#673);
#676=DIRECTION('',(0.E0,1.E0,0.E0));
#677=VECTOR('',#676,1.07E0);
#678=CARTESIAN_POINT('',(-5.165E0,2.235E0,-1.48E1));
#679=LINE('',#678,#677);
#680=DIRECTION('',(1.E0,0.E0,0.E0));
#681=VECTOR('',#680,1.07E0);
#682=CARTESIAN_POINT('',(-6.235E0,2.235E0,-1.48E1));
#683=LINE('',#682,#681);
#684=DIRECTION('',(0.E0,1.E0,0.E0));
#685=VECTOR('',#684,1.07E0);
#686=CARTESIAN_POINT('',(-5.35E-1,-3.465E0,-1.48E1));
#687=LINE('',#686,#685);
#688=DIRECTION('',(1.E0,0.E0,0.E0));
#689=VECTOR('',#688,1.07E0);
#690=CARTESIAN_POINT('',(-5.35E-1,-2.395E0,-1.48E1));
#691=LINE('',#690,#689);
#692=DIRECTION('',(0.E0,1.E0,0.E0));
#693=VECTOR('',#692,1.07E0);
#694=CARTESIAN_POINT('',(5.35E-1,-3.465E0,-1.48E1));
#695=LINE('',#694,#693);
#696=DIRECTION('',(1.E0,0.E0,0.E0));
#697=VECTOR('',#696,1.07E0);
#698=CARTESIAN_POINT('',(-5.35E-1,-3.465E0,-1.48E1));
#699=LINE('',#698,#697);
#700=DIRECTION('',(0.E0,1.E0,0.E0));
#701=VECTOR('',#700,1.07E0);
#702=CARTESIAN_POINT('',(-5.35E-1,2.235E0,-1.48E1));
#703=LINE('',#702,#701);
#704=DIRECTION('',(1.E0,0.E0,0.E0));
#705=VECTOR('',#704,1.07E0);
#706=CARTESIAN_POINT('',(-5.35E-1,3.305E0,-1.48E1));
#707=LINE('',#706,#705);
#708=DIRECTION('',(0.E0,1.E0,0.E0));
#709=VECTOR('',#708,1.07E0);
#710=CARTESIAN_POINT('',(5.35E-1,2.235E0,-1.48E1));
#711=LINE('',#710,#709);
#712=DIRECTION('',(1.E0,0.E0,0.E0));
#713=VECTOR('',#712,1.07E0);
#714=CARTESIAN_POINT('',(-5.35E-1,2.235E0,-1.48E1));
#715=LINE('',#714,#713);
#716=DIRECTION('',(0.E0,1.E0,0.E0));
#717=VECTOR('',#716,1.07E0);
#718=CARTESIAN_POINT('',(5.165E0,-3.465E0,-1.48E1));
#719=LINE('',#718,#717);
#720=DIRECTION('',(1.E0,0.E0,0.E0));
#721=VECTOR('',#720,1.07E0);
#722=CARTESIAN_POINT('',(5.165E0,-2.395E0,-1.48E1));
#723=LINE('',#722,#721);
#724=DIRECTION('',(0.E0,1.E0,0.E0));
#725=VECTOR('',#724,1.07E0);
#726=CARTESIAN_POINT('',(6.235E0,-3.465E0,-1.48E1));
#727=LINE('',#726,#725);
#728=DIRECTION('',(1.E0,0.E0,0.E0));
#729=VECTOR('',#728,1.07E0);
#730=CARTESIAN_POINT('',(5.165E0,-3.465E0,-1.48E1));
#731=LINE('',#730,#729);
#732=DIRECTION('',(0.E0,1.E0,0.E0));
#733=VECTOR('',#732,1.07E0);
#734=CARTESIAN_POINT('',(5.165E0,2.235E0,-1.48E1));
#735=LINE('',#734,#733);
#736=DIRECTION('',(1.E0,0.E0,0.E0));
#737=VECTOR('',#736,1.07E0);
#738=CARTESIAN_POINT('',(5.165E0,3.305E0,-1.48E1));
#739=LINE('',#738,#737);
#740=DIRECTION('',(0.E0,1.E0,0.E0));
#741=VECTOR('',#740,1.07E0);
#742=CARTESIAN_POINT('',(6.235E0,2.235E0,-1.48E1));
#743=LINE('',#742,#741);
#744=DIRECTION('',(1.E0,0.E0,0.E0));
#745=VECTOR('',#744,1.07E0);
#746=CARTESIAN_POINT('',(5.165E0,2.235E0,-1.48E1));
#747=LINE('',#746,#745);
#748=DIRECTION('',(0.E0,0.E0,-1.E0));
#749=VECTOR('',#748,8.E-1);
#750=CARTESIAN_POINT('',(1.E0,6.24E0,-1.48E1));
#751=LINE('',#750,#749);
#752=DIRECTION('',(0.E0,-1.E0,0.E0));
#753=VECTOR('',#752,1.1E0);
#754=CARTESIAN_POINT('',(1.E0,6.24E0,-1.56E1));
#755=LINE('',#754,#753);
#756=DIRECTION('',(1.E0,0.E0,0.E0));
#757=VECTOR('',#756,2.E0);
#758=CARTESIAN_POINT('',(-1.E0,6.24E0,-1.56E1));
#759=LINE('',#758,#757);
#760=DIRECTION('',(0.E0,1.E0,0.E0));
#761=VECTOR('',#760,1.1E0);
#762=CARTESIAN_POINT('',(-1.E0,5.14E0,-1.56E1));
#763=LINE('',#762,#761);
#764=DIRECTION('',(-1.E0,0.E0,0.E0));
#765=VECTOR('',#764,2.E0);
#766=CARTESIAN_POINT('',(1.E0,5.14E0,-1.56E1));
#767=LINE('',#766,#765);
#768=DIRECTION('',(-1.E0,0.E0,0.E0));
#769=VECTOR('',#768,2.E0);
#770=CARTESIAN_POINT('',(1.E0,-6.24E0,-1.56E1));
#771=LINE('',#770,#769);
#772=DIRECTION('',(0.E0,-1.E0,0.E0));
#773=VECTOR('',#772,1.1E0);
#774=CARTESIAN_POINT('',(1.E0,-5.14E0,-1.56E1));
#775=LINE('',#774,#773);
#776=DIRECTION('',(1.E0,0.E0,0.E0));
#777=VECTOR('',#776,2.E0);
#778=CARTESIAN_POINT('',(-1.E0,-5.14E0,-1.56E1));
#779=LINE('',#778,#777);
#780=DIRECTION('',(0.E0,1.E0,0.E0));
#781=VECTOR('',#780,1.1E0);
#782=CARTESIAN_POINT('',(-1.E0,-6.24E0,-1.56E1));
#783=LINE('',#782,#781);
#784=DIRECTION('',(0.E0,0.E0,-1.E0));
#785=VECTOR('',#784,8.E-1);
#786=CARTESIAN_POINT('',(-1.E0,5.14E0,-1.48E1));
#787=LINE('',#786,#785);
#788=DIRECTION('',(0.E0,0.E0,-1.E0));
#789=VECTOR('',#788,8.E-1);
#790=CARTESIAN_POINT('',(1.E0,5.14E0,-1.48E1));
#791=LINE('',#790,#789);
#792=DIRECTION('',(0.E0,0.E0,-1.E0));
#793=VECTOR('',#792,8.E-1);
#794=CARTESIAN_POINT('',(1.E0,-6.24E0,-1.48E1));
#795=LINE('',#794,#793);
#796=DIRECTION('',(0.E0,0.E0,-1.E0));
#797=VECTOR('',#796,8.E-1);
#798=CARTESIAN_POINT('',(-7.175E0,-6.24E0,-1.48E1));
#799=LINE('',#798,#797);
#800=DIRECTION('',(0.E0,0.E0,1.E0));
#801=VECTOR('',#800,1.56E1);
#802=CARTESIAN_POINT('',(-8.875E0,-6.24E0,-1.56E1));
#803=LINE('',#802,#801);
#804=DIRECTION('',(0.E0,0.E0,-1.E0));
#805=VECTOR('',#804,1.56E1);
#806=CARTESIAN_POINT('',(8.875E0,-6.24E0,0.E0));
#807=LINE('',#806,#805);
#808=DIRECTION('',(0.E0,0.E0,-1.E0));
#809=VECTOR('',#808,8.E-1);
#810=CARTESIAN_POINT('',(1.E0,-5.14E0,-1.48E1));
#811=LINE('',#810,#809);
#812=DIRECTION('',(0.E0,0.E0,-1.E0));
#813=VECTOR('',#812,8.E-1);
#814=CARTESIAN_POINT('',(-1.E0,-5.14E0,-1.48E1));
#815=LINE('',#814,#813);
#816=DIRECTION('',(0.E0,0.E0,-1.E0));
#817=VECTOR('',#816,8.E-1);
#818=CARTESIAN_POINT('',(-1.E0,-6.24E0,-1.48E1));
#819=LINE('',#818,#817);
#820=DIRECTION('',(0.E0,0.E0,-1.E0));
#821=VECTOR('',#820,8.E-1);
#822=CARTESIAN_POINT('',(-7.175E0,-5.14E0,-1.48E1));
#823=LINE('',#822,#821);
#824=DIRECTION('',(0.E0,0.E0,-1.E0));
#825=VECTOR('',#824,8.E-1);
#826=CARTESIAN_POINT('',(-7.575E0,-5.14E0,-1.48E1));
#827=LINE('',#826,#825);
#828=DIRECTION('',(0.E0,0.E0,-1.E0));
#829=VECTOR('',#828,8.E-1);
#830=CARTESIAN_POINT('',(-7.575E0,-4.24E0,-1.48E1));
#831=LINE('',#830,#829);
#832=DIRECTION('',(0.E0,0.E0,-1.E0));
#833=VECTOR('',#832,8.E-1);
#834=CARTESIAN_POINT('',(-8.875E0,-4.24E0,-1.48E1));
#835=LINE('',#834,#833);
#836=DIRECTION('',(0.E0,0.E0,-1.E0));
#837=VECTOR('',#836,8.E-1);
#838=CARTESIAN_POINT('',(-8.875E0,4.24E0,-1.48E1));
#839=LINE('',#838,#837);
#840=DIRECTION('',(0.E0,0.E0,-1.E0));
#841=VECTOR('',#840,8.E-1);
#842=CARTESIAN_POINT('',(-7.575E0,4.24E0,-1.48E1));
#843=LINE('',#842,#841);
#844=DIRECTION('',(0.E0,0.E0,-1.E0));
#845=VECTOR('',#844,8.E-1);
#846=CARTESIAN_POINT('',(-7.575E0,5.14E0,-1.48E1));
#847=LINE('',#846,#845);
#848=DIRECTION('',(0.E0,0.E0,-1.E0));
#849=VECTOR('',#848,8.E-1);
#850=CARTESIAN_POINT('',(-7.175E0,5.14E0,-1.48E1));
#851=LINE('',#850,#849);
#852=DIRECTION('',(0.E0,0.E0,-1.E0));
#853=VECTOR('',#852,8.E-1);
#854=CARTESIAN_POINT('',(-7.175E0,6.24E0,-1.48E1));
#855=LINE('',#854,#853);
#856=DIRECTION('',(0.E0,0.E0,-1.E0));
#857=VECTOR('',#856,8.E-1);
#858=CARTESIAN_POINT('',(8.875E0,-4.24E0,-1.48E1));
#859=LINE('',#858,#857);
#860=DIRECTION('',(0.E0,0.E0,-1.E0));
#861=VECTOR('',#860,1.56E1);
#862=CARTESIAN_POINT('',(8.875E0,6.24E0,0.E0));
#863=LINE('',#862,#861);
#864=DIRECTION('',(0.E0,-1.E0,0.E0));
#865=VECTOR('',#864,3.5E0);
#866=CARTESIAN_POINT('',(8.875E0,-2.24E0,-5.E-1));
#867=LINE('',#866,#865);
#868=DIRECTION('',(0.E0,0.E0,-1.E0));
#869=VECTOR('',#868,3.5E0);
#870=CARTESIAN_POINT('',(8.875E0,-5.74E0,-5.E-1));
#871=LINE('',#870,#869);
#872=DIRECTION('',(0.E0,1.E0,0.E0));
#873=VECTOR('',#872,3.5E0);
#874=CARTESIAN_POINT('',(8.875E0,-5.74E0,-4.E0));
#875=LINE('',#874,#873);
#876=DIRECTION('',(0.E0,0.E0,1.E0));
#877=VECTOR('',#876,3.5E0);
#878=CARTESIAN_POINT('',(8.875E0,-2.24E0,-4.E0));
#879=LINE('',#878,#877);
#880=DIRECTION('',(0.E0,-1.E0,0.E0));
#881=VECTOR('',#880,3.75E-1);
#882=CARTESIAN_POINT('',(8.875E0,-3.64E0,-3.75E0));
#883=LINE('',#882,#881);
#884=DIRECTION('',(0.E0,0.E0,1.E0));
#885=VECTOR('',#884,2.489361763E0);
#886=CARTESIAN_POINT('',(8.875E0,-4.015E0,-3.75E0));
#887=LINE('',#886,#885);
#888=DIRECTION('',(0.E0,-6.428711427642E-1,-7.659743427825E-1));
#889=VECTOR('',#888,5.833206299906E-1);
#890=CARTESIAN_POINT('',(8.875E0,-4.015E0,-1.260638237E0));
#891=LINE('',#890,#889);
#892=DIRECTION('',(0.E0,0.E0,1.E0));
#893=VECTOR('',#892,5.106384158134E-1);
#894=CARTESIAN_POINT('',(8.875E0,-4.39E0,-1.707446873188E0));
#895=LINE('',#894,#893);
#896=DIRECTION('',(0.E0,6.428712937139E-1,7.659742160926E-1));
#897=VECTOR('',#896,5.833204930237E-1);
#898=CARTESIAN_POINT('',(8.875E0,-4.39E0,-1.196808457375E0));
#899=LINE('',#898,#897);
#900=DIRECTION('',(0.E0,1.E0,0.E0));
#901=VECTOR('',#900,3.75E-1);
#902=CARTESIAN_POINT('',(8.875E0,-4.015E0,-7.5E-1));
#903=LINE('',#902,#901);
#904=DIRECTION('',(0.E0,0.E0,-1.E0));
#905=VECTOR('',#904,3.E0);
#906=CARTESIAN_POINT('',(8.875E0,-3.64E0,-7.5E-1));
#907=LINE('',#906,#905);
#908=DIRECTION('',(0.E0,0.E0,-1.E0));
#909=VECTOR('',#908,8.E-1);
#910=CARTESIAN_POINT('',(7.575E0,-4.24E0,-1.48E1));
#911=LINE('',#910,#909);
#912=DIRECTION('',(0.E0,0.E0,-1.E0));
#913=VECTOR('',#912,8.E-1);
#914=CARTESIAN_POINT('',(7.575E0,-5.14E0,-1.48E1));
#915=LINE('',#914,#913);
#916=DIRECTION('',(0.E0,0.E0,-1.E0));
#917=VECTOR('',#916,8.E-1);
#918=CARTESIAN_POINT('',(7.175E0,-5.14E0,-1.48E1));
#919=LINE('',#918,#917);
#920=DIRECTION('',(0.E0,0.E0,-1.E0));
#921=VECTOR('',#920,8.E-1);
#922=CARTESIAN_POINT('',(7.175E0,-6.24E0,-1.48E1));
#923=LINE('',#922,#921);
#924=DIRECTION('',(0.E0,0.E0,-1.E0));
#925=VECTOR('',#924,8.E-1);
#926=CARTESIAN_POINT('',(8.875E0,4.24E0,-1.48E1));
#927=LINE('',#926,#925);
#928=DIRECTION('',(0.E0,0.E0,-1.E0));
#929=VECTOR('',#928,8.E-1);
#930=CARTESIAN_POINT('',(7.575E0,4.24E0,-1.48E1));
#931=LINE('',#930,#929);
#932=DIRECTION('',(0.E0,0.E0,-1.E0));
#933=VECTOR('',#932,8.E-1);
#934=CARTESIAN_POINT('',(7.575E0,5.14E0,-1.48E1));
#935=LINE('',#934,#933);
#936=DIRECTION('',(-1.E0,0.E0,0.E0));
#937=VECTOR('',#936,5.E-2);
#938=CARTESIAN_POINT('',(8.875E0,-2.24E0,-5.E-1));
#939=LINE('',#938,#937);
#940=DIRECTION('',(-1.E0,0.E0,0.E0));
#941=VECTOR('',#940,5.E-2);
#942=CARTESIAN_POINT('',(8.875E0,-2.24E0,-4.E0));
#943=LINE('',#942,#941);
#944=DIRECTION('',(-1.E0,0.E0,0.E0));
#945=VECTOR('',#944,5.E-2);
#946=CARTESIAN_POINT('',(8.875E0,-5.74E0,-4.E0));
#947=LINE('',#946,#945);
#948=DIRECTION('',(-1.E0,0.E0,0.E0));
#949=VECTOR('',#948,5.E-2);
#950=CARTESIAN_POINT('',(8.875E0,-5.74E0,-5.E-1));
#951=LINE('',#950,#949);
#952=DIRECTION('',(0.E0,-1.E0,0.E0));
#953=VECTOR('',#952,3.5E0);
#954=CARTESIAN_POINT('',(8.825E0,-2.24E0,-5.E-1));
#955=LINE('',#954,#953);
#956=DIRECTION('',(0.E0,0.E0,1.E0));
#957=VECTOR('',#956,3.5E0);
#958=CARTESIAN_POINT('',(8.825E0,-2.24E0,-4.E0));
#959=LINE('',#958,#957);
#960=DIRECTION('',(0.E0,1.E0,0.E0));
#961=VECTOR('',#960,3.5E0);
#962=CARTESIAN_POINT('',(8.825E0,-5.74E0,-4.E0));
#963=LINE('',#962,#961);
#964=DIRECTION('',(0.E0,0.E0,-1.E0));
#965=VECTOR('',#964,3.5E0);
#966=CARTESIAN_POINT('',(8.825E0,-5.74E0,-5.E-1));
#967=LINE('',#966,#965);
#968=DIRECTION('',(0.E0,-1.E0,0.E0));
#969=VECTOR('',#968,3.75E-1);
#970=CARTESIAN_POINT('',(8.825E0,-3.64E0,-3.75E0));
#971=LINE('',#970,#969);
#972=DIRECTION('',(0.E0,0.E0,-1.E0));
#973=VECTOR('',#972,3.E0);
#974=CARTESIAN_POINT('',(8.825E0,-3.64E0,-7.5E-1));
#975=LINE('',#974,#973);
#976=DIRECTION('',(0.E0,1.E0,0.E0));
#977=VECTOR('',#976,3.75E-1);
#978=CARTESIAN_POINT('',(8.825E0,-4.015E0,-7.5E-1));
#979=LINE('',#978,#977);
#980=DIRECTION('',(0.E0,6.428712937139E-1,7.659742160926E-1));
#981=VECTOR('',#980,5.833204930237E-1);
#982=CARTESIAN_POINT('',(8.825E0,-4.39E0,-1.196808457375E0));
#983=LINE('',#982,#981);
#984=DIRECTION('',(0.E0,0.E0,1.E0));
#985=VECTOR('',#984,5.106384158134E-1);
#986=CARTESIAN_POINT('',(8.825E0,-4.39E0,-1.707446873188E0));
#987=LINE('',#986,#985);
#988=DIRECTION('',(0.E0,-6.428711427642E-1,-7.659743427825E-1));
#989=VECTOR('',#988,5.833206299906E-1);
#990=CARTESIAN_POINT('',(8.825E0,-4.015E0,-1.260638237E0));
#991=LINE('',#990,#989);
#992=DIRECTION('',(0.E0,0.E0,1.E0));
#993=VECTOR('',#992,2.489361763E0);
#994=CARTESIAN_POINT('',(8.825E0,-4.015E0,-3.75E0));
#995=LINE('',#994,#993);
#996=DIRECTION('',(-1.E0,0.E0,0.E0));
#997=VECTOR('',#996,5.E-2);
#998=CARTESIAN_POINT('',(8.875E0,-3.64E0,-3.75E0));
#999=LINE('',#998,#997);
#1000=DIRECTION('',(-1.E0,0.E0,0.E0));
#1001=VECTOR('',#1000,5.E-2);
#1002=CARTESIAN_POINT('',(8.875E0,-3.64E0,-7.5E-1));
#1003=LINE('',#1002,#1001);
#1004=DIRECTION('',(-1.E0,0.E0,0.E0));
#1005=VECTOR('',#1004,5.E-2);
#1006=CARTESIAN_POINT('',(8.875E0,-4.015E0,-7.5E-1));
#1007=LINE('',#1006,#1005);
#1008=DIRECTION('',(-1.E0,0.E0,0.E0));
#1009=VECTOR('',#1008,5.E-2);
#1010=CARTESIAN_POINT('',(8.875E0,-4.39E0,-1.196808457375E0));
#1011=LINE('',#1010,#1009);
#1012=DIRECTION('',(-1.E0,0.E0,0.E0));
#1013=VECTOR('',#1012,5.E-2);
#1014=CARTESIAN_POINT('',(8.875E0,-4.39E0,-1.707446873188E0));
#1015=LINE('',#1014,#1013);
#1016=DIRECTION('',(-1.E0,0.E0,0.E0));
#1017=VECTOR('',#1016,5.E-2);
#1018=CARTESIAN_POINT('',(8.875E0,-4.015E0,-1.260638237E0));
#1019=LINE('',#1018,#1017);
#1020=DIRECTION('',(-1.E0,0.E0,0.E0));
#1021=VECTOR('',#1020,5.E-2);
#1022=CARTESIAN_POINT('',(8.875E0,-4.015E0,-3.75E0));
#1023=LINE('',#1022,#1021);
#1024=DIRECTION('',(0.E0,1.E0,0.E0));
#1025=VECTOR('',#1024,1.07E0);
#1026=CARTESIAN_POINT('',(-6.235E0,2.235E0,-3.53E0));
#1027=LINE('',#1026,#1025);
#1028=DIRECTION('',(0.E0,0.E0,-1.E0));
#1029=VECTOR('',#1028,7.57E0);
#1030=CARTESIAN_POINT('',(-6.235E0,2.235E0,-3.53E0));
#1031=LINE('',#1030,#1029);
#1032=DIRECTION('',(0.E0,0.E0,1.E0));
#1033=VECTOR('',#1032,7.57E0);
#1034=CARTESIAN_POINT('',(-6.235E0,3.305E0,-1.11E1));
#1035=LINE('',#1034,#1033);
#1036=DIRECTION('',(0.E0,1.E0,0.E0));
#1037=VECTOR('',#1036,1.07E0);
#1038=CARTESIAN_POINT('',(-6.235E0,-3.465E0,-3.53E0));
#1039=LINE('',#1038,#1037);
#1040=DIRECTION('',(0.E0,0.E0,-1.E0));
#1041=VECTOR('',#1040,7.57E0);
#1042=CARTESIAN_POINT('',(-6.235E0,-3.465E0,-3.53E0));
#1043=LINE('',#1042,#1041);
#1044=DIRECTION('',(0.E0,0.E0,1.E0));
#1045=VECTOR('',#1044,7.57E0);
#1046=CARTESIAN_POINT('',(-6.235E0,-2.395E0,-1.11E1));
#1047=LINE('',#1046,#1045);
#1048=DIRECTION('',(0.E0,-1.E0,0.E0));
#1049=VECTOR('',#1048,1.07E0);
#1050=CARTESIAN_POINT('',(-6.235E0,3.305E0,-1.813E1));
#1051=LINE('',#1050,#1049);
#1052=DIRECTION('',(0.E0,0.E0,1.E0));
#1053=VECTOR('',#1052,3.33E0);
#1054=CARTESIAN_POINT('',(-6.235E0,3.305E0,-1.813E1));
#1055=LINE('',#1054,#1053);
#1056=DIRECTION('',(0.E0,0.E0,-1.E0));
#1057=VECTOR('',#1056,3.33E0);
#1058=CARTESIAN_POINT('',(-6.235E0,2.235E0,-1.48E1));
#1059=LINE('',#1058,#1057);
#1060=DIRECTION('',(0.E0,-1.E0,0.E0));
#1061=VECTOR('',#1060,1.07E0);
#1062=CARTESIAN_POINT('',(-6.235E0,-2.395E0,-1.813E1));
#1063=LINE('',#1062,#1061);
#1064=DIRECTION('',(0.E0,0.E0,1.E0));
#1065=VECTOR('',#1064,3.33E0);
#1066=CARTESIAN_POINT('',(-6.235E0,-2.395E0,-1.813E1));
#1067=LINE('',#1066,#1065);
#1068=DIRECTION('',(0.E0,0.E0,-1.E0));
#1069=VECTOR('',#1068,3.33E0);
#1070=CARTESIAN_POINT('',(-6.235E0,-3.465E0,-1.48E1));
#1071=LINE('',#1070,#1069);
#1072=DIRECTION('',(-1.E0,0.E0,0.E0));
#1073=VECTOR('',#1072,2.7E-1);
#1074=CARTESIAN_POINT('',(-5.565E0,2.635E0,-3.13E0));
#1075=LINE('',#1074,#1073);
#1076=DIRECTION('',(0.E0,1.E0,0.E0));
#1077=VECTOR('',#1076,2.7E-1);
#1078=CARTESIAN_POINT('',(-5.835E0,2.635E0,-3.13E0));
#1079=LINE('',#1078,#1077);
#1080=DIRECTION('',(-1.E0,0.E0,0.E0));
#1081=VECTOR('',#1080,2.7E-1);
#1082=CARTESIAN_POINT('',(-5.565E0,2.905E0,-3.13E0));
#1083=LINE('',#1082,#1081);
#1084=DIRECTION('',(0.E0,-1.E0,0.E0));
#1085=VECTOR('',#1084,2.7E-1);
#1086=CARTESIAN_POINT('',(-5.565E0,2.905E0,-3.13E0));
#1087=LINE('',#1086,#1085);
#1088=DIRECTION('',(-5.773502691896E-1,-5.773502691896E-1,-5.773502691896E-1));
#1089=VECTOR('',#1088,6.928203230276E-1);
#1090=CARTESIAN_POINT('',(-5.835E0,2.635E0,-3.13E0));
#1091=LINE('',#1090,#1089);
#1092=DIRECTION('',(-5.773502691896E-1,5.773502691896E-1,5.773502691896E-1));
#1093=VECTOR('',#1092,6.928203230276E-1);
#1094=CARTESIAN_POINT('',(-5.165E0,2.235E0,-3.53E0));
#1095=LINE('',#1094,#1093);
#1096=DIRECTION('',(-1.E0,0.E0,0.E0));
#1097=VECTOR('',#1096,1.07E0);
#1098=CARTESIAN_POINT('',(-5.165E0,2.235E0,-3.53E0));
#1099=LINE('',#1098,#1097);
#1100=DIRECTION('',(-1.E0,0.E0,0.E0));
#1101=VECTOR('',#1100,1.07E0);
#1102=CARTESIAN_POINT('',(-5.165E0,2.235E0,-1.813E1));
#1103=LINE('',#1102,#1101);
#1104=DIRECTION('',(0.E0,-1.E0,0.E0));
#1105=VECTOR('',#1104,1.07E0);
#1106=CARTESIAN_POINT('',(-5.165E0,3.305E0,-3.53E0));
#1107=LINE('',#1106,#1105);
#1108=DIRECTION('',(0.E0,0.E0,1.E0));
#1109=VECTOR('',#1108,7.57E0);
#1110=CARTESIAN_POINT('',(-5.165E0,3.305E0,-1.11E1));
#1111=LINE('',#1110,#1109);
#1112=DIRECTION('',(0.E0,0.E0,-1.E0));
#1113=VECTOR('',#1112,7.57E0);
#1114=CARTESIAN_POINT('',(-5.165E0,2.235E0,-3.53E0));
#1115=LINE('',#1114,#1113);
#1116=DIRECTION('',(0.E0,-1.E0,0.E0));
#1117=VECTOR('',#1116,1.07E0);
#1118=CARTESIAN_POINT('',(-5.165E0,-2.395E0,-3.53E0));
#1119=LINE('',#1118,#1117);
#1120=DIRECTION('',(0.E0,0.E0,1.E0));
#1121=VECTOR('',#1120,7.57E0);
#1122=CARTESIAN_POINT('',(-5.165E0,-2.395E0,-1.11E1));
#1123=LINE('',#1122,#1121);
#1124=DIRECTION('',(0.E0,0.E0,-1.E0));
#1125=VECTOR('',#1124,7.57E0);
#1126=CARTESIAN_POINT('',(-5.165E0,-3.465E0,-3.53E0));
#1127=LINE('',#1126,#1125);
#1128=DIRECTION('',(0.E0,1.E0,0.E0));
#1129=VECTOR('',#1128,1.07E0);
#1130=CARTESIAN_POINT('',(-5.165E0,2.235E0,-1.813E1));
#1131=LINE('',#1130,#1129);
#1132=DIRECTION('',(0.E0,0.E0,-1.E0));
#1133=VECTOR('',#1132,3.33E0);
#1134=CARTESIAN_POINT('',(-5.165E0,2.235E0,-1.48E1));
#1135=LINE('',#1134,#1133);
#1136=DIRECTION('',(0.E0,0.E0,1.E0));
#1137=VECTOR('',#1136,3.33E0);
#1138=CARTESIAN_POINT('',(-5.165E0,3.305E0,-1.813E1));
#1139=LINE('',#1138,#1137);
#1140=DIRECTION('',(0.E0,1.E0,0.E0));
#1141=VECTOR('',#1140,1.07E0);
#1142=CARTESIAN_POINT('',(-5.165E0,-3.465E0,-1.813E1));
#1143=LINE('',#1142,#1141);
#1144=DIRECTION('',(0.E0,0.E0,-1.E0));
#1145=VECTOR('',#1144,3.33E0);
#1146=CARTESIAN_POINT('',(-5.165E0,-3.465E0,-1.48E1));
#1147=LINE('',#1146,#1145);
#1148=DIRECTION('',(0.E0,0.E0,1.E0));
#1149=VECTOR('',#1148,3.33E0);
#1150=CARTESIAN_POINT('',(-5.165E0,-2.395E0,-1.813E1));
#1151=LINE('',#1150,#1149);
#1152=DIRECTION('',(5.773502691896E-1,-5.773502691896E-1,5.773502691896E-1));
#1153=VECTOR('',#1152,6.928203230276E-1);
#1154=CARTESIAN_POINT('',(-6.235E0,3.305E0,-3.53E0));
#1155=LINE('',#1154,#1153);
#1156=DIRECTION('',(5.773502691896E-1,5.773502691896E-1,-5.773502691896E-1));
#1157=VECTOR('',#1156,6.928203230276E-1);
#1158=CARTESIAN_POINT('',(-5.565E0,2.905E0,-3.13E0));
#1159=LINE('',#1158,#1157);
#1160=DIRECTION('',(-1.E0,0.E0,0.E0));
#1161=VECTOR('',#1160,1.07E0);
#1162=CARTESIAN_POINT('',(-5.165E0,3.305E0,-3.53E0));
#1163=LINE('',#1162,#1161);
#1164=DIRECTION('',(-1.E0,0.E0,0.E0));
#1165=VECTOR('',#1164,1.07E0);
#1166=CARTESIAN_POINT('',(-5.165E0,3.305E0,-1.813E1));
#1167=LINE('',#1166,#1165);
#1168=DIRECTION('',(0.E0,1.E0,0.E0));
#1169=VECTOR('',#1168,1.07E0);
#1170=CARTESIAN_POINT('',(-6.235E0,2.235E0,-1.11E1));
#1171=LINE('',#1170,#1169);
#1172=DIRECTION('',(1.E0,0.E0,0.E0));
#1173=VECTOR('',#1172,1.07E0);
#1174=CARTESIAN_POINT('',(-6.235E0,2.235E0,-1.11E1));
#1175=LINE('',#1174,#1173);
#1176=DIRECTION('',(0.E0,1.E0,0.E0));
#1177=VECTOR('',#1176,1.07E0);
#1178=CARTESIAN_POINT('',(-5.165E0,2.235E0,-1.11E1));
#1179=LINE('',#1178,#1177);
#1180=DIRECTION('',(1.E0,0.E0,0.E0));
#1181=VECTOR('',#1180,1.07E0);
#1182=CARTESIAN_POINT('',(-6.235E0,3.305E0,-1.11E1));
#1183=LINE('',#1182,#1181);
#1184=DIRECTION('',(0.E0,1.E0,0.E0));
#1185=VECTOR('',#1184,1.07E0);
#1186=CARTESIAN_POINT('',(-6.235E0,-3.465E0,-1.11E1));
#1187=LINE('',#1186,#1185);
#1188=DIRECTION('',(1.E0,0.E0,0.E0));
#1189=VECTOR('',#1188,1.07E0);
#1190=CARTESIAN_POINT('',(-6.235E0,-3.465E0,-1.11E1));
#1191=LINE('',#1190,#1189);
#1192=DIRECTION('',(0.E0,1.E0,0.E0));
#1193=VECTOR('',#1192,1.07E0);
#1194=CARTESIAN_POINT('',(-5.165E0,-3.465E0,-1.11E1));
#1195=LINE('',#1194,#1193);
#1196=DIRECTION('',(1.E0,0.E0,0.E0));
#1197=VECTOR('',#1196,1.07E0);
#1198=CARTESIAN_POINT('',(-6.235E0,-2.395E0,-1.11E1));
#1199=LINE('',#1198,#1197);
#1200=DIRECTION('',(7.071067811865E-1,-7.071067811865E-1,0.E0));
#1201=VECTOR('',#1200,1.753624817343E0);
#1202=CARTESIAN_POINT('',(-8.19E0,-4.065E0,-1.11E1));
#1203=LINE('',#1202,#1201);
#1204=DIRECTION('',(0.E0,-1.E0,0.E0));
#1205=VECTOR('',#1204,3.67E0);
#1206=CARTESIAN_POINT('',(-8.19E0,-3.95E-1,-1.11E1));
#1207=LINE('',#1206,#1205);
#1208=DIRECTION('',(-1.E0,0.E0,0.E0));
#1209=VECTOR('',#1208,4.98E0);
#1210=CARTESIAN_POINT('',(-3.21E0,-3.95E-1,-1.11E1));
#1211=LINE('',#1210,#1209);
#1212=DIRECTION('',(0.E0,1.E0,0.E0));
#1213=VECTOR('',#1212,4.91E0);
#1214=CARTESIAN_POINT('',(-3.21E0,-5.305E0,-1.11E1));
#1215=LINE('',#1214,#1213);
#1216=DIRECTION('',(1.E0,0.E0,0.E0));
#1217=VECTOR('',#1216,3.74E0);
#1218=CARTESIAN_POINT('',(-6.95E0,-5.305E0,-1.11E1));
#1219=LINE('',#1218,#1217);
#1220=DIRECTION('',(7.071067811865E-1,-7.071067811865E-1,0.E0));
#1221=VECTOR('',#1220,1.753624817343E0);
#1222=CARTESIAN_POINT('',(-8.19E0,1.635E0,-1.11E1));
#1223=LINE('',#1222,#1221);
#1224=DIRECTION('',(0.E0,-1.E0,0.E0));
#1225=VECTOR('',#1224,3.67E0);
#1226=CARTESIAN_POINT('',(-8.19E0,5.305E0,-1.11E1));
#1227=LINE('',#1226,#1225);
#1228=DIRECTION('',(-1.E0,0.E0,0.E0));
#1229=VECTOR('',#1228,4.98E0);
#1230=CARTESIAN_POINT('',(-3.21E0,5.305E0,-1.11E1));
#1231=LINE('',#1230,#1229);
#1232=DIRECTION('',(0.E0,1.E0,0.E0));
#1233=VECTOR('',#1232,4.91E0);
#1234=CARTESIAN_POINT('',(-3.21E0,3.95E-1,-1.11E1));
#1235=LINE('',#1234,#1233);
#1236=DIRECTION('',(1.E0,0.E0,0.E0));
#1237=VECTOR('',#1236,3.74E0);
#1238=CARTESIAN_POINT('',(-6.95E0,3.95E-1,-1.11E1));
#1239=LINE('',#1238,#1237);
#1240=DIRECTION('',(-1.E0,0.E0,0.E0));
#1241=VECTOR('',#1240,1.07E0);
#1242=CARTESIAN_POINT('',(-5.165E0,-3.465E0,-3.53E0));
#1243=LINE('',#1242,#1241);
#1244=DIRECTION('',(-1.E0,0.E0,0.E0));
#1245=VECTOR('',#1244,1.07E0);
#1246=CARTESIAN_POINT('',(-5.165E0,-3.465E0,-1.813E1));
#1247=LINE('',#1246,#1245);
#1248=DIRECTION('',(-5.773502691896E-1,-5.773502691896E-1,-5.773502691896E-1));
#1249=VECTOR('',#1248,6.928203230276E-1);
#1250=CARTESIAN_POINT('',(-5.835E0,-3.065E0,-3.13E0));
#1251=LINE('',#1250,#1249);
#1252=DIRECTION('',(-5.773502691896E-1,5.773502691896E-1,-5.773502691896E-1));
#1253=VECTOR('',#1252,6.928203230276E-1);
#1254=CARTESIAN_POINT('',(-5.835E0,-2.795E0,-3.13E0));
#1255=LINE('',#1254,#1253);
#1256=DIRECTION('',(5.773502691896E-1,5.773502691896E-1,-5.773502691896E-1));
#1257=VECTOR('',#1256,6.928203230276E-1);
#1258=CARTESIAN_POINT('',(-5.565E0,-2.795E0,-3.13E0));
#1259=LINE('',#1258,#1257);
#1260=DIRECTION('',(-1.E0,0.E0,0.E0));
#1261=VECTOR('',#1260,1.07E0);
#1262=CARTESIAN_POINT('',(-5.165E0,-2.395E0,-3.53E0));
#1263=LINE('',#1262,#1261);
#1264=DIRECTION('',(-1.E0,0.E0,0.E0));
#1265=VECTOR('',#1264,1.07E0);
#1266=CARTESIAN_POINT('',(-5.165E0,-2.395E0,-1.813E1));
#1267=LINE('',#1266,#1265);
#1268=DIRECTION('',(-5.773502691896E-1,5.773502691896E-1,5.773502691896E-1));
#1269=VECTOR('',#1268,6.928203230276E-1);
#1270=CARTESIAN_POINT('',(-5.835E0,-2.795E0,-1.853E1));
#1271=LINE('',#1270,#1269);
#1272=DIRECTION('',(-5.773502691896E-1,-5.773502691896E-1,-5.773502691896E-1));
#1273=VECTOR('',#1272,6.928203230276E-1);
#1274=CARTESIAN_POINT('',(-5.165E0,-2.395E0,-1.813E1));
#1275=LINE('',#1274,#1273);
#1276=DIRECTION('',(-5.773502691896E-1,-5.773502691896E-1,5.773502691896E-1));
#1277=VECTOR('',#1276,6.928203230276E-1);
#1278=CARTESIAN_POINT('',(-5.835E0,-3.065E0,-1.853E1));
#1279=LINE('',#1278,#1277);
#1280=DIRECTION('',(5.773502691896E-1,-5.773502691896E-1,5.773502691896E-1));
#1281=VECTOR('',#1280,6.928203230276E-1);
#1282=CARTESIAN_POINT('',(-5.565E0,-3.065E0,-1.853E1));
#1283=LINE('',#1282,#1281);
#1284=DIRECTION('',(-1.E0,0.E0,0.E0));
#1285=VECTOR('',#1284,2.7E-1);
#1286=CARTESIAN_POINT('',(-5.565E0,-2.795E0,-1.853E1));
#1287=LINE('',#1286,#1285);
#1288=DIRECTION('',(0.E0,-1.E0,0.E0));
#1289=VECTOR('',#1288,2.7E-1);
#1290=CARTESIAN_POINT('',(-5.835E0,-2.795E0,-1.853E1));
#1291=LINE('',#1290,#1289);
#1292=DIRECTION('',(-1.E0,0.E0,0.E0));
#1293=VECTOR('',#1292,2.7E-1);
#1294=CARTESIAN_POINT('',(-5.565E0,-3.065E0,-1.853E1));
#1295=LINE('',#1294,#1293);
#1296=DIRECTION('',(0.E0,1.E0,0.E0));
#1297=VECTOR('',#1296,2.7E-1);
#1298=CARTESIAN_POINT('',(-5.565E0,-3.065E0,-1.853E1));
#1299=LINE('',#1298,#1297);
#1300=DIRECTION('',(5.773502691896E-1,-5.773502691896E-1,-5.773502691896E-1));
#1301=VECTOR('',#1300,6.928203230276E-1);
#1302=CARTESIAN_POINT('',(-5.565E0,-3.065E0,-3.13E0));
#1303=LINE('',#1302,#1301);
#1304=DIRECTION('',(-1.E0,0.E0,0.E0));
#1305=VECTOR('',#1304,2.7E-1);
#1306=CARTESIAN_POINT('',(-5.565E0,-3.065E0,-3.13E0));
#1307=LINE('',#1306,#1305);
#1308=DIRECTION('',(0.E0,1.E0,0.E0));
#1309=VECTOR('',#1308,2.7E-1);
#1310=CARTESIAN_POINT('',(-5.835E0,-3.065E0,-3.13E0));
#1311=LINE('',#1310,#1309);
#1312=DIRECTION('',(-1.E0,0.E0,0.E0));
#1313=VECTOR('',#1312,2.7E-1);
#1314=CARTESIAN_POINT('',(-5.565E0,-2.795E0,-3.13E0));
#1315=LINE('',#1314,#1313);
#1316=DIRECTION('',(0.E0,-1.E0,0.E0));
#1317=VECTOR('',#1316,2.7E-1);
#1318=CARTESIAN_POINT('',(-5.565E0,-2.795E0,-3.13E0));
#1319=LINE('',#1318,#1317);
#1320=DIRECTION('',(-7.071067811865E-1,7.071067811865E-1,0.E0));
#1321=VECTOR('',#1320,1.753624817343E0);
#1322=CARTESIAN_POINT('',(-6.95E0,-5.305E0,0.E0));
#1323=LINE('',#1322,#1321);
#1324=DIRECTION('',(0.E0,0.E0,-1.E0));
#1325=VECTOR('',#1324,1.11E1);
#1326=CARTESIAN_POINT('',(-6.95E0,-5.305E0,0.E0));
#1327=LINE('',#1326,#1325);
#1328=DIRECTION('',(0.E0,0.E0,-1.E0));
#1329=VECTOR('',#1328,1.11E1);
#1330=CARTESIAN_POINT('',(-3.21E0,-5.305E0,0.E0));
#1331=LINE('',#1330,#1329);
#1332=DIRECTION('',(0.E0,0.E0,-1.E0));
#1333=VECTOR('',#1332,1.11E1);
#1334=CARTESIAN_POINT('',(-3.21E0,-3.95E-1,0.E0));
#1335=LINE('',#1334,#1333);
#1336=DIRECTION('',(0.E0,0.E0,-1.E0));
#1337=VECTOR('',#1336,1.11E1);
#1338=CARTESIAN_POINT('',(-8.19E0,-4.065E0,0.E0));
#1339=LINE('',#1338,#1337);
#1340=DIRECTION('',(0.E0,0.E0,-1.E0));
#1341=VECTOR('',#1340,1.11E1);
#1342=CARTESIAN_POINT('',(-8.19E0,-3.95E-1,0.E0));
#1343=LINE('',#1342,#1341);
#1344=DIRECTION('',(-7.071067811865E-1,7.071067811865E-1,0.E0));
#1345=VECTOR('',#1344,1.753624817343E0);
#1346=CARTESIAN_POINT('',(-6.95E0,3.95E-1,0.E0));
#1347=LINE('',#1346,#1345);
#1348=DIRECTION('',(0.E0,0.E0,-1.E0));
#1349=VECTOR('',#1348,1.11E1);
#1350=CARTESIAN_POINT('',(-6.95E0,3.95E-1,0.E0));
#1351=LINE('',#1350,#1349);
#1352=DIRECTION('',(0.E0,0.E0,-1.E0));
#1353=VECTOR('',#1352,1.11E1);
#1354=CARTESIAN_POINT('',(-3.21E0,3.95E-1,0.E0));
#1355=LINE('',#1354,#1353);
#1356=DIRECTION('',(0.E0,0.E0,-1.E0));
#1357=VECTOR('',#1356,1.11E1);
#1358=CARTESIAN_POINT('',(-3.21E0,5.305E0,0.E0));
#1359=LINE('',#1358,#1357);
#1360=DIRECTION('',(0.E0,0.E0,-1.E0));
#1361=VECTOR('',#1360,1.11E1);
#1362=CARTESIAN_POINT('',(-8.19E0,1.635E0,0.E0));
#1363=LINE('',#1362,#1361);
#1364=DIRECTION('',(0.E0,0.E0,-1.E0));
#1365=VECTOR('',#1364,1.11E1);
#1366=CARTESIAN_POINT('',(-8.19E0,5.305E0,0.E0));
#1367=LINE('',#1366,#1365);
#1368=DIRECTION('',(-5.773502691896E-1,5.773502691896E-1,5.773502691896E-1));
#1369=VECTOR('',#1368,6.928203230276E-1);
#1370=CARTESIAN_POINT('',(-5.835E0,2.905E0,-1.853E1));
#1371=LINE('',#1370,#1369);
#1372=DIRECTION('',(-5.773502691896E-1,-5.773502691896E-1,-5.773502691896E-1));
#1373=VECTOR('',#1372,6.928203230276E-1);
#1374=CARTESIAN_POINT('',(-5.165E0,3.305E0,-1.813E1));
#1375=LINE('',#1374,#1373);
#1376=DIRECTION('',(-5.773502691896E-1,-5.773502691896E-1,5.773502691896E-1));
#1377=VECTOR('',#1376,6.928203230276E-1);
#1378=CARTESIAN_POINT('',(-5.835E0,2.635E0,-1.853E1));
#1379=LINE('',#1378,#1377);
#1380=DIRECTION('',(5.773502691896E-1,-5.773502691896E-1,5.773502691896E-1));
#1381=VECTOR('',#1380,6.928203230276E-1);
#1382=CARTESIAN_POINT('',(-5.565E0,2.635E0,-1.853E1));
#1383=LINE('',#1382,#1381);
#1384=DIRECTION('',(-1.E0,0.E0,0.E0));
#1385=VECTOR('',#1384,2.7E-1);
#1386=CARTESIAN_POINT('',(-5.565E0,2.905E0,-1.853E1));
#1387=LINE('',#1386,#1385);
#1388=DIRECTION('',(0.E0,-1.E0,0.E0));
#1389=VECTOR('',#1388,2.7E-1);
#1390=CARTESIAN_POINT('',(-5.835E0,2.905E0,-1.853E1));
#1391=LINE('',#1390,#1389);
#1392=DIRECTION('',(-1.E0,0.E0,0.E0));
#1393=VECTOR('',#1392,2.7E-1);
#1394=CARTESIAN_POINT('',(-5.565E0,2.635E0,-1.853E1));
#1395=LINE('',#1394,#1393);
#1396=DIRECTION('',(0.E0,1.E0,0.E0));
#1397=VECTOR('',#1396,2.7E-1);
#1398=CARTESIAN_POINT('',(-5.565E0,2.635E0,-1.853E1));
#1399=LINE('',#1398,#1397);
#1400=DIRECTION('',(0.E0,1.E0,0.E0));
#1401=VECTOR('',#1400,1.07E0);
#1402=CARTESIAN_POINT('',(-5.35E-1,2.235E0,-3.53E0));
#1403=LINE('',#1402,#1401);
#1404=DIRECTION('',(0.E0,0.E0,-1.E0));
#1405=VECTOR('',#1404,7.57E0);
#1406=CARTESIAN_POINT('',(-5.35E-1,2.235E0,-3.53E0));
#1407=LINE('',#1406,#1405);
#1408=DIRECTION('',(0.E0,0.E0,1.E0));
#1409=VECTOR('',#1408,7.57E0);
#1410=CARTESIAN_POINT('',(-5.35E-1,3.305E0,-1.11E1));
#1411=LINE('',#1410,#1409);
#1412=DIRECTION('',(0.E0,1.E0,0.E0));
#1413=VECTOR('',#1412,1.07E0);
#1414=CARTESIAN_POINT('',(-5.35E-1,-3.465E0,-3.53E0));
#1415=LINE('',#1414,#1413);
#1416=DIRECTION('',(0.E0,0.E0,-1.E0));
#1417=VECTOR('',#1416,7.57E0);
#1418=CARTESIAN_POINT('',(-5.35E-1,-3.465E0,-3.53E0));
#1419=LINE('',#1418,#1417);
#1420=DIRECTION('',(0.E0,0.E0,1.E0));
#1421=VECTOR('',#1420,7.57E0);
#1422=CARTESIAN_POINT('',(-5.35E-1,-2.395E0,-1.11E1));
#1423=LINE('',#1422,#1421);
#1424=DIRECTION('',(0.E0,-1.E0,0.E0));
#1425=VECTOR('',#1424,1.07E0);
#1426=CARTESIAN_POINT('',(-5.35E-1,3.305E0,-1.813E1));
#1427=LINE('',#1426,#1425);
#1428=DIRECTION('',(0.E0,0.E0,1.E0));
#1429=VECTOR('',#1428,3.33E0);
#1430=CARTESIAN_POINT('',(-5.35E-1,3.305E0,-1.813E1));
#1431=LINE('',#1430,#1429);
#1432=DIRECTION('',(0.E0,0.E0,-1.E0));
#1433=VECTOR('',#1432,3.33E0);
#1434=CARTESIAN_POINT('',(-5.35E-1,2.235E0,-1.48E1));
#1435=LINE('',#1434,#1433);
#1436=DIRECTION('',(0.E0,-1.E0,0.E0));
#1437=VECTOR('',#1436,1.07E0);
#1438=CARTESIAN_POINT('',(-5.35E-1,-2.395E0,-1.813E1));
#1439=LINE('',#1438,#1437);
#1440=DIRECTION('',(0.E0,0.E0,1.E0));
#1441=VECTOR('',#1440,3.33E0);
#1442=CARTESIAN_POINT('',(-5.35E-1,-2.395E0,-1.813E1));
#1443=LINE('',#1442,#1441);
#1444=DIRECTION('',(0.E0,0.E0,-1.E0));
#1445=VECTOR('',#1444,3.33E0);
#1446=CARTESIAN_POINT('',(-5.35E-1,-3.465E0,-1.48E1));
#1447=LINE('',#1446,#1445);
#1448=DIRECTION('',(-1.E0,0.E0,0.E0));
#1449=VECTOR('',#1448,2.7E-1);
#1450=CARTESIAN_POINT('',(1.35E-1,2.635E0,-3.13E0));
#1451=LINE('',#1450,#1449);
#1452=DIRECTION('',(0.E0,1.E0,0.E0));
#1453=VECTOR('',#1452,2.7E-1);
#1454=CARTESIAN_POINT('',(-1.35E-1,2.635E0,-3.13E0));
#1455=LINE('',#1454,#1453);
#1456=DIRECTION('',(-1.E0,0.E0,0.E0));
#1457=VECTOR('',#1456,2.7E-1);
#1458=CARTESIAN_POINT('',(1.35E-1,2.905E0,-3.13E0));
#1459=LINE('',#1458,#1457);
#1460=DIRECTION('',(0.E0,-1.E0,0.E0));
#1461=VECTOR('',#1460,2.7E-1);
#1462=CARTESIAN_POINT('',(1.35E-1,2.905E0,-3.13E0));
#1463=LINE('',#1462,#1461);
#1464=DIRECTION('',(-5.773502691896E-1,-5.773502691896E-1,-5.773502691896E-1));
#1465=VECTOR('',#1464,6.928203230276E-1);
#1466=CARTESIAN_POINT('',(-1.35E-1,2.635E0,-3.13E0));
#1467=LINE('',#1466,#1465);
#1468=DIRECTION('',(-5.773502691896E-1,5.773502691896E-1,5.773502691896E-1));
#1469=VECTOR('',#1468,6.928203230276E-1);
#1470=CARTESIAN_POINT('',(5.35E-1,2.235E0,-3.53E0));
#1471=LINE('',#1470,#1469);
#1472=DIRECTION('',(-1.E0,0.E0,0.E0));
#1473=VECTOR('',#1472,1.07E0);
#1474=CARTESIAN_POINT('',(5.35E-1,2.235E0,-3.53E0));
#1475=LINE('',#1474,#1473);
#1476=DIRECTION('',(-1.E0,0.E0,0.E0));
#1477=VECTOR('',#1476,1.07E0);
#1478=CARTESIAN_POINT('',(5.35E-1,2.235E0,-1.813E1));
#1479=LINE('',#1478,#1477);
#1480=DIRECTION('',(0.E0,-1.E0,0.E0));
#1481=VECTOR('',#1480,1.07E0);
#1482=CARTESIAN_POINT('',(5.35E-1,3.305E0,-3.53E0));
#1483=LINE('',#1482,#1481);
#1484=DIRECTION('',(0.E0,0.E0,1.E0));
#1485=VECTOR('',#1484,7.57E0);
#1486=CARTESIAN_POINT('',(5.35E-1,3.305E0,-1.11E1));
#1487=LINE('',#1486,#1485);
#1488=DIRECTION('',(0.E0,0.E0,-1.E0));
#1489=VECTOR('',#1488,7.57E0);
#1490=CARTESIAN_POINT('',(5.35E-1,2.235E0,-3.53E0));
#1491=LINE('',#1490,#1489);
#1492=DIRECTION('',(0.E0,-1.E0,0.E0));
#1493=VECTOR('',#1492,1.07E0);
#1494=CARTESIAN_POINT('',(5.35E-1,-2.395E0,-3.53E0));
#1495=LINE('',#1494,#1493);
#1496=DIRECTION('',(0.E0,0.E0,1.E0));
#1497=VECTOR('',#1496,7.57E0);
#1498=CARTESIAN_POINT('',(5.35E-1,-2.395E0,-1.11E1));
#1499=LINE('',#1498,#1497);
#1500=DIRECTION('',(0.E0,0.E0,-1.E0));
#1501=VECTOR('',#1500,7.57E0);
#1502=CARTESIAN_POINT('',(5.35E-1,-3.465E0,-3.53E0));
#1503=LINE('',#1502,#1501);
#1504=DIRECTION('',(0.E0,1.E0,0.E0));
#1505=VECTOR('',#1504,1.07E0);
#1506=CARTESIAN_POINT('',(5.35E-1,2.235E0,-1.813E1));
#1507=LINE('',#1506,#1505);
#1508=DIRECTION('',(0.E0,0.E0,-1.E0));
#1509=VECTOR('',#1508,3.33E0);
#1510=CARTESIAN_POINT('',(5.35E-1,2.235E0,-1.48E1));
#1511=LINE('',#1510,#1509);
#1512=DIRECTION('',(0.E0,0.E0,1.E0));
#1513=VECTOR('',#1512,3.33E0);
#1514=CARTESIAN_POINT('',(5.35E-1,3.305E0,-1.813E1));
#1515=LINE('',#1514,#1513);
#1516=DIRECTION('',(0.E0,1.E0,0.E0));
#1517=VECTOR('',#1516,1.07E0);
#1518=CARTESIAN_POINT('',(5.35E-1,-3.465E0,-1.813E1));
#1519=LINE('',#1518,#1517);
#1520=DIRECTION('',(0.E0,0.E0,-1.E0));
#1521=VECTOR('',#1520,3.33E0);
#1522=CARTESIAN_POINT('',(5.35E-1,-3.465E0,-1.48E1));
#1523=LINE('',#1522,#1521);
#1524=DIRECTION('',(0.E0,0.E0,1.E0));
#1525=VECTOR('',#1524,3.33E0);
#1526=CARTESIAN_POINT('',(5.35E-1,-2.395E0,-1.813E1));
#1527=LINE('',#1526,#1525);
#1528=DIRECTION('',(5.773502691896E-1,-5.773502691896E-1,5.773502691896E-1));
#1529=VECTOR('',#1528,6.928203230276E-1);
#1530=CARTESIAN_POINT('',(-5.35E-1,3.305E0,-3.53E0));
#1531=LINE('',#1530,#1529);
#1532=DIRECTION('',(5.773502691896E-1,5.773502691896E-1,-5.773502691896E-1));
#1533=VECTOR('',#1532,6.928203230276E-1);
#1534=CARTESIAN_POINT('',(1.35E-1,2.905E0,-3.13E0));
#1535=LINE('',#1534,#1533);
#1536=DIRECTION('',(-1.E0,0.E0,0.E0));
#1537=VECTOR('',#1536,1.07E0);
#1538=CARTESIAN_POINT('',(5.35E-1,3.305E0,-3.53E0));
#1539=LINE('',#1538,#1537);
#1540=DIRECTION('',(-1.E0,0.E0,0.E0));
#1541=VECTOR('',#1540,1.07E0);
#1542=CARTESIAN_POINT('',(5.35E-1,3.305E0,-1.813E1));
#1543=LINE('',#1542,#1541);
#1544=DIRECTION('',(0.E0,1.E0,0.E0));
#1545=VECTOR('',#1544,1.07E0);
#1546=CARTESIAN_POINT('',(-5.35E-1,2.235E0,-1.11E1));
#1547=LINE('',#1546,#1545);
#1548=DIRECTION('',(1.E0,0.E0,0.E0));
#1549=VECTOR('',#1548,1.07E0);
#1550=CARTESIAN_POINT('',(-5.35E-1,2.235E0,-1.11E1));
#1551=LINE('',#1550,#1549);
#1552=DIRECTION('',(0.E0,1.E0,0.E0));
#1553=VECTOR('',#1552,1.07E0);
#1554=CARTESIAN_POINT('',(5.35E-1,2.235E0,-1.11E1));
#1555=LINE('',#1554,#1553);
#1556=DIRECTION('',(1.E0,0.E0,0.E0));
#1557=VECTOR('',#1556,1.07E0);
#1558=CARTESIAN_POINT('',(-5.35E-1,3.305E0,-1.11E1));
#1559=LINE('',#1558,#1557);
#1560=DIRECTION('',(0.E0,1.E0,0.E0));
#1561=VECTOR('',#1560,1.07E0);
#1562=CARTESIAN_POINT('',(-5.35E-1,-3.465E0,-1.11E1));
#1563=LINE('',#1562,#1561);
#1564=DIRECTION('',(1.E0,0.E0,0.E0));
#1565=VECTOR('',#1564,1.07E0);
#1566=CARTESIAN_POINT('',(-5.35E-1,-3.465E0,-1.11E1));
#1567=LINE('',#1566,#1565);
#1568=DIRECTION('',(0.E0,1.E0,0.E0));
#1569=VECTOR('',#1568,1.07E0);
#1570=CARTESIAN_POINT('',(5.35E-1,-3.465E0,-1.11E1));
#1571=LINE('',#1570,#1569);
#1572=DIRECTION('',(1.E0,0.E0,0.E0));
#1573=VECTOR('',#1572,1.07E0);
#1574=CARTESIAN_POINT('',(-5.35E-1,-2.395E0,-1.11E1));
#1575=LINE('',#1574,#1573);
#1576=DIRECTION('',(7.071067811865E-1,-7.071067811865E-1,0.E0));
#1577=VECTOR('',#1576,1.753624817343E0);
#1578=CARTESIAN_POINT('',(-2.49E0,-4.065E0,-1.11E1));
#1579=LINE('',#1578,#1577);
#1580=DIRECTION('',(0.E0,-1.E0,0.E0));
#1581=VECTOR('',#1580,3.67E0);
#1582=CARTESIAN_POINT('',(-2.49E0,-3.95E-1,-1.11E1));
#1583=LINE('',#1582,#1581);
#1584=DIRECTION('',(-1.E0,0.E0,0.E0));
#1585=VECTOR('',#1584,4.98E0);
#1586=CARTESIAN_POINT('',(2.49E0,-3.95E-1,-1.11E1));
#1587=LINE('',#1586,#1585);
#1588=DIRECTION('',(0.E0,1.E0,0.E0));
#1589=VECTOR('',#1588,4.91E0);
#1590=CARTESIAN_POINT('',(2.49E0,-5.305E0,-1.11E1));
#1591=LINE('',#1590,#1589);
#1592=DIRECTION('',(1.E0,0.E0,0.E0));
#1593=VECTOR('',#1592,3.74E0);
#1594=CARTESIAN_POINT('',(-1.25E0,-5.305E0,-1.11E1));
#1595=LINE('',#1594,#1593);
#1596=DIRECTION('',(7.071067811865E-1,-7.071067811865E-1,0.E0));
#1597=VECTOR('',#1596,1.753624817343E0);
#1598=CARTESIAN_POINT('',(-2.49E0,1.635E0,-1.11E1));
#1599=LINE('',#1598,#1597);
#1600=DIRECTION('',(0.E0,-1.E0,0.E0));
#1601=VECTOR('',#1600,3.67E0);
#1602=CARTESIAN_POINT('',(-2.49E0,5.305E0,-1.11E1));
#1603=LINE('',#1602,#1601);
#1604=DIRECTION('',(-1.E0,0.E0,0.E0));
#1605=VECTOR('',#1604,4.98E0);
#1606=CARTESIAN_POINT('',(2.49E0,5.305E0,-1.11E1));
#1607=LINE('',#1606,#1605);
#1608=DIRECTION('',(0.E0,1.E0,0.E0));
#1609=VECTOR('',#1608,4.91E0);
#1610=CARTESIAN_POINT('',(2.49E0,3.95E-1,-1.11E1));
#1611=LINE('',#1610,#1609);
#1612=DIRECTION('',(1.E0,0.E0,0.E0));
#1613=VECTOR('',#1612,3.74E0);
#1614=CARTESIAN_POINT('',(-1.25E0,3.95E-1,-1.11E1));
#1615=LINE('',#1614,#1613);
#1616=DIRECTION('',(-1.E0,0.E0,0.E0));
#1617=VECTOR('',#1616,1.07E0);
#1618=CARTESIAN_POINT('',(5.35E-1,-3.465E0,-3.53E0));
#1619=LINE('',#1618,#1617);
#1620=DIRECTION('',(-1.E0,0.E0,0.E0));
#1621=VECTOR('',#1620,1.07E0);
#1622=CARTESIAN_POINT('',(5.35E-1,-3.465E0,-1.813E1));
#1623=LINE('',#1622,#1621);
#1624=DIRECTION('',(-5.773502691896E-1,-5.773502691896E-1,-5.773502691896E-1));
#1625=VECTOR('',#1624,6.928203230276E-1);
#1626=CARTESIAN_POINT('',(-1.35E-1,-3.065E0,-3.13E0));
#1627=LINE('',#1626,#1625);
#1628=DIRECTION('',(-5.773502691896E-1,5.773502691896E-1,-5.773502691896E-1));
#1629=VECTOR('',#1628,6.928203230276E-1);
#1630=CARTESIAN_POINT('',(-1.35E-1,-2.795E0,-3.13E0));
#1631=LINE('',#1630,#1629);
#1632=DIRECTION('',(5.773502691896E-1,5.773502691896E-1,-5.773502691896E-1));
#1633=VECTOR('',#1632,6.928203230276E-1);
#1634=CARTESIAN_POINT('',(1.35E-1,-2.795E0,-3.13E0));
#1635=LINE('',#1634,#1633);
#1636=DIRECTION('',(-1.E0,0.E0,0.E0));
#1637=VECTOR('',#1636,1.07E0);
#1638=CARTESIAN_POINT('',(5.35E-1,-2.395E0,-3.53E0));
#1639=LINE('',#1638,#1637);
#1640=DIRECTION('',(-1.E0,0.E0,0.E0));
#1641=VECTOR('',#1640,1.07E0);
#1642=CARTESIAN_POINT('',(5.35E-1,-2.395E0,-1.813E1));
#1643=LINE('',#1642,#1641);
#1644=DIRECTION('',(-5.773502691896E-1,5.773502691896E-1,5.773502691896E-1));
#1645=VECTOR('',#1644,6.928203230276E-1);
#1646=CARTESIAN_POINT('',(-1.35E-1,-2.795E0,-1.853E1));
#1647=LINE('',#1646,#1645);
#1648=DIRECTION('',(-5.773502691896E-1,-5.773502691896E-1,-5.773502691896E-1));
#1649=VECTOR('',#1648,6.928203230276E-1);
#1650=CARTESIAN_POINT('',(5.35E-1,-2.395E0,-1.813E1));
#1651=LINE('',#1650,#1649);
#1652=DIRECTION('',(-5.773502691896E-1,-5.773502691896E-1,5.773502691896E-1));
#1653=VECTOR('',#1652,6.928203230276E-1);
#1654=CARTESIAN_POINT('',(-1.35E-1,-3.065E0,-1.853E1));
#1655=LINE('',#1654,#1653);
#1656=DIRECTION('',(5.773502691896E-1,-5.773502691896E-1,5.773502691896E-1));
#1657=VECTOR('',#1656,6.928203230276E-1);
#1658=CARTESIAN_POINT('',(1.35E-1,-3.065E0,-1.853E1));
#1659=LINE('',#1658,#1657);
#1660=DIRECTION('',(-1.E0,0.E0,0.E0));
#1661=VECTOR('',#1660,2.7E-1);
#1662=CARTESIAN_POINT('',(1.35E-1,-2.795E0,-1.853E1));
#1663=LINE('',#1662,#1661);
#1664=DIRECTION('',(0.E0,-1.E0,0.E0));
#1665=VECTOR('',#1664,2.7E-1);
#1666=CARTESIAN_POINT('',(-1.35E-1,-2.795E0,-1.853E1));
#1667=LINE('',#1666,#1665);
#1668=DIRECTION('',(-1.E0,0.E0,0.E0));
#1669=VECTOR('',#1668,2.7E-1);
#1670=CARTESIAN_POINT('',(1.35E-1,-3.065E0,-1.853E1));
#1671=LINE('',#1670,#1669);
#1672=DIRECTION('',(0.E0,1.E0,0.E0));
#1673=VECTOR('',#1672,2.7E-1);
#1674=CARTESIAN_POINT('',(1.35E-1,-3.065E0,-1.853E1));
#1675=LINE('',#1674,#1673);
#1676=DIRECTION('',(5.773502691896E-1,-5.773502691896E-1,-5.773502691896E-1));
#1677=VECTOR('',#1676,6.928203230276E-1);
#1678=CARTESIAN_POINT('',(1.35E-1,-3.065E0,-3.13E0));
#1679=LINE('',#1678,#1677);
#1680=DIRECTION('',(-1.E0,0.E0,0.E0));
#1681=VECTOR('',#1680,2.7E-1);
#1682=CARTESIAN_POINT('',(1.35E-1,-3.065E0,-3.13E0));
#1683=LINE('',#1682,#1681);
#1684=DIRECTION('',(0.E0,1.E0,0.E0));
#1685=VECTOR('',#1684,2.7E-1);
#1686=CARTESIAN_POINT('',(-1.35E-1,-3.065E0,-3.13E0));
#1687=LINE('',#1686,#1685);
#1688=DIRECTION('',(-1.E0,0.E0,0.E0));
#1689=VECTOR('',#1688,2.7E-1);
#1690=CARTESIAN_POINT('',(1.35E-1,-2.795E0,-3.13E0));
#1691=LINE('',#1690,#1689);
#1692=DIRECTION('',(0.E0,-1.E0,0.E0));
#1693=VECTOR('',#1692,2.7E-1);
#1694=CARTESIAN_POINT('',(1.35E-1,-2.795E0,-3.13E0));
#1695=LINE('',#1694,#1693);
#1696=DIRECTION('',(-7.071067811865E-1,7.071067811865E-1,0.E0));
#1697=VECTOR('',#1696,1.753624817343E0);
#1698=CARTESIAN_POINT('',(-1.25E0,-5.305E0,0.E0));
#1699=LINE('',#1698,#1697);
#1700=DIRECTION('',(0.E0,0.E0,-1.E0));
#1701=VECTOR('',#1700,1.11E1);
#1702=CARTESIAN_POINT('',(-1.25E0,-5.305E0,0.E0));
#1703=LINE('',#1702,#1701);
#1704=DIRECTION('',(0.E0,0.E0,-1.E0));
#1705=VECTOR('',#1704,1.11E1);
#1706=CARTESIAN_POINT('',(2.49E0,-5.305E0,0.E0));
#1707=LINE('',#1706,#1705);
#1708=DIRECTION('',(0.E0,0.E0,-1.E0));
#1709=VECTOR('',#1708,1.11E1);
#1710=CARTESIAN_POINT('',(2.49E0,-3.95E-1,0.E0));
#1711=LINE('',#1710,#1709);
#1712=DIRECTION('',(0.E0,0.E0,-1.E0));
#1713=VECTOR('',#1712,1.11E1);
#1714=CARTESIAN_POINT('',(-2.49E0,-4.065E0,0.E0));
#1715=LINE('',#1714,#1713);
#1716=DIRECTION('',(0.E0,0.E0,-1.E0));
#1717=VECTOR('',#1716,1.11E1);
#1718=CARTESIAN_POINT('',(-2.49E0,-3.95E-1,0.E0));
#1719=LINE('',#1718,#1717);
#1720=DIRECTION('',(-7.071067811865E-1,7.071067811865E-1,0.E0));
#1721=VECTOR('',#1720,1.753624817343E0);
#1722=CARTESIAN_POINT('',(-1.25E0,3.95E-1,0.E0));
#1723=LINE('',#1722,#1721);
#1724=DIRECTION('',(0.E0,0.E0,-1.E0));
#1725=VECTOR('',#1724,1.11E1);
#1726=CARTESIAN_POINT('',(-1.25E0,3.95E-1,0.E0));
#1727=LINE('',#1726,#1725);
#1728=DIRECTION('',(0.E0,0.E0,-1.E0));
#1729=VECTOR('',#1728,1.11E1);
#1730=CARTESIAN_POINT('',(2.49E0,3.95E-1,0.E0));
#1731=LINE('',#1730,#1729);
#1732=DIRECTION('',(0.E0,0.E0,-1.E0));
#1733=VECTOR('',#1732,1.11E1);
#1734=CARTESIAN_POINT('',(2.49E0,5.305E0,0.E0));
#1735=LINE('',#1734,#1733);
#1736=DIRECTION('',(0.E0,0.E0,-1.E0));
#1737=VECTOR('',#1736,1.11E1);
#1738=CARTESIAN_POINT('',(-2.49E0,1.635E0,0.E0));
#1739=LINE('',#1738,#1737);
#1740=DIRECTION('',(0.E0,0.E0,-1.E0));
#1741=VECTOR('',#1740,1.11E1);
#1742=CARTESIAN_POINT('',(-2.49E0,5.305E0,0.E0));
#1743=LINE('',#1742,#1741);
#1744=DIRECTION('',(-5.773502691896E-1,5.773502691896E-1,5.773502691896E-1));
#1745=VECTOR('',#1744,6.928203230276E-1);
#1746=CARTESIAN_POINT('',(-1.35E-1,2.905E0,-1.853E1));
#1747=LINE('',#1746,#1745);
#1748=DIRECTION('',(-5.773502691896E-1,-5.773502691896E-1,-5.773502691896E-1));
#1749=VECTOR('',#1748,6.928203230276E-1);
#1750=CARTESIAN_POINT('',(5.35E-1,3.305E0,-1.813E1));
#1751=LINE('',#1750,#1749);
#1752=DIRECTION('',(-5.773502691896E-1,-5.773502691896E-1,5.773502691896E-1));
#1753=VECTOR('',#1752,6.928203230276E-1);
#1754=CARTESIAN_POINT('',(-1.35E-1,2.635E0,-1.853E1));
#1755=LINE('',#1754,#1753);
#1756=DIRECTION('',(5.773502691896E-1,-5.773502691896E-1,5.773502691896E-1));
#1757=VECTOR('',#1756,6.928203230276E-1);
#1758=CARTESIAN_POINT('',(1.35E-1,2.635E0,-1.853E1));
#1759=LINE('',#1758,#1757);
#1760=DIRECTION('',(-1.E0,0.E0,0.E0));
#1761=VECTOR('',#1760,2.7E-1);
#1762=CARTESIAN_POINT('',(1.35E-1,2.905E0,-1.853E1));
#1763=LINE('',#1762,#1761);
#1764=DIRECTION('',(0.E0,-1.E0,0.E0));
#1765=VECTOR('',#1764,2.7E-1);
#1766=CARTESIAN_POINT('',(-1.35E-1,2.905E0,-1.853E1));
#1767=LINE('',#1766,#1765);
#1768=DIRECTION('',(-1.E0,0.E0,0.E0));
#1769=VECTOR('',#1768,2.7E-1);
#1770=CARTESIAN_POINT('',(1.35E-1,2.635E0,-1.853E1));
#1771=LINE('',#1770,#1769);
#1772=DIRECTION('',(0.E0,1.E0,0.E0));
#1773=VECTOR('',#1772,2.7E-1);
#1774=CARTESIAN_POINT('',(1.35E-1,2.635E0,-1.853E1));
#1775=LINE('',#1774,#1773);
#1776=DIRECTION('',(0.E0,1.E0,0.E0));
#1777=VECTOR('',#1776,1.07E0);
#1778=CARTESIAN_POINT('',(5.165E0,2.235E0,-3.53E0));
#1779=LINE('',#1778,#1777);
#1780=DIRECTION('',(0.E0,0.E0,-1.E0));
#1781=VECTOR('',#1780,7.57E0);
#1782=CARTESIAN_POINT('',(5.165E0,2.235E0,-3.53E0));
#1783=LINE('',#1782,#1781);
#1784=DIRECTION('',(0.E0,0.E0,1.E0));
#1785=VECTOR('',#1784,7.57E0);
#1786=CARTESIAN_POINT('',(5.165E0,3.305E0,-1.11E1));
#1787=LINE('',#1786,#1785);
#1788=DIRECTION('',(0.E0,1.E0,0.E0));
#1789=VECTOR('',#1788,1.07E0);
#1790=CARTESIAN_POINT('',(5.165E0,-3.465E0,-3.53E0));
#1791=LINE('',#1790,#1789);
#1792=DIRECTION('',(0.E0,0.E0,-1.E0));
#1793=VECTOR('',#1792,7.57E0);
#1794=CARTESIAN_POINT('',(5.165E0,-3.465E0,-3.53E0));
#1795=LINE('',#1794,#1793);
#1796=DIRECTION('',(0.E0,0.E0,1.E0));
#1797=VECTOR('',#1796,7.57E0);
#1798=CARTESIAN_POINT('',(5.165E0,-2.395E0,-1.11E1));
#1799=LINE('',#1798,#1797);
#1800=DIRECTION('',(0.E0,-1.E0,0.E0));
#1801=VECTOR('',#1800,1.07E0);
#1802=CARTESIAN_POINT('',(5.165E0,3.305E0,-1.813E1));
#1803=LINE('',#1802,#1801);
#1804=DIRECTION('',(0.E0,0.E0,1.E0));
#1805=VECTOR('',#1804,3.33E0);
#1806=CARTESIAN_POINT('',(5.165E0,3.305E0,-1.813E1));
#1807=LINE('',#1806,#1805);
#1808=DIRECTION('',(0.E0,0.E0,-1.E0));
#1809=VECTOR('',#1808,3.33E0);
#1810=CARTESIAN_POINT('',(5.165E0,2.235E0,-1.48E1));
#1811=LINE('',#1810,#1809);
#1812=DIRECTION('',(0.E0,-1.E0,0.E0));
#1813=VECTOR('',#1812,1.07E0);
#1814=CARTESIAN_POINT('',(5.165E0,-2.395E0,-1.813E1));
#1815=LINE('',#1814,#1813);
#1816=DIRECTION('',(0.E0,0.E0,1.E0));
#1817=VECTOR('',#1816,3.33E0);
#1818=CARTESIAN_POINT('',(5.165E0,-2.395E0,-1.813E1));
#1819=LINE('',#1818,#1817);
#1820=DIRECTION('',(0.E0,0.E0,-1.E0));
#1821=VECTOR('',#1820,3.33E0);
#1822=CARTESIAN_POINT('',(5.165E0,-3.465E0,-1.48E1));
#1823=LINE('',#1822,#1821);
#1824=DIRECTION('',(-1.E0,0.E0,0.E0));
#1825=VECTOR('',#1824,2.7E-1);
#1826=CARTESIAN_POINT('',(5.835E0,2.635E0,-3.13E0));
#1827=LINE('',#1826,#1825);
#1828=DIRECTION('',(0.E0,1.E0,0.E0));
#1829=VECTOR('',#1828,2.7E-1);
#1830=CARTESIAN_POINT('',(5.565E0,2.635E0,-3.13E0));
#1831=LINE('',#1830,#1829);
#1832=DIRECTION('',(-1.E0,0.E0,0.E0));
#1833=VECTOR('',#1832,2.7E-1);
#1834=CARTESIAN_POINT('',(5.835E0,2.905E0,-3.13E0));
#1835=LINE('',#1834,#1833);
#1836=DIRECTION('',(0.E0,-1.E0,0.E0));
#1837=VECTOR('',#1836,2.7E-1);
#1838=CARTESIAN_POINT('',(5.835E0,2.905E0,-3.13E0));
#1839=LINE('',#1838,#1837);
#1840=DIRECTION('',(-5.773502691896E-1,-5.773502691896E-1,-5.773502691896E-1));
#1841=VECTOR('',#1840,6.928203230276E-1);
#1842=CARTESIAN_POINT('',(5.565E0,2.635E0,-3.13E0));
#1843=LINE('',#1842,#1841);
#1844=DIRECTION('',(-5.773502691896E-1,5.773502691896E-1,5.773502691896E-1));
#1845=VECTOR('',#1844,6.928203230276E-1);
#1846=CARTESIAN_POINT('',(6.235E0,2.235E0,-3.53E0));
#1847=LINE('',#1846,#1845);
#1848=DIRECTION('',(-1.E0,0.E0,0.E0));
#1849=VECTOR('',#1848,1.07E0);
#1850=CARTESIAN_POINT('',(6.235E0,2.235E0,-3.53E0));
#1851=LINE('',#1850,#1849);
#1852=DIRECTION('',(-1.E0,0.E0,0.E0));
#1853=VECTOR('',#1852,1.07E0);
#1854=CARTESIAN_POINT('',(6.235E0,2.235E0,-1.813E1));
#1855=LINE('',#1854,#1853);
#1856=DIRECTION('',(0.E0,-1.E0,0.E0));
#1857=VECTOR('',#1856,1.07E0);
#1858=CARTESIAN_POINT('',(6.235E0,3.305E0,-3.53E0));
#1859=LINE('',#1858,#1857);
#1860=DIRECTION('',(0.E0,0.E0,1.E0));
#1861=VECTOR('',#1860,7.57E0);
#1862=CARTESIAN_POINT('',(6.235E0,3.305E0,-1.11E1));
#1863=LINE('',#1862,#1861);
#1864=DIRECTION('',(0.E0,0.E0,-1.E0));
#1865=VECTOR('',#1864,7.57E0);
#1866=CARTESIAN_POINT('',(6.235E0,2.235E0,-3.53E0));
#1867=LINE('',#1866,#1865);
#1868=DIRECTION('',(0.E0,-1.E0,0.E0));
#1869=VECTOR('',#1868,1.07E0);
#1870=CARTESIAN_POINT('',(6.235E0,-2.395E0,-3.53E0));
#1871=LINE('',#1870,#1869);
#1872=DIRECTION('',(0.E0,0.E0,1.E0));
#1873=VECTOR('',#1872,7.57E0);
#1874=CARTESIAN_POINT('',(6.235E0,-2.395E0,-1.11E1));
#1875=LINE('',#1874,#1873);
#1876=DIRECTION('',(0.E0,0.E0,-1.E0));
#1877=VECTOR('',#1876,7.57E0);
#1878=CARTESIAN_POINT('',(6.235E0,-3.465E0,-3.53E0));
#1879=LINE('',#1878,#1877);
#1880=DIRECTION('',(0.E0,1.E0,0.E0));
#1881=VECTOR('',#1880,1.07E0);
#1882=CARTESIAN_POINT('',(6.235E0,2.235E0,-1.813E1));
#1883=LINE('',#1882,#1881);
#1884=DIRECTION('',(0.E0,0.E0,-1.E0));
#1885=VECTOR('',#1884,3.33E0);
#1886=CARTESIAN_POINT('',(6.235E0,2.235E0,-1.48E1));
#1887=LINE('',#1886,#1885);
#1888=DIRECTION('',(0.E0,0.E0,1.E0));
#1889=VECTOR('',#1888,3.33E0);
#1890=CARTESIAN_POINT('',(6.235E0,3.305E0,-1.813E1));
#1891=LINE('',#1890,#1889);
#1892=DIRECTION('',(0.E0,1.E0,0.E0));
#1893=VECTOR('',#1892,1.07E0);
#1894=CARTESIAN_POINT('',(6.235E0,-3.465E0,-1.813E1));
#1895=LINE('',#1894,#1893);
#1896=DIRECTION('',(0.E0,0.E0,-1.E0));
#1897=VECTOR('',#1896,3.33E0);
#1898=CARTESIAN_POINT('',(6.235E0,-3.465E0,-1.48E1));
#1899=LINE('',#1898,#1897);
#1900=DIRECTION('',(0.E0,0.E0,1.E0));
#1901=VECTOR('',#1900,3.33E0);
#1902=CARTESIAN_POINT('',(6.235E0,-2.395E0,-1.813E1));
#1903=LINE('',#1902,#1901);
#1904=DIRECTION('',(5.773502691896E-1,-5.773502691896E-1,5.773502691896E-1));
#1905=VECTOR('',#1904,6.928203230276E-1);
#1906=CARTESIAN_POINT('',(5.165E0,3.305E0,-3.53E0));
#1907=LINE('',#1906,#1905);
#1908=DIRECTION('',(5.773502691896E-1,5.773502691896E-1,-5.773502691896E-1));
#1909=VECTOR('',#1908,6.928203230276E-1);
#1910=CARTESIAN_POINT('',(5.835E0,2.905E0,-3.13E0));
#1911=LINE('',#1910,#1909);
#1912=DIRECTION('',(-1.E0,0.E0,0.E0));
#1913=VECTOR('',#1912,1.07E0);
#1914=CARTESIAN_POINT('',(6.235E0,3.305E0,-3.53E0));
#1915=LINE('',#1914,#1913);
#1916=DIRECTION('',(-1.E0,0.E0,0.E0));
#1917=VECTOR('',#1916,1.07E0);
#1918=CARTESIAN_POINT('',(6.235E0,3.305E0,-1.813E1));
#1919=LINE('',#1918,#1917);
#1920=DIRECTION('',(0.E0,1.E0,0.E0));
#1921=VECTOR('',#1920,1.07E0);
#1922=CARTESIAN_POINT('',(5.165E0,2.235E0,-1.11E1));
#1923=LINE('',#1922,#1921);
#1924=DIRECTION('',(1.E0,0.E0,0.E0));
#1925=VECTOR('',#1924,1.07E0);
#1926=CARTESIAN_POINT('',(5.165E0,2.235E0,-1.11E1));
#1927=LINE('',#1926,#1925);
#1928=DIRECTION('',(0.E0,1.E0,0.E0));
#1929=VECTOR('',#1928,1.07E0);
#1930=CARTESIAN_POINT('',(6.235E0,2.235E0,-1.11E1));
#1931=LINE('',#1930,#1929);
#1932=DIRECTION('',(1.E0,0.E0,0.E0));
#1933=VECTOR('',#1932,1.07E0);
#1934=CARTESIAN_POINT('',(5.165E0,3.305E0,-1.11E1));
#1935=LINE('',#1934,#1933);
#1936=DIRECTION('',(0.E0,1.E0,0.E0));
#1937=VECTOR('',#1936,1.07E0);
#1938=CARTESIAN_POINT('',(5.165E0,-3.465E0,-1.11E1));
#1939=LINE('',#1938,#1937);
#1940=DIRECTION('',(1.E0,0.E0,0.E0));
#1941=VECTOR('',#1940,1.07E0);
#1942=CARTESIAN_POINT('',(5.165E0,-3.465E0,-1.11E1));
#1943=LINE('',#1942,#1941);
#1944=DIRECTION('',(0.E0,1.E0,0.E0));
#1945=VECTOR('',#1944,1.07E0);
#1946=CARTESIAN_POINT('',(6.235E0,-3.465E0,-1.11E1));
#1947=LINE('',#1946,#1945);
#1948=DIRECTION('',(1.E0,0.E0,0.E0));
#1949=VECTOR('',#1948,1.07E0);
#1950=CARTESIAN_POINT('',(5.165E0,-2.395E0,-1.11E1));
#1951=LINE('',#1950,#1949);
#1952=DIRECTION('',(7.071067811865E-1,-7.071067811865E-1,0.E0));
#1953=VECTOR('',#1952,1.753624817343E0);
#1954=CARTESIAN_POINT('',(3.21E0,-4.065E0,-1.11E1));
#1955=LINE('',#1954,#1953);
#1956=DIRECTION('',(0.E0,-1.E0,0.E0));
#1957=VECTOR('',#1956,3.67E0);
#1958=CARTESIAN_POINT('',(3.21E0,-3.95E-1,-1.11E1));
#1959=LINE('',#1958,#1957);
#1960=DIRECTION('',(-1.E0,0.E0,0.E0));
#1961=VECTOR('',#1960,4.98E0);
#1962=CARTESIAN_POINT('',(8.19E0,-3.95E-1,-1.11E1));
#1963=LINE('',#1962,#1961);
#1964=DIRECTION('',(0.E0,1.E0,0.E0));
#1965=VECTOR('',#1964,4.91E0);
#1966=CARTESIAN_POINT('',(8.19E0,-5.305E0,-1.11E1));
#1967=LINE('',#1966,#1965);
#1968=DIRECTION('',(1.E0,0.E0,0.E0));
#1969=VECTOR('',#1968,3.74E0);
#1970=CARTESIAN_POINT('',(4.45E0,-5.305E0,-1.11E1));
#1971=LINE('',#1970,#1969);
#1972=DIRECTION('',(7.071067811865E-1,7.071067811865E-1,0.E0));
#1973=VECTOR('',#1972,1.753624817343E0);
#1974=CARTESIAN_POINT('',(6.95E0,3.95E-1,-1.11E1));
#1975=LINE('',#1974,#1973);
#1976=DIRECTION('',(1.E0,0.E0,0.E0));
#1977=VECTOR('',#1976,3.74E0);
#1978=CARTESIAN_POINT('',(3.21E0,3.95E-1,-1.11E1));
#1979=LINE('',#1978,#1977);
#1980=DIRECTION('',(0.E0,-1.E0,0.E0));
#1981=VECTOR('',#1980,4.91E0);
#1982=CARTESIAN_POINT('',(3.21E0,5.305E0,-1.11E1));
#1983=LINE('',#1982,#1981);
#1984=DIRECTION('',(-1.E0,0.E0,0.E0));
#1985=VECTOR('',#1984,4.98E0);
#1986=CARTESIAN_POINT('',(8.19E0,5.305E0,-1.11E1));
#1987=LINE('',#1986,#1985);
#1988=DIRECTION('',(0.E0,1.E0,0.E0));
#1989=VECTOR('',#1988,3.67E0);
#1990=CARTESIAN_POINT('',(8.19E0,1.635E0,-1.11E1));
#1991=LINE('',#1990,#1989);
#1992=DIRECTION('',(-1.E0,0.E0,0.E0));
#1993=VECTOR('',#1992,1.07E0);
#1994=CARTESIAN_POINT('',(6.235E0,-3.465E0,-3.53E0));
#1995=LINE('',#1994,#1993);
#1996=DIRECTION('',(-1.E0,0.E0,0.E0));
#1997=VECTOR('',#1996,1.07E0);
#1998=CARTESIAN_POINT('',(6.235E0,-3.465E0,-1.813E1));
#1999=LINE('',#1998,#1997);
#2000=DIRECTION('',(-5.773502691896E-1,-5.773502691896E-1,-5.773502691896E-1));
#2001=VECTOR('',#2000,6.928203230276E-1);
#2002=CARTESIAN_POINT('',(5.565E0,-3.065E0,-3.13E0));
#2003=LINE('',#2002,#2001);
#2004=DIRECTION('',(-5.773502691896E-1,5.773502691896E-1,-5.773502691896E-1));
#2005=VECTOR('',#2004,6.928203230276E-1);
#2006=CARTESIAN_POINT('',(5.565E0,-2.795E0,-3.13E0));
#2007=LINE('',#2006,#2005);
#2008=DIRECTION('',(5.773502691896E-1,5.773502691896E-1,-5.773502691896E-1));
#2009=VECTOR('',#2008,6.928203230276E-1);
#2010=CARTESIAN_POINT('',(5.835E0,-2.795E0,-3.13E0));
#2011=LINE('',#2010,#2009);
#2012=DIRECTION('',(-1.E0,0.E0,0.E0));
#2013=VECTOR('',#2012,1.07E0);
#2014=CARTESIAN_POINT('',(6.235E0,-2.395E0,-3.53E0));
#2015=LINE('',#2014,#2013);
#2016=DIRECTION('',(-1.E0,0.E0,0.E0));
#2017=VECTOR('',#2016,1.07E0);
#2018=CARTESIAN_POINT('',(6.235E0,-2.395E0,-1.813E1));
#2019=LINE('',#2018,#2017);
#2020=DIRECTION('',(-5.773502691896E-1,5.773502691896E-1,5.773502691896E-1));
#2021=VECTOR('',#2020,6.928203230276E-1);
#2022=CARTESIAN_POINT('',(5.565E0,-2.795E0,-1.853E1));
#2023=LINE('',#2022,#2021);
#2024=DIRECTION('',(-5.773502691896E-1,-5.773502691896E-1,-5.773502691896E-1));
#2025=VECTOR('',#2024,6.928203230276E-1);
#2026=CARTESIAN_POINT('',(6.235E0,-2.395E0,-1.813E1));
#2027=LINE('',#2026,#2025);
#2028=DIRECTION('',(-5.773502691896E-1,-5.773502691896E-1,5.773502691896E-1));
#2029=VECTOR('',#2028,6.928203230276E-1);
#2030=CARTESIAN_POINT('',(5.565E0,-3.065E0,-1.853E1));
#2031=LINE('',#2030,#2029);
#2032=DIRECTION('',(5.773502691896E-1,-5.773502691896E-1,5.773502691896E-1));
#2033=VECTOR('',#2032,6.928203230276E-1);
#2034=CARTESIAN_POINT('',(5.835E0,-3.065E0,-1.853E1));
#2035=LINE('',#2034,#2033);
#2036=DIRECTION('',(-1.E0,0.E0,0.E0));
#2037=VECTOR('',#2036,2.7E-1);
#2038=CARTESIAN_POINT('',(5.835E0,-2.795E0,-1.853E1));
#2039=LINE('',#2038,#2037);
#2040=DIRECTION('',(0.E0,-1.E0,0.E0));
#2041=VECTOR('',#2040,2.7E-1);
#2042=CARTESIAN_POINT('',(5.565E0,-2.795E0,-1.853E1));
#2043=LINE('',#2042,#2041);
#2044=DIRECTION('',(-1.E0,0.E0,0.E0));
#2045=VECTOR('',#2044,2.7E-1);
#2046=CARTESIAN_POINT('',(5.835E0,-3.065E0,-1.853E1));
#2047=LINE('',#2046,#2045);
#2048=DIRECTION('',(0.E0,1.E0,0.E0));
#2049=VECTOR('',#2048,2.7E-1);
#2050=CARTESIAN_POINT('',(5.835E0,-3.065E0,-1.853E1));
#2051=LINE('',#2050,#2049);
#2052=DIRECTION('',(5.773502691896E-1,-5.773502691896E-1,-5.773502691896E-1));
#2053=VECTOR('',#2052,6.928203230276E-1);
#2054=CARTESIAN_POINT('',(5.835E0,-3.065E0,-3.13E0));
#2055=LINE('',#2054,#2053);
#2056=DIRECTION('',(-1.E0,0.E0,0.E0));
#2057=VECTOR('',#2056,2.7E-1);
#2058=CARTESIAN_POINT('',(5.835E0,-3.065E0,-3.13E0));
#2059=LINE('',#2058,#2057);
#2060=DIRECTION('',(0.E0,1.E0,0.E0));
#2061=VECTOR('',#2060,2.7E-1);
#2062=CARTESIAN_POINT('',(5.565E0,-3.065E0,-3.13E0));
#2063=LINE('',#2062,#2061);
#2064=DIRECTION('',(-1.E0,0.E0,0.E0));
#2065=VECTOR('',#2064,2.7E-1);
#2066=CARTESIAN_POINT('',(5.835E0,-2.795E0,-3.13E0));
#2067=LINE('',#2066,#2065);
#2068=DIRECTION('',(0.E0,-1.E0,0.E0));
#2069=VECTOR('',#2068,2.7E-1);
#2070=CARTESIAN_POINT('',(5.835E0,-2.795E0,-3.13E0));
#2071=LINE('',#2070,#2069);
#2072=DIRECTION('',(-7.071067811865E-1,7.071067811865E-1,0.E0));
#2073=VECTOR('',#2072,1.753624817343E0);
#2074=CARTESIAN_POINT('',(4.45E0,-5.305E0,0.E0));
#2075=LINE('',#2074,#2073);
#2076=DIRECTION('',(0.E0,0.E0,-1.E0));
#2077=VECTOR('',#2076,1.11E1);
#2078=CARTESIAN_POINT('',(4.45E0,-5.305E0,0.E0));
#2079=LINE('',#2078,#2077);
#2080=DIRECTION('',(0.E0,0.E0,-1.E0));
#2081=VECTOR('',#2080,1.11E1);
#2082=CARTESIAN_POINT('',(8.19E0,-5.305E0,0.E0));
#2083=LINE('',#2082,#2081);
#2084=DIRECTION('',(0.E0,0.E0,-1.E0));
#2085=VECTOR('',#2084,1.11E1);
#2086=CARTESIAN_POINT('',(8.19E0,-3.95E-1,0.E0));
#2087=LINE('',#2086,#2085);
#2088=DIRECTION('',(0.E0,0.E0,-1.E0));
#2089=VECTOR('',#2088,1.11E1);
#2090=CARTESIAN_POINT('',(3.21E0,-4.065E0,0.E0));
#2091=LINE('',#2090,#2089);
#2092=DIRECTION('',(0.E0,0.E0,-1.E0));
#2093=VECTOR('',#2092,1.11E1);
#2094=CARTESIAN_POINT('',(3.21E0,-3.95E-1,0.E0));
#2095=LINE('',#2094,#2093);
#2096=DIRECTION('',(-7.071067811865E-1,-7.071067811865E-1,0.E0));
#2097=VECTOR('',#2096,1.753624817343E0);
#2098=CARTESIAN_POINT('',(8.19E0,1.635E0,0.E0));
#2099=LINE('',#2098,#2097);
#2100=DIRECTION('',(0.E0,0.E0,-1.E0));
#2101=VECTOR('',#2100,1.11E1);
#2102=CARTESIAN_POINT('',(8.19E0,1.635E0,0.E0));
#2103=LINE('',#2102,#2101);
#2104=DIRECTION('',(0.E0,0.E0,-1.E0));
#2105=VECTOR('',#2104,1.11E1);
#2106=CARTESIAN_POINT('',(8.19E0,5.305E0,0.E0));
#2107=LINE('',#2106,#2105);
#2108=DIRECTION('',(0.E0,0.E0,-1.E0));
#2109=VECTOR('',#2108,1.11E1);
#2110=CARTESIAN_POINT('',(3.21E0,5.305E0,0.E0));
#2111=LINE('',#2110,#2109);
#2112=DIRECTION('',(0.E0,0.E0,-1.E0));
#2113=VECTOR('',#2112,1.11E1);
#2114=CARTESIAN_POINT('',(6.95E0,3.95E-1,0.E0));
#2115=LINE('',#2114,#2113);
#2116=DIRECTION('',(0.E0,0.E0,-1.E0));
#2117=VECTOR('',#2116,1.11E1);
#2118=CARTESIAN_POINT('',(3.21E0,3.95E-1,0.E0));
#2119=LINE('',#2118,#2117);
#2120=DIRECTION('',(-5.773502691896E-1,5.773502691896E-1,5.773502691896E-1));
#2121=VECTOR('',#2120,6.928203230276E-1);
#2122=CARTESIAN_POINT('',(5.565E0,2.905E0,-1.853E1));
#2123=LINE('',#2122,#2121);
#2124=DIRECTION('',(-5.773502691896E-1,-5.773502691896E-1,-5.773502691896E-1));
#2125=VECTOR('',#2124,6.928203230276E-1);
#2126=CARTESIAN_POINT('',(6.235E0,3.305E0,-1.813E1));
#2127=LINE('',#2126,#2125);
#2128=DIRECTION('',(-5.773502691896E-1,-5.773502691896E-1,5.773502691896E-1));
#2129=VECTOR('',#2128,6.928203230276E-1);
#2130=CARTESIAN_POINT('',(5.565E0,2.635E0,-1.853E1));
#2131=LINE('',#2130,#2129);
#2132=DIRECTION('',(5.773502691896E-1,-5.773502691896E-1,5.773502691896E-1));
#2133=VECTOR('',#2132,6.928203230276E-1);
#2134=CARTESIAN_POINT('',(5.835E0,2.635E0,-1.853E1));
#2135=LINE('',#2134,#2133);
#2136=DIRECTION('',(-1.E0,0.E0,0.E0));
#2137=VECTOR('',#2136,2.7E-1);
#2138=CARTESIAN_POINT('',(5.835E0,2.905E0,-1.853E1));
#2139=LINE('',#2138,#2137);
#2140=DIRECTION('',(0.E0,-1.E0,0.E0));
#2141=VECTOR('',#2140,2.7E-1);
#2142=CARTESIAN_POINT('',(5.565E0,2.905E0,-1.853E1));
#2143=LINE('',#2142,#2141);
#2144=DIRECTION('',(-1.E0,0.E0,0.E0));
#2145=VECTOR('',#2144,2.7E-1);
#2146=CARTESIAN_POINT('',(5.835E0,2.635E0,-1.853E1));
#2147=LINE('',#2146,#2145);
#2148=DIRECTION('',(0.E0,1.E0,0.E0));
#2149=VECTOR('',#2148,2.7E-1);
#2150=CARTESIAN_POINT('',(5.835E0,2.635E0,-1.853E1));
#2151=LINE('',#2150,#2149);
#2152=CARTESIAN_POINT('',(-8.175E0,5.54E0,-1.67E1));
#2153=DIRECTION('',(0.E0,0.E0,-1.E0));
#2154=DIRECTION('',(-1.E0,0.E0,0.E0));
#2155=AXIS2_PLACEMENT_3D('',#2152,#2153,#2154);
#2157=DIRECTION('',(7.500779789631E-10,-3.896786728755E-9,-1.E0));
#2158=VECTOR('',#2157,1.100000000825E0);
#2159=CARTESIAN_POINT('',(-8.875E0,5.54E0,-1.56E1));
#2160=LINE('',#2159,#2158);
#2161=DIRECTION('',(-7.071067811866E-1,-2.405547031351E-9,7.071067811865E-1));
#2162=VECTOR('',#2161,4.242640684341E-1);
#2163=CARTESIAN_POINT('',(-8.574999999371E0,5.539999996734E0,
-1.700000000063E1));
#2164=LINE('',#2163,#2162);
#2165=CARTESIAN_POINT('',(-8.175E0,5.54E0,-1.7E1));
#2166=DIRECTION('',(0.E0,0.E0,-1.E0));
#2167=DIRECTION('',(-1.E0,0.E0,0.E0));
#2168=AXIS2_PLACEMENT_3D('',#2165,#2166,#2167);
#2170=CARTESIAN_POINT('',(-8.175E0,5.54E0,-1.7E1));
#2171=DIRECTION('',(0.E0,0.E0,-1.E0));
#2172=DIRECTION('',(1.E0,0.E0,0.E0));
#2173=AXIS2_PLACEMENT_3D('',#2170,#2171,#2172);
#2175=DIRECTION('',(7.071067811865E-1,2.405547031351E-9,7.071067811865E-1));
#2176=VECTOR('',#2175,4.242640684341E-1);
#2177=CARTESIAN_POINT('',(-7.775000000629E0,5.540000003266E0,
-1.700000000063E1));
#2178=LINE('',#2177,#2176);
#2179=CARTESIAN_POINT('',(-8.175E0,5.54E0,-1.67E1));
#2180=DIRECTION('',(0.E0,0.E0,-1.E0));
#2181=DIRECTION('',(1.E0,0.E0,0.E0));
#2182=AXIS2_PLACEMENT_3D('',#2179,#2180,#2181);
#2184=DIRECTION('',(-7.500779789631E-10,3.896786728755E-9,-1.E0));
#2185=VECTOR('',#2184,1.100000000825E0);
#2186=CARTESIAN_POINT('',(-7.475E0,5.54E0,-1.56E1));
#2187=LINE('',#2186,#2185);
#2188=DIRECTION('',(0.E0,-5.120645423166E-1,8.589469742086E-1));
#2189=VECTOR('',#2188,3.026962173533E0);
#2190=CARTESIAN_POINT('',(1.15E0,7.79E0,-2.6E0));
#2191=LINE('',#2190,#2189);
#2192=DIRECTION('',(0.E0,0.E0,1.E0));
#2193=VECTOR('',#2192,6.E-1);
#2194=CARTESIAN_POINT('',(1.15E0,7.79E0,-3.2E0));
#2195=LINE('',#2194,#2193);
#2196=DIRECTION('',(0.E0,1.E0,0.E0));
#2197=VECTOR('',#2196,1.55E0);
#2198=CARTESIAN_POINT('',(1.15E0,6.24E0,-3.2E0));
#2199=LINE('',#2198,#2197);
#2200=DIRECTION('',(1.E0,0.E0,0.E0));
#2201=VECTOR('',#2200,2.3E0);
#2202=CARTESIAN_POINT('',(-1.15E0,7.79E0,-3.2E0));
#2203=LINE('',#2202,#2201);
#2204=DIRECTION('',(0.E0,-1.E0,0.E0));
#2205=VECTOR('',#2204,1.3E-2);
#2206=CARTESIAN_POINT('',(-8.375E0,6.24E0,-5.E-1));
#2207=LINE('',#2206,#2205);
#2208=DIRECTION('',(0.E0,-1.E0,0.E0));
#2209=VECTOR('',#2208,1.3E-2);
#2210=CARTESIAN_POINT('',(-8.375E0,6.24E0,-4.E0));
#2211=LINE('',#2210,#2209);
#2212=DIRECTION('',(0.E0,-1.E0,0.E0));
#2213=VECTOR('',#2212,1.3E-2);
#2214=CARTESIAN_POINT('',(-4.875E0,6.24E0,-4.E0));
#2215=LINE('',#2214,#2213);
#2216=DIRECTION('',(0.E0,-1.E0,0.E0));
#2217=VECTOR('',#2216,1.3E-2);
#2218=CARTESIAN_POINT('',(-4.875E0,6.24E0,-5.E-1));
#2219=LINE('',#2218,#2217);
#2220=DIRECTION('',(1.E0,0.E0,0.E0));
#2221=VECTOR('',#2220,3.5E0);
#2222=CARTESIAN_POINT('',(-8.375E0,6.227E0,-5.E-1));
#2223=LINE('',#2222,#2221);
#2224=DIRECTION('',(0.E0,0.E0,1.E0));
#2225=VECTOR('',#2224,3.5E0);
#2226=CARTESIAN_POINT('',(-8.375E0,6.227E0,-4.E0));
#2227=LINE('',#2226,#2225);
#2228=DIRECTION('',(-1.E0,0.E0,0.E0));
#2229=VECTOR('',#2228,3.5E0);
#2230=CARTESIAN_POINT('',(-4.875E0,6.227E0,-4.E0));
#2231=LINE('',#2230,#2229);
#2232=DIRECTION('',(0.E0,0.E0,-1.E0));
#2233=VECTOR('',#2232,3.5E0);
#2234=CARTESIAN_POINT('',(-4.875E0,6.227E0,-5.E-1));
#2235=LINE('',#2234,#2233);
#2236=DIRECTION('',(-3.646920866794E-1,0.E0,-9.311281769517E-1));
#2237=VECTOR('',#2236,3.427550642593E-1);
#2238=CARTESIAN_POINT('',(-7.699999940395E0,6.227E0,-2.281914889812E0));
#2239=LINE('',#2238,#2237);
#2240=DIRECTION('',(-6.996248351869E-1,0.E0,-7.145103848018E-1));
#2241=VECTOR('',#2240,2.680007778024E-1);
#2242=CARTESIAN_POINT('',(-7.512499940395E0,6.227E0,-2.090425550938E0));
#2243=LINE('',#2242,#2241);
#2244=DIRECTION('',(-8.526533338197E-1,0.E0,-5.224770734933E-1));
#2245=VECTOR('',#2244,3.665028545549E-1);
#2246=CARTESIAN_POINT('',(-7.200000059605E0,6.227E0,-1.898936212063E0));
#2247=LINE('',#2246,#2245);
#2248=DIRECTION('',(-9.797707167625E-1,0.E0,-2.001233184181E-1));
#2249=VECTOR('',#2248,3.189522346996E-1);
#2250=CARTESIAN_POINT('',(-6.8875E0,6.227E0,-1.835106432438E0));
#2251=LINE('',#2250,#2249);
#2252=DIRECTION('',(-1.E0,0.E0,0.E0));
#2253=VECTOR('',#2252,3.124999701977E-1);
#2254=CARTESIAN_POINT('',(-6.575000029802E0,6.227E0,-1.835106432438E0));
#2255=LINE('',#2254,#2253);
#2256=DIRECTION('',(-9.797707111493E-1,0.E0,2.001233458994E-1));
#2257=VECTOR('',#2256,3.189521909004E-1);
#2258=CARTESIAN_POINT('',(-6.262500014901E0,6.227E0,-1.898936212063E0));
#2259=LINE('',#2258,#2257);
#2260=DIRECTION('',(-8.265992944048E-1,0.E0,5.627909083216E-1));
#2261=VECTOR('',#2260,4.536660324901E-1);
#2262=CARTESIAN_POINT('',(-5.887499992549E0,6.227E0,-2.154255330563E0));
#2263=LINE('',#2262,#2261);
#2264=DIRECTION('',(0.E0,0.E0,-1.E0));
#2265=VECTOR('',#2264,1.276595592499E-1);
#2266=CARTESIAN_POINT('',(-5.887499992549E0,6.227E0,-2.026595771313E0));
#2267=LINE('',#2266,#2265);
#2268=DIRECTION('',(1.610638152106E-1,0.E0,-9.869439940695E-1));
#2269=VECTOR('',#2268,3.880449955124E-1);
#2270=CARTESIAN_POINT('',(-5.95E0,6.227E0,-1.643617093563E0));
#2271=LINE('',#2270,#2269);
#2272=DIRECTION('',(3.102797362676E-1,0.E0,-9.506452993950E-1));
#2273=VECTOR('',#2272,2.014310887674E-1);
#2274=CARTESIAN_POINT('',(-6.012499985099E0,6.227E0,-1.452127575874E0));
#2275=LINE('',#2274,#2273);
#2276=DIRECTION('',(5.466225923193E-1,0.E0,-8.373790907147E-1));
#2277=VECTOR('',#2276,2.286770006538E-1);
#2278=CARTESIAN_POINT('',(-6.1375E0,6.227E0,-1.260638237E0));
#2279=LINE('',#2278,#2277);
#2280=DIRECTION('',(8.265992787996E-1,0.E0,-5.627909312417E-1));
#2281=VECTOR('',#2280,2.268330070071E-1);
#2282=CARTESIAN_POINT('',(-6.325E0,6.227E0,-1.132978677750E0));
#2283=LINE('',#2282,#2281);
#2284=DIRECTION('',(9.466499177700E-1,0.E0,-3.222637633772E-1));
#2285=VECTOR('',#2284,1.980668845793E-1);
#2286=CARTESIAN_POINT('',(-6.5125E0,6.227E0,-1.069148898125E0));
#2287=LINE('',#2286,#2285);
#2288=DIRECTION('',(1.E0,0.E0,0.E0));
#2289=VECTOR('',#2288,3.75E-1);
#2290=CARTESIAN_POINT('',(-6.8875E0,6.227E0,-1.069148898125E0));
#2291=LINE('',#2290,#2289);
#2292=DIRECTION('',(9.466499177700E-1,0.E0,3.222637633772E-1));
#2293=VECTOR('',#2292,1.980668845793E-1);
#2294=CARTESIAN_POINT('',(-7.075E0,6.227E0,-1.132978677750E0));
#2295=LINE('',#2294,#2293);
#2296=DIRECTION('',(8.265992787996E-1,0.E0,5.627909312417E-1));
#2297=VECTOR('',#2296,2.268330070071E-1);
#2298=CARTESIAN_POINT('',(-7.2625E0,6.227E0,-1.260638237E0));
#2299=LINE('',#2298,#2297);
#2300=DIRECTION('',(5.466227293958E-1,0.E0,8.373790012342E-1));
#2301=VECTOR('',#2300,2.286770250897E-1);
#2302=CARTESIAN_POINT('',(-7.387500059605E0,6.227E0,-1.452127575874E0));
#2303=LINE('',#2302,#2301);
#2304=DIRECTION('',(1.E0,0.E0,0.E0));
#2305=VECTOR('',#2304,3.124998807907E-1);
#2306=CARTESIAN_POINT('',(-7.699999940395E0,6.227E0,-1.452127575874E0));
#2307=LINE('',#2306,#2305);
#2308=DIRECTION('',(-3.102797975506E-1,0.E0,-9.506452793929E-1));
#2309=VECTOR('',#2308,2.014309049082E-1);
#2310=CARTESIAN_POINT('',(-7.6375E0,6.227E0,-1.260638237E0));
#2311=LINE('',#2310,#2309);
#2312=DIRECTION('',(-5.919095487496E-1,0.E0,-8.060043958311E-1));
#2313=VECTOR('',#2312,3.167713722411E-1);
#2314=CARTESIAN_POINT('',(-7.45E0,6.227E0,-1.005319118500E0));
#2315=LINE('',#2314,#2313);
#2316=DIRECTION('',(-8.526534670056E-1,0.E0,-5.224768561414E-1));
#2317=VECTOR('',#2316,3.665030070213E-1);
#2318=CARTESIAN_POINT('',(-7.137499940395E0,6.227E0,-8.138297796249E-1));
#2319=LINE('',#2318,#2317);
#2320=DIRECTION('',(-9.797707055361E-1,0.E0,-2.001233733807E-1));
#2321=VECTOR('',#2320,3.189521471013E-1);
#2322=CARTESIAN_POINT('',(-6.824999970198E0,6.227E0,-7.5E-1));
#2323=LINE('',#2322,#2321);
#2324=DIRECTION('',(-1.E0,0.E0,0.E0));
#2325=VECTOR('',#2324,2.499999403954E-1);
#2326=CARTESIAN_POINT('',(-6.575000029802E0,6.227E0,-7.5E-1));
#2327=LINE('',#2326,#2325);
#2328=DIRECTION('',(-9.797707111493E-1,0.E0,2.001233458994E-1));
#2329=VECTOR('',#2328,3.189521909004E-1);
#2330=CARTESIAN_POINT('',(-6.262500014901E0,6.227E0,-8.138297796249E-1));
#2331=LINE('',#2330,#2329);
#2332=DIRECTION('',(-8.526534337091E-1,0.E0,5.224769104793E-1));
#2333=VECTOR('',#2332,3.665029689047E-1);
#2334=CARTESIAN_POINT('',(-5.95E0,6.227E0,-1.005319118500E0));
#2335=LINE('',#2334,#2333);
#2336=DIRECTION('',(-5.919095487496E-1,0.E0,8.060043958311E-1));
#2337=VECTOR('',#2336,3.167713722411E-1);
#2338=CARTESIAN_POINT('',(-5.7625E0,6.227E0,-1.260638237E0));
#2339=LINE('',#2338,#2337);
#2340=DIRECTION('',(-3.646917540429E-1,0.E0,9.311283072343E-1));
#2341=VECTOR('',#2340,3.427552083413E-1);
#2342=CARTESIAN_POINT('',(-5.637500001863E0,6.227E0,-1.579787313938E0));
#2343=LINE('',#2342,#2341);
#2344=DIRECTION('',(-1.385322304961E-1,0.E0,9.903579257591E-1));
#2345=VECTOR('',#2344,4.511585617211E-1);
#2346=CARTESIAN_POINT('',(-5.575E0,6.227E0,-2.026595771313E0));
#2347=LINE('',#2346,#2345);
#2348=DIRECTION('',(0.E0,0.E0,1.E0));
#2349=VECTOR('',#2348,4.468084573746E-1);
#2350=CARTESIAN_POINT('',(-5.575E0,6.227E0,-2.473404228687E0));
#2351=LINE('',#2350,#2349);
#2352=DIRECTION('',(1.385322033076E-1,0.E0,9.903579295622E-1));
#2353=VECTOR('',#2352,4.511586502660E-1);
#2354=CARTESIAN_POINT('',(-5.637500001863E0,6.227E0,-2.920212775469E0));
#2355=LINE('',#2354,#2353);
#2356=DIRECTION('',(3.646918869090E-1,0.E0,9.311282551951E-1));
#2357=VECTOR('',#2356,3.427550834673E-1);
#2358=CARTESIAN_POINT('',(-5.7625E0,6.227E0,-3.239361718297E0));
#2359=LINE('',#2358,#2357);
#2360=DIRECTION('',(5.919095150862E-1,0.E0,8.060044205527E-1));
#2361=VECTOR('',#2360,3.167713902567E-1);
#2362=CARTESIAN_POINT('',(-5.95E0,6.227E0,-3.494680859149E0));
#2363=LINE('',#2362,#2361);
#2364=DIRECTION('',(8.526534133324E-1,0.E0,5.224769437330E-1));
#2365=VECTOR('',#2364,3.665029776634E-1);
#2366=CARTESIAN_POINT('',(-6.262500014901E0,6.227E0,-3.686170214787E0));
#2367=LINE('',#2366,#2365);
#2368=DIRECTION('',(9.797707077141E-1,0.E0,2.001233627174E-1));
#2369=VECTOR('',#2368,3.189521920187E-1);
#2370=CARTESIAN_POINT('',(-6.575000029802E0,6.227E0,-3.75E0));
#2371=LINE('',#2370,#2369);
#2372=DIRECTION('',(1.E0,0.E0,0.E0));
#2373=VECTOR('',#2372,3.124999701977E-1);
#2374=CARTESIAN_POINT('',(-6.8875E0,6.227E0,-3.75E0));
#2375=LINE('',#2374,#2373);
#2376=DIRECTION('',(9.797707133274E-1,0.E0,-2.001233352361E-1));
#2377=VECTOR('',#2376,3.189522358179E-1);
#2378=CARTESIAN_POINT('',(-7.200000059605E0,6.227E0,-3.686170214787E0));
#2379=LINE('',#2378,#2377);
#2380=DIRECTION('',(8.526533134429E-1,0.E0,-5.224771067470E-1));
#2381=VECTOR('',#2380,3.665028633136E-1);
#2382=CARTESIAN_POINT('',(-7.512499940395E0,6.227E0,-3.494680859149E0));
#2383=LINE('',#2382,#2381);
#2384=DIRECTION('',(5.919095150862E-1,0.E0,-8.060044205527E-1));
#2385=VECTOR('',#2384,3.167713902567E-1);
#2386=CARTESIAN_POINT('',(-7.699999940395E0,6.227E0,-3.239361718297E0));
#2387=LINE('',#2386,#2385);
#2388=DIRECTION('',(3.646920423907E-1,0.E0,-9.311281942981E-1));
#2389=VECTOR('',#2388,3.427551058839E-1);
#2390=CARTESIAN_POINT('',(-7.825E0,6.227E0,-2.920212775469E0));
#2391=LINE('',#2390,#2389);
#2392=DIRECTION('',(0.E0,0.E0,-1.E0));
#2393=VECTOR('',#2392,3.191489875317E-1);
#2394=CARTESIAN_POINT('',(-7.825E0,6.227E0,-2.601063787937E0));
#2395=LINE('',#2394,#2393);
#2396=DIRECTION('',(6.996250055017E-1,0.E0,7.145102180353E-1));
#2397=VECTOR('',#2396,1.786672269025E-1);
#2398=CARTESIAN_POINT('',(-7.45E0,6.227E0,-2.473404228687E0));
#2399=LINE('',#2398,#2397);
#2400=DIRECTION('',(3.102796666273E-1,0.E0,9.506453221247E-1));
#2401=VECTOR('',#2400,2.014309899025E-1);
#2402=CARTESIAN_POINT('',(-7.512499940395E0,6.227E0,-2.664893656969E0));
#2403=LINE('',#2402,#2401);
#2404=DIRECTION('',(0.E0,0.E0,1.E0));
#2405=VECTOR('',#2404,1.914893388748E-1);
#2406=CARTESIAN_POINT('',(-7.512499940395E0,6.227E0,-2.856382995844E0));
#2407=LINE('',#2406,#2405);
#2408=DIRECTION('',(-3.102797975506E-1,0.E0,9.506452793929E-1));
#2409=VECTOR('',#2408,2.014309049082E-1);
#2410=CARTESIAN_POINT('',(-7.45E0,6.227E0,-3.047872334719E0));
#2411=LINE('',#2410,#2409);
#2412=DIRECTION('',(-5.466226399153E-1,0.E0,8.373790596451E-1));
#2413=VECTOR('',#2412,2.286770625235E-1);
#2414=CARTESIAN_POINT('',(-7.324999940395E0,6.227E0,-3.239361718297E0));
#2415=LINE('',#2414,#2413);
#2416=DIRECTION('',(-8.265992787996E-1,0.E0,5.627909312417E-1));
#2417=VECTOR('',#2416,2.268330070071E-1);
#2418=CARTESIAN_POINT('',(-7.137499940395E0,6.227E0,-3.367021277547E0));
#2419=LINE('',#2418,#2417);
#2420=DIRECTION('',(-9.466498708905E-1,0.E0,3.222639010856E-1));
#2421=VECTOR('',#2420,1.980667999423E-1);
#2422=CARTESIAN_POINT('',(-6.950000029802E0,6.227E0,-3.430851057172E0));
#2423=LINE('',#2422,#2421);
#2424=DIRECTION('',(-1.E0,0.E0,0.E0));
#2425=VECTOR('',#2424,4.375000298023E-1);
#2426=CARTESIAN_POINT('',(-6.5125E0,6.227E0,-3.430851057172E0));
#2427=LINE('',#2426,#2425);
#2428=DIRECTION('',(-9.466499177700E-1,0.E0,-3.222637633772E-1));
#2429=VECTOR('',#2428,1.980668845793E-1);
#2430=CARTESIAN_POINT('',(-6.325E0,6.227E0,-3.367021277547E0));
#2431=LINE('',#2430,#2429);
#2432=DIRECTION('',(-8.265992787996E-1,0.E0,-5.627909312417E-1));
#2433=VECTOR('',#2432,2.268330070071E-1);
#2434=CARTESIAN_POINT('',(-6.1375E0,6.227E0,-3.239361718297E0));
#2435=LINE('',#2434,#2433);
#2436=DIRECTION('',(-5.466225028388E-1,0.E0,-8.373791491256E-1));
#2437=VECTOR('',#2436,2.286770380875E-1);
#2438=CARTESIAN_POINT('',(-6.012499985099E0,6.227E0,-3.047872334719E0));
#2439=LINE('',#2438,#2437);
#2440=DIRECTION('',(-3.102799981143E-1,0.E0,-9.506452139312E-1));
#2441=VECTOR('',#2440,2.014309187788E-1);
#2442=CARTESIAN_POINT('',(-5.95E0,6.227E0,-2.856382995844E0));
#2443=LINE('',#2442,#2441);
#2444=DIRECTION('',(0.E0,0.E0,-1.E0));
#2445=VECTOR('',#2444,1.914893388748E-1);
#2446=CARTESIAN_POINT('',(-5.95E0,6.227E0,-2.664893656969E0));
#2447=LINE('',#2446,#2445);
#2448=DIRECTION('',(3.102798671909E-1,0.E0,-9.506452566631E-1));
#2449=VECTOR('',#2448,2.014310037731E-1);
#2450=CARTESIAN_POINT('',(-6.012499985099E0,6.227E0,-2.473404228687E0));
#2451=LINE('',#2450,#2449);
#2452=DIRECTION('',(6.996248777656E-1,0.E0,-7.145103431102E-1));
#2453=VECTOR('',#2452,1.786671956269E-1);
#2454=CARTESIAN_POINT('',(-6.1375E0,6.227E0,-2.345744669437E0));
#2455=LINE('',#2454,#2453);
#2456=DIRECTION('',(8.265992787996E-1,0.E0,-5.627909312417E-1));
#2457=VECTOR('',#2456,2.268330070071E-1);
#2458=CARTESIAN_POINT('',(-6.325E0,6.227E0,-2.218085110188E0));
#2459=LINE('',#2458,#2457);
#2460=DIRECTION('',(9.466499177700E-1,0.E0,-3.222637633772E-1));
#2461=VECTOR('',#2460,1.980668845793E-1);
#2462=CARTESIAN_POINT('',(-6.5125E0,6.227E0,-2.154255330563E0));
#2463=LINE('',#2462,#2461);
#2464=DIRECTION('',(1.E0,0.E0,0.E0));
#2465=VECTOR('',#2464,4.375000298023E-1);
#2466=CARTESIAN_POINT('',(-6.950000029802E0,6.227E0,-2.154255330563E0));
#2467=LINE('',#2466,#2465);
#2468=DIRECTION('',(9.466498708905E-1,0.E0,3.222639010856E-1));
#2469=VECTOR('',#2468,1.980667999423E-1);
#2470=CARTESIAN_POINT('',(-7.137499940395E0,6.227E0,-2.218085110188E0));
#2471=LINE('',#2470,#2469);
#2472=DIRECTION('',(8.265992787996E-1,0.E0,5.627909312417E-1));
#2473=VECTOR('',#2472,2.268330070071E-1);
#2474=CARTESIAN_POINT('',(-7.324999940395E0,6.227E0,-2.345744669437E0));
#2475=LINE('',#2474,#2473);
#2476=DIRECTION('',(0.E0,-1.E0,-6.832141690001E-14));
#2477=VECTOR('',#2476,1.3E-2);
#2478=CARTESIAN_POINT('',(-7.699999940395E0,6.24E0,-2.281914889812E0));
#2479=LINE('',#2478,#2477);
#2480=DIRECTION('',(-2.049642507E-13,-1.E0,-3.416070845001E-14));
#2481=VECTOR('',#2480,1.3E-2);
#2482=CARTESIAN_POINT('',(-7.512499940395E0,6.24E0,-2.090425550938E0));
#2483=LINE('',#2482,#2481);
#2484=DIRECTION('',(0.E0,-1.E0,-5.124106267501E-14));
#2485=VECTOR('',#2484,1.3E-2);
#2486=CARTESIAN_POINT('',(-7.200000059605E0,6.24E0,-1.898936212063E0));
#2487=LINE('',#2486,#2485);
#2488=DIRECTION('',(0.E0,-1.E0,0.E0));
#2489=VECTOR('',#2488,1.3E-2);
#2490=CARTESIAN_POINT('',(-6.8875E0,6.24E0,-1.835106432438E0));
#2491=LINE('',#2490,#2489);
#2492=DIRECTION('',(0.E0,-1.E0,0.E0));
#2493=VECTOR('',#2492,1.3E-2);
#2494=CARTESIAN_POINT('',(-6.575000029802E0,6.24E0,-1.835106432438E0));
#2495=LINE('',#2494,#2493);
#2496=DIRECTION('',(0.E0,-1.E0,0.E0));
#2497=VECTOR('',#2496,1.3E-2);
#2498=CARTESIAN_POINT('',(-6.262500014901E0,6.24E0,-1.898936212063E0));
#2499=LINE('',#2498,#2497);
#2500=DIRECTION('',(0.E0,-1.E0,0.E0));
#2501=VECTOR('',#2500,1.3E-2);
#2502=CARTESIAN_POINT('',(-5.887499992549E0,6.24E0,-2.154255330563E0));
#2503=LINE('',#2502,#2501);
#2504=DIRECTION('',(0.E0,-1.E0,0.E0));
#2505=VECTOR('',#2504,1.3E-2);
#2506=CARTESIAN_POINT('',(-5.887499992549E0,6.24E0,-2.026595771313E0));
#2507=LINE('',#2506,#2505);
#2508=DIRECTION('',(6.832141690001E-14,-1.E0,-3.245267302750E-13));
#2509=VECTOR('',#2508,1.3E-2);
#2510=CARTESIAN_POINT('',(-5.95E0,6.24E0,-1.643617093563E0));
#2511=LINE('',#2510,#2509);
#2512=DIRECTION('',(0.E0,-1.E0,-1.195624795750E-13));
#2513=VECTOR('',#2512,1.3E-2);
#2514=CARTESIAN_POINT('',(-6.012499985099E0,6.24E0,-1.452127575874E0));
#2515=LINE('',#2514,#2513);
#2516=DIRECTION('',(0.E0,-1.E0,0.E0));
#2517=VECTOR('',#2516,1.3E-2);
#2518=CARTESIAN_POINT('',(-6.1375E0,6.24E0,-1.260638237E0));
#2519=LINE('',#2518,#2517);
#2520=DIRECTION('',(0.E0,-1.E0,0.E0));
#2521=VECTOR('',#2520,1.3E-2);
#2522=CARTESIAN_POINT('',(-6.325E0,6.24E0,-1.132978677750E0));
#2523=LINE('',#2522,#2521);
#2524=DIRECTION('',(0.E0,-1.E0,0.E0));
#2525=VECTOR('',#2524,1.3E-2);
#2526=CARTESIAN_POINT('',(-6.5125E0,6.24E0,-1.069148898125E0));
#2527=LINE('',#2526,#2525);
#2528=DIRECTION('',(0.E0,-1.E0,0.E0));
#2529=VECTOR('',#2528,1.3E-2);
#2530=CARTESIAN_POINT('',(-6.8875E0,6.24E0,-1.069148898125E0));
#2531=LINE('',#2530,#2529);
#2532=DIRECTION('',(0.E0,-1.E0,0.E0));
#2533=VECTOR('',#2532,1.3E-2);
#2534=CARTESIAN_POINT('',(-7.075E0,6.24E0,-1.132978677750E0));
#2535=LINE('',#2534,#2533);
#2536=DIRECTION('',(0.E0,-1.E0,-5.124106267501E-14));
#2537=VECTOR('',#2536,1.3E-2);
#2538=CARTESIAN_POINT('',(-7.2625E0,6.24E0,-1.260638237E0));
#2539=LINE('',#2538,#2537);
#2540=DIRECTION('',(0.E0,-1.E0,0.E0));
#2541=VECTOR('',#2540,1.3E-2);
#2542=CARTESIAN_POINT('',(-7.387500059605E0,6.24E0,-1.452127575874E0));
#2543=LINE('',#2542,#2541);
#2544=DIRECTION('',(0.E0,-1.E0,0.E0));
#2545=VECTOR('',#2544,1.3E-2);
#2546=CARTESIAN_POINT('',(-7.699999940395E0,6.24E0,-1.452127575874E0));
#2547=LINE('',#2546,#2545);
#2548=DIRECTION('',(0.E0,-1.E0,-6.832141690001E-14));
#2549=VECTOR('',#2548,1.3E-2);
#2550=CARTESIAN_POINT('',(-7.6375E0,6.24E0,-1.260638237E0));
#2551=LINE('',#2550,#2549);
#2552=DIRECTION('',(0.E0,-1.E0,-3.416070845001E-14));
#2553=VECTOR('',#2552,1.3E-2);
#2554=CARTESIAN_POINT('',(-7.45E0,6.24E0,-1.005319118500E0));
#2555=LINE('',#2554,#2553);
#2556=DIRECTION('',(0.E0,-1.E0,0.E0));
#2557=VECTOR('',#2556,1.3E-2);
#2558=CARTESIAN_POINT('',(-7.137499940395E0,6.24E0,-8.138297796249E-1));
#2559=LINE('',#2558,#2557);
#2560=DIRECTION('',(0.E0,-1.E0,0.E0));
#2561=VECTOR('',#2560,1.3E-2);
#2562=CARTESIAN_POINT('',(-6.824999970198E0,6.24E0,-7.5E-1));
#2563=LINE('',#2562,#2561);
#2564=DIRECTION('',(0.E0,-1.E0,0.E0));
#2565=VECTOR('',#2564,1.3E-2);
#2566=CARTESIAN_POINT('',(-6.575000029802E0,6.24E0,-7.5E-1));
#2567=LINE('',#2566,#2565);
#2568=DIRECTION('',(6.832141690001E-14,-1.E0,0.E0));
#2569=VECTOR('',#2568,1.3E-2);
#2570=CARTESIAN_POINT('',(-6.262500014901E0,6.24E0,-8.138297796249E-1));
#2571=LINE('',#2570,#2569);
#2572=DIRECTION('',(6.832141690001E-14,-1.E0,0.E0));
#2573=VECTOR('',#2572,1.3E-2);
#2574=CARTESIAN_POINT('',(-5.95E0,6.24E0,-1.005319118500E0));
#2575=LINE('',#2574,#2573);
#2576=DIRECTION('',(0.E0,-1.E0,-6.832141690001E-14));
#2577=VECTOR('',#2576,1.3E-2);
#2578=CARTESIAN_POINT('',(-5.7625E0,6.24E0,-1.260638237E0));
#2579=LINE('',#2578,#2577);
#2580=DIRECTION('',(0.E0,-1.E0,0.E0));
#2581=VECTOR('',#2580,1.3E-2);
#2582=CARTESIAN_POINT('',(-5.637500001863E0,6.24E0,-1.579787313938E0));
#2583=LINE('',#2582,#2581);
#2584=DIRECTION('',(0.E0,-1.E0,3.416070845001E-13));
#2585=VECTOR('',#2584,1.3E-2);
#2586=CARTESIAN_POINT('',(-5.575E0,6.24E0,-2.026595771313E0));
#2587=LINE('',#2586,#2585);
#2588=DIRECTION('',(0.E0,-1.E0,-3.416070845001E-13));
#2589=VECTOR('',#2588,1.3E-2);
#2590=CARTESIAN_POINT('',(-5.575E0,6.24E0,-2.473404228687E0));
#2591=LINE('',#2590,#2589);
#2592=DIRECTION('',(0.E0,-1.E0,-6.832141690001E-14));
#2593=VECTOR('',#2592,1.3E-2);
#2594=CARTESIAN_POINT('',(-5.637500001863E0,6.24E0,-2.920212775469E0));
#2595=LINE('',#2594,#2593);
#2596=DIRECTION('',(0.E0,-1.E0,-1.366428338E-13));
#2597=VECTOR('',#2596,1.3E-2);
#2598=CARTESIAN_POINT('',(-5.7625E0,6.24E0,-3.239361718297E0));
#2599=LINE('',#2598,#2597);
#2600=DIRECTION('',(0.E0,-1.E0,0.E0));
#2601=VECTOR('',#2600,1.3E-2);
#2602=CARTESIAN_POINT('',(-5.95E0,6.24E0,-3.494680859149E0));
#2603=LINE('',#2602,#2601);
#2604=DIRECTION('',(0.E0,-1.E0,0.E0));
#2605=VECTOR('',#2604,1.3E-2);
#2606=CARTESIAN_POINT('',(-6.262500014901E0,6.24E0,-3.686170214787E0));
#2607=LINE('',#2606,#2605);
#2608=DIRECTION('',(0.E0,-1.E0,0.E0));
#2609=VECTOR('',#2608,1.3E-2);
#2610=CARTESIAN_POINT('',(-6.575000029802E0,6.24E0,-3.75E0));
#2611=LINE('',#2610,#2609);
#2612=DIRECTION('',(0.E0,-1.E0,0.E0));
#2613=VECTOR('',#2612,1.3E-2);
#2614=CARTESIAN_POINT('',(-6.8875E0,6.24E0,-3.75E0));
#2615=LINE('',#2614,#2613);
#2616=DIRECTION('',(0.E0,-1.E0,0.E0));
#2617=VECTOR('',#2616,1.3E-2);
#2618=CARTESIAN_POINT('',(-7.200000059605E0,6.24E0,-3.686170214787E0));
#2619=LINE('',#2618,#2617);
#2620=DIRECTION('',(0.E0,-1.E0,-6.832141690001E-14));
#2621=VECTOR('',#2620,1.3E-2);
#2622=CARTESIAN_POINT('',(-7.512499940395E0,6.24E0,-3.494680859149E0));
#2623=LINE('',#2622,#2621);
#2624=DIRECTION('',(-2.049642507E-13,-1.E0,1.024821253500E-13));
#2625=VECTOR('',#2624,1.3E-2);
#2626=CARTESIAN_POINT('',(-7.699999940395E0,6.24E0,-3.239361718297E0));
#2627=LINE('',#2626,#2625);
#2628=DIRECTION('',(0.E0,-1.E0,-3.416070845001E-14));
#2629=VECTOR('',#2628,1.3E-2);
#2630=CARTESIAN_POINT('',(-7.825E0,6.24E0,-2.920212775469E0));
#2631=LINE('',#2630,#2629);
#2632=DIRECTION('',(0.E0,-1.E0,-3.416070845001E-14));
#2633=VECTOR('',#2632,1.3E-2);
#2634=CARTESIAN_POINT('',(-7.825E0,6.24E0,-2.601063787937E0));
#2635=LINE('',#2634,#2633);
#2636=DIRECTION('',(0.E0,-1.E0,-3.416070845001E-14));
#2637=VECTOR('',#2636,1.3E-2);
#2638=CARTESIAN_POINT('',(-7.45E0,6.24E0,-2.473404228687E0));
#2639=LINE('',#2638,#2637);
#2640=DIRECTION('',(0.E0,-1.E0,-3.416070845001E-14));
#2641=VECTOR('',#2640,1.3E-2);
#2642=CARTESIAN_POINT('',(-7.512499940395E0,6.24E0,-2.664893656969E0));
#2643=LINE('',#2642,#2641);
#2644=DIRECTION('',(0.E0,-1.E0,0.E0));
#2645=VECTOR('',#2644,1.3E-2);
#2646=CARTESIAN_POINT('',(-7.512499940395E0,6.24E0,-2.856382995844E0));
#2647=LINE('',#2646,#2645);
#2648=DIRECTION('',(-2.049642507E-13,-1.E0,2.391249591500E-13));
#2649=VECTOR('',#2648,1.3E-2);
#2650=CARTESIAN_POINT('',(-7.45E0,6.24E0,-3.047872334719E0));
#2651=LINE('',#2650,#2649);
#2652=DIRECTION('',(0.E0,-1.E0,-6.832141690001E-14));
#2653=VECTOR('',#2652,1.3E-2);
#2654=CARTESIAN_POINT('',(-7.324999940395E0,6.24E0,-3.239361718297E0));
#2655=LINE('',#2654,#2653);
#2656=DIRECTION('',(0.E0,-1.E0,0.E0));
#2657=VECTOR('',#2656,1.3E-2);
#2658=CARTESIAN_POINT('',(-7.137499940395E0,6.24E0,-3.367021277547E0));
#2659=LINE('',#2658,#2657);
#2660=DIRECTION('',(0.E0,-1.E0,0.E0));
#2661=VECTOR('',#2660,1.3E-2);
#2662=CARTESIAN_POINT('',(-6.950000029802E0,6.24E0,-3.430851057172E0));
#2663=LINE('',#2662,#2661);
#2664=DIRECTION('',(0.E0,-1.E0,0.E0));
#2665=VECTOR('',#2664,1.3E-2);
#2666=CARTESIAN_POINT('',(-6.5125E0,6.24E0,-3.430851057172E0));
#2667=LINE('',#2666,#2665);
#2668=DIRECTION('',(0.E0,-1.E0,0.E0));
#2669=VECTOR('',#2668,1.3E-2);
#2670=CARTESIAN_POINT('',(-6.325E0,6.24E0,-3.367021277547E0));
#2671=LINE('',#2670,#2669);
#2672=DIRECTION('',(0.E0,-1.E0,6.832141690001E-14));
#2673=VECTOR('',#2672,1.3E-2);
#2674=CARTESIAN_POINT('',(-6.1375E0,6.24E0,-3.239361718297E0));
#2675=LINE('',#2674,#2673);
#2676=DIRECTION('',(6.832141690001E-14,-1.E0,1.024821253500E-13));
#2677=VECTOR('',#2676,1.3E-2);
#2678=CARTESIAN_POINT('',(-6.012499985099E0,6.24E0,-3.047872334719E0));
#2679=LINE('',#2678,#2677);
#2680=DIRECTION('',(0.E0,-1.E0,-1.366428338E-13));
#2681=VECTOR('',#2680,1.3E-2);
#2682=CARTESIAN_POINT('',(-5.95E0,6.24E0,-2.856382995844E0));
#2683=LINE('',#2682,#2681);
#2684=DIRECTION('',(0.E0,-1.E0,1.024821253500E-13));
#2685=VECTOR('',#2684,1.3E-2);
#2686=CARTESIAN_POINT('',(-5.95E0,6.24E0,-2.664893656969E0));
#2687=LINE('',#2686,#2685);
#2688=DIRECTION('',(0.E0,-1.E0,0.E0));
#2689=VECTOR('',#2688,1.3E-2);
#2690=CARTESIAN_POINT('',(-6.012499985099E0,6.24E0,-2.473404228687E0));
#2691=LINE('',#2690,#2689);
#2692=DIRECTION('',(0.E0,-1.E0,0.E0));
#2693=VECTOR('',#2692,1.3E-2);
#2694=CARTESIAN_POINT('',(-6.1375E0,6.24E0,-2.345744669437E0));
#2695=LINE('',#2694,#2693);
#2696=DIRECTION('',(0.E0,-1.E0,0.E0));
#2697=VECTOR('',#2696,1.3E-2);
#2698=CARTESIAN_POINT('',(-6.325E0,6.24E0,-2.218085110188E0));
#2699=LINE('',#2698,#2697);
#2700=DIRECTION('',(0.E0,-1.E0,0.E0));
#2701=VECTOR('',#2700,1.3E-2);
#2702=CARTESIAN_POINT('',(-6.5125E0,6.24E0,-2.154255330563E0));
#2703=LINE('',#2702,#2701);
#2704=DIRECTION('',(0.E0,-1.E0,0.E0));
#2705=VECTOR('',#2704,1.3E-2);
#2706=CARTESIAN_POINT('',(-6.950000029802E0,6.24E0,-2.154255330563E0));
#2707=LINE('',#2706,#2705);
#2708=DIRECTION('',(0.E0,-1.E0,0.E0));
#2709=VECTOR('',#2708,1.3E-2);
#2710=CARTESIAN_POINT('',(-7.137499940395E0,6.24E0,-2.218085110188E0));
#2711=LINE('',#2710,#2709);
#2712=DIRECTION('',(0.E0,-1.E0,-3.416070845001E-14));
#2713=VECTOR('',#2712,1.3E-2);
#2714=CARTESIAN_POINT('',(-7.324999940395E0,6.24E0,-2.345744669437E0));
#2715=LINE('',#2714,#2713);
#2716=CARTESIAN_POINT('',(-8.875E0,6.24E0,0.E0));
#2717=CARTESIAN_POINT('',(-8.875E0,-6.24E0,0.E0));
#2718=VERTEX_POINT('',#2716);
#2719=VERTEX_POINT('',#2717);
#2720=CARTESIAN_POINT('',(8.875E0,-6.24E0,0.E0));
#2721=VERTEX_POINT('',#2720);
#2722=CARTESIAN_POINT('',(8.875E0,6.24E0,0.E0));
#2723=VERTEX_POINT('',#2722);
#2724=CARTESIAN_POINT('',(-1.15E0,7.79E0,-3.2E0));
#2725=CARTESIAN_POINT('',(-1.15E0,7.79E0,-2.6E0));
#2726=VERTEX_POINT('',#2724);
#2727=VERTEX_POINT('',#2725);
#2728=CARTESIAN_POINT('',(1.15E0,7.79E0,-3.2E0));
#2729=CARTESIAN_POINT('',(1.15E0,7.79E0,-2.6E0));
#2730=VERTEX_POINT('',#2728);
#2731=VERTEX_POINT('',#2729);
#2732=CARTESIAN_POINT('',(-1.15E0,6.24E0,0.E0));
#2733=CARTESIAN_POINT('',(1.15E0,6.24E0,0.E0));
#2734=VERTEX_POINT('',#2732);
#2735=VERTEX_POINT('',#2733);
#2736=CARTESIAN_POINT('',(-1.15E0,6.24E0,-3.2E0));
#2737=VERTEX_POINT('',#2736);
#2738=CARTESIAN_POINT('',(1.15E0,6.24E0,-3.2E0));
#2739=VERTEX_POINT('',#2738);
#2740=CARTESIAN_POINT('',(-3.21E0,3.95E-1,-1.11E1));
#2741=CARTESIAN_POINT('',(-3.21E0,5.305E0,-1.11E1));
#2742=VERTEX_POINT('',#2740);
#2743=VERTEX_POINT('',#2741);
#2744=CARTESIAN_POINT('',(-8.19E0,5.305E0,-1.11E1));
#2745=VERTEX_POINT('',#2744);
#2746=CARTESIAN_POINT('',(-3.21E0,-5.305E0,-1.11E1));
#2747=CARTESIAN_POINT('',(-3.21E0,-3.95E-1,-1.11E1));
#2748=VERTEX_POINT('',#2746);
#2749=VERTEX_POINT('',#2747);
#2750=CARTESIAN_POINT('',(-8.19E0,-3.95E-1,-1.11E1));
#2751=VERTEX_POINT('',#2750);
#2752=CARTESIAN_POINT('',(-3.21E0,3.95E-1,0.E0));
#2753=CARTESIAN_POINT('',(-3.21E0,5.305E0,0.E0));
#2754=VERTEX_POINT('',#2752);
#2755=VERTEX_POINT('',#2753);
#2756=CARTESIAN_POINT('',(-8.19E0,5.305E0,0.E0));
#2757=VERTEX_POINT('',#2756);
#2758=CARTESIAN_POINT('',(-3.21E0,-5.305E0,0.E0));
#2759=CARTESIAN_POINT('',(-3.21E0,-3.95E-1,0.E0));
#2760=VERTEX_POINT('',#2758);
#2761=VERTEX_POINT('',#2759);
#2762=CARTESIAN_POINT('',(-8.19E0,-3.95E-1,0.E0));
#2763=VERTEX_POINT('',#2762);
#2764=CARTESIAN_POINT('',(2.49E0,3.95E-1,-1.11E1));
#2765=CARTESIAN_POINT('',(2.49E0,5.305E0,-1.11E1));
#2766=VERTEX_POINT('',#2764);
#2767=VERTEX_POINT('',#2765);
#2768=CARTESIAN_POINT('',(-2.49E0,5.305E0,-1.11E1));
#2769=VERTEX_POINT('',#2768);
#2770=CARTESIAN_POINT('',(2.49E0,-5.305E0,-1.11E1));
#2771=CARTESIAN_POINT('',(2.49E0,-3.95E-1,-1.11E1));
#2772=VERTEX_POINT('',#2770);
#2773=VERTEX_POINT('',#2771);
#2774=CARTESIAN_POINT('',(-2.49E0,-3.95E-1,-1.11E1));
#2775=VERTEX_POINT('',#2774);
#2776=CARTESIAN_POINT('',(2.49E0,3.95E-1,0.E0));
#2777=CARTESIAN_POINT('',(2.49E0,5.305E0,0.E0));
#2778=VERTEX_POINT('',#2776);
#2779=VERTEX_POINT('',#2777);
#2780=CARTESIAN_POINT('',(-2.49E0,5.305E0,0.E0));
#2781=VERTEX_POINT('',#2780);
#2782=CARTESIAN_POINT('',(2.49E0,-5.305E0,0.E0));
#2783=CARTESIAN_POINT('',(2.49E0,-3.95E-1,0.E0));
#2784=VERTEX_POINT('',#2782);
#2785=VERTEX_POINT('',#2783);
#2786=CARTESIAN_POINT('',(-2.49E0,-3.95E-1,0.E0));
#2787=VERTEX_POINT('',#2786);
#2788=CARTESIAN_POINT('',(3.21E0,5.305E0,-1.11E1));
#2789=CARTESIAN_POINT('',(3.21E0,3.95E-1,-1.11E1));
#2790=VERTEX_POINT('',#2788);
#2791=VERTEX_POINT('',#2789);
#2792=CARTESIAN_POINT('',(8.19E0,5.305E0,-1.11E1));
#2793=VERTEX_POINT('',#2792);
#2794=CARTESIAN_POINT('',(8.19E0,-5.305E0,-1.11E1));
#2795=CARTESIAN_POINT('',(8.19E0,-3.95E-1,-1.11E1));
#2796=VERTEX_POINT('',#2794);
#2797=VERTEX_POINT('',#2795);
#2798=CARTESIAN_POINT('',(3.21E0,-3.95E-1,-1.11E1));
#2799=VERTEX_POINT('',#2798);
#2800=CARTESIAN_POINT('',(3.21E0,5.305E0,0.E0));
#2801=CARTESIAN_POINT('',(3.21E0,3.95E-1,0.E0));
#2802=VERTEX_POINT('',#2800);
#2803=VERTEX_POINT('',#2801);
#2804=CARTESIAN_POINT('',(8.19E0,5.305E0,0.E0));
#2805=VERTEX_POINT('',#2804);
#2806=CARTESIAN_POINT('',(8.19E0,-5.305E0,0.E0));
#2807=CARTESIAN_POINT('',(8.19E0,-3.95E-1,0.E0));
#2808=VERTEX_POINT('',#2806);
#2809=VERTEX_POINT('',#2807);
#2810=CARTESIAN_POINT('',(3.21E0,-3.95E-1,0.E0));
#2811=VERTEX_POINT('',#2810);
#2812=CARTESIAN_POINT('',(-7.175E0,6.24E0,-1.56E1));
#2813=CARTESIAN_POINT('',(-7.175E0,5.14E0,-1.56E1));
#2814=VERTEX_POINT('',#2812);
#2815=VERTEX_POINT('',#2813);
#2816=CARTESIAN_POINT('',(-7.575E0,5.14E0,-1.56E1));
#2817=VERTEX_POINT('',#2816);
#2818=CARTESIAN_POINT('',(-7.575E0,4.24E0,-1.56E1));
#2819=VERTEX_POINT('',#2818);
#2820=CARTESIAN_POINT('',(-8.875E0,4.24E0,-1.56E1));
#2821=VERTEX_POINT('',#2820);
#2822=CARTESIAN_POINT('',(7.175E0,6.24E0,-1.56E1));
#2823=CARTESIAN_POINT('',(8.875E0,6.24E0,-1.56E1));
#2824=VERTEX_POINT('',#2822);
#2825=VERTEX_POINT('',#2823);
#2826=CARTESIAN_POINT('',(8.875E0,4.24E0,-1.56E1));
#2827=VERTEX_POINT('',#2826);
#2828=CARTESIAN_POINT('',(7.575E0,4.24E0,-1.56E1));
#2829=VERTEX_POINT('',#2828);
#2830=CARTESIAN_POINT('',(7.575E0,5.14E0,-1.56E1));
#2831=VERTEX_POINT('',#2830);
#2832=CARTESIAN_POINT('',(7.175E0,5.14E0,-1.56E1));
#2833=VERTEX_POINT('',#2832);
#2834=CARTESIAN_POINT('',(-7.175E0,-6.24E0,-1.56E1));
#2835=CARTESIAN_POINT('',(-8.875E0,-6.24E0,-1.56E1));
#2836=VERTEX_POINT('',#2834);
#2837=VERTEX_POINT('',#2835);
#2838=CARTESIAN_POINT('',(-8.875E0,-4.24E0,-1.56E1));
#2839=VERTEX_POINT('',#2838);
#2840=CARTESIAN_POINT('',(-7.575E0,-4.24E0,-1.56E1));
#2841=VERTEX_POINT('',#2840);
#2842=CARTESIAN_POINT('',(-7.575E0,-5.14E0,-1.56E1));
#2843=VERTEX_POINT('',#2842);
#2844=CARTESIAN_POINT('',(-7.175E0,-5.14E0,-1.56E1));
#2845=VERTEX_POINT('',#2844);
#2846=CARTESIAN_POINT('',(7.175E0,-6.24E0,-1.56E1));
#2847=CARTESIAN_POINT('',(7.175E0,-5.14E0,-1.56E1));
#2848=VERTEX_POINT('',#2846);
#2849=VERTEX_POINT('',#2847);
#2850=CARTESIAN_POINT('',(7.575E0,-5.14E0,-1.56E1));
#2851=VERTEX_POINT('',#2850);
#2852=CARTESIAN_POINT('',(7.575E0,-4.24E0,-1.56E1));
#2853=VERTEX_POINT('',#2852);
#2854=CARTESIAN_POINT('',(8.875E0,-4.24E0,-1.56E1));
#2855=VERTEX_POINT('',#2854);
#2856=CARTESIAN_POINT('',(8.875E0,-6.24E0,-1.56E1));
#2857=VERTEX_POINT('',#2856);
#2858=CARTESIAN_POINT('',(-7.175E0,6.24E0,-1.48E1));
#2859=CARTESIAN_POINT('',(-7.175E0,5.14E0,-1.48E1));
#2860=VERTEX_POINT('',#2858);
#2861=VERTEX_POINT('',#2859);
#2862=CARTESIAN_POINT('',(-7.575E0,5.14E0,-1.48E1));
#2863=VERTEX_POINT('',#2862);
#2864=CARTESIAN_POINT('',(-7.575E0,4.24E0,-1.48E1));
#2865=VERTEX_POINT('',#2864);
#2866=CARTESIAN_POINT('',(-8.875E0,4.24E0,-1.48E1));
#2867=VERTEX_POINT('',#2866);
#2868=CARTESIAN_POINT('',(8.875E0,4.24E0,-1.48E1));
#2869=CARTESIAN_POINT('',(7.575E0,4.24E0,-1.48E1));
#2870=VERTEX_POINT('',#2868);
#2871=VERTEX_POINT('',#2869);
#2872=CARTESIAN_POINT('',(7.575E0,5.14E0,-1.48E1));
#2873=VERTEX_POINT('',#2872);
#2874=CARTESIAN_POINT('',(7.175E0,5.14E0,-1.48E1));
#2875=VERTEX_POINT('',#2874);
#2876=CARTESIAN_POINT('',(7.175E0,6.24E0,-1.48E1));
#2877=VERTEX_POINT('',#2876);
#2878=CARTESIAN_POINT('',(-8.875E0,-4.24E0,-1.48E1));
#2879=CARTESIAN_POINT('',(-7.575E0,-4.24E0,-1.48E1));
#2880=VERTEX_POINT('',#2878);
#2881=VERTEX_POINT('',#2879);
#2882=CARTESIAN_POINT('',(-7.575E0,-5.14E0,-1.48E1));
#2883=VERTEX_POINT('',#2882);
#2884=CARTESIAN_POINT('',(-7.175E0,-5.14E0,-1.48E1));
#2885=VERTEX_POINT('',#2884);
#2886=CARTESIAN_POINT('',(-7.175E0,-6.24E0,-1.48E1));
#2887=VERTEX_POINT('',#2886);
#2888=CARTESIAN_POINT('',(7.175E0,-6.24E0,-1.48E1));
#2889=CARTESIAN_POINT('',(7.175E0,-5.14E0,-1.48E1));
#2890=VERTEX_POINT('',#2888);
#2891=VERTEX_POINT('',#2889);
#2892=CARTESIAN_POINT('',(7.575E0,-5.14E0,-1.48E1));
#2893=VERTEX_POINT('',#2892);
#2894=CARTESIAN_POINT('',(7.575E0,-4.24E0,-1.48E1));
#2895=VERTEX_POINT('',#2894);
#2896=CARTESIAN_POINT('',(8.875E0,-4.24E0,-1.48E1));
#2897=VERTEX_POINT('',#2896);
#2898=CARTESIAN_POINT('',(-8.875E0,6.24E0,-1.56E1));
#2899=VERTEX_POINT('',#2898);
#2900=CARTESIAN_POINT('',(1.E0,6.24E0,-1.56E1));
#2901=CARTESIAN_POINT('',(1.E0,5.14E0,-1.56E1));
#2902=VERTEX_POINT('',#2900);
#2903=VERTEX_POINT('',#2901);
#2904=CARTESIAN_POINT('',(-1.E0,5.14E0,-1.56E1));
#2905=VERTEX_POINT('',#2904);
#2906=CARTESIAN_POINT('',(-1.E0,6.24E0,-1.56E1));
#2907=VERTEX_POINT('',#2906);
#2908=CARTESIAN_POINT('',(1.E0,-6.24E0,-1.56E1));
#2909=CARTESIAN_POINT('',(-1.E0,-6.24E0,-1.56E1));
#2910=VERTEX_POINT('',#2908);
#2911=VERTEX_POINT('',#2909);
#2912=CARTESIAN_POINT('',(-1.E0,-5.14E0,-1.56E1));
#2913=VERTEX_POINT('',#2912);
#2914=CARTESIAN_POINT('',(1.E0,-5.14E0,-1.56E1));
#2915=VERTEX_POINT('',#2914);
#2916=CARTESIAN_POINT('',(1.E0,6.24E0,-1.48E1));
#2917=CARTESIAN_POINT('',(1.E0,5.14E0,-1.48E1));
#2918=VERTEX_POINT('',#2916);
#2919=VERTEX_POINT('',#2917);
#2920=CARTESIAN_POINT('',(-1.E0,5.14E0,-1.48E1));
#2921=VERTEX_POINT('',#2920);
#2922=CARTESIAN_POINT('',(-1.E0,6.24E0,-1.48E1));
#2923=VERTEX_POINT('',#2922);
#2924=CARTESIAN_POINT('',(-1.E0,-6.24E0,-1.48E1));
#2925=CARTESIAN_POINT('',(-1.E0,-5.14E0,-1.48E1));
#2926=VERTEX_POINT('',#2924);
#2927=VERTEX_POINT('',#2925);
#2928=CARTESIAN_POINT('',(1.E0,-5.14E0,-1.48E1));
#2929=VERTEX_POINT('',#2928);
#2930=CARTESIAN_POINT('',(1.E0,-6.24E0,-1.48E1));
#2931=VERTEX_POINT('',#2930);
#2932=CARTESIAN_POINT('',(-8.875E0,5.54E0,-1.56E1));
#2933=CARTESIAN_POINT('',(-8.175E0,6.24E0,-1.56E1));
#2934=VERTEX_POINT('',#2932);
#2935=VERTEX_POINT('',#2933);
#2936=CARTESIAN_POINT('',(-7.475E0,5.54E0,-1.56E1));
#2937=VERTEX_POINT('',#2936);
#2938=CARTESIAN_POINT('',(-8.575E0,5.54E0,-1.7E1));
#2939=CARTESIAN_POINT('',(-7.775E0,5.54E0,-1.7E1));
#2940=VERTEX_POINT('',#2938);
#2941=VERTEX_POINT('',#2939);
#2942=CARTESIAN_POINT('',(-8.875E0,5.54E0,-1.67E1));
#2943=CARTESIAN_POINT('',(-7.475E0,5.54E0,-1.67E1));
#2944=VERTEX_POINT('',#2942);
#2945=VERTEX_POINT('',#2943);
#2946=CARTESIAN_POINT('',(-6.235E0,-3.465E0,-1.48E1));
#2947=CARTESIAN_POINT('',(-6.235E0,-2.395E0,-1.48E1));
#2948=VERTEX_POINT('',#2946);
#2949=VERTEX_POINT('',#2947);
#2950=CARTESIAN_POINT('',(-6.235E0,2.235E0,-1.48E1));
#2951=CARTESIAN_POINT('',(-6.235E0,3.305E0,-1.48E1));
#2952=VERTEX_POINT('',#2950);
#2953=VERTEX_POINT('',#2951);
#2954=CARTESIAN_POINT('',(-5.165E0,-3.465E0,-1.48E1));
#2955=CARTESIAN_POINT('',(-5.165E0,-2.395E0,-1.48E1));
#2956=VERTEX_POINT('',#2954);
#2957=VERTEX_POINT('',#2955);
#2958=CARTESIAN_POINT('',(-5.165E0,2.235E0,-1.48E1));
#2959=CARTESIAN_POINT('',(-5.165E0,3.305E0,-1.48E1));
#2960=VERTEX_POINT('',#2958);
#2961=VERTEX_POINT('',#2959);
#2962=CARTESIAN_POINT('',(-6.235E0,-3.465E0,-1.11E1));
#2963=CARTESIAN_POINT('',(-6.235E0,-2.395E0,-1.11E1));
#2964=VERTEX_POINT('',#2962);
#2965=VERTEX_POINT('',#2963);
#2966=CARTESIAN_POINT('',(-6.235E0,2.235E0,-1.11E1));
#2967=CARTESIAN_POINT('',(-6.235E0,3.305E0,-1.11E1));
#2968=VERTEX_POINT('',#2966);
#2969=VERTEX_POINT('',#2967);
#2970=CARTESIAN_POINT('',(-5.165E0,-3.465E0,-1.11E1));
#2971=CARTESIAN_POINT('',(-5.165E0,-2.395E0,-1.11E1));
#2972=VERTEX_POINT('',#2970);
#2973=VERTEX_POINT('',#2971);
#2974=CARTESIAN_POINT('',(-5.165E0,2.235E0,-1.11E1));
#2975=CARTESIAN_POINT('',(-5.165E0,3.305E0,-1.11E1));
#2976=VERTEX_POINT('',#2974);
#2977=VERTEX_POINT('',#2975);
#2978=CARTESIAN_POINT('',(-5.35E-1,-3.465E0,-1.48E1));
#2979=CARTESIAN_POINT('',(-5.35E-1,-2.395E0,-1.48E1));
#2980=VERTEX_POINT('',#2978);
#2981=VERTEX_POINT('',#2979);
#2982=CARTESIAN_POINT('',(-5.35E-1,2.235E0,-1.48E1));
#2983=CARTESIAN_POINT('',(-5.35E-1,3.305E0,-1.48E1));
#2984=VERTEX_POINT('',#2982);
#2985=VERTEX_POINT('',#2983);
#2986=CARTESIAN_POINT('',(5.35E-1,-3.465E0,-1.48E1));
#2987=CARTESIAN_POINT('',(5.35E-1,-2.395E0,-1.48E1));
#2988=VERTEX_POINT('',#2986);
#2989=VERTEX_POINT('',#2987);
#2990=CARTESIAN_POINT('',(5.35E-1,2.235E0,-1.48E1));
#2991=CARTESIAN_POINT('',(5.35E-1,3.305E0,-1.48E1));
#2992=VERTEX_POINT('',#2990);
#2993=VERTEX_POINT('',#2991);
#2994=CARTESIAN_POINT('',(-5.35E-1,-3.465E0,-1.11E1));
#2995=CARTESIAN_POINT('',(-5.35E-1,-2.395E0,-1.11E1));
#2996=VERTEX_POINT('',#2994);
#2997=VERTEX_POINT('',#2995);
#2998=CARTESIAN_POINT('',(-5.35E-1,2.235E0,-1.11E1));
#2999=CARTESIAN_POINT('',(-5.35E-1,3.305E0,-1.11E1));
#3000=VERTEX_POINT('',#2998);
#3001=VERTEX_POINT('',#2999);
#3002=CARTESIAN_POINT('',(5.35E-1,-3.465E0,-1.11E1));
#3003=CARTESIAN_POINT('',(5.35E-1,-2.395E0,-1.11E1));
#3004=VERTEX_POINT('',#3002);
#3005=VERTEX_POINT('',#3003);
#3006=CARTESIAN_POINT('',(5.35E-1,2.235E0,-1.11E1));
#3007=CARTESIAN_POINT('',(5.35E-1,3.305E0,-1.11E1));
#3008=VERTEX_POINT('',#3006);
#3009=VERTEX_POINT('',#3007);
#3010=CARTESIAN_POINT('',(5.165E0,-3.465E0,-1.48E1));
#3011=CARTESIAN_POINT('',(5.165E0,-2.395E0,-1.48E1));
#3012=VERTEX_POINT('',#3010);
#3013=VERTEX_POINT('',#3011);
#3014=CARTESIAN_POINT('',(5.165E0,2.235E0,-1.48E1));
#3015=CARTESIAN_POINT('',(5.165E0,3.305E0,-1.48E1));
#3016=VERTEX_POINT('',#3014);
#3017=VERTEX_POINT('',#3015);
#3018=CARTESIAN_POINT('',(6.235E0,-3.465E0,-1.48E1));
#3019=CARTESIAN_POINT('',(6.235E0,-2.395E0,-1.48E1));
#3020=VERTEX_POINT('',#3018);
#3021=VERTEX_POINT('',#3019);
#3022=CARTESIAN_POINT('',(6.235E0,2.235E0,-1.48E1));
#3023=CARTESIAN_POINT('',(6.235E0,3.305E0,-1.48E1));
#3024=VERTEX_POINT('',#3022);
#3025=VERTEX_POINT('',#3023);
#3026=CARTESIAN_POINT('',(5.165E0,-3.465E0,-1.11E1));
#3027=CARTESIAN_POINT('',(5.165E0,-2.395E0,-1.11E1));
#3028=VERTEX_POINT('',#3026);
#3029=VERTEX_POINT('',#3027);
#3030=CARTESIAN_POINT('',(5.165E0,2.235E0,-1.11E1));
#3031=CARTESIAN_POINT('',(5.165E0,3.305E0,-1.11E1));
#3032=VERTEX_POINT('',#3030);
#3033=VERTEX_POINT('',#3031);
#3034=CARTESIAN_POINT('',(6.235E0,-3.465E0,-1.11E1));
#3035=CARTESIAN_POINT('',(6.235E0,-2.395E0,-1.11E1));
#3036=VERTEX_POINT('',#3034);
#3037=VERTEX_POINT('',#3035);
#3038=CARTESIAN_POINT('',(6.235E0,2.235E0,-1.11E1));
#3039=CARTESIAN_POINT('',(6.235E0,3.305E0,-1.11E1));
#3040=VERTEX_POINT('',#3038);
#3041=VERTEX_POINT('',#3039);
#3042=CARTESIAN_POINT('',(-5.165E0,2.235E0,-3.53E0));
#3043=CARTESIAN_POINT('',(-6.235E0,2.235E0,-3.53E0));
#3044=VERTEX_POINT('',#3042);
#3045=VERTEX_POINT('',#3043);
#3046=CARTESIAN_POINT('',(-5.565E0,2.635E0,-3.13E0));
#3047=CARTESIAN_POINT('',(-5.835E0,2.635E0,-3.13E0));
#3048=VERTEX_POINT('',#3046);
#3049=VERTEX_POINT('',#3047);
#3050=CARTESIAN_POINT('',(-5.835E0,2.905E0,-3.13E0));
#3051=VERTEX_POINT('',#3050);
#3052=CARTESIAN_POINT('',(-6.235E0,3.305E0,-3.53E0));
#3053=VERTEX_POINT('',#3052);
#3054=CARTESIAN_POINT('',(-5.565E0,2.905E0,-3.13E0));
#3055=VERTEX_POINT('',#3054);
#3056=CARTESIAN_POINT('',(-5.165E0,3.305E0,-3.53E0));
#3057=VERTEX_POINT('',#3056);
#3058=CARTESIAN_POINT('',(-5.165E0,-3.465E0,-3.53E0));
#3059=CARTESIAN_POINT('',(-6.235E0,-3.465E0,-3.53E0));
#3060=VERTEX_POINT('',#3058);
#3061=VERTEX_POINT('',#3059);
#3062=CARTESIAN_POINT('',(-5.565E0,-3.065E0,-3.13E0));
#3063=CARTESIAN_POINT('',(-5.835E0,-3.065E0,-3.13E0));
#3064=VERTEX_POINT('',#3062);
#3065=VERTEX_POINT('',#3063);
#3066=CARTESIAN_POINT('',(-5.565E0,-2.795E0,-3.13E0));
#3067=VERTEX_POINT('',#3066);
#3068=CARTESIAN_POINT('',(-5.165E0,-2.395E0,-3.53E0));
#3069=VERTEX_POINT('',#3068);
#3070=CARTESIAN_POINT('',(-6.235E0,-2.395E0,-3.53E0));
#3071=VERTEX_POINT('',#3070);
#3072=CARTESIAN_POINT('',(-5.835E0,-2.795E0,-3.13E0));
#3073=VERTEX_POINT('',#3072);
#3074=CARTESIAN_POINT('',(5.35E-1,2.235E0,-3.53E0));
#3075=CARTESIAN_POINT('',(-5.35E-1,2.235E0,-3.53E0));
#3076=VERTEX_POINT('',#3074);
#3077=VERTEX_POINT('',#3075);
#3078=CARTESIAN_POINT('',(1.35E-1,2.635E0,-3.13E0));
#3079=CARTESIAN_POINT('',(-1.35E-1,2.635E0,-3.13E0));
#3080=VERTEX_POINT('',#3078);
#3081=VERTEX_POINT('',#3079);
#3082=CARTESIAN_POINT('',(-1.35E-1,2.905E0,-3.13E0));
#3083=VERTEX_POINT('',#3082);
#3084=CARTESIAN_POINT('',(-5.35E-1,3.305E0,-3.53E0));
#3085=VERTEX_POINT('',#3084);
#3086=CARTESIAN_POINT('',(1.35E-1,2.905E0,-3.13E0));
#3087=VERTEX_POINT('',#3086);
#3088=CARTESIAN_POINT('',(5.35E-1,3.305E0,-3.53E0));
#3089=VERTEX_POINT('',#3088);
#3090=CARTESIAN_POINT('',(5.35E-1,-3.465E0,-3.53E0));
#3091=CARTESIAN_POINT('',(-5.35E-1,-3.465E0,-3.53E0));
#3092=VERTEX_POINT('',#3090);
#3093=VERTEX_POINT('',#3091);
#3094=CARTESIAN_POINT('',(1.35E-1,-3.065E0,-3.13E0));
#3095=CARTESIAN_POINT('',(-1.35E-1,-3.065E0,-3.13E0));
#3096=VERTEX_POINT('',#3094);
#3097=VERTEX_POINT('',#3095);
#3098=CARTESIAN_POINT('',(1.35E-1,-2.795E0,-3.13E0));
#3099=VERTEX_POINT('',#3098);
#3100=CARTESIAN_POINT('',(5.35E-1,-2.395E0,-3.53E0));
#3101=VERTEX_POINT('',#3100);
#3102=CARTESIAN_POINT('',(-5.35E-1,-2.395E0,-3.53E0));
#3103=VERTEX_POINT('',#3102);
#3104=CARTESIAN_POINT('',(-1.35E-1,-2.795E0,-3.13E0));
#3105=VERTEX_POINT('',#3104);
#3106=CARTESIAN_POINT('',(6.235E0,2.235E0,-3.53E0));
#3107=CARTESIAN_POINT('',(5.165E0,2.235E0,-3.53E0));
#3108=VERTEX_POINT('',#3106);
#3109=VERTEX_POINT('',#3107);
#3110=CARTESIAN_POINT('',(5.835E0,2.635E0,-3.13E0));
#3111=CARTESIAN_POINT('',(5.565E0,2.635E0,-3.13E0));
#3112=VERTEX_POINT('',#3110);
#3113=VERTEX_POINT('',#3111);
#3114=CARTESIAN_POINT('',(5.565E0,2.905E0,-3.13E0));
#3115=VERTEX_POINT('',#3114);
#3116=CARTESIAN_POINT('',(5.165E0,3.305E0,-3.53E0));
#3117=VERTEX_POINT('',#3116);
#3118=CARTESIAN_POINT('',(5.835E0,2.905E0,-3.13E0));
#3119=VERTEX_POINT('',#3118);
#3120=CARTESIAN_POINT('',(6.235E0,3.305E0,-3.53E0));
#3121=VERTEX_POINT('',#3120);
#3122=CARTESIAN_POINT('',(6.235E0,-3.465E0,-3.53E0));
#3123=CARTESIAN_POINT('',(5.165E0,-3.465E0,-3.53E0));
#3124=VERTEX_POINT('',#3122);
#3125=VERTEX_POINT('',#3123);
#3126=CARTESIAN_POINT('',(5.835E0,-3.065E0,-3.13E0));
#3127=CARTESIAN_POINT('',(5.565E0,-3.065E0,-3.13E0));
#3128=VERTEX_POINT('',#3126);
#3129=VERTEX_POINT('',#3127);
#3130=CARTESIAN_POINT('',(5.835E0,-2.795E0,-3.13E0));
#3131=VERTEX_POINT('',#3130);
#3132=CARTESIAN_POINT('',(6.235E0,-2.395E0,-3.53E0));
#3133=VERTEX_POINT('',#3132);
#3134=CARTESIAN_POINT('',(5.165E0,-2.395E0,-3.53E0));
#3135=VERTEX_POINT('',#3134);
#3136=CARTESIAN_POINT('',(5.565E0,-2.795E0,-3.13E0));
#3137=VERTEX_POINT('',#3136);
#3138=CARTESIAN_POINT('',(-5.165E0,3.305E0,-1.813E1));
#3139=CARTESIAN_POINT('',(-6.235E0,3.305E0,-1.813E1));
#3140=VERTEX_POINT('',#3138);
#3141=VERTEX_POINT('',#3139);
#3142=CARTESIAN_POINT('',(-5.565E0,2.905E0,-1.853E1));
#3143=CARTESIAN_POINT('',(-5.835E0,2.905E0,-1.853E1));
#3144=VERTEX_POINT('',#3142);
#3145=VERTEX_POINT('',#3143);
#3146=CARTESIAN_POINT('',(-5.565E0,2.635E0,-1.853E1));
#3147=VERTEX_POINT('',#3146);
#3148=CARTESIAN_POINT('',(-5.165E0,2.235E0,-1.813E1));
#3149=VERTEX_POINT('',#3148);
#3150=CARTESIAN_POINT('',(-6.235E0,2.235E0,-1.813E1));
#3151=VERTEX_POINT('',#3150);
#3152=CARTESIAN_POINT('',(-5.835E0,2.635E0,-1.853E1));
#3153=VERTEX_POINT('',#3152);
#3154=CARTESIAN_POINT('',(-5.165E0,-2.395E0,-1.813E1));
#3155=CARTESIAN_POINT('',(-6.235E0,-2.395E0,-1.813E1));
#3156=VERTEX_POINT('',#3154);
#3157=VERTEX_POINT('',#3155);
#3158=CARTESIAN_POINT('',(-5.565E0,-2.795E0,-1.853E1));
#3159=CARTESIAN_POINT('',(-5.835E0,-2.795E0,-1.853E1));
#3160=VERTEX_POINT('',#3158);
#3161=VERTEX_POINT('',#3159);
#3162=CARTESIAN_POINT('',(-5.565E0,-3.065E0,-1.853E1));
#3163=VERTEX_POINT('',#3162);
#3164=CARTESIAN_POINT('',(-5.165E0,-3.465E0,-1.813E1));
#3165=VERTEX_POINT('',#3164);
#3166=CARTESIAN_POINT('',(-6.235E0,-3.465E0,-1.813E1));
#3167=VERTEX_POINT('',#3166);
#3168=CARTESIAN_POINT('',(-5.835E0,-3.065E0,-1.853E1));
#3169=VERTEX_POINT('',#3168);
#3170=CARTESIAN_POINT('',(5.35E-1,3.305E0,-1.813E1));
#3171=CARTESIAN_POINT('',(-5.35E-1,3.305E0,-1.813E1));
#3172=VERTEX_POINT('',#3170);
#3173=VERTEX_POINT('',#3171);
#3174=CARTESIAN_POINT('',(1.35E-1,2.905E0,-1.853E1));
#3175=CARTESIAN_POINT('',(-1.35E-1,2.905E0,-1.853E1));
#3176=VERTEX_POINT('',#3174);
#3177=VERTEX_POINT('',#3175);
#3178=CARTESIAN_POINT('',(1.35E-1,2.635E0,-1.853E1));
#3179=VERTEX_POINT('',#3178);
#3180=CARTESIAN_POINT('',(5.35E-1,2.235E0,-1.813E1));
#3181=VERTEX_POINT('',#3180);
#3182=CARTESIAN_POINT('',(-5.35E-1,2.235E0,-1.813E1));
#3183=VERTEX_POINT('',#3182);
#3184=CARTESIAN_POINT('',(-1.35E-1,2.635E0,-1.853E1));
#3185=VERTEX_POINT('',#3184);
#3186=CARTESIAN_POINT('',(5.35E-1,-2.395E0,-1.813E1));
#3187=CARTESIAN_POINT('',(-5.35E-1,-2.395E0,-1.813E1));
#3188=VERTEX_POINT('',#3186);
#3189=VERTEX_POINT('',#3187);
#3190=CARTESIAN_POINT('',(1.35E-1,-2.795E0,-1.853E1));
#3191=CARTESIAN_POINT('',(-1.35E-1,-2.795E0,-1.853E1));
#3192=VERTEX_POINT('',#3190);
#3193=VERTEX_POINT('',#3191);
#3194=CARTESIAN_POINT('',(1.35E-1,-3.065E0,-1.853E1));
#3195=VERTEX_POINT('',#3194);
#3196=CARTESIAN_POINT('',(5.35E-1,-3.465E0,-1.813E1));
#3197=VERTEX_POINT('',#3196);
#3198=CARTESIAN_POINT('',(-5.35E-1,-3.465E0,-1.813E1));
#3199=VERTEX_POINT('',#3198);
#3200=CARTESIAN_POINT('',(-1.35E-1,-3.065E0,-1.853E1));
#3201=VERTEX_POINT('',#3200);
#3202=CARTESIAN_POINT('',(6.235E0,3.305E0,-1.813E1));
#3203=CARTESIAN_POINT('',(5.165E0,3.305E0,-1.813E1));
#3204=VERTEX_POINT('',#3202);
#3205=VERTEX_POINT('',#3203);
#3206=CARTESIAN_POINT('',(5.835E0,2.905E0,-1.853E1));
#3207=CARTESIAN_POINT('',(5.565E0,2.905E0,-1.853E1));
#3208=VERTEX_POINT('',#3206);
#3209=VERTEX_POINT('',#3207);
#3210=CARTESIAN_POINT('',(5.835E0,2.635E0,-1.853E1));
#3211=VERTEX_POINT('',#3210);
#3212=CARTESIAN_POINT('',(6.235E0,2.235E0,-1.813E1));
#3213=VERTEX_POINT('',#3212);
#3214=CARTESIAN_POINT('',(5.165E0,2.235E0,-1.813E1));
#3215=VERTEX_POINT('',#3214);
#3216=CARTESIAN_POINT('',(5.565E0,2.635E0,-1.853E1));
#3217=VERTEX_POINT('',#3216);
#3218=CARTESIAN_POINT('',(6.235E0,-2.395E0,-1.813E1));
#3219=CARTESIAN_POINT('',(5.165E0,-2.395E0,-1.813E1));
#3220=VERTEX_POINT('',#3218);
#3221=VERTEX_POINT('',#3219);
#3222=CARTESIAN_POINT('',(5.835E0,-2.795E0,-1.853E1));
#3223=CARTESIAN_POINT('',(5.565E0,-2.795E0,-1.853E1));
#3224=VERTEX_POINT('',#3222);
#3225=VERTEX_POINT('',#3223);
#3226=CARTESIAN_POINT('',(5.835E0,-3.065E0,-1.853E1));
#3227=VERTEX_POINT('',#3226);
#3228=CARTESIAN_POINT('',(6.235E0,-3.465E0,-1.813E1));
#3229=VERTEX_POINT('',#3228);
#3230=CARTESIAN_POINT('',(5.165E0,-3.465E0,-1.813E1));
#3231=VERTEX_POINT('',#3230);
#3232=CARTESIAN_POINT('',(5.565E0,-3.065E0,-1.853E1));
#3233=VERTEX_POINT('',#3232);
#3234=CARTESIAN_POINT('',(-8.19E0,-4.065E0,-1.11E1));
#3235=CARTESIAN_POINT('',(-6.95E0,-5.305E0,-1.11E1));
#3236=VERTEX_POINT('',#3234);
#3237=VERTEX_POINT('',#3235);
#3238=CARTESIAN_POINT('',(-6.95E0,-5.305E0,0.E0));
#3239=VERTEX_POINT('',#3238);
#3240=CARTESIAN_POINT('',(-8.19E0,-4.065E0,0.E0));
#3241=VERTEX_POINT('',#3240);
#3242=CARTESIAN_POINT('',(-2.49E0,-4.065E0,-1.11E1));
#3243=CARTESIAN_POINT('',(-1.25E0,-5.305E0,-1.11E1));
#3244=VERTEX_POINT('',#3242);
#3245=VERTEX_POINT('',#3243);
#3246=CARTESIAN_POINT('',(-1.25E0,-5.305E0,0.E0));
#3247=VERTEX_POINT('',#3246);
#3248=CARTESIAN_POINT('',(-2.49E0,-4.065E0,0.E0));
#3249=VERTEX_POINT('',#3248);
#3250=CARTESIAN_POINT('',(3.21E0,-4.065E0,-1.11E1));
#3251=CARTESIAN_POINT('',(4.45E0,-5.305E0,-1.11E1));
#3252=VERTEX_POINT('',#3250);
#3253=VERTEX_POINT('',#3251);
#3254=CARTESIAN_POINT('',(4.45E0,-5.305E0,0.E0));
#3255=VERTEX_POINT('',#3254);
#3256=CARTESIAN_POINT('',(3.21E0,-4.065E0,0.E0));
#3257=VERTEX_POINT('',#3256);
#3258=CARTESIAN_POINT('',(-8.19E0,1.635E0,-1.11E1));
#3259=CARTESIAN_POINT('',(-6.95E0,3.95E-1,-1.11E1));
#3260=VERTEX_POINT('',#3258);
#3261=VERTEX_POINT('',#3259);
#3262=CARTESIAN_POINT('',(-6.95E0,3.95E-1,0.E0));
#3263=VERTEX_POINT('',#3262);
#3264=CARTESIAN_POINT('',(-8.19E0,1.635E0,0.E0));
#3265=VERTEX_POINT('',#3264);
#3266=CARTESIAN_POINT('',(-2.49E0,1.635E0,-1.11E1));
#3267=CARTESIAN_POINT('',(-1.25E0,3.95E-1,-1.11E1));
#3268=VERTEX_POINT('',#3266);
#3269=VERTEX_POINT('',#3267);
#3270=CARTESIAN_POINT('',(-1.25E0,3.95E-1,0.E0));
#3271=VERTEX_POINT('',#3270);
#3272=CARTESIAN_POINT('',(-2.49E0,1.635E0,0.E0));
#3273=VERTEX_POINT('',#3272);
#3274=CARTESIAN_POINT('',(6.95E0,3.95E-1,-1.11E1));
#3275=CARTESIAN_POINT('',(8.19E0,1.635E0,-1.11E1));
#3276=VERTEX_POINT('',#3274);
#3277=VERTEX_POINT('',#3275);
#3278=CARTESIAN_POINT('',(8.19E0,1.635E0,0.E0));
#3279=VERTEX_POINT('',#3278);
#3280=CARTESIAN_POINT('',(6.95E0,3.95E-1,0.E0));
#3281=VERTEX_POINT('',#3280);
#3282=CARTESIAN_POINT('',(8.825E0,-2.24E0,-5.E-1));
#3283=CARTESIAN_POINT('',(8.825E0,-5.74E0,-5.E-1));
#3284=VERTEX_POINT('',#3282);
#3285=VERTEX_POINT('',#3283);
#3286=CARTESIAN_POINT('',(8.825E0,-5.74E0,-4.E0));
#3287=VERTEX_POINT('',#3286);
#3288=CARTESIAN_POINT('',(8.825E0,-2.24E0,-4.E0));
#3289=VERTEX_POINT('',#3288);
#3290=CARTESIAN_POINT('',(8.825E0,-3.64E0,-3.75E0));
#3291=CARTESIAN_POINT('',(8.825E0,-4.015E0,-3.75E0));
#3292=VERTEX_POINT('',#3290);
#3293=VERTEX_POINT('',#3291);
#3294=CARTESIAN_POINT('',(8.825E0,-4.015E0,-1.260638237E0));
#3295=VERTEX_POINT('',#3294);
#3296=CARTESIAN_POINT('',(8.825E0,-4.39E0,-1.707446873188E0));
#3297=VERTEX_POINT('',#3296);
#3298=CARTESIAN_POINT('',(8.825E0,-4.39E0,-1.196808457375E0));
#3299=VERTEX_POINT('',#3298);
#3300=CARTESIAN_POINT('',(8.825E0,-4.015E0,-7.5E-1));
#3301=VERTEX_POINT('',#3300);
#3302=CARTESIAN_POINT('',(8.825E0,-3.64E0,-7.5E-1));
#3303=VERTEX_POINT('',#3302);
#3304=CARTESIAN_POINT('',(8.875E0,-2.24E0,-5.E-1));
#3305=CARTESIAN_POINT('',(8.875E0,-5.74E0,-5.E-1));
#3306=VERTEX_POINT('',#3304);
#3307=VERTEX_POINT('',#3305);
#3308=CARTESIAN_POINT('',(8.875E0,-5.74E0,-4.E0));
#3309=VERTEX_POINT('',#3308);
#3310=CARTESIAN_POINT('',(8.875E0,-2.24E0,-4.E0));
#3311=VERTEX_POINT('',#3310);
#3312=CARTESIAN_POINT('',(8.875E0,-3.64E0,-3.75E0));
#3313=CARTESIAN_POINT('',(8.875E0,-4.015E0,-3.75E0));
#3314=VERTEX_POINT('',#3312);
#3315=VERTEX_POINT('',#3313);
#3316=CARTESIAN_POINT('',(8.875E0,-4.015E0,-1.260638237E0));
#3317=VERTEX_POINT('',#3316);
#3318=CARTESIAN_POINT('',(8.875E0,-4.39E0,-1.707446873188E0));
#3319=VERTEX_POINT('',#3318);
#3320=CARTESIAN_POINT('',(8.875E0,-4.39E0,-1.196808457375E0));
#3321=VERTEX_POINT('',#3320);
#3322=CARTESIAN_POINT('',(8.875E0,-4.015E0,-7.5E-1));
#3323=VERTEX_POINT('',#3322);
#3324=CARTESIAN_POINT('',(8.875E0,-3.64E0,-7.5E-1));
#3325=VERTEX_POINT('',#3324);
#3326=CARTESIAN_POINT('',(-8.375E0,6.227E0,-5.E-1));
#3327=CARTESIAN_POINT('',(-4.875E0,6.227E0,-5.E-1));
#3328=VERTEX_POINT('',#3326);
#3329=VERTEX_POINT('',#3327);
#3330=CARTESIAN_POINT('',(-4.875E0,6.227E0,-4.E0));
#3331=VERTEX_POINT('',#3330);
#3332=CARTESIAN_POINT('',(-8.375E0,6.227E0,-4.E0));
#3333=VERTEX_POINT('',#3332);
#3334=CARTESIAN_POINT('',(-7.699999940395E0,6.227E0,-2.281914889812E0));
#3335=CARTESIAN_POINT('',(-7.825E0,6.227E0,-2.601063787937E0));
#3336=VERTEX_POINT('',#3334);
#3337=VERTEX_POINT('',#3335);
#3338=CARTESIAN_POINT('',(-7.825E0,6.227E0,-2.920212775469E0));
#3339=VERTEX_POINT('',#3338);
#3340=CARTESIAN_POINT('',(-7.699999940395E0,6.227E0,-3.239361718297E0));
#3341=VERTEX_POINT('',#3340);
#3342=CARTESIAN_POINT('',(-7.512499940395E0,6.227E0,-3.494680859149E0));
#3343=VERTEX_POINT('',#3342);
#3344=CARTESIAN_POINT('',(-7.200000059605E0,6.227E0,-3.686170214787E0));
#3345=VERTEX_POINT('',#3344);
#3346=CARTESIAN_POINT('',(-6.8875E0,6.227E0,-3.75E0));
#3347=VERTEX_POINT('',#3346);
#3348=CARTESIAN_POINT('',(-6.575000029802E0,6.227E0,-3.75E0));
#3349=VERTEX_POINT('',#3348);
#3350=CARTESIAN_POINT('',(-6.262500014901E0,6.227E0,-3.686170214787E0));
#3351=VERTEX_POINT('',#3350);
#3352=CARTESIAN_POINT('',(-5.95E0,6.227E0,-3.494680859149E0));
#3353=VERTEX_POINT('',#3352);
#3354=CARTESIAN_POINT('',(-5.7625E0,6.227E0,-3.239361718297E0));
#3355=VERTEX_POINT('',#3354);
#3356=CARTESIAN_POINT('',(-5.637500001863E0,6.227E0,-2.920212775469E0));
#3357=VERTEX_POINT('',#3356);
#3358=CARTESIAN_POINT('',(-5.575E0,6.227E0,-2.473404228687E0));
#3359=VERTEX_POINT('',#3358);
#3360=CARTESIAN_POINT('',(-5.575E0,6.227E0,-2.026595771313E0));
#3361=VERTEX_POINT('',#3360);
#3362=CARTESIAN_POINT('',(-5.637500001863E0,6.227E0,-1.579787313938E0));
#3363=VERTEX_POINT('',#3362);
#3364=CARTESIAN_POINT('',(-5.7625E0,6.227E0,-1.260638237E0));
#3365=VERTEX_POINT('',#3364);
#3366=CARTESIAN_POINT('',(-5.95E0,6.227E0,-1.005319118500E0));
#3367=VERTEX_POINT('',#3366);
#3368=CARTESIAN_POINT('',(-6.262500014901E0,6.227E0,-8.138297796249E-1));
#3369=VERTEX_POINT('',#3368);
#3370=CARTESIAN_POINT('',(-6.575000029802E0,6.227E0,-7.5E-1));
#3371=VERTEX_POINT('',#3370);
#3372=CARTESIAN_POINT('',(-6.824999970198E0,6.227E0,-7.5E-1));
#3373=VERTEX_POINT('',#3372);
#3374=CARTESIAN_POINT('',(-7.137499940395E0,6.227E0,-8.138297796249E-1));
#3375=VERTEX_POINT('',#3374);
#3376=CARTESIAN_POINT('',(-7.45E0,6.227E0,-1.005319118500E0));
#3377=VERTEX_POINT('',#3376);
#3378=CARTESIAN_POINT('',(-7.6375E0,6.227E0,-1.260638237E0));
#3379=VERTEX_POINT('',#3378);
#3380=CARTESIAN_POINT('',(-7.699999940395E0,6.227E0,-1.452127575874E0));
#3381=VERTEX_POINT('',#3380);
#3382=CARTESIAN_POINT('',(-7.387500059605E0,6.227E0,-1.452127575874E0));
#3383=VERTEX_POINT('',#3382);
#3384=CARTESIAN_POINT('',(-7.2625E0,6.227E0,-1.260638237E0));
#3385=VERTEX_POINT('',#3384);
#3386=CARTESIAN_POINT('',(-7.075E0,6.227E0,-1.132978677750E0));
#3387=VERTEX_POINT('',#3386);
#3388=CARTESIAN_POINT('',(-6.8875E0,6.227E0,-1.069148898125E0));
#3389=VERTEX_POINT('',#3388);
#3390=CARTESIAN_POINT('',(-6.5125E0,6.227E0,-1.069148898125E0));
#3391=VERTEX_POINT('',#3390);
#3392=CARTESIAN_POINT('',(-6.325E0,6.227E0,-1.132978677750E0));
#3393=VERTEX_POINT('',#3392);
#3394=CARTESIAN_POINT('',(-6.1375E0,6.227E0,-1.260638237E0));
#3395=VERTEX_POINT('',#3394);
#3396=CARTESIAN_POINT('',(-6.012499985099E0,6.227E0,-1.452127575874E0));
#3397=VERTEX_POINT('',#3396);
#3398=CARTESIAN_POINT('',(-5.95E0,6.227E0,-1.643617093563E0));
#3399=VERTEX_POINT('',#3398);
#3400=CARTESIAN_POINT('',(-5.887499992549E0,6.227E0,-2.026595771313E0));
#3401=VERTEX_POINT('',#3400);
#3402=CARTESIAN_POINT('',(-5.887499992549E0,6.227E0,-2.154255330563E0));
#3403=VERTEX_POINT('',#3402);
#3404=CARTESIAN_POINT('',(-6.262500014901E0,6.227E0,-1.898936212063E0));
#3405=VERTEX_POINT('',#3404);
#3406=CARTESIAN_POINT('',(-6.575000029802E0,6.227E0,-1.835106432438E0));
#3407=VERTEX_POINT('',#3406);
#3408=CARTESIAN_POINT('',(-6.8875E0,6.227E0,-1.835106432438E0));
#3409=VERTEX_POINT('',#3408);
#3410=CARTESIAN_POINT('',(-7.200000059605E0,6.227E0,-1.898936212063E0));
#3411=VERTEX_POINT('',#3410);
#3412=CARTESIAN_POINT('',(-7.512499940395E0,6.227E0,-2.090425550938E0));
#3413=VERTEX_POINT('',#3412);
#3414=CARTESIAN_POINT('',(-7.45E0,6.227E0,-2.473404228687E0));
#3415=CARTESIAN_POINT('',(-7.324999940395E0,6.227E0,-2.345744669437E0));
#3416=VERTEX_POINT('',#3414);
#3417=VERTEX_POINT('',#3415);
#3418=CARTESIAN_POINT('',(-7.137499940395E0,6.227E0,-2.218085110188E0));
#3419=VERTEX_POINT('',#3418);
#3420=CARTESIAN_POINT('',(-6.950000029802E0,6.227E0,-2.154255330563E0));
#3421=VERTEX_POINT('',#3420);
#3422=CARTESIAN_POINT('',(-6.5125E0,6.227E0,-2.154255330563E0));
#3423=VERTEX_POINT('',#3422);
#3424=CARTESIAN_POINT('',(-6.325E0,6.227E0,-2.218085110188E0));
#3425=VERTEX_POINT('',#3424);
#3426=CARTESIAN_POINT('',(-6.1375E0,6.227E0,-2.345744669437E0));
#3427=VERTEX_POINT('',#3426);
#3428=CARTESIAN_POINT('',(-6.012499985099E0,6.227E0,-2.473404228687E0));
#3429=VERTEX_POINT('',#3428);
#3430=CARTESIAN_POINT('',(-5.95E0,6.227E0,-2.664893656969E0));
#3431=VERTEX_POINT('',#3430);
#3432=CARTESIAN_POINT('',(-5.95E0,6.227E0,-2.856382995844E0));
#3433=VERTEX_POINT('',#3432);
#3434=CARTESIAN_POINT('',(-6.012499985099E0,6.227E0,-3.047872334719E0));
#3435=VERTEX_POINT('',#3434);
#3436=CARTESIAN_POINT('',(-6.1375E0,6.227E0,-3.239361718297E0));
#3437=VERTEX_POINT('',#3436);
#3438=CARTESIAN_POINT('',(-6.325E0,6.227E0,-3.367021277547E0));
#3439=VERTEX_POINT('',#3438);
#3440=CARTESIAN_POINT('',(-6.5125E0,6.227E0,-3.430851057172E0));
#3441=VERTEX_POINT('',#3440);
#3442=CARTESIAN_POINT('',(-6.950000029802E0,6.227E0,-3.430851057172E0));
#3443=VERTEX_POINT('',#3442);
#3444=CARTESIAN_POINT('',(-7.137499940395E0,6.227E0,-3.367021277547E0));
#3445=VERTEX_POINT('',#3444);
#3446=CARTESIAN_POINT('',(-7.324999940395E0,6.227E0,-3.239361718297E0));
#3447=VERTEX_POINT('',#3446);
#3448=CARTESIAN_POINT('',(-7.45E0,6.227E0,-3.047872334719E0));
#3449=VERTEX_POINT('',#3448);
#3450=CARTESIAN_POINT('',(-7.512499940395E0,6.227E0,-2.856382995844E0));
#3451=VERTEX_POINT('',#3450);
#3452=CARTESIAN_POINT('',(-7.512499940395E0,6.227E0,-2.664893656969E0));
#3453=VERTEX_POINT('',#3452);
#3454=CARTESIAN_POINT('',(-8.375E0,6.24E0,-5.E-1));
#3455=CARTESIAN_POINT('',(-4.875E0,6.24E0,-5.E-1));
#3456=VERTEX_POINT('',#3454);
#3457=VERTEX_POINT('',#3455);
#3458=CARTESIAN_POINT('',(-4.875E0,6.24E0,-4.E0));
#3459=VERTEX_POINT('',#3458);
#3460=CARTESIAN_POINT('',(-8.375E0,6.24E0,-4.E0));
#3461=VERTEX_POINT('',#3460);
#3462=CARTESIAN_POINT('',(-7.699999940395E0,6.24E0,-2.281914889812E0));
#3463=CARTESIAN_POINT('',(-7.825E0,6.24E0,-2.601063787937E0));
#3464=VERTEX_POINT('',#3462);
#3465=VERTEX_POINT('',#3463);
#3466=CARTESIAN_POINT('',(-7.825E0,6.24E0,-2.920212775469E0));
#3467=VERTEX_POINT('',#3466);
#3468=CARTESIAN_POINT('',(-7.699999940395E0,6.24E0,-3.239361718297E0));
#3469=VERTEX_POINT('',#3468);
#3470=CARTESIAN_POINT('',(-7.512499940395E0,6.24E0,-3.494680859149E0));
#3471=VERTEX_POINT('',#3470);
#3472=CARTESIAN_POINT('',(-7.200000059605E0,6.24E0,-3.686170214787E0));
#3473=VERTEX_POINT('',#3472);
#3474=CARTESIAN_POINT('',(-6.8875E0,6.24E0,-3.75E0));
#3475=VERTEX_POINT('',#3474);
#3476=CARTESIAN_POINT('',(-6.575000029802E0,6.24E0,-3.75E0));
#3477=VERTEX_POINT('',#3476);
#3478=CARTESIAN_POINT('',(-6.262500014901E0,6.24E0,-3.686170214787E0));
#3479=VERTEX_POINT('',#3478);
#3480=CARTESIAN_POINT('',(-5.95E0,6.24E0,-3.494680859149E0));
#3481=VERTEX_POINT('',#3480);
#3482=CARTESIAN_POINT('',(-5.7625E0,6.24E0,-3.239361718297E0));
#3483=VERTEX_POINT('',#3482);
#3484=CARTESIAN_POINT('',(-5.637500001863E0,6.24E0,-2.920212775469E0));
#3485=VERTEX_POINT('',#3484);
#3486=CARTESIAN_POINT('',(-5.575E0,6.24E0,-2.473404228687E0));
#3487=VERTEX_POINT('',#3486);
#3488=CARTESIAN_POINT('',(-5.575E0,6.24E0,-2.026595771313E0));
#3489=VERTEX_POINT('',#3488);
#3490=CARTESIAN_POINT('',(-5.637500001863E0,6.24E0,-1.579787313938E0));
#3491=VERTEX_POINT('',#3490);
#3492=CARTESIAN_POINT('',(-5.7625E0,6.24E0,-1.260638237E0));
#3493=VERTEX_POINT('',#3492);
#3494=CARTESIAN_POINT('',(-5.95E0,6.24E0,-1.005319118500E0));
#3495=VERTEX_POINT('',#3494);
#3496=CARTESIAN_POINT('',(-6.262500014901E0,6.24E0,-8.138297796249E-1));
#3497=VERTEX_POINT('',#3496);
#3498=CARTESIAN_POINT('',(-6.575000029802E0,6.24E0,-7.5E-1));
#3499=VERTEX_POINT('',#3498);
#3500=CARTESIAN_POINT('',(-6.824999970198E0,6.24E0,-7.5E-1));
#3501=VERTEX_POINT('',#3500);
#3502=CARTESIAN_POINT('',(-7.137499940395E0,6.24E0,-8.138297796249E-1));
#3503=VERTEX_POINT('',#3502);
#3504=CARTESIAN_POINT('',(-7.45E0,6.24E0,-1.005319118500E0));
#3505=VERTEX_POINT('',#3504);
#3506=CARTESIAN_POINT('',(-7.6375E0,6.24E0,-1.260638237E0));
#3507=VERTEX_POINT('',#3506);
#3508=CARTESIAN_POINT('',(-7.699999940395E0,6.24E0,-1.452127575874E0));
#3509=VERTEX_POINT('',#3508);
#3510=CARTESIAN_POINT('',(-7.387500059605E0,6.24E0,-1.452127575874E0));
#3511=VERTEX_POINT('',#3510);
#3512=CARTESIAN_POINT('',(-7.2625E0,6.24E0,-1.260638237E0));
#3513=VERTEX_POINT('',#3512);
#3514=CARTESIAN_POINT('',(-7.075E0,6.24E0,-1.132978677750E0));
#3515=VERTEX_POINT('',#3514);
#3516=CARTESIAN_POINT('',(-6.8875E0,6.24E0,-1.069148898125E0));
#3517=VERTEX_POINT('',#3516);
#3518=CARTESIAN_POINT('',(-6.5125E0,6.24E0,-1.069148898125E0));
#3519=VERTEX_POINT('',#3518);
#3520=CARTESIAN_POINT('',(-6.325E0,6.24E0,-1.132978677750E0));
#3521=VERTEX_POINT('',#3520);
#3522=CARTESIAN_POINT('',(-6.1375E0,6.24E0,-1.260638237E0));
#3523=VERTEX_POINT('',#3522);
#3524=CARTESIAN_POINT('',(-6.012499985099E0,6.24E0,-1.452127575874E0));
#3525=VERTEX_POINT('',#3524);
#3526=CARTESIAN_POINT('',(-5.95E0,6.24E0,-1.643617093563E0));
#3527=VERTEX_POINT('',#3526);
#3528=CARTESIAN_POINT('',(-5.887499992549E0,6.24E0,-2.026595771313E0));
#3529=VERTEX_POINT('',#3528);
#3530=CARTESIAN_POINT('',(-5.887499992549E0,6.24E0,-2.154255330563E0));
#3531=VERTEX_POINT('',#3530);
#3532=CARTESIAN_POINT('',(-6.262500014901E0,6.24E0,-1.898936212063E0));
#3533=VERTEX_POINT('',#3532);
#3534=CARTESIAN_POINT('',(-6.575000029802E0,6.24E0,-1.835106432438E0));
#3535=VERTEX_POINT('',#3534);
#3536=CARTESIAN_POINT('',(-6.8875E0,6.24E0,-1.835106432438E0));
#3537=VERTEX_POINT('',#3536);
#3538=CARTESIAN_POINT('',(-7.200000059605E0,6.24E0,-1.898936212063E0));
#3539=VERTEX_POINT('',#3538);
#3540=CARTESIAN_POINT('',(-7.512499940395E0,6.24E0,-2.090425550938E0));
#3541=VERTEX_POINT('',#3540);
#3542=CARTESIAN_POINT('',(-7.45E0,6.24E0,-2.473404228687E0));
#3543=CARTESIAN_POINT('',(-7.324999940395E0,6.24E0,-2.345744669437E0));
#3544=VERTEX_POINT('',#3542);
#3545=VERTEX_POINT('',#3543);
#3546=CARTESIAN_POINT('',(-7.137499940395E0,6.24E0,-2.218085110188E0));
#3547=VERTEX_POINT('',#3546);
#3548=CARTESIAN_POINT('',(-6.950000029802E0,6.24E0,-2.154255330563E0));
#3549=VERTEX_POINT('',#3548);
#3550=CARTESIAN_POINT('',(-6.5125E0,6.24E0,-2.154255330563E0));
#3551=VERTEX_POINT('',#3550);
#3552=CARTESIAN_POINT('',(-6.325E0,6.24E0,-2.218085110188E0));
#3553=VERTEX_POINT('',#3552);
#3554=CARTESIAN_POINT('',(-6.1375E0,6.24E0,-2.345744669437E0));
#3555=VERTEX_POINT('',#3554);
#3556=CARTESIAN_POINT('',(-6.012499985099E0,6.24E0,-2.473404228687E0));
#3557=VERTEX_POINT('',#3556);
#3558=CARTESIAN_POINT('',(-5.95E0,6.24E0,-2.664893656969E0));
#3559=VERTEX_POINT('',#3558);
#3560=CARTESIAN_POINT('',(-5.95E0,6.24E0,-2.856382995844E0));
#3561=VERTEX_POINT('',#3560);
#3562=CARTESIAN_POINT('',(-6.012499985099E0,6.24E0,-3.047872334719E0));
#3563=VERTEX_POINT('',#3562);
#3564=CARTESIAN_POINT('',(-6.1375E0,6.24E0,-3.239361718297E0));
#3565=VERTEX_POINT('',#3564);
#3566=CARTESIAN_POINT('',(-6.325E0,6.24E0,-3.367021277547E0));
#3567=VERTEX_POINT('',#3566);
#3568=CARTESIAN_POINT('',(-6.5125E0,6.24E0,-3.430851057172E0));
#3569=VERTEX_POINT('',#3568);
#3570=CARTESIAN_POINT('',(-6.950000029802E0,6.24E0,-3.430851057172E0));
#3571=VERTEX_POINT('',#3570);
#3572=CARTESIAN_POINT('',(-7.137499940395E0,6.24E0,-3.367021277547E0));
#3573=VERTEX_POINT('',#3572);
#3574=CARTESIAN_POINT('',(-7.324999940395E0,6.24E0,-3.239361718297E0));
#3575=VERTEX_POINT('',#3574);
#3576=CARTESIAN_POINT('',(-7.45E0,6.24E0,-3.047872334719E0));
#3577=VERTEX_POINT('',#3576);
#3578=CARTESIAN_POINT('',(-7.512499940395E0,6.24E0,-2.856382995844E0));
#3579=VERTEX_POINT('',#3578);
#3580=CARTESIAN_POINT('',(-7.512499940395E0,6.24E0,-2.664893656969E0));
#3581=VERTEX_POINT('',#3580);
#3582=CARTESIAN_POINT('',(0.E0,0.E0,0.E0));
#3583=DIRECTION('',(0.E0,0.E0,1.E0));
#3584=DIRECTION('',(1.E0,0.E0,0.E0));
#3585=AXIS2_PLACEMENT_3D('',#3582,#3583,#3584);
#3586=PLANE('',#3585);
#3588=ORIENTED_EDGE('',*,*,#3587,.T.);
#3590=ORIENTED_EDGE('',*,*,#3589,.F.);
#3592=ORIENTED_EDGE('',*,*,#3591,.F.);
#3594=ORIENTED_EDGE('',*,*,#3593,.F.);
#3596=ORIENTED_EDGE('',*,*,#3595,.F.);
#3598=ORIENTED_EDGE('',*,*,#3597,.F.);
#3599=EDGE_LOOP('',(#3588,#3590,#3592,#3594,#3596,#3598));
#3600=FACE_OUTER_BOUND('',#3599,.F.);
#3602=ORIENTED_EDGE('',*,*,#3601,.T.);
#3604=ORIENTED_EDGE('',*,*,#3603,.F.);
#3606=ORIENTED_EDGE('',*,*,#3605,.T.);
#3608=ORIENTED_EDGE('',*,*,#3607,.T.);
#3610=ORIENTED_EDGE('',*,*,#3609,.T.);
#3611=EDGE_LOOP('',(#3602,#3604,#3606,#3608,#3610));
#3612=FACE_BOUND('',#3611,.F.);
#3614=ORIENTED_EDGE('',*,*,#3613,.T.);
#3616=ORIENTED_EDGE('',*,*,#3615,.F.);
#3618=ORIENTED_EDGE('',*,*,#3617,.T.);
#3620=ORIENTED_EDGE('',*,*,#3619,.T.);
#3622=ORIENTED_EDGE('',*,*,#3621,.T.);
#3623=EDGE_LOOP('',(#3614,#3616,#3618,#3620,#3622));
#3624=FACE_BOUND('',#3623,.F.);
#3626=ORIENTED_EDGE('',*,*,#3625,.T.);
#3628=ORIENTED_EDGE('',*,*,#3627,.F.);
#3630=ORIENTED_EDGE('',*,*,#3629,.T.);
#3632=ORIENTED_EDGE('',*,*,#3631,.T.);
#3634=ORIENTED_EDGE('',*,*,#3633,.T.);
#3635=EDGE_LOOP('',(#3626,#3628,#3630,#3632,#3634));
#3636=FACE_BOUND('',#3635,.F.);
#3638=ORIENTED_EDGE('',*,*,#3637,.T.);
#3640=ORIENTED_EDGE('',*,*,#3639,.F.);
#3642=ORIENTED_EDGE('',*,*,#3641,.T.);
#3644=ORIENTED_EDGE('',*,*,#3643,.T.);
#3646=ORIENTED_EDGE('',*,*,#3645,.T.);
#3647=EDGE_LOOP('',(#3638,#3640,#3642,#3644,#3646));
#3648=FACE_BOUND('',#3647,.F.);
#3650=ORIENTED_EDGE('',*,*,#3649,.T.);
#3652=ORIENTED_EDGE('',*,*,#3651,.F.);
#3654=ORIENTED_EDGE('',*,*,#3653,.T.);
#3656=ORIENTED_EDGE('',*,*,#3655,.T.);
#3658=ORIENTED_EDGE('',*,*,#3657,.T.);
#3659=EDGE_LOOP('',(#3650,#3652,#3654,#3656,#3658));
#3660=FACE_BOUND('',#3659,.F.);
#3662=ORIENTED_EDGE('',*,*,#3661,.T.);
#3664=ORIENTED_EDGE('',*,*,#3663,.F.);
#3666=ORIENTED_EDGE('',*,*,#3665,.T.);
#3668=ORIENTED_EDGE('',*,*,#3667,.T.);
#3670=ORIENTED_EDGE('',*,*,#3669,.T.);
#3671=EDGE_LOOP('',(#3662,#3664,#3666,#3668,#3670));
#3672=FACE_BOUND('',#3671,.F.);
#3673=ADVANCED_FACE('',(#3600,#3612,#3624,#3636,#3648,#3660,#3672),#3586,.T.);
#3674=CARTESIAN_POINT('',(-1.15E0,7.79E0,-2.6E0));
#3675=DIRECTION('',(0.E0,8.589469742086E-1,5.120645423166E-1));
#3676=DIRECTION('',(0.E0,-5.120645423166E-1,8.589469742086E-1));
#3677=AXIS2_PLACEMENT_3D('',#3674,#3675,#3676);
#3678=PLANE('',#3677);
#3679=ORIENTED_EDGE('',*,*,#3587,.F.);
#3681=ORIENTED_EDGE('',*,*,#3680,.F.);
#3683=ORIENTED_EDGE('',*,*,#3682,.T.);
#3685=ORIENTED_EDGE('',*,*,#3684,.T.);
#3686=EDGE_LOOP('',(#3679,#3681,#3683,#3685));
#3687=FACE_OUTER_BOUND('',#3686,.F.);
#3688=ADVANCED_FACE('',(#3687),#3678,.T.);
#3689=CARTESIAN_POINT('',(-1.15E0,0.E0,0.E0));
#3690=DIRECTION('',(1.E0,0.E0,0.E0));
#3691=DIRECTION('',(0.E0,0.E0,-1.E0));
#3692=AXIS2_PLACEMENT_3D('',#3689,#3690,#3691);
#3693=PLANE('',#3692);
#3695=ORIENTED_EDGE('',*,*,#3694,.T.);
#3697=ORIENTED_EDGE('',*,*,#3696,.T.);
#3699=ORIENTED_EDGE('',*,*,#3698,.T.);
#3700=ORIENTED_EDGE('',*,*,#3680,.T.);
#3701=EDGE_LOOP('',(#3695,#3697,#3699,#3700));
#3702=FACE_OUTER_BOUND('',#3701,.F.);
#3703=ADVANCED_FACE('',(#3702),#3693,.F.);
#3704=CARTESIAN_POINT('',(8.875E0,6.24E0,0.E0));
#3705=DIRECTION('',(0.E0,1.E0,0.E0));
#3706=DIRECTION('',(-1.E0,0.E0,0.E0));
#3707=AXIS2_PLACEMENT_3D('',#3704,#3705,#3706);
#3708=PLANE('',#3707);
#3710=ORIENTED_EDGE('',*,*,#3709,.T.);
#3712=ORIENTED_EDGE('',*,*,#3711,.T.);
#3714=ORIENTED_EDGE('',*,*,#3713,.F.);
#3716=ORIENTED_EDGE('',*,*,#3715,.F.);
#3718=ORIENTED_EDGE('',*,*,#3717,.T.);
#3720=ORIENTED_EDGE('',*,*,#3719,.T.);
#3722=ORIENTED_EDGE('',*,*,#3721,.F.);
#3724=ORIENTED_EDGE('',*,*,#3723,.F.);
#3726=ORIENTED_EDGE('',*,*,#3725,.T.);
#3728=ORIENTED_EDGE('',*,*,#3727,.T.);
#3730=ORIENTED_EDGE('',*,*,#3729,.F.);
#3731=ORIENTED_EDGE('',*,*,#3589,.T.);
#3733=ORIENTED_EDGE('',*,*,#3732,.T.);
#3735=ORIENTED_EDGE('',*,*,#3734,.F.);
#3736=ORIENTED_EDGE('',*,*,#3694,.F.);
#3737=ORIENTED_EDGE('',*,*,#3597,.T.);
#3739=ORIENTED_EDGE('',*,*,#3738,.T.);
#3740=EDGE_LOOP('',(#3710,#3712,#3714,#3716,#3718,#3720,#3722,#3724,#3726,#3728,
#3730,#3731,#3733,#3735,#3736,#3737,#3739));
#3741=FACE_OUTER_BOUND('',#3740,.F.);
#3743=ORIENTED_EDGE('',*,*,#3742,.T.);
#3745=ORIENTED_EDGE('',*,*,#3744,.T.);
#3747=ORIENTED_EDGE('',*,*,#3746,.T.);
#3749=ORIENTED_EDGE('',*,*,#3748,.T.);
#3750=EDGE_LOOP('',(#3743,#3745,#3747,#3749));
#3751=FACE_BOUND('',#3750,.F.);
#3752=ADVANCED_FACE('',(#3741,#3751),#3708,.T.);
#3753=CARTESIAN_POINT('',(8.875E0,6.24E0,0.E0));
#3754=DIRECTION('',(0.E0,1.E0,0.E0));
#3755=DIRECTION('',(-1.E0,0.E0,0.E0));
#3756=AXIS2_PLACEMENT_3D('',#3753,#3754,#3755);
#3757=PLANE('',#3756);
#3759=ORIENTED_EDGE('',*,*,#3758,.T.);
#3761=ORIENTED_EDGE('',*,*,#3760,.T.);
#3763=ORIENTED_EDGE('',*,*,#3762,.T.);
#3765=ORIENTED_EDGE('',*,*,#3764,.T.);
#3767=ORIENTED_EDGE('',*,*,#3766,.T.);
#3769=ORIENTED_EDGE('',*,*,#3768,.T.);
#3771=ORIENTED_EDGE('',*,*,#3770,.T.);
#3773=ORIENTED_EDGE('',*,*,#3772,.T.);
#3775=ORIENTED_EDGE('',*,*,#3774,.T.);
#3777=ORIENTED_EDGE('',*,*,#3776,.T.);
#3779=ORIENTED_EDGE('',*,*,#3778,.T.);
#3781=ORIENTED_EDGE('',*,*,#3780,.T.);
#3783=ORIENTED_EDGE('',*,*,#3782,.T.);
#3785=ORIENTED_EDGE('',*,*,#3784,.T.);
#3787=ORIENTED_EDGE('',*,*,#3786,.T.);
#3789=ORIENTED_EDGE('',*,*,#3788,.T.);
#3791=ORIENTED_EDGE('',*,*,#3790,.T.);
#3793=ORIENTED_EDGE('',*,*,#3792,.T.);
#3795=ORIENTED_EDGE('',*,*,#3794,.T.);
#3797=ORIENTED_EDGE('',*,*,#3796,.T.);
#3799=ORIENTED_EDGE('',*,*,#3798,.T.);
#3801=ORIENTED_EDGE('',*,*,#3800,.T.);
#3803=ORIENTED_EDGE('',*,*,#3802,.T.);
#3805=ORIENTED_EDGE('',*,*,#3804,.T.);
#3807=ORIENTED_EDGE('',*,*,#3806,.T.);
#3809=ORIENTED_EDGE('',*,*,#3808,.T.);
#3811=ORIENTED_EDGE('',*,*,#3810,.T.);
#3813=ORIENTED_EDGE('',*,*,#3812,.T.);
#3815=ORIENTED_EDGE('',*,*,#3814,.T.);
#3817=ORIENTED_EDGE('',*,*,#3816,.T.);
#3819=ORIENTED_EDGE('',*,*,#3818,.T.);
#3821=ORIENTED_EDGE('',*,*,#3820,.T.);
#3823=ORIENTED_EDGE('',*,*,#3822,.T.);
#3825=ORIENTED_EDGE('',*,*,#3824,.T.);
#3827=ORIENTED_EDGE('',*,*,#3826,.T.);
#3829=ORIENTED_EDGE('',*,*,#3828,.T.);
#3831=ORIENTED_EDGE('',*,*,#3830,.T.);
#3833=ORIENTED_EDGE('',*,*,#3832,.T.);
#3835=ORIENTED_EDGE('',*,*,#3834,.T.);
#3837=ORIENTED_EDGE('',*,*,#3836,.T.);
#3838=EDGE_LOOP('',(#3759,#3761,#3763,#3765,#3767,#3769,#3771,#3773,#3775,#3777,
#3779,#3781,#3783,#3785,#3787,#3789,#3791,#3793,#3795,#3797,#3799,#3801,#3803,
#3805,#3807,#3809,#3811,#3813,#3815,#3817,#3819,#3821,#3823,#3825,#3827,#3829,
#3831,#3833,#3835,#3837));
#3839=FACE_OUTER_BOUND('',#3838,.F.);
#3841=ORIENTED_EDGE('',*,*,#3840,.T.);
#3843=ORIENTED_EDGE('',*,*,#3842,.T.);
#3845=ORIENTED_EDGE('',*,*,#3844,.T.);
#3847=ORIENTED_EDGE('',*,*,#3846,.T.);
#3849=ORIENTED_EDGE('',*,*,#3848,.T.);
#3851=ORIENTED_EDGE('',*,*,#3850,.T.);
#3853=ORIENTED_EDGE('',*,*,#3852,.T.);
#3855=ORIENTED_EDGE('',*,*,#3854,.T.);
#3857=ORIENTED_EDGE('',*,*,#3856,.T.);
#3859=ORIENTED_EDGE('',*,*,#3858,.T.);
#3861=ORIENTED_EDGE('',*,*,#3860,.T.);
#3863=ORIENTED_EDGE('',*,*,#3862,.T.);
#3865=ORIENTED_EDGE('',*,*,#3864,.T.);
#3867=ORIENTED_EDGE('',*,*,#3866,.T.);
#3869=ORIENTED_EDGE('',*,*,#3868,.T.);
#3871=ORIENTED_EDGE('',*,*,#3870,.T.);
#3873=ORIENTED_EDGE('',*,*,#3872,.T.);
#3875=ORIENTED_EDGE('',*,*,#3874,.T.);
#3877=ORIENTED_EDGE('',*,*,#3876,.T.);
#3879=ORIENTED_EDGE('',*,*,#3878,.T.);
#3880=EDGE_LOOP('',(#3841,#3843,#3845,#3847,#3849,#3851,#3853,#3855,#3857,#3859,
#3861,#3863,#3865,#3867,#3869,#3871,#3873,#3875,#3877,#3879));
#3881=FACE_BOUND('',#3880,.F.);
#3882=ADVANCED_FACE('',(#3839,#3881),#3757,.T.);
#3883=CARTESIAN_POINT('',(0.E0,0.E0,-1.56E1));
#3884=DIRECTION('',(0.E0,0.E0,-1.E0));
#3885=DIRECTION('',(-1.E0,0.E0,0.E0));
#3886=AXIS2_PLACEMENT_3D('',#3883,#3884,#3885);
#3887=PLANE('',#3886);
#3888=ORIENTED_EDGE('',*,*,#3727,.F.);
#3890=ORIENTED_EDGE('',*,*,#3889,.F.);
#3892=ORIENTED_EDGE('',*,*,#3891,.F.);
#3894=ORIENTED_EDGE('',*,*,#3893,.F.);
#3896=ORIENTED_EDGE('',*,*,#3895,.F.);
#3898=ORIENTED_EDGE('',*,*,#3897,.F.);
#3899=EDGE_LOOP('',(#3888,#3890,#3892,#3894,#3896,#3898));
#3900=FACE_OUTER_BOUND('',#3899,.F.);
#3901=ADVANCED_FACE('',(#3900),#3887,.T.);
#3902=CARTESIAN_POINT('',(0.E0,0.E0,-1.56E1));
#3903=DIRECTION('',(0.E0,0.E0,-1.E0));
#3904=DIRECTION('',(-1.E0,0.E0,0.E0));
#3905=AXIS2_PLACEMENT_3D('',#3902,#3903,#3904);
#3906=PLANE('',#3905);
#3908=ORIENTED_EDGE('',*,*,#3907,.F.);
#3910=ORIENTED_EDGE('',*,*,#3909,.F.);
#3912=ORIENTED_EDGE('',*,*,#3911,.F.);
#3914=ORIENTED_EDGE('',*,*,#3913,.F.);
#3916=ORIENTED_EDGE('',*,*,#3915,.F.);
#3918=ORIENTED_EDGE('',*,*,#3917,.F.);
#3919=EDGE_LOOP('',(#3908,#3910,#3912,#3914,#3916,#3918));
#3920=FACE_OUTER_BOUND('',#3919,.F.);
#3921=ADVANCED_FACE('',(#3920),#3906,.T.);
#3922=CARTESIAN_POINT('',(0.E0,0.E0,-1.56E1));
#3923=DIRECTION('',(0.E0,0.E0,-1.E0));
#3924=DIRECTION('',(-1.E0,0.E0,0.E0));
#3925=AXIS2_PLACEMENT_3D('',#3922,#3923,#3924);
#3926=PLANE('',#3925);
#3928=ORIENTED_EDGE('',*,*,#3927,.F.);
#3930=ORIENTED_EDGE('',*,*,#3929,.F.);
#3932=ORIENTED_EDGE('',*,*,#3931,.F.);
#3934=ORIENTED_EDGE('',*,*,#3933,.F.);
#3936=ORIENTED_EDGE('',*,*,#3935,.F.);
#3938=ORIENTED_EDGE('',*,*,#3937,.F.);
#3939=EDGE_LOOP('',(#3928,#3930,#3932,#3934,#3936,#3938));
#3940=FACE_OUTER_BOUND('',#3939,.F.);
#3941=ADVANCED_FACE('',(#3940),#3926,.T.);
#3942=CARTESIAN_POINT('',(0.E0,0.E0,-1.56E1));
#3943=DIRECTION('',(0.E0,0.E0,-1.E0));
#3944=DIRECTION('',(-1.E0,0.E0,0.E0));
#3945=AXIS2_PLACEMENT_3D('',#3942,#3943,#3944);
#3946=PLANE('',#3945);
#3948=ORIENTED_EDGE('',*,*,#3947,.T.);
#3949=ORIENTED_EDGE('',*,*,#3709,.F.);
#3951=ORIENTED_EDGE('',*,*,#3950,.F.);
#3952=EDGE_LOOP('',(#3948,#3949,#3951));
#3953=FACE_OUTER_BOUND('',#3952,.F.);
#3954=ADVANCED_FACE('',(#3953),#3946,.T.);
#3955=CARTESIAN_POINT('',(0.E0,0.E0,-1.56E1));
#3956=DIRECTION('',(0.E0,0.E0,-1.E0));
#3957=DIRECTION('',(-1.E0,0.E0,0.E0));
#3958=AXIS2_PLACEMENT_3D('',#3955,#3956,#3957);
#3959=PLANE('',#3958);
#3961=ORIENTED_EDGE('',*,*,#3960,.T.);
#3963=ORIENTED_EDGE('',*,*,#3962,.T.);
#3965=ORIENTED_EDGE('',*,*,#3964,.F.);
#3967=ORIENTED_EDGE('',*,*,#3966,.F.);
#3969=ORIENTED_EDGE('',*,*,#3968,.F.);
#3971=ORIENTED_EDGE('',*,*,#3970,.F.);
#3973=ORIENTED_EDGE('',*,*,#3972,.F.);
#3974=ORIENTED_EDGE('',*,*,#3711,.F.);
#3975=EDGE_LOOP('',(#3961,#3963,#3965,#3967,#3969,#3971,#3973,#3974));
#3976=FACE_OUTER_BOUND('',#3975,.F.);
#3977=ADVANCED_FACE('',(#3976),#3959,.T.);
#3978=CARTESIAN_POINT('',(7.175E0,5.14E0,-1.48E1));
#3979=DIRECTION('',(-1.E0,0.E0,0.E0));
#3980=DIRECTION('',(0.E0,1.E0,0.E0));
#3981=AXIS2_PLACEMENT_3D('',#3978,#3979,#3980);
#3982=PLANE('',#3981);
#3984=ORIENTED_EDGE('',*,*,#3983,.T.);
#3986=ORIENTED_EDGE('',*,*,#3985,.T.);
#3987=ORIENTED_EDGE('',*,*,#3889,.T.);
#3988=ORIENTED_EDGE('',*,*,#3725,.F.);
#3989=EDGE_LOOP('',(#3984,#3986,#3987,#3988));
#3990=FACE_OUTER_BOUND('',#3989,.F.);
#3991=ADVANCED_FACE('',(#3990),#3982,.T.);
#3992=CARTESIAN_POINT('',(0.E0,0.E0,-1.48E1));
#3993=DIRECTION('',(0.E0,0.E0,1.E0));
#3994=DIRECTION('',(1.E0,0.E0,0.E0));
#3995=AXIS2_PLACEMENT_3D('',#3992,#3993,#3994);
#3996=PLANE('',#3995);
#3998=ORIENTED_EDGE('',*,*,#3997,.T.);
#4000=ORIENTED_EDGE('',*,*,#3999,.T.);
#4002=ORIENTED_EDGE('',*,*,#4001,.F.);
#4003=ORIENTED_EDGE('',*,*,#3715,.T.);
#4005=ORIENTED_EDGE('',*,*,#4004,.T.);
#4007=ORIENTED_EDGE('',*,*,#4006,.T.);
#4009=ORIENTED_EDGE('',*,*,#4008,.T.);
#4011=ORIENTED_EDGE('',*,*,#4010,.F.);
#4013=ORIENTED_EDGE('',*,*,#4012,.T.);
#4015=ORIENTED_EDGE('',*,*,#4014,.T.);
#4017=ORIENTED_EDGE('',*,*,#4016,.T.);
#4019=ORIENTED_EDGE('',*,*,#4018,.T.);
#4021=ORIENTED_EDGE('',*,*,#4020,.F.);
#4023=ORIENTED_EDGE('',*,*,#4022,.T.);
#4025=ORIENTED_EDGE('',*,*,#4024,.T.);
#4027=ORIENTED_EDGE('',*,*,#4026,.T.);
#4029=ORIENTED_EDGE('',*,*,#4028,.F.);
#4031=ORIENTED_EDGE('',*,*,#4030,.T.);
#4033=ORIENTED_EDGE('',*,*,#4032,.T.);
#4035=ORIENTED_EDGE('',*,*,#4034,.T.);
#4037=ORIENTED_EDGE('',*,*,#4036,.T.);
#4039=ORIENTED_EDGE('',*,*,#4038,.F.);
#4041=ORIENTED_EDGE('',*,*,#4040,.T.);
#4043=ORIENTED_EDGE('',*,*,#4042,.T.);
#4045=ORIENTED_EDGE('',*,*,#4044,.T.);
#4047=ORIENTED_EDGE('',*,*,#4046,.T.);
#4048=ORIENTED_EDGE('',*,*,#3983,.F.);
#4049=ORIENTED_EDGE('',*,*,#3723,.T.);
#4050=EDGE_LOOP('',(#3998,#4000,#4002,#4003,#4005,#4007,#4009,#4011,#4013,#4015,
#4017,#4019,#4021,#4023,#4025,#4027,#4029,#4031,#4033,#4035,#4037,#4039,#4041,
#4043,#4045,#4047,#4048,#4049));
#4051=FACE_OUTER_BOUND('',#4050,.F.);
#4053=ORIENTED_EDGE('',*,*,#4052,.T.);
#4055=ORIENTED_EDGE('',*,*,#4054,.T.);
#4057=ORIENTED_EDGE('',*,*,#4056,.F.);
#4059=ORIENTED_EDGE('',*,*,#4058,.F.);
#4060=EDGE_LOOP('',(#4053,#4055,#4057,#4059));
#4061=FACE_BOUND('',#4060,.F.);
#4063=ORIENTED_EDGE('',*,*,#4062,.T.);
#4065=ORIENTED_EDGE('',*,*,#4064,.T.);
#4067=ORIENTED_EDGE('',*,*,#4066,.F.);
#4069=ORIENTED_EDGE('',*,*,#4068,.F.);
#4070=EDGE_LOOP('',(#4063,#4065,#4067,#4069));
#4071=FACE_BOUND('',#4070,.F.);
#4073=ORIENTED_EDGE('',*,*,#4072,.T.);
#4075=ORIENTED_EDGE('',*,*,#4074,.T.);
#4077=ORIENTED_EDGE('',*,*,#4076,.F.);
#4079=ORIENTED_EDGE('',*,*,#4078,.F.);
#4080=EDGE_LOOP('',(#4073,#4075,#4077,#4079));
#4081=FACE_BOUND('',#4080,.F.);
#4083=ORIENTED_EDGE('',*,*,#4082,.T.);
#4085=ORIENTED_EDGE('',*,*,#4084,.T.);
#4087=ORIENTED_EDGE('',*,*,#4086,.F.);
#4089=ORIENTED_EDGE('',*,*,#4088,.F.);
#4090=EDGE_LOOP('',(#4083,#4085,#4087,#4089));
#4091=FACE_BOUND('',#4090,.F.);
#4093=ORIENTED_EDGE('',*,*,#4092,.T.);
#4095=ORIENTED_EDGE('',*,*,#4094,.T.);
#4097=ORIENTED_EDGE('',*,*,#4096,.F.);
#4099=ORIENTED_EDGE('',*,*,#4098,.F.);
#4100=EDGE_LOOP('',(#4093,#4095,#4097,#4099));
#4101=FACE_BOUND('',#4100,.F.);
#4103=ORIENTED_EDGE('',*,*,#4102,.T.);
#4105=ORIENTED_EDGE('',*,*,#4104,.T.);
#4107=ORIENTED_EDGE('',*,*,#4106,.F.);
#4109=ORIENTED_EDGE('',*,*,#4108,.F.);
#4110=EDGE_LOOP('',(#4103,#4105,#4107,#4109));
#4111=FACE_BOUND('',#4110,.F.);
#4112=ADVANCED_FACE('',(#4051,#4061,#4071,#4081,#4091,#4101,#4111),#3996,.F.);
#4113=CARTESIAN_POINT('',(1.E0,6.24E0,-1.48E1));
#4114=DIRECTION('',(1.E0,0.E0,0.E0));
#4115=DIRECTION('',(0.E0,-1.E0,0.E0));
#4116=AXIS2_PLACEMENT_3D('',#4113,#4114,#4115);
#4117=PLANE('',#4116);
#4118=ORIENTED_EDGE('',*,*,#3997,.F.);
#4119=ORIENTED_EDGE('',*,*,#3721,.T.);
#4121=ORIENTED_EDGE('',*,*,#4120,.T.);
#4123=ORIENTED_EDGE('',*,*,#4122,.F.);
#4124=EDGE_LOOP('',(#4118,#4119,#4121,#4123));
#4125=FACE_OUTER_BOUND('',#4124,.F.);
#4126=ADVANCED_FACE('',(#4125),#4117,.T.);
#4127=CARTESIAN_POINT('',(0.E0,0.E0,-1.56E1));
#4128=DIRECTION('',(0.E0,0.E0,-1.E0));
#4129=DIRECTION('',(-1.E0,0.E0,0.E0));
#4130=AXIS2_PLACEMENT_3D('',#4127,#4128,#4129);
#4131=PLANE('',#4130);
#4132=ORIENTED_EDGE('',*,*,#4120,.F.);
#4133=ORIENTED_EDGE('',*,*,#3719,.F.);
#4135=ORIENTED_EDGE('',*,*,#4134,.F.);
#4137=ORIENTED_EDGE('',*,*,#4136,.F.);
#4138=EDGE_LOOP('',(#4132,#4133,#4135,#4137));
#4139=FACE_OUTER_BOUND('',#4138,.F.);
#4140=ADVANCED_FACE('',(#4139),#4131,.T.);
#4141=CARTESIAN_POINT('',(0.E0,0.E0,-1.56E1));
#4142=DIRECTION('',(0.E0,0.E0,-1.E0));
#4143=DIRECTION('',(-1.E0,0.E0,0.E0));
#4144=AXIS2_PLACEMENT_3D('',#4141,#4142,#4143);
#4145=PLANE('',#4144);
#4147=ORIENTED_EDGE('',*,*,#4146,.F.);
#4149=ORIENTED_EDGE('',*,*,#4148,.F.);
#4151=ORIENTED_EDGE('',*,*,#4150,.F.);
#4153=ORIENTED_EDGE('',*,*,#4152,.F.);
#4154=EDGE_LOOP('',(#4147,#4149,#4151,#4153));
#4155=FACE_OUTER_BOUND('',#4154,.F.);
#4156=ADVANCED_FACE('',(#4155),#4145,.T.);
#4157=CARTESIAN_POINT('',(-1.E0,5.14E0,-1.48E1));
#4158=DIRECTION('',(-1.E0,0.E0,0.E0));
#4159=DIRECTION('',(0.E0,1.E0,0.E0));
#4160=AXIS2_PLACEMENT_3D('',#4157,#4158,#4159);
#4161=PLANE('',#4160);
#4162=ORIENTED_EDGE('',*,*,#4001,.T.);
#4164=ORIENTED_EDGE('',*,*,#4163,.T.);
#4165=ORIENTED_EDGE('',*,*,#4134,.T.);
#4166=ORIENTED_EDGE('',*,*,#3717,.F.);
#4167=EDGE_LOOP('',(#4162,#4164,#4165,#4166));
#4168=FACE_OUTER_BOUND('',#4167,.F.);
#4169=ADVANCED_FACE('',(#4168),#4161,.T.);
#4170=CARTESIAN_POINT('',(1.E0,5.14E0,-1.48E1));
#4171=DIRECTION('',(0.E0,-1.E0,0.E0));
#4172=DIRECTION('',(-1.E0,0.E0,0.E0));
#4173=AXIS2_PLACEMENT_3D('',#4170,#4171,#4172);
#4174=PLANE('',#4173);
#4175=ORIENTED_EDGE('',*,*,#3999,.F.);
#4176=ORIENTED_EDGE('',*,*,#4122,.T.);
#4177=ORIENTED_EDGE('',*,*,#4136,.T.);
#4178=ORIENTED_EDGE('',*,*,#4163,.F.);
#4179=EDGE_LOOP('',(#4175,#4176,#4177,#4178));
#4180=FACE_OUTER_BOUND('',#4179,.F.);
#4181=ADVANCED_FACE('',(#4180),#4174,.T.);
#4182=CARTESIAN_POINT('',(-8.875E0,-6.24E0,0.E0));
#4183=DIRECTION('',(0.E0,-1.E0,0.E0));
#4184=DIRECTION('',(1.E0,0.E0,0.E0));
#4185=AXIS2_PLACEMENT_3D('',#4182,#4183,#4184);
#4186=PLANE('',#4185);
#4187=ORIENTED_EDGE('',*,*,#4030,.F.);
#4189=ORIENTED_EDGE('',*,*,#4188,.T.);
#4190=ORIENTED_EDGE('',*,*,#4146,.T.);
#4192=ORIENTED_EDGE('',*,*,#4191,.F.);
#4193=ORIENTED_EDGE('',*,*,#4022,.F.);
#4195=ORIENTED_EDGE('',*,*,#4194,.T.);
#4196=ORIENTED_EDGE('',*,*,#3907,.T.);
#4198=ORIENTED_EDGE('',*,*,#4197,.T.);
#4199=ORIENTED_EDGE('',*,*,#3593,.T.);
#4201=ORIENTED_EDGE('',*,*,#4200,.T.);
#4202=ORIENTED_EDGE('',*,*,#3929,.T.);
#4204=ORIENTED_EDGE('',*,*,#4203,.F.);
#4205=EDGE_LOOP('',(#4187,#4189,#4190,#4192,#4193,#4195,#4196,#4198,#4199,#4201,
#4202,#4204));
#4206=FACE_OUTER_BOUND('',#4205,.F.);
#4207=ADVANCED_FACE('',(#4206),#4186,.T.);
#4208=CARTESIAN_POINT('',(1.E0,-5.14E0,-1.48E1));
#4209=DIRECTION('',(1.E0,0.E0,0.E0));
#4210=DIRECTION('',(0.E0,-1.E0,0.E0));
#4211=AXIS2_PLACEMENT_3D('',#4208,#4209,#4210);
#4212=PLANE('',#4211);
#4213=ORIENTED_EDGE('',*,*,#4028,.T.);
#4215=ORIENTED_EDGE('',*,*,#4214,.T.);
#4216=ORIENTED_EDGE('',*,*,#4148,.T.);
#4217=ORIENTED_EDGE('',*,*,#4188,.F.);
#4218=EDGE_LOOP('',(#4213,#4215,#4216,#4217));
#4219=FACE_OUTER_BOUND('',#4218,.F.);
#4220=ADVANCED_FACE('',(#4219),#4212,.T.);
#4221=CARTESIAN_POINT('',(-1.E0,-5.14E0,-1.48E1));
#4222=DIRECTION('',(0.E0,1.E0,0.E0));
#4223=DIRECTION('',(1.E0,0.E0,0.E0));
#4224=AXIS2_PLACEMENT_3D('',#4221,#4222,#4223);
#4225=PLANE('',#4224);
#4226=ORIENTED_EDGE('',*,*,#4026,.F.);
#4228=ORIENTED_EDGE('',*,*,#4227,.T.);
#4229=ORIENTED_EDGE('',*,*,#4150,.T.);
#4230=ORIENTED_EDGE('',*,*,#4214,.F.);
#4231=EDGE_LOOP('',(#4226,#4228,#4229,#4230));
#4232=FACE_OUTER_BOUND('',#4231,.F.);
#4233=ADVANCED_FACE('',(#4232),#4225,.T.);
#4234=CARTESIAN_POINT('',(-1.E0,-6.24E0,-1.48E1));
#4235=DIRECTION('',(-1.E0,0.E0,0.E0));
#4236=DIRECTION('',(0.E0,1.E0,0.E0));
#4237=AXIS2_PLACEMENT_3D('',#4234,#4235,#4236);
#4238=PLANE('',#4237);
#4239=ORIENTED_EDGE('',*,*,#4024,.F.);
#4240=ORIENTED_EDGE('',*,*,#4191,.T.);
#4241=ORIENTED_EDGE('',*,*,#4152,.T.);
#4242=ORIENTED_EDGE('',*,*,#4227,.F.);
#4243=EDGE_LOOP('',(#4239,#4240,#4241,#4242));
#4244=FACE_OUTER_BOUND('',#4243,.F.);
#4245=ADVANCED_FACE('',(#4244),#4238,.T.);
#4246=CARTESIAN_POINT('',(-7.175E0,-5.14E0,-1.48E1));
#4247=DIRECTION('',(1.E0,0.E0,0.E0));
#4248=DIRECTION('',(0.E0,-1.E0,0.E0));
#4249=AXIS2_PLACEMENT_3D('',#4246,#4247,#4248);
#4250=PLANE('',#4249);
#4251=ORIENTED_EDGE('',*,*,#4020,.T.);
#4253=ORIENTED_EDGE('',*,*,#4252,.T.);
#4254=ORIENTED_EDGE('',*,*,#3909,.T.);
#4255=ORIENTED_EDGE('',*,*,#4194,.F.);
#4256=EDGE_LOOP('',(#4251,#4253,#4254,#4255));
#4257=FACE_OUTER_BOUND('',#4256,.F.);
#4258=ADVANCED_FACE('',(#4257),#4250,.T.);
#4259=CARTESIAN_POINT('',(-7.575E0,-5.14E0,-1.48E1));
#4260=DIRECTION('',(0.E0,1.E0,0.E0));
#4261=DIRECTION('',(1.E0,0.E0,0.E0));
#4262=AXIS2_PLACEMENT_3D('',#4259,#4260,#4261);
#4263=PLANE('',#4262);
#4264=ORIENTED_EDGE('',*,*,#4018,.F.);
#4266=ORIENTED_EDGE('',*,*,#4265,.T.);
#4267=ORIENTED_EDGE('',*,*,#3911,.T.);
#4268=ORIENTED_EDGE('',*,*,#4252,.F.);
#4269=EDGE_LOOP('',(#4264,#4266,#4267,#4268));
#4270=FACE_OUTER_BOUND('',#4269,.F.);
#4271=ADVANCED_FACE('',(#4270),#4263,.T.);
#4272=CARTESIAN_POINT('',(-7.575E0,-4.24E0,-1.48E1));
#4273=DIRECTION('',(1.E0,0.E0,0.E0));
#4274=DIRECTION('',(0.E0,-1.E0,0.E0));
#4275=AXIS2_PLACEMENT_3D('',#4272,#4273,#4274);
#4276=PLANE('',#4275);
#4277=ORIENTED_EDGE('',*,*,#4016,.F.);
#4279=ORIENTED_EDGE('',*,*,#4278,.T.);
#4280=ORIENTED_EDGE('',*,*,#3913,.T.);
#4281=ORIENTED_EDGE('',*,*,#4265,.F.);
#4282=EDGE_LOOP('',(#4277,#4279,#4280,#4281));
#4283=FACE_OUTER_BOUND('',#4282,.F.);
#4284=ADVANCED_FACE('',(#4283),#4276,.T.);
#4285=CARTESIAN_POINT('',(-8.875E0,-4.24E0,-1.48E1));
#4286=DIRECTION('',(0.E0,1.E0,0.E0));
#4287=DIRECTION('',(1.E0,0.E0,0.E0));
#4288=AXIS2_PLACEMENT_3D('',#4285,#4286,#4287);
#4289=PLANE('',#4288);
#4290=ORIENTED_EDGE('',*,*,#4014,.F.);
#4292=ORIENTED_EDGE('',*,*,#4291,.T.);
#4293=ORIENTED_EDGE('',*,*,#3915,.T.);
#4294=ORIENTED_EDGE('',*,*,#4278,.F.);
#4295=EDGE_LOOP('',(#4290,#4292,#4293,#4294));
#4296=FACE_OUTER_BOUND('',#4295,.F.);
#4297=ADVANCED_FACE('',(#4296),#4289,.T.);
#4298=CARTESIAN_POINT('',(-8.875E0,6.24E0,0.E0));
#4299=DIRECTION('',(-1.E0,0.E0,0.E0));
#4300=DIRECTION('',(0.E0,-1.E0,0.E0));
#4301=AXIS2_PLACEMENT_3D('',#4298,#4299,#4300);
#4302=PLANE('',#4301);
#4303=ORIENTED_EDGE('',*,*,#3964,.T.);
#4304=ORIENTED_EDGE('',*,*,#3950,.T.);
#4305=ORIENTED_EDGE('',*,*,#3738,.F.);
#4306=ORIENTED_EDGE('',*,*,#3595,.T.);
#4307=ORIENTED_EDGE('',*,*,#4197,.F.);
#4308=ORIENTED_EDGE('',*,*,#3917,.T.);
#4309=ORIENTED_EDGE('',*,*,#4291,.F.);
#4310=ORIENTED_EDGE('',*,*,#4012,.F.);
#4312=ORIENTED_EDGE('',*,*,#4311,.T.);
#4313=EDGE_LOOP('',(#4303,#4304,#4305,#4306,#4307,#4308,#4309,#4310,#4312));
#4314=FACE_OUTER_BOUND('',#4313,.F.);
#4315=ADVANCED_FACE('',(#4314),#4302,.T.);
#4316=CARTESIAN_POINT('',(-7.575E0,4.24E0,-1.48E1));
#4317=DIRECTION('',(0.E0,-1.E0,0.E0));
#4318=DIRECTION('',(-1.E0,0.E0,0.E0));
#4319=AXIS2_PLACEMENT_3D('',#4316,#4317,#4318);
#4320=PLANE('',#4319);
#4321=ORIENTED_EDGE('',*,*,#4010,.T.);
#4323=ORIENTED_EDGE('',*,*,#4322,.T.);
#4324=ORIENTED_EDGE('',*,*,#3966,.T.);
#4325=ORIENTED_EDGE('',*,*,#4311,.F.);
#4326=EDGE_LOOP('',(#4321,#4323,#4324,#4325));
#4327=FACE_OUTER_BOUND('',#4326,.F.);
#4328=ADVANCED_FACE('',(#4327),#4320,.T.);
#4329=CARTESIAN_POINT('',(-7.575E0,5.14E0,-1.48E1));
#4330=DIRECTION('',(1.E0,0.E0,0.E0));
#4331=DIRECTION('',(0.E0,-1.E0,0.E0));
#4332=AXIS2_PLACEMENT_3D('',#4329,#4330,#4331);
#4333=PLANE('',#4332);
#4334=ORIENTED_EDGE('',*,*,#4008,.F.);
#4336=ORIENTED_EDGE('',*,*,#4335,.T.);
#4337=ORIENTED_EDGE('',*,*,#3968,.T.);
#4338=ORIENTED_EDGE('',*,*,#4322,.F.);
#4339=EDGE_LOOP('',(#4334,#4336,#4337,#4338));
#4340=FACE_OUTER_BOUND('',#4339,.F.);
#4341=ADVANCED_FACE('',(#4340),#4333,.T.);
#4342=CARTESIAN_POINT('',(-7.175E0,5.14E0,-1.48E1));
#4343=DIRECTION('',(0.E0,-1.E0,0.E0));
#4344=DIRECTION('',(-1.E0,0.E0,0.E0));
#4345=AXIS2_PLACEMENT_3D('',#4342,#4343,#4344);
#4346=PLANE('',#4345);
#4347=ORIENTED_EDGE('',*,*,#4006,.F.);
#4349=ORIENTED_EDGE('',*,*,#4348,.T.);
#4350=ORIENTED_EDGE('',*,*,#3970,.T.);
#4351=ORIENTED_EDGE('',*,*,#4335,.F.);
#4352=EDGE_LOOP('',(#4347,#4349,#4350,#4351));
#4353=FACE_OUTER_BOUND('',#4352,.F.);
#4354=ADVANCED_FACE('',(#4353),#4346,.T.);
#4355=CARTESIAN_POINT('',(-7.175E0,6.24E0,-1.48E1));
#4356=DIRECTION('',(1.E0,0.E0,0.E0));
#4357=DIRECTION('',(0.E0,-1.E0,0.E0));
#4358=AXIS2_PLACEMENT_3D('',#4355,#4356,#4357);
#4359=PLANE('',#4358);
#4360=ORIENTED_EDGE('',*,*,#4004,.F.);
#4361=ORIENTED_EDGE('',*,*,#3713,.T.);
#4362=ORIENTED_EDGE('',*,*,#3972,.T.);
#4363=ORIENTED_EDGE('',*,*,#4348,.F.);
#4364=EDGE_LOOP('',(#4360,#4361,#4362,#4363));
#4365=FACE_OUTER_BOUND('',#4364,.F.);
#4366=ADVANCED_FACE('',(#4365),#4359,.T.);
#4367=CARTESIAN_POINT('',(8.875E0,-6.24E0,0.E0));
#4368=DIRECTION('',(1.E0,0.E0,0.E0));
#4369=DIRECTION('',(0.E0,1.E0,0.E0));
#4370=AXIS2_PLACEMENT_3D('',#4367,#4368,#4369);
#4371=PLANE('',#4370);
#4372=ORIENTED_EDGE('',*,*,#4040,.F.);
#4374=ORIENTED_EDGE('',*,*,#4373,.T.);
#4375=ORIENTED_EDGE('',*,*,#3931,.T.);
#4376=ORIENTED_EDGE('',*,*,#4200,.F.);
#4377=ORIENTED_EDGE('',*,*,#3591,.T.);
#4378=ORIENTED_EDGE('',*,*,#3729,.T.);
#4379=ORIENTED_EDGE('',*,*,#3897,.T.);
#4381=ORIENTED_EDGE('',*,*,#4380,.F.);
#4382=EDGE_LOOP('',(#4372,#4374,#4375,#4376,#4377,#4378,#4379,#4381));
#4383=FACE_OUTER_BOUND('',#4382,.F.);
#4385=ORIENTED_EDGE('',*,*,#4384,.T.);
#4387=ORIENTED_EDGE('',*,*,#4386,.T.);
#4389=ORIENTED_EDGE('',*,*,#4388,.T.);
#4391=ORIENTED_EDGE('',*,*,#4390,.T.);
#4392=EDGE_LOOP('',(#4385,#4387,#4389,#4391));
#4393=FACE_BOUND('',#4392,.F.);
#4394=ADVANCED_FACE('',(#4383,#4393),#4371,.T.);
#4395=CARTESIAN_POINT('',(8.875E0,-6.24E0,0.E0));
#4396=DIRECTION('',(1.E0,0.E0,0.E0));
#4397=DIRECTION('',(0.E0,1.E0,0.E0));
#4398=AXIS2_PLACEMENT_3D('',#4395,#4396,#4397);
#4399=PLANE('',#4398);
#4401=ORIENTED_EDGE('',*,*,#4400,.T.);
#4403=ORIENTED_EDGE('',*,*,#4402,.T.);
#4405=ORIENTED_EDGE('',*,*,#4404,.T.);
#4407=ORIENTED_EDGE('',*,*,#4406,.T.);
#4409=ORIENTED_EDGE('',*,*,#4408,.T.);
#4411=ORIENTED_EDGE('',*,*,#4410,.T.);
#4413=ORIENTED_EDGE('',*,*,#4412,.T.);
#4414=EDGE_LOOP('',(#4401,#4403,#4405,#4407,#4409,#4411,#4413));
#4415=FACE_OUTER_BOUND('',#4414,.F.);
#4416=ADVANCED_FACE('',(#4415),#4399,.T.);
#4417=CARTESIAN_POINT('',(7.575E0,-4.24E0,-1.48E1));
#4418=DIRECTION('',(0.E0,1.E0,0.E0));
#4419=DIRECTION('',(1.E0,0.E0,0.E0));
#4420=AXIS2_PLACEMENT_3D('',#4417,#4418,#4419);
#4421=PLANE('',#4420);
#4422=ORIENTED_EDGE('',*,*,#4038,.T.);
#4424=ORIENTED_EDGE('',*,*,#4423,.T.);
#4425=ORIENTED_EDGE('',*,*,#3933,.T.);
#4426=ORIENTED_EDGE('',*,*,#4373,.F.);
#4427=EDGE_LOOP('',(#4422,#4424,#4425,#4426));
#4428=FACE_OUTER_BOUND('',#4427,.F.);
#4429=ADVANCED_FACE('',(#4428),#4421,.T.);
#4430=CARTESIAN_POINT('',(7.575E0,-5.14E0,-1.48E1));
#4431=DIRECTION('',(-1.E0,0.E0,0.E0));
#4432=DIRECTION('',(0.E0,1.E0,0.E0));
#4433=AXIS2_PLACEMENT_3D('',#4430,#4431,#4432);
#4434=PLANE('',#4433);
#4435=ORIENTED_EDGE('',*,*,#4036,.F.);
#4437=ORIENTED_EDGE('',*,*,#4436,.T.);
#4438=ORIENTED_EDGE('',*,*,#3935,.T.);
#4439=ORIENTED_EDGE('',*,*,#4423,.F.);
#4440=EDGE_LOOP('',(#4435,#4437,#4438,#4439));
#4441=FACE_OUTER_BOUND('',#4440,.F.);
#4442=ADVANCED_FACE('',(#4441),#4434,.T.);
#4443=CARTESIAN_POINT('',(7.175E0,-5.14E0,-1.48E1));
#4444=DIRECTION('',(0.E0,1.E0,0.E0));
#4445=DIRECTION('',(1.E0,0.E0,0.E0));
#4446=AXIS2_PLACEMENT_3D('',#4443,#4444,#4445);
#4447=PLANE('',#4446);
#4448=ORIENTED_EDGE('',*,*,#4034,.F.);
#4450=ORIENTED_EDGE('',*,*,#4449,.T.);
#4451=ORIENTED_EDGE('',*,*,#3937,.T.);
#4452=ORIENTED_EDGE('',*,*,#4436,.F.);
#4453=EDGE_LOOP('',(#4448,#4450,#4451,#4452));
#4454=FACE_OUTER_BOUND('',#4453,.F.);
#4455=ADVANCED_FACE('',(#4454),#4447,.T.);
#4456=CARTESIAN_POINT('',(7.175E0,-6.24E0,-1.48E1));
#4457=DIRECTION('',(-1.E0,0.E0,0.E0));
#4458=DIRECTION('',(0.E0,1.E0,0.E0));
#4459=AXIS2_PLACEMENT_3D('',#4456,#4457,#4458);
#4460=PLANE('',#4459);
#4461=ORIENTED_EDGE('',*,*,#4032,.F.);
#4462=ORIENTED_EDGE('',*,*,#4203,.T.);
#4463=ORIENTED_EDGE('',*,*,#3927,.T.);
#4464=ORIENTED_EDGE('',*,*,#4449,.F.);
#4465=EDGE_LOOP('',(#4461,#4462,#4463,#4464));
#4466=FACE_OUTER_BOUND('',#4465,.F.);
#4467=ADVANCED_FACE('',(#4466),#4460,.T.);
#4468=CARTESIAN_POINT('',(8.875E0,4.24E0,-1.48E1));
#4469=DIRECTION('',(0.E0,-1.E0,0.E0));
#4470=DIRECTION('',(-1.E0,0.E0,0.E0));
#4471=AXIS2_PLACEMENT_3D('',#4468,#4469,#4470);
#4472=PLANE('',#4471);
#4473=ORIENTED_EDGE('',*,*,#4042,.F.);
#4474=ORIENTED_EDGE('',*,*,#4380,.T.);
#4475=ORIENTED_EDGE('',*,*,#3895,.T.);
#4477=ORIENTED_EDGE('',*,*,#4476,.F.);
#4478=EDGE_LOOP('',(#4473,#4474,#4475,#4477));
#4479=FACE_OUTER_BOUND('',#4478,.F.);
#4480=ADVANCED_FACE('',(#4479),#4472,.T.);
#4481=CARTESIAN_POINT('',(7.575E0,4.24E0,-1.48E1));
#4482=DIRECTION('',(-1.E0,0.E0,0.E0));
#4483=DIRECTION('',(0.E0,1.E0,0.E0));
#4484=AXIS2_PLACEMENT_3D('',#4481,#4482,#4483);
#4485=PLANE('',#4484);
#4486=ORIENTED_EDGE('',*,*,#4044,.F.);
#4487=ORIENTED_EDGE('',*,*,#4476,.T.);
#4488=ORIENTED_EDGE('',*,*,#3893,.T.);
#4490=ORIENTED_EDGE('',*,*,#4489,.F.);
#4491=EDGE_LOOP('',(#4486,#4487,#4488,#4490));
#4492=FACE_OUTER_BOUND('',#4491,.F.);
#4493=ADVANCED_FACE('',(#4492),#4485,.T.);
#4494=CARTESIAN_POINT('',(7.575E0,5.14E0,-1.48E1));
#4495=DIRECTION('',(0.E0,-1.E0,0.E0));
#4496=DIRECTION('',(-1.E0,0.E0,0.E0));
#4497=AXIS2_PLACEMENT_3D('',#4494,#4495,#4496);
#4498=PLANE('',#4497);
#4499=ORIENTED_EDGE('',*,*,#4046,.F.);
#4500=ORIENTED_EDGE('',*,*,#4489,.T.);
#4501=ORIENTED_EDGE('',*,*,#3891,.T.);
#4502=ORIENTED_EDGE('',*,*,#3985,.F.);
#4503=EDGE_LOOP('',(#4499,#4500,#4501,#4502));
#4504=FACE_OUTER_BOUND('',#4503,.F.);
#4505=ADVANCED_FACE('',(#4504),#4498,.T.);
#4506=CARTESIAN_POINT('',(8.875E0,-2.24E0,-5.E-1));
#4507=DIRECTION('',(0.E0,0.E0,1.E0));
#4508=DIRECTION('',(0.E0,-1.E0,0.E0));
#4509=AXIS2_PLACEMENT_3D('',#4506,#4507,#4508);
#4510=PLANE('',#4509);
#4511=ORIENTED_EDGE('',*,*,#4384,.F.);
#4513=ORIENTED_EDGE('',*,*,#4512,.T.);
#4515=ORIENTED_EDGE('',*,*,#4514,.T.);
#4517=ORIENTED_EDGE('',*,*,#4516,.F.);
#4518=EDGE_LOOP('',(#4511,#4513,#4515,#4517));
#4519=FACE_OUTER_BOUND('',#4518,.F.);
#4520=ADVANCED_FACE('',(#4519),#4510,.F.);
#4521=CARTESIAN_POINT('',(8.875E0,-2.24E0,-4.E0));
#4522=DIRECTION('',(0.E0,1.E0,0.E0));
#4523=DIRECTION('',(0.E0,0.E0,1.E0));
#4524=AXIS2_PLACEMENT_3D('',#4521,#4522,#4523);
#4525=PLANE('',#4524);
#4526=ORIENTED_EDGE('',*,*,#4390,.F.);
#4528=ORIENTED_EDGE('',*,*,#4527,.T.);
#4530=ORIENTED_EDGE('',*,*,#4529,.T.);
#4531=ORIENTED_EDGE('',*,*,#4512,.F.);
#4532=EDGE_LOOP('',(#4526,#4528,#4530,#4531));
#4533=FACE_OUTER_BOUND('',#4532,.F.);
#4534=ADVANCED_FACE('',(#4533),#4525,.F.);
#4535=CARTESIAN_POINT('',(8.875E0,-5.74E0,-4.E0));
#4536=DIRECTION('',(0.E0,0.E0,-1.E0));
#4537=DIRECTION('',(0.E0,1.E0,0.E0));
#4538=AXIS2_PLACEMENT_3D('',#4535,#4536,#4537);
#4539=PLANE('',#4538);
#4540=ORIENTED_EDGE('',*,*,#4388,.F.);
#4542=ORIENTED_EDGE('',*,*,#4541,.T.);
#4544=ORIENTED_EDGE('',*,*,#4543,.T.);
#4545=ORIENTED_EDGE('',*,*,#4527,.F.);
#4546=EDGE_LOOP('',(#4540,#4542,#4544,#4545));
#4547=FACE_OUTER_BOUND('',#4546,.F.);
#4548=ADVANCED_FACE('',(#4547),#4539,.F.);
#4549=CARTESIAN_POINT('',(8.875E0,-5.74E0,-5.E-1));
#4550=DIRECTION('',(0.E0,-1.E0,0.E0));
#4551=DIRECTION('',(0.E0,0.E0,-1.E0));
#4552=AXIS2_PLACEMENT_3D('',#4549,#4550,#4551);
#4553=PLANE('',#4552);
#4554=ORIENTED_EDGE('',*,*,#4386,.F.);
#4555=ORIENTED_EDGE('',*,*,#4516,.T.);
#4557=ORIENTED_EDGE('',*,*,#4556,.T.);
#4558=ORIENTED_EDGE('',*,*,#4541,.F.);
#4559=EDGE_LOOP('',(#4554,#4555,#4557,#4558));
#4560=FACE_OUTER_BOUND('',#4559,.F.);
#4561=ADVANCED_FACE('',(#4560),#4553,.F.);
#4562=CARTESIAN_POINT('',(8.825E0,0.E0,0.E0));
#4563=DIRECTION('',(1.E0,0.E0,0.E0));
#4564=DIRECTION('',(0.E0,0.E0,-1.E0));
#4565=AXIS2_PLACEMENT_3D('',#4562,#4563,#4564);
#4566=PLANE('',#4565);
#4567=ORIENTED_EDGE('',*,*,#4514,.F.);
#4568=ORIENTED_EDGE('',*,*,#4529,.F.);
#4569=ORIENTED_EDGE('',*,*,#4543,.F.);
#4570=ORIENTED_EDGE('',*,*,#4556,.F.);
#4571=EDGE_LOOP('',(#4567,#4568,#4569,#4570));
#4572=FACE_OUTER_BOUND('',#4571,.F.);
#4574=ORIENTED_EDGE('',*,*,#4573,.F.);
#4576=ORIENTED_EDGE('',*,*,#4575,.F.);
#4578=ORIENTED_EDGE('',*,*,#4577,.F.);
#4580=ORIENTED_EDGE('',*,*,#4579,.F.);
#4582=ORIENTED_EDGE('',*,*,#4581,.F.);
#4584=ORIENTED_EDGE('',*,*,#4583,.F.);
#4586=ORIENTED_EDGE('',*,*,#4585,.F.);
#4587=EDGE_LOOP('',(#4574,#4576,#4578,#4580,#4582,#4584,#4586));
#4588=FACE_BOUND('',#4587,.F.);
#4589=ADVANCED_FACE('',(#4572,#4588),#4566,.T.);
#4590=CARTESIAN_POINT('',(8.875E0,-3.64E0,-3.75E0));
#4591=DIRECTION('',(0.E0,0.E0,1.E0));
#4592=DIRECTION('',(0.E0,-1.E0,0.E0));
#4593=AXIS2_PLACEMENT_3D('',#4590,#4591,#4592);
#4594=PLANE('',#4593);
#4595=ORIENTED_EDGE('',*,*,#4400,.F.);
#4597=ORIENTED_EDGE('',*,*,#4596,.T.);
#4598=ORIENTED_EDGE('',*,*,#4573,.T.);
#4600=ORIENTED_EDGE('',*,*,#4599,.F.);
#4601=EDGE_LOOP('',(#4595,#4597,#4598,#4600));
#4602=FACE_OUTER_BOUND('',#4601,.F.);
#4603=ADVANCED_FACE('',(#4602),#4594,.F.);
#4604=CARTESIAN_POINT('',(8.875E0,-3.64E0,-7.5E-1));
#4605=DIRECTION('',(0.E0,-1.E0,0.E0));
#4606=DIRECTION('',(0.E0,0.E0,-1.E0));
#4607=AXIS2_PLACEMENT_3D('',#4604,#4605,#4606);
#4608=PLANE('',#4607);
#4609=ORIENTED_EDGE('',*,*,#4412,.F.);
#4611=ORIENTED_EDGE('',*,*,#4610,.T.);
#4612=ORIENTED_EDGE('',*,*,#4575,.T.);
#4613=ORIENTED_EDGE('',*,*,#4596,.F.);
#4614=EDGE_LOOP('',(#4609,#4611,#4612,#4613));
#4615=FACE_OUTER_BOUND('',#4614,.F.);
#4616=ADVANCED_FACE('',(#4615),#4608,.F.);
#4617=CARTESIAN_POINT('',(8.875E0,-4.015E0,-7.5E-1));
#4618=DIRECTION('',(0.E0,0.E0,-1.E0));
#4619=DIRECTION('',(0.E0,1.E0,0.E0));
#4620=AXIS2_PLACEMENT_3D('',#4617,#4618,#4619);
#4621=PLANE('',#4620);
#4622=ORIENTED_EDGE('',*,*,#4410,.F.);
#4624=ORIENTED_EDGE('',*,*,#4623,.T.);
#4625=ORIENTED_EDGE('',*,*,#4577,.T.);
#4626=ORIENTED_EDGE('',*,*,#4610,.F.);
#4627=EDGE_LOOP('',(#4622,#4624,#4625,#4626));
#4628=FACE_OUTER_BOUND('',#4627,.F.);
#4629=ADVANCED_FACE('',(#4628),#4621,.F.);
#4630=CARTESIAN_POINT('',(8.875E0,-4.39E0,-1.196808457375E0));
#4631=DIRECTION('',(0.E0,7.659742160926E-1,-6.428712937139E-1));
#4632=DIRECTION('',(0.E0,6.428712937139E-1,7.659742160926E-1));
#4633=AXIS2_PLACEMENT_3D('',#4630,#4631,#4632);
#4634=PLANE('',#4633);
#4635=ORIENTED_EDGE('',*,*,#4408,.F.);
#4637=ORIENTED_EDGE('',*,*,#4636,.T.);
#4638=ORIENTED_EDGE('',*,*,#4579,.T.);
#4639=ORIENTED_EDGE('',*,*,#4623,.F.);
#4640=EDGE_LOOP('',(#4635,#4637,#4638,#4639));
#4641=FACE_OUTER_BOUND('',#4640,.F.);
#4642=ADVANCED_FACE('',(#4641),#4634,.F.);
#4643=CARTESIAN_POINT('',(8.875E0,-4.39E0,-1.707446873188E0));
#4644=DIRECTION('',(0.E0,1.E0,0.E0));
#4645=DIRECTION('',(0.E0,0.E0,1.E0));
#4646=AXIS2_PLACEMENT_3D('',#4643,#4644,#4645);
#4647=PLANE('',#4646);
#4648=ORIENTED_EDGE('',*,*,#4406,.F.);
#4650=ORIENTED_EDGE('',*,*,#4649,.T.);
#4651=ORIENTED_EDGE('',*,*,#4581,.T.);
#4652=ORIENTED_EDGE('',*,*,#4636,.F.);
#4653=EDGE_LOOP('',(#4648,#4650,#4651,#4652));
#4654=FACE_OUTER_BOUND('',#4653,.F.);
#4655=ADVANCED_FACE('',(#4654),#4647,.F.);
#4656=CARTESIAN_POINT('',(8.875E0,-4.015E0,-1.260638237E0));
#4657=DIRECTION('',(0.E0,-7.659743427825E-1,6.428711427642E-1));
#4658=DIRECTION('',(0.E0,-6.428711427642E-1,-7.659743427825E-1));
#4659=AXIS2_PLACEMENT_3D('',#4656,#4657,#4658);
#4660=PLANE('',#4659);
#4661=ORIENTED_EDGE('',*,*,#4404,.F.);
#4663=ORIENTED_EDGE('',*,*,#4662,.T.);
#4664=ORIENTED_EDGE('',*,*,#4583,.T.);
#4665=ORIENTED_EDGE('',*,*,#4649,.F.);
#4666=EDGE_LOOP('',(#4661,#4663,#4664,#4665));
#4667=FACE_OUTER_BOUND('',#4666,.F.);
#4668=ADVANCED_FACE('',(#4667),#4660,.F.);
#4669=CARTESIAN_POINT('',(8.875E0,-4.015E0,-3.75E0));
#4670=DIRECTION('',(0.E0,1.E0,0.E0));
#4671=DIRECTION('',(0.E0,0.E0,1.E0));
#4672=AXIS2_PLACEMENT_3D('',#4669,#4670,#4671);
#4673=PLANE('',#4672);
#4674=ORIENTED_EDGE('',*,*,#4402,.F.);
#4675=ORIENTED_EDGE('',*,*,#4599,.T.);
#4676=ORIENTED_EDGE('',*,*,#4585,.T.);
#4677=ORIENTED_EDGE('',*,*,#4662,.F.);
#4678=EDGE_LOOP('',(#4674,#4675,#4676,#4677));
#4679=FACE_OUTER_BOUND('',#4678,.F.);
#4680=ADVANCED_FACE('',(#4679),#4673,.F.);
#4681=CARTESIAN_POINT('',(-6.235E0,0.E0,0.E0));
#4682=DIRECTION('',(1.E0,0.E0,0.E0));
#4683=DIRECTION('',(0.E0,0.E0,-1.E0));
#4684=AXIS2_PLACEMENT_3D('',#4681,#4682,#4683);
#4685=PLANE('',#4684);
#4687=ORIENTED_EDGE('',*,*,#4686,.F.);
#4689=ORIENTED_EDGE('',*,*,#4688,.T.);
#4691=ORIENTED_EDGE('',*,*,#4690,.T.);
#4693=ORIENTED_EDGE('',*,*,#4692,.T.);
#4694=EDGE_LOOP('',(#4687,#4689,#4691,#4693));
#4695=FACE_OUTER_BOUND('',#4694,.F.);
#4696=ADVANCED_FACE('',(#4695),#4685,.F.);
#4697=CARTESIAN_POINT('',(-6.235E0,0.E0,0.E0));
#4698=DIRECTION('',(1.E0,0.E0,0.E0));
#4699=DIRECTION('',(0.E0,0.E0,-1.E0));
#4700=AXIS2_PLACEMENT_3D('',#4697,#4698,#4699);
#4701=PLANE('',#4700);
#4703=ORIENTED_EDGE('',*,*,#4702,.F.);
#4705=ORIENTED_EDGE('',*,*,#4704,.T.);
#4707=ORIENTED_EDGE('',*,*,#4706,.T.);
#4709=ORIENTED_EDGE('',*,*,#4708,.T.);
#4710=EDGE_LOOP('',(#4703,#4705,#4707,#4709));
#4711=FACE_OUTER_BOUND('',#4710,.F.);
#4712=ADVANCED_FACE('',(#4711),#4701,.F.);
#4713=CARTESIAN_POINT('',(-6.235E0,0.E0,0.E0));
#4714=DIRECTION('',(1.E0,0.E0,0.E0));
#4715=DIRECTION('',(0.E0,0.E0,-1.E0));
#4716=AXIS2_PLACEMENT_3D('',#4713,#4714,#4715);
#4717=PLANE('',#4716);
#4719=ORIENTED_EDGE('',*,*,#4718,.F.);
#4721=ORIENTED_EDGE('',*,*,#4720,.T.);
#4722=ORIENTED_EDGE('',*,*,#4062,.F.);
#4724=ORIENTED_EDGE('',*,*,#4723,.T.);
#4725=EDGE_LOOP('',(#4719,#4721,#4722,#4724));
#4726=FACE_OUTER_BOUND('',#4725,.F.);
#4727=ADVANCED_FACE('',(#4726),#4717,.F.);
#4728=CARTESIAN_POINT('',(-6.235E0,0.E0,0.E0));
#4729=DIRECTION('',(1.E0,0.E0,0.E0));
#4730=DIRECTION('',(0.E0,0.E0,-1.E0));
#4731=AXIS2_PLACEMENT_3D('',#4728,#4729,#4730);
#4732=PLANE('',#4731);
#4734=ORIENTED_EDGE('',*,*,#4733,.F.);
#4736=ORIENTED_EDGE('',*,*,#4735,.T.);
#4737=ORIENTED_EDGE('',*,*,#4052,.F.);
#4739=ORIENTED_EDGE('',*,*,#4738,.T.);
#4740=EDGE_LOOP('',(#4734,#4736,#4737,#4739));
#4741=FACE_OUTER_BOUND('',#4740,.F.);
#4742=ADVANCED_FACE('',(#4741),#4732,.F.);
#4743=CARTESIAN_POINT('',(-6.035E0,2.77E0,-3.33E0));
#4744=DIRECTION('',(-7.071067811865E-1,0.E0,7.071067811865E-1));
#4745=DIRECTION('',(7.071067811865E-1,0.E0,7.071067811865E-1));
#4746=AXIS2_PLACEMENT_3D('',#4743,#4744,#4745);
#4747=PLANE('',#4746);
#4749=ORIENTED_EDGE('',*,*,#4748,.F.);
#4751=ORIENTED_EDGE('',*,*,#4750,.T.);
#4752=ORIENTED_EDGE('',*,*,#4686,.T.);
#4754=ORIENTED_EDGE('',*,*,#4753,.T.);
#4755=EDGE_LOOP('',(#4749,#4751,#4752,#4754));
#4756=FACE_OUTER_BOUND('',#4755,.F.);
#4757=ADVANCED_FACE('',(#4756),#4747,.T.);
#4758=CARTESIAN_POINT('',(-6.235E0,3.305E0,-3.13E0));
#4759=DIRECTION('',(0.E0,0.E0,1.E0));
#4760=DIRECTION('',(0.E0,-1.E0,0.E0));
#4761=AXIS2_PLACEMENT_3D('',#4758,#4759,#4760);
#4762=PLANE('',#4761);
#4764=ORIENTED_EDGE('',*,*,#4763,.T.);
#4765=ORIENTED_EDGE('',*,*,#4748,.T.);
#4767=ORIENTED_EDGE('',*,*,#4766,.F.);
#4769=ORIENTED_EDGE('',*,*,#4768,.T.);
#4770=EDGE_LOOP('',(#4764,#4765,#4767,#4769));
#4771=FACE_OUTER_BOUND('',#4770,.F.);
#4772=ADVANCED_FACE('',(#4771),#4762,.T.);
#4773=CARTESIAN_POINT('',(-5.7E0,2.435E0,-3.33E0));
#4774=DIRECTION('',(0.E0,-7.071067811865E-1,7.071067811865E-1));
#4775=DIRECTION('',(0.E0,7.071067811865E-1,7.071067811865E-1));
#4776=AXIS2_PLACEMENT_3D('',#4773,#4774,#4775);
#4777=PLANE('',#4776);
#4779=ORIENTED_EDGE('',*,*,#4778,.T.);
#4780=ORIENTED_EDGE('',*,*,#4750,.F.);
#4781=ORIENTED_EDGE('',*,*,#4763,.F.);
#4783=ORIENTED_EDGE('',*,*,#4782,.F.);
#4784=EDGE_LOOP('',(#4779,#4780,#4781,#4783));
#4785=FACE_OUTER_BOUND('',#4784,.F.);
#4786=ADVANCED_FACE('',(#4785),#4777,.T.);
#4787=CARTESIAN_POINT('',(-6.235E0,2.235E0,-3.13E0));
#4788=DIRECTION('',(0.E0,-1.E0,0.E0));
#4789=DIRECTION('',(0.E0,0.E0,-1.E0));
#4790=AXIS2_PLACEMENT_3D('',#4787,#4788,#4789);
#4791=PLANE('',#4790);
#4792=ORIENTED_EDGE('',*,*,#4778,.F.);
#4794=ORIENTED_EDGE('',*,*,#4793,.T.);
#4796=ORIENTED_EDGE('',*,*,#4795,.F.);
#4797=ORIENTED_EDGE('',*,*,#4688,.F.);
#4798=EDGE_LOOP('',(#4792,#4794,#4796,#4797));
#4799=FACE_OUTER_BOUND('',#4798,.F.);
#4800=ADVANCED_FACE('',(#4799),#4791,.T.);
#4801=CARTESIAN_POINT('',(-6.235E0,2.235E0,-3.13E0));
#4802=DIRECTION('',(0.E0,-1.E0,0.E0));
#4803=DIRECTION('',(0.E0,0.E0,-1.E0));
#4804=AXIS2_PLACEMENT_3D('',#4801,#4802,#4803);
#4805=PLANE('',#4804);
#4807=ORIENTED_EDGE('',*,*,#4806,.T.);
#4808=ORIENTED_EDGE('',*,*,#4723,.F.);
#4809=ORIENTED_EDGE('',*,*,#4068,.T.);
#4811=ORIENTED_EDGE('',*,*,#4810,.T.);
#4812=EDGE_LOOP('',(#4807,#4808,#4809,#4811));
#4813=FACE_OUTER_BOUND('',#4812,.F.);
#4814=ADVANCED_FACE('',(#4813),#4805,.T.);
#4815=CARTESIAN_POINT('',(-5.165E0,0.E0,0.E0));
#4816=DIRECTION('',(1.E0,0.E0,0.E0));
#4817=DIRECTION('',(0.E0,0.E0,-1.E0));
#4818=AXIS2_PLACEMENT_3D('',#4815,#4816,#4817);
#4819=PLANE('',#4818);
#4821=ORIENTED_EDGE('',*,*,#4820,.F.);
#4823=ORIENTED_EDGE('',*,*,#4822,.F.);
#4825=ORIENTED_EDGE('',*,*,#4824,.F.);
#4826=ORIENTED_EDGE('',*,*,#4793,.F.);
#4827=EDGE_LOOP('',(#4821,#4823,#4825,#4826));
#4828=FACE_OUTER_BOUND('',#4827,.F.);
#4829=ADVANCED_FACE('',(#4828),#4819,.T.);
#4830=CARTESIAN_POINT('',(-5.165E0,0.E0,0.E0));
#4831=DIRECTION('',(1.E0,0.E0,0.E0));
#4832=DIRECTION('',(0.E0,0.E0,-1.E0));
#4833=AXIS2_PLACEMENT_3D('',#4830,#4831,#4832);
#4834=PLANE('',#4833);
#4836=ORIENTED_EDGE('',*,*,#4835,.F.);
#4838=ORIENTED_EDGE('',*,*,#4837,.F.);
#4840=ORIENTED_EDGE('',*,*,#4839,.F.);
#4842=ORIENTED_EDGE('',*,*,#4841,.F.);
#4843=EDGE_LOOP('',(#4836,#4838,#4840,#4842));
#4844=FACE_OUTER_BOUND('',#4843,.F.);
#4845=ADVANCED_FACE('',(#4844),#4834,.T.);
#4846=CARTESIAN_POINT('',(-5.165E0,0.E0,0.E0));
#4847=DIRECTION('',(1.E0,0.E0,0.E0));
#4848=DIRECTION('',(0.E0,0.E0,-1.E0));
#4849=AXIS2_PLACEMENT_3D('',#4846,#4847,#4848);
#4850=PLANE('',#4849);
#4852=ORIENTED_EDGE('',*,*,#4851,.F.);
#4853=ORIENTED_EDGE('',*,*,#4810,.F.);
#4854=ORIENTED_EDGE('',*,*,#4066,.T.);
#4856=ORIENTED_EDGE('',*,*,#4855,.F.);
#4857=EDGE_LOOP('',(#4852,#4853,#4854,#4856));
#4858=FACE_OUTER_BOUND('',#4857,.F.);
#4859=ADVANCED_FACE('',(#4858),#4850,.T.);
#4860=CARTESIAN_POINT('',(-5.165E0,0.E0,0.E0));
#4861=DIRECTION('',(1.E0,0.E0,0.E0));
#4862=DIRECTION('',(0.E0,0.E0,-1.E0));
#4863=AXIS2_PLACEMENT_3D('',#4860,#4861,#4862);
#4864=PLANE('',#4863);
#4866=ORIENTED_EDGE('',*,*,#4865,.F.);
#4868=ORIENTED_EDGE('',*,*,#4867,.F.);
#4869=ORIENTED_EDGE('',*,*,#4056,.T.);
#4871=ORIENTED_EDGE('',*,*,#4870,.F.);
#4872=EDGE_LOOP('',(#4866,#4868,#4869,#4871));
#4873=FACE_OUTER_BOUND('',#4872,.F.);
#4874=ADVANCED_FACE('',(#4873),#4864,.T.);
#4875=CARTESIAN_POINT('',(-5.365E0,2.77E0,-3.33E0));
#4876=DIRECTION('',(7.071067811865E-1,0.E0,7.071067811865E-1));
#4877=DIRECTION('',(-7.071067811865E-1,0.E0,7.071067811865E-1));
#4878=AXIS2_PLACEMENT_3D('',#4875,#4876,#4877);
#4879=PLANE('',#4878);
#4880=ORIENTED_EDGE('',*,*,#4768,.F.);
#4882=ORIENTED_EDGE('',*,*,#4881,.T.);
#4883=ORIENTED_EDGE('',*,*,#4820,.T.);
#4884=ORIENTED_EDGE('',*,*,#4782,.T.);
#4885=EDGE_LOOP('',(#4880,#4882,#4883,#4884));
#4886=FACE_OUTER_BOUND('',#4885,.F.);
#4887=ADVANCED_FACE('',(#4886),#4879,.T.);
#4888=CARTESIAN_POINT('',(-5.7E0,3.105E0,-3.33E0));
#4889=DIRECTION('',(0.E0,7.071067811865E-1,7.071067811865E-1));
#4890=DIRECTION('',(0.E0,7.071067811865E-1,-7.071067811865E-1));
#4891=AXIS2_PLACEMENT_3D('',#4888,#4889,#4890);
#4892=PLANE('',#4891);
#4893=ORIENTED_EDGE('',*,*,#4766,.T.);
#4894=ORIENTED_EDGE('',*,*,#4753,.F.);
#4896=ORIENTED_EDGE('',*,*,#4895,.F.);
#4897=ORIENTED_EDGE('',*,*,#4881,.F.);
#4898=EDGE_LOOP('',(#4893,#4894,#4896,#4897));
#4899=FACE_OUTER_BOUND('',#4898,.F.);
#4900=ADVANCED_FACE('',(#4899),#4892,.T.);
#4901=CARTESIAN_POINT('',(-6.235E0,3.305E0,-1.853E1));
#4902=DIRECTION('',(0.E0,1.E0,0.E0));
#4903=DIRECTION('',(0.E0,0.E0,1.E0));
#4904=AXIS2_PLACEMENT_3D('',#4901,#4902,#4903);
#4905=PLANE('',#4904);
#4906=ORIENTED_EDGE('',*,*,#4895,.T.);
#4907=ORIENTED_EDGE('',*,*,#4692,.F.);
#4909=ORIENTED_EDGE('',*,*,#4908,.T.);
#4910=ORIENTED_EDGE('',*,*,#4822,.T.);
#4911=EDGE_LOOP('',(#4906,#4907,#4909,#4910));
#4912=FACE_OUTER_BOUND('',#4911,.F.);
#4913=ADVANCED_FACE('',(#4912),#4905,.T.);
#4914=CARTESIAN_POINT('',(-6.235E0,3.305E0,-1.853E1));
#4915=DIRECTION('',(0.E0,1.E0,0.E0));
#4916=DIRECTION('',(0.E0,0.E0,1.E0));
#4917=AXIS2_PLACEMENT_3D('',#4914,#4915,#4916);
#4918=PLANE('',#4917);
#4920=ORIENTED_EDGE('',*,*,#4919,.F.);
#4921=ORIENTED_EDGE('',*,*,#4855,.T.);
#4922=ORIENTED_EDGE('',*,*,#4064,.F.);
#4923=ORIENTED_EDGE('',*,*,#4720,.F.);
#4924=EDGE_LOOP('',(#4920,#4921,#4922,#4923));
#4925=FACE_OUTER_BOUND('',#4924,.F.);
#4926=ADVANCED_FACE('',(#4925),#4918,.T.);
#4927=CARTESIAN_POINT('',(0.E0,0.E0,-1.11E1));
#4928=DIRECTION('',(0.E0,0.E0,1.E0));
#4929=DIRECTION('',(1.E0,0.E0,0.E0));
#4930=AXIS2_PLACEMENT_3D('',#4927,#4928,#4929);
#4931=PLANE('',#4930);
#4933=ORIENTED_EDGE('',*,*,#4932,.F.);
#4935=ORIENTED_EDGE('',*,*,#4934,.F.);
#4937=ORIENTED_EDGE('',*,*,#4936,.F.);
#4939=ORIENTED_EDGE('',*,*,#4938,.F.);
#4941=ORIENTED_EDGE('',*,*,#4940,.F.);
#4942=EDGE_LOOP('',(#4933,#4935,#4937,#4939,#4941));
#4943=FACE_OUTER_BOUND('',#4942,.F.);
#4944=ORIENTED_EDGE('',*,*,#4706,.F.);
#4946=ORIENTED_EDGE('',*,*,#4945,.T.);
#4947=ORIENTED_EDGE('',*,*,#4839,.T.);
#4949=ORIENTED_EDGE('',*,*,#4948,.F.);
#4950=EDGE_LOOP('',(#4944,#4946,#4947,#4949));
#4951=FACE_BOUND('',#4950,.F.);
#4952=ADVANCED_FACE('',(#4943,#4951),#4931,.T.);
#4953=CARTESIAN_POINT('',(0.E0,0.E0,-1.11E1));
#4954=DIRECTION('',(0.E0,0.E0,1.E0));
#4955=DIRECTION('',(1.E0,0.E0,0.E0));
#4956=AXIS2_PLACEMENT_3D('',#4953,#4954,#4955);
#4957=PLANE('',#4956);
#4959=ORIENTED_EDGE('',*,*,#4958,.F.);
#4961=ORIENTED_EDGE('',*,*,#4960,.F.);
#4963=ORIENTED_EDGE('',*,*,#4962,.F.);
#4965=ORIENTED_EDGE('',*,*,#4964,.F.);
#4967=ORIENTED_EDGE('',*,*,#4966,.F.);
#4968=EDGE_LOOP('',(#4959,#4961,#4963,#4965,#4967));
#4969=FACE_OUTER_BOUND('',#4968,.F.);
#4970=ORIENTED_EDGE('',*,*,#4690,.F.);
#4971=ORIENTED_EDGE('',*,*,#4795,.T.);
#4972=ORIENTED_EDGE('',*,*,#4824,.T.);
#4973=ORIENTED_EDGE('',*,*,#4908,.F.);
#4974=EDGE_LOOP('',(#4970,#4971,#4972,#4973));
#4975=FACE_BOUND('',#4974,.F.);
#4976=ADVANCED_FACE('',(#4969,#4975),#4957,.T.);
#4977=CARTESIAN_POINT('',(-6.235E0,-3.465E0,-3.13E0));
#4978=DIRECTION('',(0.E0,-1.E0,0.E0));
#4979=DIRECTION('',(0.E0,0.E0,-1.E0));
#4980=AXIS2_PLACEMENT_3D('',#4977,#4978,#4979);
#4981=PLANE('',#4980);
#4983=ORIENTED_EDGE('',*,*,#4982,.F.);
#4984=ORIENTED_EDGE('',*,*,#4841,.T.);
#4985=ORIENTED_EDGE('',*,*,#4945,.F.);
#4986=ORIENTED_EDGE('',*,*,#4704,.F.);
#4987=EDGE_LOOP('',(#4983,#4984,#4985,#4986));
#4988=FACE_OUTER_BOUND('',#4987,.F.);
#4989=ADVANCED_FACE('',(#4988),#4981,.T.);
#4990=CARTESIAN_POINT('',(-6.235E0,-3.465E0,-3.13E0));
#4991=DIRECTION('',(0.E0,-1.E0,0.E0));
#4992=DIRECTION('',(0.E0,0.E0,-1.E0));
#4993=AXIS2_PLACEMENT_3D('',#4990,#4991,#4992);
#4994=PLANE('',#4993);
#4996=ORIENTED_EDGE('',*,*,#4995,.T.);
#4997=ORIENTED_EDGE('',*,*,#4738,.F.);
#4998=ORIENTED_EDGE('',*,*,#4058,.T.);
#4999=ORIENTED_EDGE('',*,*,#4867,.T.);
#5000=EDGE_LOOP('',(#4996,#4997,#4998,#4999));
#5001=FACE_OUTER_BOUND('',#5000,.F.);
#5002=ADVANCED_FACE('',(#5001),#4994,.T.);
#5003=CARTESIAN_POINT('',(-5.7E0,-3.265E0,-3.33E0));
#5004=DIRECTION('',(0.E0,-7.071067811865E-1,7.071067811865E-1));
#5005=DIRECTION('',(0.E0,7.071067811865E-1,7.071067811865E-1));
#5006=AXIS2_PLACEMENT_3D('',#5003,#5004,#5005);
#5007=PLANE('',#5006);
#5008=ORIENTED_EDGE('',*,*,#4982,.T.);
#5010=ORIENTED_EDGE('',*,*,#5009,.F.);
#5012=ORIENTED_EDGE('',*,*,#5011,.F.);
#5014=ORIENTED_EDGE('',*,*,#5013,.T.);
#5015=EDGE_LOOP('',(#5008,#5010,#5012,#5014));
#5016=FACE_OUTER_BOUND('',#5015,.F.);
#5017=ADVANCED_FACE('',(#5016),#5007,.T.);
#5018=CARTESIAN_POINT('',(-6.035E0,-2.93E0,-3.33E0));
#5019=DIRECTION('',(-7.071067811865E-1,0.E0,7.071067811865E-1));
#5020=DIRECTION('',(7.071067811865E-1,0.E0,7.071067811865E-1));
#5021=AXIS2_PLACEMENT_3D('',#5018,#5019,#5020);
#5022=PLANE('',#5021);
#5023=ORIENTED_EDGE('',*,*,#4702,.T.);
#5025=ORIENTED_EDGE('',*,*,#5024,.F.);
#5027=ORIENTED_EDGE('',*,*,#5026,.F.);
#5028=ORIENTED_EDGE('',*,*,#5009,.T.);
#5029=EDGE_LOOP('',(#5023,#5025,#5027,#5028));
#5030=FACE_OUTER_BOUND('',#5029,.F.);
#5031=ADVANCED_FACE('',(#5030),#5022,.T.);
#5032=CARTESIAN_POINT('',(-5.7E0,-2.595E0,-3.33E0));
#5033=DIRECTION('',(0.E0,7.071067811865E-1,7.071067811865E-1));
#5034=DIRECTION('',(0.E0,7.071067811865E-1,-7.071067811865E-1));
#5035=AXIS2_PLACEMENT_3D('',#5032,#5033,#5034);
#5036=PLANE('',#5035);
#5038=ORIENTED_EDGE('',*,*,#5037,.F.);
#5040=ORIENTED_EDGE('',*,*,#5039,.F.);
#5042=ORIENTED_EDGE('',*,*,#5041,.T.);
#5043=ORIENTED_EDGE('',*,*,#5024,.T.);
#5044=EDGE_LOOP('',(#5038,#5040,#5042,#5043));
#5045=FACE_OUTER_BOUND('',#5044,.F.);
#5046=ADVANCED_FACE('',(#5045),#5036,.T.);
#5047=CARTESIAN_POINT('',(-6.235E0,-2.395E0,-1.853E1));
#5048=DIRECTION('',(0.E0,1.E0,0.E0));
#5049=DIRECTION('',(0.E0,0.E0,1.E0));
#5050=AXIS2_PLACEMENT_3D('',#5047,#5048,#5049);
#5051=PLANE('',#5050);
#5052=ORIENTED_EDGE('',*,*,#5037,.T.);
#5053=ORIENTED_EDGE('',*,*,#4708,.F.);
#5054=ORIENTED_EDGE('',*,*,#4948,.T.);
#5055=ORIENTED_EDGE('',*,*,#4837,.T.);
#5056=EDGE_LOOP('',(#5052,#5053,#5054,#5055));
#5057=FACE_OUTER_BOUND('',#5056,.F.);
#5058=ADVANCED_FACE('',(#5057),#5051,.T.);
#5059=CARTESIAN_POINT('',(-6.235E0,-2.395E0,-1.853E1));
#5060=DIRECTION('',(0.E0,1.E0,0.E0));
#5061=DIRECTION('',(0.E0,0.E0,1.E0));
#5062=AXIS2_PLACEMENT_3D('',#5059,#5060,#5061);
#5063=PLANE('',#5062);
#5065=ORIENTED_EDGE('',*,*,#5064,.F.);
#5066=ORIENTED_EDGE('',*,*,#4870,.T.);
#5067=ORIENTED_EDGE('',*,*,#4054,.F.);
#5068=ORIENTED_EDGE('',*,*,#4735,.F.);
#5069=EDGE_LOOP('',(#5065,#5066,#5067,#5068));
#5070=FACE_OUTER_BOUND('',#5069,.F.);
#5071=ADVANCED_FACE('',(#5070),#5063,.T.);
#5072=CARTESIAN_POINT('',(-5.7E0,-2.595E0,-1.833E1));
#5073=DIRECTION('',(0.E0,7.071067811865E-1,-7.071067811865E-1));
#5074=DIRECTION('',(0.E0,-7.071067811865E-1,-7.071067811865E-1));
#5075=AXIS2_PLACEMENT_3D('',#5072,#5073,#5074);
#5076=PLANE('',#5075);
#5077=ORIENTED_EDGE('',*,*,#5064,.T.);
#5079=ORIENTED_EDGE('',*,*,#5078,.F.);
#5081=ORIENTED_EDGE('',*,*,#5080,.F.);
#5083=ORIENTED_EDGE('',*,*,#5082,.F.);
#5084=EDGE_LOOP('',(#5077,#5079,#5081,#5083));
#5085=FACE_OUTER_BOUND('',#5084,.F.);
#5086=ADVANCED_FACE('',(#5085),#5076,.T.);
#5087=CARTESIAN_POINT('',(-6.035E0,-2.93E0,-1.833E1));
#5088=DIRECTION('',(-7.071067811865E-1,0.E0,-7.071067811865E-1));
#5089=DIRECTION('',(7.071067811865E-1,0.E0,-7.071067811865E-1));
#5090=AXIS2_PLACEMENT_3D('',#5087,#5088,#5089);
#5091=PLANE('',#5090);
#5092=ORIENTED_EDGE('',*,*,#4733,.T.);
#5094=ORIENTED_EDGE('',*,*,#5093,.F.);
#5096=ORIENTED_EDGE('',*,*,#5095,.F.);
#5097=ORIENTED_EDGE('',*,*,#5078,.T.);
#5098=EDGE_LOOP('',(#5092,#5094,#5096,#5097));
#5099=FACE_OUTER_BOUND('',#5098,.F.);
#5100=ADVANCED_FACE('',(#5099),#5091,.T.);
#5101=CARTESIAN_POINT('',(-5.7E0,-3.265E0,-1.833E1));
#5102=DIRECTION('',(0.E0,-7.071067811865E-1,-7.071067811865E-1));
#5103=DIRECTION('',(0.E0,-7.071067811865E-1,7.071067811865E-1));
#5104=AXIS2_PLACEMENT_3D('',#5101,#5102,#5103);
#5105=PLANE('',#5104);
#5106=ORIENTED_EDGE('',*,*,#4995,.F.);
#5108=ORIENTED_EDGE('',*,*,#5107,.F.);
#5110=ORIENTED_EDGE('',*,*,#5109,.T.);
#5111=ORIENTED_EDGE('',*,*,#5093,.T.);
#5112=EDGE_LOOP('',(#5106,#5108,#5110,#5111));
#5113=FACE_OUTER_BOUND('',#5112,.F.);
#5114=ADVANCED_FACE('',(#5113),#5105,.T.);
#5115=CARTESIAN_POINT('',(-5.365E0,-2.93E0,-1.833E1));
#5116=DIRECTION('',(7.071067811865E-1,0.E0,-7.071067811865E-1));
#5117=DIRECTION('',(-7.071067811865E-1,0.E0,-7.071067811865E-1));
#5118=AXIS2_PLACEMENT_3D('',#5115,#5116,#5117);
#5119=PLANE('',#5118);
#5121=ORIENTED_EDGE('',*,*,#5120,.F.);
#5122=ORIENTED_EDGE('',*,*,#5107,.T.);
#5123=ORIENTED_EDGE('',*,*,#4865,.T.);
#5124=ORIENTED_EDGE('',*,*,#5082,.T.);
#5125=EDGE_LOOP('',(#5121,#5122,#5123,#5124));
#5126=FACE_OUTER_BOUND('',#5125,.F.);
#5127=ADVANCED_FACE('',(#5126),#5119,.T.);
#5128=CARTESIAN_POINT('',(-6.235E0,-3.465E0,-1.853E1));
#5129=DIRECTION('',(0.E0,0.E0,-1.E0));
#5130=DIRECTION('',(0.E0,1.E0,0.E0));
#5131=AXIS2_PLACEMENT_3D('',#5128,#5129,#5130);
#5132=PLANE('',#5131);
#5133=ORIENTED_EDGE('',*,*,#5080,.T.);
#5134=ORIENTED_EDGE('',*,*,#5095,.T.);
#5135=ORIENTED_EDGE('',*,*,#5109,.F.);
#5136=ORIENTED_EDGE('',*,*,#5120,.T.);
#5137=EDGE_LOOP('',(#5133,#5134,#5135,#5136));
#5138=FACE_OUTER_BOUND('',#5137,.F.);
#5139=ADVANCED_FACE('',(#5138),#5132,.T.);
#5140=CARTESIAN_POINT('',(-5.365E0,-2.93E0,-3.33E0));
#5141=DIRECTION('',(7.071067811865E-1,0.E0,7.071067811865E-1));
#5142=DIRECTION('',(-7.071067811865E-1,0.E0,7.071067811865E-1));
#5143=AXIS2_PLACEMENT_3D('',#5140,#5141,#5142);
#5144=PLANE('',#5143);
#5146=ORIENTED_EDGE('',*,*,#5145,.F.);
#5147=ORIENTED_EDGE('',*,*,#5039,.T.);
#5148=ORIENTED_EDGE('',*,*,#4835,.T.);
#5149=ORIENTED_EDGE('',*,*,#5013,.F.);
#5150=EDGE_LOOP('',(#5146,#5147,#5148,#5149));
#5151=FACE_OUTER_BOUND('',#5150,.F.);
#5152=ADVANCED_FACE('',(#5151),#5144,.T.);
#5153=CARTESIAN_POINT('',(-6.235E0,-2.395E0,-3.13E0));
#5154=DIRECTION('',(0.E0,0.E0,1.E0));
#5155=DIRECTION('',(0.E0,-1.E0,0.E0));
#5156=AXIS2_PLACEMENT_3D('',#5153,#5154,#5155);
#5157=PLANE('',#5156);
#5158=ORIENTED_EDGE('',*,*,#5011,.T.);
#5159=ORIENTED_EDGE('',*,*,#5026,.T.);
#5160=ORIENTED_EDGE('',*,*,#5041,.F.);
#5161=ORIENTED_EDGE('',*,*,#5145,.T.);
#5162=EDGE_LOOP('',(#5158,#5159,#5160,#5161));
#5163=FACE_OUTER_BOUND('',#5162,.F.);
#5164=ADVANCED_FACE('',(#5163),#5157,.T.);
#5165=CARTESIAN_POINT('',(-7.57E0,-4.685E0,-5.55E0));
#5166=DIRECTION('',(7.071067811865E-1,7.071067811865E-1,0.E0));
#5167=DIRECTION('',(7.071067811865E-1,-7.071067811865E-1,0.E0));
#5168=AXIS2_PLACEMENT_3D('',#5165,#5166,#5167);
#5169=PLANE('',#5168);
#5170=ORIENTED_EDGE('',*,*,#4932,.T.);
#5172=ORIENTED_EDGE('',*,*,#5171,.F.);
#5173=ORIENTED_EDGE('',*,*,#3603,.T.);
#5175=ORIENTED_EDGE('',*,*,#5174,.T.);
#5176=EDGE_LOOP('',(#5170,#5172,#5173,#5175));
#5177=FACE_OUTER_BOUND('',#5176,.F.);
#5178=ADVANCED_FACE('',(#5177),#5169,.T.);
#5179=CARTESIAN_POINT('',(-8.19E0,-5.305E0,0.E0));
#5180=DIRECTION('',(0.E0,-1.E0,0.E0));
#5181=DIRECTION('',(1.E0,0.E0,0.E0));
#5182=AXIS2_PLACEMENT_3D('',#5179,#5180,#5181);
#5183=PLANE('',#5182);
#5184=ORIENTED_EDGE('',*,*,#5171,.T.);
#5185=ORIENTED_EDGE('',*,*,#4940,.T.);
#5187=ORIENTED_EDGE('',*,*,#5186,.F.);
#5188=ORIENTED_EDGE('',*,*,#3605,.F.);
#5189=EDGE_LOOP('',(#5184,#5185,#5187,#5188));
#5190=FACE_OUTER_BOUND('',#5189,.F.);
#5191=ADVANCED_FACE('',(#5190),#5183,.F.);
#5192=CARTESIAN_POINT('',(-3.21E0,-5.305E0,0.E0));
#5193=DIRECTION('',(1.E0,0.E0,0.E0));
#5194=DIRECTION('',(0.E0,1.E0,0.E0));
#5195=AXIS2_PLACEMENT_3D('',#5192,#5193,#5194);
#5196=PLANE('',#5195);
#5197=ORIENTED_EDGE('',*,*,#3607,.F.);
#5198=ORIENTED_EDGE('',*,*,#5186,.T.);
#5199=ORIENTED_EDGE('',*,*,#4938,.T.);
#5201=ORIENTED_EDGE('',*,*,#5200,.F.);
#5202=EDGE_LOOP('',(#5197,#5198,#5199,#5201));
#5203=FACE_OUTER_BOUND('',#5202,.F.);
#5204=ADVANCED_FACE('',(#5203),#5196,.F.);
#5205=CARTESIAN_POINT('',(-3.21E0,-3.95E-1,0.E0));
#5206=DIRECTION('',(0.E0,1.E0,0.E0));
#5207=DIRECTION('',(-1.E0,0.E0,0.E0));
#5208=AXIS2_PLACEMENT_3D('',#5205,#5206,#5207);
#5209=PLANE('',#5208);
#5210=ORIENTED_EDGE('',*,*,#3609,.F.);
#5211=ORIENTED_EDGE('',*,*,#5200,.T.);
#5212=ORIENTED_EDGE('',*,*,#4936,.T.);
#5214=ORIENTED_EDGE('',*,*,#5213,.F.);
#5215=EDGE_LOOP('',(#5210,#5211,#5212,#5214));
#5216=FACE_OUTER_BOUND('',#5215,.F.);
#5217=ADVANCED_FACE('',(#5216),#5209,.F.);
#5218=CARTESIAN_POINT('',(-8.19E0,-3.95E-1,0.E0));
#5219=DIRECTION('',(-1.E0,0.E0,0.E0));
#5220=DIRECTION('',(0.E0,-1.E0,0.E0));
#5221=AXIS2_PLACEMENT_3D('',#5218,#5219,#5220);
#5222=PLANE('',#5221);
#5223=ORIENTED_EDGE('',*,*,#5174,.F.);
#5224=ORIENTED_EDGE('',*,*,#3601,.F.);
#5225=ORIENTED_EDGE('',*,*,#5213,.T.);
#5226=ORIENTED_EDGE('',*,*,#4934,.T.);
#5227=EDGE_LOOP('',(#5223,#5224,#5225,#5226));
#5228=FACE_OUTER_BOUND('',#5227,.F.);
#5229=ADVANCED_FACE('',(#5228),#5222,.F.);
#5230=CARTESIAN_POINT('',(-7.57E0,1.015E0,-5.55E0));
#5231=DIRECTION('',(7.071067811865E-1,7.071067811865E-1,0.E0));
#5232=DIRECTION('',(7.071067811865E-1,-7.071067811865E-1,0.E0));
#5233=AXIS2_PLACEMENT_3D('',#5230,#5231,#5232);
#5234=PLANE('',#5233);
#5235=ORIENTED_EDGE('',*,*,#4958,.T.);
#5237=ORIENTED_EDGE('',*,*,#5236,.F.);
#5238=ORIENTED_EDGE('',*,*,#3639,.T.);
#5240=ORIENTED_EDGE('',*,*,#5239,.T.);
#5241=EDGE_LOOP('',(#5235,#5237,#5238,#5240));
#5242=FACE_OUTER_BOUND('',#5241,.F.);
#5243=ADVANCED_FACE('',(#5242),#5234,.T.);
#5244=CARTESIAN_POINT('',(-8.19E0,3.95E-1,0.E0));
#5245=DIRECTION('',(0.E0,-1.E0,0.E0));
#5246=DIRECTION('',(1.E0,0.E0,0.E0));
#5247=AXIS2_PLACEMENT_3D('',#5244,#5245,#5246);
#5248=PLANE('',#5247);
#5249=ORIENTED_EDGE('',*,*,#5236,.T.);
#5250=ORIENTED_EDGE('',*,*,#4966,.T.);
#5252=ORIENTED_EDGE('',*,*,#5251,.F.);
#5253=ORIENTED_EDGE('',*,*,#3641,.F.);
#5254=EDGE_LOOP('',(#5249,#5250,#5252,#5253));
#5255=FACE_OUTER_BOUND('',#5254,.F.);
#5256=ADVANCED_FACE('',(#5255),#5248,.F.);
#5257=CARTESIAN_POINT('',(-3.21E0,3.95E-1,0.E0));
#5258=DIRECTION('',(1.E0,0.E0,0.E0));
#5259=DIRECTION('',(0.E0,1.E0,0.E0));
#5260=AXIS2_PLACEMENT_3D('',#5257,#5258,#5259);
#5261=PLANE('',#5260);
#5262=ORIENTED_EDGE('',*,*,#3643,.F.);
#5263=ORIENTED_EDGE('',*,*,#5251,.T.);
#5264=ORIENTED_EDGE('',*,*,#4964,.T.);
#5266=ORIENTED_EDGE('',*,*,#5265,.F.);
#5267=EDGE_LOOP('',(#5262,#5263,#5264,#5266));
#5268=FACE_OUTER_BOUND('',#5267,.F.);
#5269=ADVANCED_FACE('',(#5268),#5261,.F.);
#5270=CARTESIAN_POINT('',(-3.21E0,5.305E0,0.E0));
#5271=DIRECTION('',(0.E0,1.E0,0.E0));
#5272=DIRECTION('',(-1.E0,0.E0,0.E0));
#5273=AXIS2_PLACEMENT_3D('',#5270,#5271,#5272);
#5274=PLANE('',#5273);
#5275=ORIENTED_EDGE('',*,*,#3645,.F.);
#5276=ORIENTED_EDGE('',*,*,#5265,.T.);
#5277=ORIENTED_EDGE('',*,*,#4962,.T.);
#5279=ORIENTED_EDGE('',*,*,#5278,.F.);
#5280=EDGE_LOOP('',(#5275,#5276,#5277,#5279));
#5281=FACE_OUTER_BOUND('',#5280,.F.);
#5282=ADVANCED_FACE('',(#5281),#5274,.F.);
#5283=CARTESIAN_POINT('',(-8.19E0,5.305E0,0.E0));
#5284=DIRECTION('',(-1.E0,0.E0,0.E0));
#5285=DIRECTION('',(0.E0,-1.E0,0.E0));
#5286=AXIS2_PLACEMENT_3D('',#5283,#5284,#5285);
#5287=PLANE('',#5286);
#5288=ORIENTED_EDGE('',*,*,#5239,.F.);
#5289=ORIENTED_EDGE('',*,*,#3637,.F.);
#5290=ORIENTED_EDGE('',*,*,#5278,.T.);
#5291=ORIENTED_EDGE('',*,*,#4960,.T.);
#5292=EDGE_LOOP('',(#5288,#5289,#5290,#5291));
#5293=FACE_OUTER_BOUND('',#5292,.F.);
#5294=ADVANCED_FACE('',(#5293),#5287,.F.);
#5295=CARTESIAN_POINT('',(-5.7E0,3.105E0,-1.833E1));
#5296=DIRECTION('',(0.E0,7.071067811865E-1,-7.071067811865E-1));
#5297=DIRECTION('',(0.E0,-7.071067811865E-1,-7.071067811865E-1));
#5298=AXIS2_PLACEMENT_3D('',#5295,#5296,#5297);
#5299=PLANE('',#5298);
#5300=ORIENTED_EDGE('',*,*,#4919,.T.);
#5302=ORIENTED_EDGE('',*,*,#5301,.F.);
#5304=ORIENTED_EDGE('',*,*,#5303,.F.);
#5306=ORIENTED_EDGE('',*,*,#5305,.F.);
#5307=EDGE_LOOP('',(#5300,#5302,#5304,#5306));
#5308=FACE_OUTER_BOUND('',#5307,.F.);
#5309=ADVANCED_FACE('',(#5308),#5299,.T.);
#5310=CARTESIAN_POINT('',(-6.035E0,2.77E0,-1.833E1));
#5311=DIRECTION('',(-7.071067811865E-1,0.E0,-7.071067811865E-1));
#5312=DIRECTION('',(7.071067811865E-1,0.E0,-7.071067811865E-1));
#5313=AXIS2_PLACEMENT_3D('',#5310,#5311,#5312);
#5314=PLANE('',#5313);
#5315=ORIENTED_EDGE('',*,*,#4718,.T.);
#5317=ORIENTED_EDGE('',*,*,#5316,.F.);
#5319=ORIENTED_EDGE('',*,*,#5318,.F.);
#5320=ORIENTED_EDGE('',*,*,#5301,.T.);
#5321=EDGE_LOOP('',(#5315,#5317,#5319,#5320));
#5322=FACE_OUTER_BOUND('',#5321,.F.);
#5323=ADVANCED_FACE('',(#5322),#5314,.T.);
#5324=CARTESIAN_POINT('',(-5.7E0,2.435E0,-1.833E1));
#5325=DIRECTION('',(0.E0,-7.071067811865E-1,-7.071067811865E-1));
#5326=DIRECTION('',(0.E0,-7.071067811865E-1,7.071067811865E-1));
#5327=AXIS2_PLACEMENT_3D('',#5324,#5325,#5326);
#5328=PLANE('',#5327);
#5329=ORIENTED_EDGE('',*,*,#4806,.F.);
#5331=ORIENTED_EDGE('',*,*,#5330,.F.);
#5333=ORIENTED_EDGE('',*,*,#5332,.T.);
#5334=ORIENTED_EDGE('',*,*,#5316,.T.);
#5335=EDGE_LOOP('',(#5329,#5331,#5333,#5334));
#5336=FACE_OUTER_BOUND('',#5335,.F.);
#5337=ADVANCED_FACE('',(#5336),#5328,.T.);
#5338=CARTESIAN_POINT('',(-5.365E0,2.77E0,-1.833E1));
#5339=DIRECTION('',(7.071067811865E-1,0.E0,-7.071067811865E-1));
#5340=DIRECTION('',(-7.071067811865E-1,0.E0,-7.071067811865E-1));
#5341=AXIS2_PLACEMENT_3D('',#5338,#5339,#5340);
#5342=PLANE('',#5341);
#5344=ORIENTED_EDGE('',*,*,#5343,.F.);
#5345=ORIENTED_EDGE('',*,*,#5330,.T.);
#5346=ORIENTED_EDGE('',*,*,#4851,.T.);
#5347=ORIENTED_EDGE('',*,*,#5305,.T.);
#5348=EDGE_LOOP('',(#5344,#5345,#5346,#5347));
#5349=FACE_OUTER_BOUND('',#5348,.F.);
#5350=ADVANCED_FACE('',(#5349),#5342,.T.);
#5351=CARTESIAN_POINT('',(-6.235E0,2.235E0,-1.853E1));
#5352=DIRECTION('',(0.E0,0.E0,-1.E0));
#5353=DIRECTION('',(0.E0,1.E0,0.E0));
#5354=AXIS2_PLACEMENT_3D('',#5351,#5352,#5353);
#5355=PLANE('',#5354);
#5356=ORIENTED_EDGE('',*,*,#5303,.T.);
#5357=ORIENTED_EDGE('',*,*,#5318,.T.);
#5358=ORIENTED_EDGE('',*,*,#5332,.F.);
#5359=ORIENTED_EDGE('',*,*,#5343,.T.);
#5360=EDGE_LOOP('',(#5356,#5357,#5358,#5359));
#5361=FACE_OUTER_BOUND('',#5360,.F.);
#5362=ADVANCED_FACE('',(#5361),#5355,.T.);
#5363=CARTESIAN_POINT('',(-5.35E-1,0.E0,0.E0));
#5364=DIRECTION('',(1.E0,0.E0,0.E0));
#5365=DIRECTION('',(0.E0,0.E0,-1.E0));
#5366=AXIS2_PLACEMENT_3D('',#5363,#5364,#5365);
#5367=PLANE('',#5366);
#5369=ORIENTED_EDGE('',*,*,#5368,.F.);
#5371=ORIENTED_EDGE('',*,*,#5370,.T.);
#5373=ORIENTED_EDGE('',*,*,#5372,.T.);
#5375=ORIENTED_EDGE('',*,*,#5374,.T.);
#5376=EDGE_LOOP('',(#5369,#5371,#5373,#5375));
#5377=FACE_OUTER_BOUND('',#5376,.F.);
#5378=ADVANCED_FACE('',(#5377),#5367,.F.);
#5379=CARTESIAN_POINT('',(-5.35E-1,0.E0,0.E0));
#5380=DIRECTION('',(1.E0,0.E0,0.E0));
#5381=DIRECTION('',(0.E0,0.E0,-1.E0));
#5382=AXIS2_PLACEMENT_3D('',#5379,#5380,#5381);
#5383=PLANE('',#5382);
#5385=ORIENTED_EDGE('',*,*,#5384,.F.);
#5387=ORIENTED_EDGE('',*,*,#5386,.T.);
#5389=ORIENTED_EDGE('',*,*,#5388,.T.);
#5391=ORIENTED_EDGE('',*,*,#5390,.T.);
#5392=EDGE_LOOP('',(#5385,#5387,#5389,#5391));
#5393=FACE_OUTER_BOUND('',#5392,.F.);
#5394=ADVANCED_FACE('',(#5393),#5383,.F.);
#5395=CARTESIAN_POINT('',(-5.35E-1,0.E0,0.E0));
#5396=DIRECTION('',(1.E0,0.E0,0.E0));
#5397=DIRECTION('',(0.E0,0.E0,-1.E0));
#5398=AXIS2_PLACEMENT_3D('',#5395,#5396,#5397);
#5399=PLANE('',#5398);
#5401=ORIENTED_EDGE('',*,*,#5400,.F.);
#5403=ORIENTED_EDGE('',*,*,#5402,.T.);
#5404=ORIENTED_EDGE('',*,*,#4082,.F.);
#5406=ORIENTED_EDGE('',*,*,#5405,.T.);
#5407=EDGE_LOOP('',(#5401,#5403,#5404,#5406));
#5408=FACE_OUTER_BOUND('',#5407,.F.);
#5409=ADVANCED_FACE('',(#5408),#5399,.F.);
#5410=CARTESIAN_POINT('',(-5.35E-1,0.E0,0.E0));
#5411=DIRECTION('',(1.E0,0.E0,0.E0));
#5412=DIRECTION('',(0.E0,0.E0,-1.E0));
#5413=AXIS2_PLACEMENT_3D('',#5410,#5411,#5412);
#5414=PLANE('',#5413);
#5416=ORIENTED_EDGE('',*,*,#5415,.F.);
#5418=ORIENTED_EDGE('',*,*,#5417,.T.);
#5419=ORIENTED_EDGE('',*,*,#4072,.F.);
#5421=ORIENTED_EDGE('',*,*,#5420,.T.);
#5422=EDGE_LOOP('',(#5416,#5418,#5419,#5421));
#5423=FACE_OUTER_BOUND('',#5422,.F.);
#5424=ADVANCED_FACE('',(#5423),#5414,.F.);
#5425=CARTESIAN_POINT('',(-3.35E-1,2.77E0,-3.33E0));
#5426=DIRECTION('',(-7.071067811865E-1,0.E0,7.071067811865E-1));
#5427=DIRECTION('',(7.071067811865E-1,0.E0,7.071067811865E-1));
#5428=AXIS2_PLACEMENT_3D('',#5425,#5426,#5427);
#5429=PLANE('',#5428);
#5431=ORIENTED_EDGE('',*,*,#5430,.F.);
#5433=ORIENTED_EDGE('',*,*,#5432,.T.);
#5434=ORIENTED_EDGE('',*,*,#5368,.T.);
#5436=ORIENTED_EDGE('',*,*,#5435,.T.);
#5437=EDGE_LOOP('',(#5431,#5433,#5434,#5436));
#5438=FACE_OUTER_BOUND('',#5437,.F.);
#5439=ADVANCED_FACE('',(#5438),#5429,.T.);
#5440=CARTESIAN_POINT('',(-5.35E-1,3.305E0,-3.13E0));
#5441=DIRECTION('',(0.E0,0.E0,1.E0));
#5442=DIRECTION('',(0.E0,-1.E0,0.E0));
#5443=AXIS2_PLACEMENT_3D('',#5440,#5441,#5442);
#5444=PLANE('',#5443);
#5446=ORIENTED_EDGE('',*,*,#5445,.T.);
#5447=ORIENTED_EDGE('',*,*,#5430,.T.);
#5449=ORIENTED_EDGE('',*,*,#5448,.F.);
#5451=ORIENTED_EDGE('',*,*,#5450,.T.);
#5452=EDGE_LOOP('',(#5446,#5447,#5449,#5451));
#5453=FACE_OUTER_BOUND('',#5452,.F.);
#5454=ADVANCED_FACE('',(#5453),#5444,.T.);
#5455=CARTESIAN_POINT('',(-1.243449787580E-14,2.435E0,-3.33E0));
#5456=DIRECTION('',(0.E0,-7.071067811865E-1,7.071067811865E-1));
#5457=DIRECTION('',(0.E0,7.071067811865E-1,7.071067811865E-1));
#5458=AXIS2_PLACEMENT_3D('',#5455,#5456,#5457);
#5459=PLANE('',#5458);
#5461=ORIENTED_EDGE('',*,*,#5460,.T.);
#5462=ORIENTED_EDGE('',*,*,#5432,.F.);
#5463=ORIENTED_EDGE('',*,*,#5445,.F.);
#5465=ORIENTED_EDGE('',*,*,#5464,.F.);
#5466=EDGE_LOOP('',(#5461,#5462,#5463,#5465));
#5467=FACE_OUTER_BOUND('',#5466,.F.);
#5468=ADVANCED_FACE('',(#5467),#5459,.T.);
#5469=CARTESIAN_POINT('',(-5.35E-1,2.235E0,-3.13E0));
#5470=DIRECTION('',(0.E0,-1.E0,0.E0));
#5471=DIRECTION('',(0.E0,0.E0,-1.E0));
#5472=AXIS2_PLACEMENT_3D('',#5469,#5470,#5471);
#5473=PLANE('',#5472);
#5474=ORIENTED_EDGE('',*,*,#5460,.F.);
#5476=ORIENTED_EDGE('',*,*,#5475,.T.);
#5478=ORIENTED_EDGE('',*,*,#5477,.F.);
#5479=ORIENTED_EDGE('',*,*,#5370,.F.);
#5480=EDGE_LOOP('',(#5474,#5476,#5478,#5479));
#5481=FACE_OUTER_BOUND('',#5480,.F.);
#5482=ADVANCED_FACE('',(#5481),#5473,.T.);
#5483=CARTESIAN_POINT('',(-5.35E-1,2.235E0,-3.13E0));
#5484=DIRECTION('',(0.E0,-1.E0,0.E0));
#5485=DIRECTION('',(0.E0,0.E0,-1.E0));
#5486=AXIS2_PLACEMENT_3D('',#5483,#5484,#5485);
#5487=PLANE('',#5486);
#5489=ORIENTED_EDGE('',*,*,#5488,.T.);
#5490=ORIENTED_EDGE('',*,*,#5405,.F.);
#5491=ORIENTED_EDGE('',*,*,#4088,.T.);
#5493=ORIENTED_EDGE('',*,*,#5492,.T.);
#5494=EDGE_LOOP('',(#5489,#5490,#5491,#5493));
#5495=FACE_OUTER_BOUND('',#5494,.F.);
#5496=ADVANCED_FACE('',(#5495),#5487,.T.);
#5497=CARTESIAN_POINT('',(5.35E-1,0.E0,0.E0));
#5498=DIRECTION('',(1.E0,0.E0,0.E0));
#5499=DIRECTION('',(0.E0,0.E0,-1.E0));
#5500=AXIS2_PLACEMENT_3D('',#5497,#5498,#5499);
#5501=PLANE('',#5500);
#5503=ORIENTED_EDGE('',*,*,#5502,.F.);
#5505=ORIENTED_EDGE('',*,*,#5504,.F.);
#5507=ORIENTED_EDGE('',*,*,#5506,.F.);
#5508=ORIENTED_EDGE('',*,*,#5475,.F.);
#5509=EDGE_LOOP('',(#5503,#5505,#5507,#5508));
#5510=FACE_OUTER_BOUND('',#5509,.F.);
#5511=ADVANCED_FACE('',(#5510),#5501,.T.);
#5512=CARTESIAN_POINT('',(5.35E-1,0.E0,0.E0));
#5513=DIRECTION('',(1.E0,0.E0,0.E0));
#5514=DIRECTION('',(0.E0,0.E0,-1.E0));
#5515=AXIS2_PLACEMENT_3D('',#5512,#5513,#5514);
#5516=PLANE('',#5515);
#5518=ORIENTED_EDGE('',*,*,#5517,.F.);
#5520=ORIENTED_EDGE('',*,*,#5519,.F.);
#5522=ORIENTED_EDGE('',*,*,#5521,.F.);
#5524=ORIENTED_EDGE('',*,*,#5523,.F.);
#5525=EDGE_LOOP('',(#5518,#5520,#5522,#5524));
#5526=FACE_OUTER_BOUND('',#5525,.F.);
#5527=ADVANCED_FACE('',(#5526),#5516,.T.);
#5528=CARTESIAN_POINT('',(5.35E-1,0.E0,0.E0));
#5529=DIRECTION('',(1.E0,0.E0,0.E0));
#5530=DIRECTION('',(0.E0,0.E0,-1.E0));
#5531=AXIS2_PLACEMENT_3D('',#5528,#5529,#5530);
#5532=PLANE('',#5531);
#5534=ORIENTED_EDGE('',*,*,#5533,.F.);
#5535=ORIENTED_EDGE('',*,*,#5492,.F.);
#5536=ORIENTED_EDGE('',*,*,#4086,.T.);
#5538=ORIENTED_EDGE('',*,*,#5537,.F.);
#5539=EDGE_LOOP('',(#5534,#5535,#5536,#5538));
#5540=FACE_OUTER_BOUND('',#5539,.F.);
#5541=ADVANCED_FACE('',(#5540),#5532,.T.);
#5542=CARTESIAN_POINT('',(5.35E-1,0.E0,0.E0));
#5543=DIRECTION('',(1.E0,0.E0,0.E0));
#5544=DIRECTION('',(0.E0,0.E0,-1.E0));
#5545=AXIS2_PLACEMENT_3D('',#5542,#5543,#5544);
#5546=PLANE('',#5545);
#5548=ORIENTED_EDGE('',*,*,#5547,.F.);
#5550=ORIENTED_EDGE('',*,*,#5549,.F.);
#5551=ORIENTED_EDGE('',*,*,#4076,.T.);
#5553=ORIENTED_EDGE('',*,*,#5552,.F.);
#5554=EDGE_LOOP('',(#5548,#5550,#5551,#5553));
#5555=FACE_OUTER_BOUND('',#5554,.F.);
#5556=ADVANCED_FACE('',(#5555),#5546,.T.);
#5557=CARTESIAN_POINT('',(3.35E-1,2.77E0,-3.33E0));
#5558=DIRECTION('',(7.071067811865E-1,0.E0,7.071067811865E-1));
#5559=DIRECTION('',(-7.071067811865E-1,0.E0,7.071067811865E-1));
#5560=AXIS2_PLACEMENT_3D('',#5557,#5558,#5559);
#5561=PLANE('',#5560);
#5562=ORIENTED_EDGE('',*,*,#5450,.F.);
#5564=ORIENTED_EDGE('',*,*,#5563,.T.);
#5565=ORIENTED_EDGE('',*,*,#5502,.T.);
#5566=ORIENTED_EDGE('',*,*,#5464,.T.);
#5567=EDGE_LOOP('',(#5562,#5564,#5565,#5566));
#5568=FACE_OUTER_BOUND('',#5567,.F.);
#5569=ADVANCED_FACE('',(#5568),#5561,.T.);
#5570=CARTESIAN_POINT('',(0.E0,3.105E0,-3.33E0));
#5571=DIRECTION('',(0.E0,7.071067811865E-1,7.071067811865E-1));
#5572=DIRECTION('',(0.E0,7.071067811865E-1,-7.071067811865E-1));
#5573=AXIS2_PLACEMENT_3D('',#5570,#5571,#5572);
#5574=PLANE('',#5573);
#5575=ORIENTED_EDGE('',*,*,#5448,.T.);
#5576=ORIENTED_EDGE('',*,*,#5435,.F.);
#5578=ORIENTED_EDGE('',*,*,#5577,.F.);
#5579=ORIENTED_EDGE('',*,*,#5563,.F.);
#5580=EDGE_LOOP('',(#5575,#5576,#5578,#5579));
#5581=FACE_OUTER_BOUND('',#5580,.F.);
#5582=ADVANCED_FACE('',(#5581),#5574,.T.);
#5583=CARTESIAN_POINT('',(-5.35E-1,3.305E0,-1.853E1));
#5584=DIRECTION('',(0.E0,1.E0,0.E0));
#5585=DIRECTION('',(0.E0,0.E0,1.E0));
#5586=AXIS2_PLACEMENT_3D('',#5583,#5584,#5585);
#5587=PLANE('',#5586);
#5588=ORIENTED_EDGE('',*,*,#5577,.T.);
#5589=ORIENTED_EDGE('',*,*,#5374,.F.);
#5591=ORIENTED_EDGE('',*,*,#5590,.T.);
#5592=ORIENTED_EDGE('',*,*,#5504,.T.);
#5593=EDGE_LOOP('',(#5588,#5589,#5591,#5592));
#5594=FACE_OUTER_BOUND('',#5593,.F.);
#5595=ADVANCED_FACE('',(#5594),#5587,.T.);
#5596=CARTESIAN_POINT('',(-5.35E-1,3.305E0,-1.853E1));
#5597=DIRECTION('',(0.E0,1.E0,0.E0));
#5598=DIRECTION('',(0.E0,0.E0,1.E0));
#5599=AXIS2_PLACEMENT_3D('',#5596,#5597,#5598);
#5600=PLANE('',#5599);
#5602=ORIENTED_EDGE('',*,*,#5601,.F.);
#5603=ORIENTED_EDGE('',*,*,#5537,.T.);
#5604=ORIENTED_EDGE('',*,*,#4084,.F.);
#5605=ORIENTED_EDGE('',*,*,#5402,.F.);
#5606=EDGE_LOOP('',(#5602,#5603,#5604,#5605));
#5607=FACE_OUTER_BOUND('',#5606,.F.);
#5608=ADVANCED_FACE('',(#5607),#5600,.T.);
#5609=CARTESIAN_POINT('',(5.7E0,0.E0,-1.11E1));
#5610=DIRECTION('',(0.E0,0.E0,1.E0));
#5611=DIRECTION('',(1.E0,0.E0,0.E0));
#5612=AXIS2_PLACEMENT_3D('',#5609,#5610,#5611);
#5613=PLANE('',#5612);
#5615=ORIENTED_EDGE('',*,*,#5614,.F.);
#5617=ORIENTED_EDGE('',*,*,#5616,.F.);
#5619=ORIENTED_EDGE('',*,*,#5618,.F.);
#5621=ORIENTED_EDGE('',*,*,#5620,.F.);
#5623=ORIENTED_EDGE('',*,*,#5622,.F.);
#5624=EDGE_LOOP('',(#5615,#5617,#5619,#5621,#5623));
#5625=FACE_OUTER_BOUND('',#5624,.F.);
#5626=ORIENTED_EDGE('',*,*,#5388,.F.);
#5628=ORIENTED_EDGE('',*,*,#5627,.T.);
#5629=ORIENTED_EDGE('',*,*,#5521,.T.);
#5631=ORIENTED_EDGE('',*,*,#5630,.F.);
#5632=EDGE_LOOP('',(#5626,#5628,#5629,#5631));
#5633=FACE_BOUND('',#5632,.F.);
#5634=ADVANCED_FACE('',(#5625,#5633),#5613,.T.);
#5635=CARTESIAN_POINT('',(5.7E0,0.E0,-1.11E1));
#5636=DIRECTION('',(0.E0,0.E0,1.E0));
#5637=DIRECTION('',(1.E0,0.E0,0.E0));
#5638=AXIS2_PLACEMENT_3D('',#5635,#5636,#5637);
#5639=PLANE('',#5638);
#5641=ORIENTED_EDGE('',*,*,#5640,.F.);
#5643=ORIENTED_EDGE('',*,*,#5642,.F.);
#5645=ORIENTED_EDGE('',*,*,#5644,.F.);
#5647=ORIENTED_EDGE('',*,*,#5646,.F.);
#5649=ORIENTED_EDGE('',*,*,#5648,.F.);
#5650=EDGE_LOOP('',(#5641,#5643,#5645,#5647,#5649));
#5651=FACE_OUTER_BOUND('',#5650,.F.);
#5652=ORIENTED_EDGE('',*,*,#5372,.F.);
#5653=ORIENTED_EDGE('',*,*,#5477,.T.);
#5654=ORIENTED_EDGE('',*,*,#5506,.T.);
#5655=ORIENTED_EDGE('',*,*,#5590,.F.);
#5656=EDGE_LOOP('',(#5652,#5653,#5654,#5655));
#5657=FACE_BOUND('',#5656,.F.);
#5658=ADVANCED_FACE('',(#5651,#5657),#5639,.T.);
#5659=CARTESIAN_POINT('',(-5.35E-1,-3.465E0,-3.13E0));
#5660=DIRECTION('',(0.E0,-1.E0,0.E0));
#5661=DIRECTION('',(0.E0,0.E0,-1.E0));
#5662=AXIS2_PLACEMENT_3D('',#5659,#5660,#5661);
#5663=PLANE('',#5662);
#5665=ORIENTED_EDGE('',*,*,#5664,.F.);
#5666=ORIENTED_EDGE('',*,*,#5523,.T.);
#5667=ORIENTED_EDGE('',*,*,#5627,.F.);
#5668=ORIENTED_EDGE('',*,*,#5386,.F.);
#5669=EDGE_LOOP('',(#5665,#5666,#5667,#5668));
#5670=FACE_OUTER_BOUND('',#5669,.F.);
#5671=ADVANCED_FACE('',(#5670),#5663,.T.);
#5672=CARTESIAN_POINT('',(-5.35E-1,-3.465E0,-3.13E0));
#5673=DIRECTION('',(0.E0,-1.E0,0.E0));
#5674=DIRECTION('',(0.E0,0.E0,-1.E0));
#5675=AXIS2_PLACEMENT_3D('',#5672,#5673,#5674);
#5676=PLANE('',#5675);
#5678=ORIENTED_EDGE('',*,*,#5677,.T.);
#5679=ORIENTED_EDGE('',*,*,#5420,.F.);
#5680=ORIENTED_EDGE('',*,*,#4078,.T.);
#5681=ORIENTED_EDGE('',*,*,#5549,.T.);
#5682=EDGE_LOOP('',(#5678,#5679,#5680,#5681));
#5683=FACE_OUTER_BOUND('',#5682,.F.);
#5684=ADVANCED_FACE('',(#5683),#5676,.T.);
#5685=CARTESIAN_POINT('',(-1.065814103640E-14,-3.265E0,-3.33E0));
#5686=DIRECTION('',(0.E0,-7.071067811865E-1,7.071067811865E-1));
#5687=DIRECTION('',(0.E0,7.071067811865E-1,7.071067811865E-1));
#5688=AXIS2_PLACEMENT_3D('',#5685,#5686,#5687);
#5689=PLANE('',#5688);
#5690=ORIENTED_EDGE('',*,*,#5664,.T.);
#5692=ORIENTED_EDGE('',*,*,#5691,.F.);
#5694=ORIENTED_EDGE('',*,*,#5693,.F.);
#5696=ORIENTED_EDGE('',*,*,#5695,.T.);
#5697=EDGE_LOOP('',(#5690,#5692,#5694,#5696));
#5698=FACE_OUTER_BOUND('',#5697,.F.);
#5699=ADVANCED_FACE('',(#5698),#5689,.T.);
#5700=CARTESIAN_POINT('',(-3.35E-1,-2.93E0,-3.33E0));
#5701=DIRECTION('',(-7.071067811865E-1,0.E0,7.071067811865E-1));
#5702=DIRECTION('',(7.071067811865E-1,0.E0,7.071067811865E-1));
#5703=AXIS2_PLACEMENT_3D('',#5700,#5701,#5702);
#5704=PLANE('',#5703);
#5705=ORIENTED_EDGE('',*,*,#5384,.T.);
#5707=ORIENTED_EDGE('',*,*,#5706,.F.);
#5709=ORIENTED_EDGE('',*,*,#5708,.F.);
#5710=ORIENTED_EDGE('',*,*,#5691,.T.);
#5711=EDGE_LOOP('',(#5705,#5707,#5709,#5710));
#5712=FACE_OUTER_BOUND('',#5711,.F.);
#5713=ADVANCED_FACE('',(#5712),#5704,.T.);
#5714=CARTESIAN_POINT('',(0.E0,-2.595E0,-3.33E0));
#5715=DIRECTION('',(0.E0,7.071067811865E-1,7.071067811865E-1));
#5716=DIRECTION('',(0.E0,7.071067811865E-1,-7.071067811865E-1));
#5717=AXIS2_PLACEMENT_3D('',#5714,#5715,#5716);
#5718=PLANE('',#5717);
#5720=ORIENTED_EDGE('',*,*,#5719,.F.);
#5722=ORIENTED_EDGE('',*,*,#5721,.F.);
#5724=ORIENTED_EDGE('',*,*,#5723,.T.);
#5725=ORIENTED_EDGE('',*,*,#5706,.T.);
#5726=EDGE_LOOP('',(#5720,#5722,#5724,#5725));
#5727=FACE_OUTER_BOUND('',#5726,.F.);
#5728=ADVANCED_FACE('',(#5727),#5718,.T.);
#5729=CARTESIAN_POINT('',(-5.35E-1,-2.395E0,-1.853E1));
#5730=DIRECTION('',(0.E0,1.E0,0.E0));
#5731=DIRECTION('',(0.E0,0.E0,1.E0));
#5732=AXIS2_PLACEMENT_3D('',#5729,#5730,#5731);
#5733=PLANE('',#5732);
#5734=ORIENTED_EDGE('',*,*,#5719,.T.);
#5735=ORIENTED_EDGE('',*,*,#5390,.F.);
#5736=ORIENTED_EDGE('',*,*,#5630,.T.);
#5737=ORIENTED_EDGE('',*,*,#5519,.T.);
#5738=EDGE_LOOP('',(#5734,#5735,#5736,#5737));
#5739=FACE_OUTER_BOUND('',#5738,.F.);
#5740=ADVANCED_FACE('',(#5739),#5733,.T.);
#5741=CARTESIAN_POINT('',(-5.35E-1,-2.395E0,-1.853E1));
#5742=DIRECTION('',(0.E0,1.E0,0.E0));
#5743=DIRECTION('',(0.E0,0.E0,1.E0));
#5744=AXIS2_PLACEMENT_3D('',#5741,#5742,#5743);
#5745=PLANE('',#5744);
#5747=ORIENTED_EDGE('',*,*,#5746,.F.);
#5748=ORIENTED_EDGE('',*,*,#5552,.T.);
#5749=ORIENTED_EDGE('',*,*,#4074,.F.);
#5750=ORIENTED_EDGE('',*,*,#5417,.F.);
#5751=EDGE_LOOP('',(#5747,#5748,#5749,#5750));
#5752=FACE_OUTER_BOUND('',#5751,.F.);
#5753=ADVANCED_FACE('',(#5752),#5745,.T.);
#5754=CARTESIAN_POINT('',(0.E0,-2.595E0,-1.833E1));
#5755=DIRECTION('',(0.E0,7.071067811865E-1,-7.071067811865E-1));
#5756=DIRECTION('',(0.E0,-7.071067811865E-1,-7.071067811865E-1));
#5757=AXIS2_PLACEMENT_3D('',#5754,#5755,#5756);
#5758=PLANE('',#5757);
#5759=ORIENTED_EDGE('',*,*,#5746,.T.);
#5761=ORIENTED_EDGE('',*,*,#5760,.F.);
#5763=ORIENTED_EDGE('',*,*,#5762,.F.);
#5765=ORIENTED_EDGE('',*,*,#5764,.F.);
#5766=EDGE_LOOP('',(#5759,#5761,#5763,#5765));
#5767=FACE_OUTER_BOUND('',#5766,.F.);
#5768=ADVANCED_FACE('',(#5767),#5758,.T.);
#5769=CARTESIAN_POINT('',(-3.35E-1,-2.93E0,-1.833E1));
#5770=DIRECTION('',(-7.071067811865E-1,0.E0,-7.071067811865E-1));
#5771=DIRECTION('',(7.071067811865E-1,0.E0,-7.071067811865E-1));
#5772=AXIS2_PLACEMENT_3D('',#5769,#5770,#5771);
#5773=PLANE('',#5772);
#5774=ORIENTED_EDGE('',*,*,#5415,.T.);
#5776=ORIENTED_EDGE('',*,*,#5775,.F.);
#5778=ORIENTED_EDGE('',*,*,#5777,.F.);
#5779=ORIENTED_EDGE('',*,*,#5760,.T.);
#5780=EDGE_LOOP('',(#5774,#5776,#5778,#5779));
#5781=FACE_OUTER_BOUND('',#5780,.F.);
#5782=ADVANCED_FACE('',(#5781),#5773,.T.);
#5783=CARTESIAN_POINT('',(-1.065814103640E-14,-3.265E0,-1.833E1));
#5784=DIRECTION('',(0.E0,-7.071067811865E-1,-7.071067811865E-1));
#5785=DIRECTION('',(0.E0,-7.071067811865E-1,7.071067811865E-1));
#5786=AXIS2_PLACEMENT_3D('',#5783,#5784,#5785);
#5787=PLANE('',#5786);
#5788=ORIENTED_EDGE('',*,*,#5677,.F.);
#5790=ORIENTED_EDGE('',*,*,#5789,.F.);
#5792=ORIENTED_EDGE('',*,*,#5791,.T.);
#5793=ORIENTED_EDGE('',*,*,#5775,.T.);
#5794=EDGE_LOOP('',(#5788,#5790,#5792,#5793));
#5795=FACE_OUTER_BOUND('',#5794,.F.);
#5796=ADVANCED_FACE('',(#5795),#5787,.T.);
#5797=CARTESIAN_POINT('',(3.35E-1,-2.93E0,-1.833E1));
#5798=DIRECTION('',(7.071067811865E-1,0.E0,-7.071067811865E-1));
#5799=DIRECTION('',(-7.071067811865E-1,0.E0,-7.071067811865E-1));
#5800=AXIS2_PLACEMENT_3D('',#5797,#5798,#5799);
#5801=PLANE('',#5800);
#5803=ORIENTED_EDGE('',*,*,#5802,.F.);
#5804=ORIENTED_EDGE('',*,*,#5789,.T.);
#5805=ORIENTED_EDGE('',*,*,#5547,.T.);
#5806=ORIENTED_EDGE('',*,*,#5764,.T.);
#5807=EDGE_LOOP('',(#5803,#5804,#5805,#5806));
#5808=FACE_OUTER_BOUND('',#5807,.F.);
#5809=ADVANCED_FACE('',(#5808),#5801,.T.);
#5810=CARTESIAN_POINT('',(-5.35E-1,-3.465E0,-1.853E1));
#5811=DIRECTION('',(0.E0,0.E0,-1.E0));
#5812=DIRECTION('',(0.E0,1.E0,0.E0));
#5813=AXIS2_PLACEMENT_3D('',#5810,#5811,#5812);
#5814=PLANE('',#5813);
#5815=ORIENTED_EDGE('',*,*,#5762,.T.);
#5816=ORIENTED_EDGE('',*,*,#5777,.T.);
#5817=ORIENTED_EDGE('',*,*,#5791,.F.);
#5818=ORIENTED_EDGE('',*,*,#5802,.T.);
#5819=EDGE_LOOP('',(#5815,#5816,#5817,#5818));
#5820=FACE_OUTER_BOUND('',#5819,.F.);
#5821=ADVANCED_FACE('',(#5820),#5814,.T.);
#5822=CARTESIAN_POINT('',(3.35E-1,-2.93E0,-3.33E0));
#5823=DIRECTION('',(7.071067811865E-1,0.E0,7.071067811865E-1));
#5824=DIRECTION('',(-7.071067811865E-1,0.E0,7.071067811865E-1));
#5825=AXIS2_PLACEMENT_3D('',#5822,#5823,#5824);
#5826=PLANE('',#5825);
#5828=ORIENTED_EDGE('',*,*,#5827,.F.);
#5829=ORIENTED_EDGE('',*,*,#5721,.T.);
#5830=ORIENTED_EDGE('',*,*,#5517,.T.);
#5831=ORIENTED_EDGE('',*,*,#5695,.F.);
#5832=EDGE_LOOP('',(#5828,#5829,#5830,#5831));
#5833=FACE_OUTER_BOUND('',#5832,.F.);
#5834=ADVANCED_FACE('',(#5833),#5826,.T.);
#5835=CARTESIAN_POINT('',(-5.35E-1,-2.395E0,-3.13E0));
#5836=DIRECTION('',(0.E0,0.E0,1.E0));
#5837=DIRECTION('',(0.E0,-1.E0,0.E0));
#5838=AXIS2_PLACEMENT_3D('',#5835,#5836,#5837);
#5839=PLANE('',#5838);
#5840=ORIENTED_EDGE('',*,*,#5693,.T.);
#5841=ORIENTED_EDGE('',*,*,#5708,.T.);
#5842=ORIENTED_EDGE('',*,*,#5723,.F.);
#5843=ORIENTED_EDGE('',*,*,#5827,.T.);
#5844=EDGE_LOOP('',(#5840,#5841,#5842,#5843));
#5845=FACE_OUTER_BOUND('',#5844,.F.);
#5846=ADVANCED_FACE('',(#5845),#5839,.T.);
#5847=CARTESIAN_POINT('',(-1.87E0,-4.685E0,-5.55E0));
#5848=DIRECTION('',(7.071067811865E-1,7.071067811865E-1,0.E0));
#5849=DIRECTION('',(7.071067811865E-1,-7.071067811865E-1,0.E0));
#5850=AXIS2_PLACEMENT_3D('',#5847,#5848,#5849);
#5851=PLANE('',#5850);
#5852=ORIENTED_EDGE('',*,*,#5614,.T.);
#5854=ORIENTED_EDGE('',*,*,#5853,.F.);
#5855=ORIENTED_EDGE('',*,*,#3615,.T.);
#5857=ORIENTED_EDGE('',*,*,#5856,.T.);
#5858=EDGE_LOOP('',(#5852,#5854,#5855,#5857));
#5859=FACE_OUTER_BOUND('',#5858,.F.);
#5860=ADVANCED_FACE('',(#5859),#5851,.T.);
#5861=CARTESIAN_POINT('',(-2.49E0,-5.305E0,0.E0));
#5862=DIRECTION('',(0.E0,-1.E0,0.E0));
#5863=DIRECTION('',(1.E0,0.E0,0.E0));
#5864=AXIS2_PLACEMENT_3D('',#5861,#5862,#5863);
#5865=PLANE('',#5864);
#5866=ORIENTED_EDGE('',*,*,#5853,.T.);
#5867=ORIENTED_EDGE('',*,*,#5622,.T.);
#5869=ORIENTED_EDGE('',*,*,#5868,.F.);
#5870=ORIENTED_EDGE('',*,*,#3617,.F.);
#5871=EDGE_LOOP('',(#5866,#5867,#5869,#5870));
#5872=FACE_OUTER_BOUND('',#5871,.F.);
#5873=ADVANCED_FACE('',(#5872),#5865,.F.);
#5874=CARTESIAN_POINT('',(2.49E0,-5.305E0,0.E0));
#5875=DIRECTION('',(1.E0,0.E0,0.E0));
#5876=DIRECTION('',(0.E0,1.E0,0.E0));
#5877=AXIS2_PLACEMENT_3D('',#5874,#5875,#5876);
#5878=PLANE('',#5877);
#5879=ORIENTED_EDGE('',*,*,#3619,.F.);
#5880=ORIENTED_EDGE('',*,*,#5868,.T.);
#5881=ORIENTED_EDGE('',*,*,#5620,.T.);
#5883=ORIENTED_EDGE('',*,*,#5882,.F.);
#5884=EDGE_LOOP('',(#5879,#5880,#5881,#5883));
#5885=FACE_OUTER_BOUND('',#5884,.F.);
#5886=ADVANCED_FACE('',(#5885),#5878,.F.);
#5887=CARTESIAN_POINT('',(2.49E0,-3.95E-1,0.E0));
#5888=DIRECTION('',(0.E0,1.E0,0.E0));
#5889=DIRECTION('',(-1.E0,0.E0,0.E0));
#5890=AXIS2_PLACEMENT_3D('',#5887,#5888,#5889);
#5891=PLANE('',#5890);
#5892=ORIENTED_EDGE('',*,*,#3621,.F.);
#5893=ORIENTED_EDGE('',*,*,#5882,.T.);
#5894=ORIENTED_EDGE('',*,*,#5618,.T.);
#5896=ORIENTED_EDGE('',*,*,#5895,.F.);
#5897=EDGE_LOOP('',(#5892,#5893,#5894,#5896));
#5898=FACE_OUTER_BOUND('',#5897,.F.);
#5899=ADVANCED_FACE('',(#5898),#5891,.F.);
#5900=CARTESIAN_POINT('',(-2.49E0,-3.95E-1,0.E0));
#5901=DIRECTION('',(-1.E0,0.E0,0.E0));
#5902=DIRECTION('',(0.E0,-1.E0,0.E0));
#5903=AXIS2_PLACEMENT_3D('',#5900,#5901,#5902);
#5904=PLANE('',#5903);
#5905=ORIENTED_EDGE('',*,*,#5856,.F.);
#5906=ORIENTED_EDGE('',*,*,#3613,.F.);
#5907=ORIENTED_EDGE('',*,*,#5895,.T.);
#5908=ORIENTED_EDGE('',*,*,#5616,.T.);
#5909=EDGE_LOOP('',(#5905,#5906,#5907,#5908));
#5910=FACE_OUTER_BOUND('',#5909,.F.);
#5911=ADVANCED_FACE('',(#5910),#5904,.F.);
#5912=CARTESIAN_POINT('',(-1.87E0,1.015E0,-5.55E0));
#5913=DIRECTION('',(7.071067811865E-1,7.071067811865E-1,0.E0));
#5914=DIRECTION('',(7.071067811865E-1,-7.071067811865E-1,0.E0));
#5915=AXIS2_PLACEMENT_3D('',#5912,#5913,#5914);
#5916=PLANE('',#5915);
#5917=ORIENTED_EDGE('',*,*,#5640,.T.);
#5919=ORIENTED_EDGE('',*,*,#5918,.F.);
#5920=ORIENTED_EDGE('',*,*,#3651,.T.);
#5922=ORIENTED_EDGE('',*,*,#5921,.T.);
#5923=EDGE_LOOP('',(#5917,#5919,#5920,#5922));
#5924=FACE_OUTER_BOUND('',#5923,.F.);
#5925=ADVANCED_FACE('',(#5924),#5916,.T.);
#5926=CARTESIAN_POINT('',(-2.49E0,3.95E-1,0.E0));
#5927=DIRECTION('',(0.E0,-1.E0,0.E0));
#5928=DIRECTION('',(1.E0,0.E0,0.E0));
#5929=AXIS2_PLACEMENT_3D('',#5926,#5927,#5928);
#5930=PLANE('',#5929);
#5931=ORIENTED_EDGE('',*,*,#5918,.T.);
#5932=ORIENTED_EDGE('',*,*,#5648,.T.);
#5934=ORIENTED_EDGE('',*,*,#5933,.F.);
#5935=ORIENTED_EDGE('',*,*,#3653,.F.);
#5936=EDGE_LOOP('',(#5931,#5932,#5934,#5935));
#5937=FACE_OUTER_BOUND('',#5936,.F.);
#5938=ADVANCED_FACE('',(#5937),#5930,.F.);
#5939=CARTESIAN_POINT('',(2.49E0,3.95E-1,0.E0));
#5940=DIRECTION('',(1.E0,0.E0,0.E0));
#5941=DIRECTION('',(0.E0,1.E0,0.E0));
#5942=AXIS2_PLACEMENT_3D('',#5939,#5940,#5941);
#5943=PLANE('',#5942);
#5944=ORIENTED_EDGE('',*,*,#3655,.F.);
#5945=ORIENTED_EDGE('',*,*,#5933,.T.);
#5946=ORIENTED_EDGE('',*,*,#5646,.T.);
#5948=ORIENTED_EDGE('',*,*,#5947,.F.);
#5949=EDGE_LOOP('',(#5944,#5945,#5946,#5948));
#5950=FACE_OUTER_BOUND('',#5949,.F.);
#5951=ADVANCED_FACE('',(#5950),#5943,.F.);
#5952=CARTESIAN_POINT('',(2.49E0,5.305E0,0.E0));
#5953=DIRECTION('',(0.E0,1.E0,0.E0));
#5954=DIRECTION('',(-1.E0,0.E0,0.E0));
#5955=AXIS2_PLACEMENT_3D('',#5952,#5953,#5954);
#5956=PLANE('',#5955);
#5957=ORIENTED_EDGE('',*,*,#3657,.F.);
#5958=ORIENTED_EDGE('',*,*,#5947,.T.);
#5959=ORIENTED_EDGE('',*,*,#5644,.T.);
#5961=ORIENTED_EDGE('',*,*,#5960,.F.);
#5962=EDGE_LOOP('',(#5957,#5958,#5959,#5961));
#5963=FACE_OUTER_BOUND('',#5962,.F.);
#5964=ADVANCED_FACE('',(#5963),#5956,.F.);
#5965=CARTESIAN_POINT('',(-2.49E0,5.305E0,0.E0));
#5966=DIRECTION('',(-1.E0,0.E0,0.E0));
#5967=DIRECTION('',(0.E0,-1.E0,0.E0));
#5968=AXIS2_PLACEMENT_3D('',#5965,#5966,#5967);
#5969=PLANE('',#5968);
#5970=ORIENTED_EDGE('',*,*,#5921,.F.);
#5971=ORIENTED_EDGE('',*,*,#3649,.F.);
#5972=ORIENTED_EDGE('',*,*,#5960,.T.);
#5973=ORIENTED_EDGE('',*,*,#5642,.T.);
#5974=EDGE_LOOP('',(#5970,#5971,#5972,#5973));
#5975=FACE_OUTER_BOUND('',#5974,.F.);
#5976=ADVANCED_FACE('',(#5975),#5969,.F.);
#5977=CARTESIAN_POINT('',(0.E0,3.105E0,-1.833E1));
#5978=DIRECTION('',(0.E0,7.071067811865E-1,-7.071067811865E-1));
#5979=DIRECTION('',(0.E0,-7.071067811865E-1,-7.071067811865E-1));
#5980=AXIS2_PLACEMENT_3D('',#5977,#5978,#5979);
#5981=PLANE('',#5980);
#5982=ORIENTED_EDGE('',*,*,#5601,.T.);
#5984=ORIENTED_EDGE('',*,*,#5983,.F.);
#5986=ORIENTED_EDGE('',*,*,#5985,.F.);
#5988=ORIENTED_EDGE('',*,*,#5987,.F.);
#5989=EDGE_LOOP('',(#5982,#5984,#5986,#5988));
#5990=FACE_OUTER_BOUND('',#5989,.F.);
#5991=ADVANCED_FACE('',(#5990),#5981,.T.);
#5992=CARTESIAN_POINT('',(-3.35E-1,2.77E0,-1.833E1));
#5993=DIRECTION('',(-7.071067811865E-1,0.E0,-7.071067811865E-1));
#5994=DIRECTION('',(7.071067811865E-1,0.E0,-7.071067811865E-1));
#5995=AXIS2_PLACEMENT_3D('',#5992,#5993,#5994);
#5996=PLANE('',#5995);
#5997=ORIENTED_EDGE('',*,*,#5400,.T.);
#5999=ORIENTED_EDGE('',*,*,#5998,.F.);
#6001=ORIENTED_EDGE('',*,*,#6000,.F.);
#6002=ORIENTED_EDGE('',*,*,#5983,.T.);
#6003=EDGE_LOOP('',(#5997,#5999,#6001,#6002));
#6004=FACE_OUTER_BOUND('',#6003,.F.);
#6005=ADVANCED_FACE('',(#6004),#5996,.T.);
#6006=CARTESIAN_POINT('',(0.E0,2.435E0,-1.833E1));
#6007=DIRECTION('',(0.E0,-7.071067811865E-1,-7.071067811865E-1));
#6008=DIRECTION('',(0.E0,-7.071067811865E-1,7.071067811865E-1));
#6009=AXIS2_PLACEMENT_3D('',#6006,#6007,#6008);
#6010=PLANE('',#6009);
#6011=ORIENTED_EDGE('',*,*,#5488,.F.);
#6013=ORIENTED_EDGE('',*,*,#6012,.F.);
#6015=ORIENTED_EDGE('',*,*,#6014,.T.);
#6016=ORIENTED_EDGE('',*,*,#5998,.T.);
#6017=EDGE_LOOP('',(#6011,#6013,#6015,#6016));
#6018=FACE_OUTER_BOUND('',#6017,.F.);
#6019=ADVANCED_FACE('',(#6018),#6010,.T.);
#6020=CARTESIAN_POINT('',(3.35E-1,2.77E0,-1.833E1));
#6021=DIRECTION('',(7.071067811865E-1,0.E0,-7.071067811865E-1));
#6022=DIRECTION('',(-7.071067811865E-1,0.E0,-7.071067811865E-1));
#6023=AXIS2_PLACEMENT_3D('',#6020,#6021,#6022);
#6024=PLANE('',#6023);
#6026=ORIENTED_EDGE('',*,*,#6025,.F.);
#6027=ORIENTED_EDGE('',*,*,#6012,.T.);
#6028=ORIENTED_EDGE('',*,*,#5533,.T.);
#6029=ORIENTED_EDGE('',*,*,#5987,.T.);
#6030=EDGE_LOOP('',(#6026,#6027,#6028,#6029));
#6031=FACE_OUTER_BOUND('',#6030,.F.);
#6032=ADVANCED_FACE('',(#6031),#6024,.T.);
#6033=CARTESIAN_POINT('',(-5.35E-1,2.235E0,-1.853E1));
#6034=DIRECTION('',(0.E0,0.E0,-1.E0));
#6035=DIRECTION('',(0.E0,1.E0,0.E0));
#6036=AXIS2_PLACEMENT_3D('',#6033,#6034,#6035);
#6037=PLANE('',#6036);
#6038=ORIENTED_EDGE('',*,*,#5985,.T.);
#6039=ORIENTED_EDGE('',*,*,#6000,.T.);
#6040=ORIENTED_EDGE('',*,*,#6014,.F.);
#6041=ORIENTED_EDGE('',*,*,#6025,.T.);
#6042=EDGE_LOOP('',(#6038,#6039,#6040,#6041));
#6043=FACE_OUTER_BOUND('',#6042,.F.);
#6044=ADVANCED_FACE('',(#6043),#6037,.T.);
#6045=CARTESIAN_POINT('',(5.165E0,0.E0,0.E0));
#6046=DIRECTION('',(1.E0,0.E0,0.E0));
#6047=DIRECTION('',(0.E0,0.E0,-1.E0));
#6048=AXIS2_PLACEMENT_3D('',#6045,#6046,#6047);
#6049=PLANE('',#6048);
#6051=ORIENTED_EDGE('',*,*,#6050,.F.);
#6053=ORIENTED_EDGE('',*,*,#6052,.T.);
#6055=ORIENTED_EDGE('',*,*,#6054,.T.);
#6057=ORIENTED_EDGE('',*,*,#6056,.T.);
#6058=EDGE_LOOP('',(#6051,#6053,#6055,#6057));
#6059=FACE_OUTER_BOUND('',#6058,.F.);
#6060=ADVANCED_FACE('',(#6059),#6049,.F.);
#6061=CARTESIAN_POINT('',(5.165E0,0.E0,0.E0));
#6062=DIRECTION('',(1.E0,0.E0,0.E0));
#6063=DIRECTION('',(0.E0,0.E0,-1.E0));
#6064=AXIS2_PLACEMENT_3D('',#6061,#6062,#6063);
#6065=PLANE('',#6064);
#6067=ORIENTED_EDGE('',*,*,#6066,.F.);
#6069=ORIENTED_EDGE('',*,*,#6068,.T.);
#6071=ORIENTED_EDGE('',*,*,#6070,.T.);
#6073=ORIENTED_EDGE('',*,*,#6072,.T.);
#6074=EDGE_LOOP('',(#6067,#6069,#6071,#6073));
#6075=FACE_OUTER_BOUND('',#6074,.F.);
#6076=ADVANCED_FACE('',(#6075),#6065,.F.);
#6077=CARTESIAN_POINT('',(5.165E0,0.E0,0.E0));
#6078=DIRECTION('',(1.E0,0.E0,0.E0));
#6079=DIRECTION('',(0.E0,0.E0,-1.E0));
#6080=AXIS2_PLACEMENT_3D('',#6077,#6078,#6079);
#6081=PLANE('',#6080);
#6083=ORIENTED_EDGE('',*,*,#6082,.F.);
#6085=ORIENTED_EDGE('',*,*,#6084,.T.);
#6086=ORIENTED_EDGE('',*,*,#4102,.F.);
#6088=ORIENTED_EDGE('',*,*,#6087,.T.);
#6089=EDGE_LOOP('',(#6083,#6085,#6086,#6088));
#6090=FACE_OUTER_BOUND('',#6089,.F.);
#6091=ADVANCED_FACE('',(#6090),#6081,.F.);
#6092=CARTESIAN_POINT('',(5.165E0,0.E0,0.E0));
#6093=DIRECTION('',(1.E0,0.E0,0.E0));
#6094=DIRECTION('',(0.E0,0.E0,-1.E0));
#6095=AXIS2_PLACEMENT_3D('',#6092,#6093,#6094);
#6096=PLANE('',#6095);
#6098=ORIENTED_EDGE('',*,*,#6097,.F.);
#6100=ORIENTED_EDGE('',*,*,#6099,.T.);
#6101=ORIENTED_EDGE('',*,*,#4092,.F.);
#6103=ORIENTED_EDGE('',*,*,#6102,.T.);
#6104=EDGE_LOOP('',(#6098,#6100,#6101,#6103));
#6105=FACE_OUTER_BOUND('',#6104,.F.);
#6106=ADVANCED_FACE('',(#6105),#6096,.F.);
#6107=CARTESIAN_POINT('',(5.365E0,2.77E0,-3.33E0));
#6108=DIRECTION('',(-7.071067811865E-1,0.E0,7.071067811865E-1));
#6109=DIRECTION('',(7.071067811865E-1,0.E0,7.071067811865E-1));
#6110=AXIS2_PLACEMENT_3D('',#6107,#6108,#6109);
#6111=PLANE('',#6110);
#6113=ORIENTED_EDGE('',*,*,#6112,.F.);
#6115=ORIENTED_EDGE('',*,*,#6114,.T.);
#6116=ORIENTED_EDGE('',*,*,#6050,.T.);
#6118=ORIENTED_EDGE('',*,*,#6117,.T.);
#6119=EDGE_LOOP('',(#6113,#6115,#6116,#6118));
#6120=FACE_OUTER_BOUND('',#6119,.F.);
#6121=ADVANCED_FACE('',(#6120),#6111,.T.);
#6122=CARTESIAN_POINT('',(5.165E0,3.305E0,-3.13E0));
#6123=DIRECTION('',(0.E0,0.E0,1.E0));
#6124=DIRECTION('',(0.E0,-1.E0,0.E0));
#6125=AXIS2_PLACEMENT_3D('',#6122,#6123,#6124);
#6126=PLANE('',#6125);
#6128=ORIENTED_EDGE('',*,*,#6127,.T.);
#6129=ORIENTED_EDGE('',*,*,#6112,.T.);
#6131=ORIENTED_EDGE('',*,*,#6130,.F.);
#6133=ORIENTED_EDGE('',*,*,#6132,.T.);
#6134=EDGE_LOOP('',(#6128,#6129,#6131,#6133));
#6135=FACE_OUTER_BOUND('',#6134,.F.);
#6136=ADVANCED_FACE('',(#6135),#6126,.T.);
#6137=CARTESIAN_POINT('',(5.7E0,2.435E0,-3.33E0));
#6138=DIRECTION('',(0.E0,-7.071067811865E-1,7.071067811865E-1));
#6139=DIRECTION('',(0.E0,7.071067811865E-1,7.071067811865E-1));
#6140=AXIS2_PLACEMENT_3D('',#6137,#6138,#6139);
#6141=PLANE('',#6140);
#6143=ORIENTED_EDGE('',*,*,#6142,.T.);
#6144=ORIENTED_EDGE('',*,*,#6114,.F.);
#6145=ORIENTED_EDGE('',*,*,#6127,.F.);
#6147=ORIENTED_EDGE('',*,*,#6146,.F.);
#6148=EDGE_LOOP('',(#6143,#6144,#6145,#6147));
#6149=FACE_OUTER_BOUND('',#6148,.F.);
#6150=ADVANCED_FACE('',(#6149),#6141,.T.);
#6151=CARTESIAN_POINT('',(5.165E0,2.235E0,-3.13E0));
#6152=DIRECTION('',(0.E0,-1.E0,0.E0));
#6153=DIRECTION('',(0.E0,0.E0,-1.E0));
#6154=AXIS2_PLACEMENT_3D('',#6151,#6152,#6153);
#6155=PLANE('',#6154);
#6156=ORIENTED_EDGE('',*,*,#6142,.F.);
#6158=ORIENTED_EDGE('',*,*,#6157,.T.);
#6160=ORIENTED_EDGE('',*,*,#6159,.F.);
#6161=ORIENTED_EDGE('',*,*,#6052,.F.);
#6162=EDGE_LOOP('',(#6156,#6158,#6160,#6161));
#6163=FACE_OUTER_BOUND('',#6162,.F.);
#6164=ADVANCED_FACE('',(#6163),#6155,.T.);
#6165=CARTESIAN_POINT('',(5.165E0,2.235E0,-3.13E0));
#6166=DIRECTION('',(0.E0,-1.E0,0.E0));
#6167=DIRECTION('',(0.E0,0.E0,-1.E0));
#6168=AXIS2_PLACEMENT_3D('',#6165,#6166,#6167);
#6169=PLANE('',#6168);
#6171=ORIENTED_EDGE('',*,*,#6170,.T.);
#6172=ORIENTED_EDGE('',*,*,#6087,.F.);
#6173=ORIENTED_EDGE('',*,*,#4108,.T.);
#6175=ORIENTED_EDGE('',*,*,#6174,.T.);
#6176=EDGE_LOOP('',(#6171,#6172,#6173,#6175));
#6177=FACE_OUTER_BOUND('',#6176,.F.);
#6178=ADVANCED_FACE('',(#6177),#6169,.T.);
#6179=CARTESIAN_POINT('',(6.235E0,0.E0,0.E0));
#6180=DIRECTION('',(1.E0,0.E0,0.E0));
#6181=DIRECTION('',(0.E0,0.E0,-1.E0));
#6182=AXIS2_PLACEMENT_3D('',#6179,#6180,#6181);
#6183=PLANE('',#6182);
#6185=ORIENTED_EDGE('',*,*,#6184,.F.);
#6187=ORIENTED_EDGE('',*,*,#6186,.F.);
#6189=ORIENTED_EDGE('',*,*,#6188,.F.);
#6190=ORIENTED_EDGE('',*,*,#6157,.F.);
#6191=EDGE_LOOP('',(#6185,#6187,#6189,#6190));
#6192=FACE_OUTER_BOUND('',#6191,.F.);
#6193=ADVANCED_FACE('',(#6192),#6183,.T.);
#6194=CARTESIAN_POINT('',(6.235E0,0.E0,0.E0));
#6195=DIRECTION('',(1.E0,0.E0,0.E0));
#6196=DIRECTION('',(0.E0,0.E0,-1.E0));
#6197=AXIS2_PLACEMENT_3D('',#6194,#6195,#6196);
#6198=PLANE('',#6197);
#6200=ORIENTED_EDGE('',*,*,#6199,.F.);
#6202=ORIENTED_EDGE('',*,*,#6201,.F.);
#6204=ORIENTED_EDGE('',*,*,#6203,.F.);
#6206=ORIENTED_EDGE('',*,*,#6205,.F.);
#6207=EDGE_LOOP('',(#6200,#6202,#6204,#6206));
#6208=FACE_OUTER_BOUND('',#6207,.F.);
#6209=ADVANCED_FACE('',(#6208),#6198,.T.);
#6210=CARTESIAN_POINT('',(6.235E0,0.E0,0.E0));
#6211=DIRECTION('',(1.E0,0.E0,0.E0));
#6212=DIRECTION('',(0.E0,0.E0,-1.E0));
#6213=AXIS2_PLACEMENT_3D('',#6210,#6211,#6212);
#6214=PLANE('',#6213);
#6216=ORIENTED_EDGE('',*,*,#6215,.F.);
#6217=ORIENTED_EDGE('',*,*,#6174,.F.);
#6218=ORIENTED_EDGE('',*,*,#4106,.T.);
#6220=ORIENTED_EDGE('',*,*,#6219,.F.);
#6221=EDGE_LOOP('',(#6216,#6217,#6218,#6220));
#6222=FACE_OUTER_BOUND('',#6221,.F.);
#6223=ADVANCED_FACE('',(#6222),#6214,.T.);
#6224=CARTESIAN_POINT('',(6.235E0,0.E0,0.E0));
#6225=DIRECTION('',(1.E0,0.E0,0.E0));
#6226=DIRECTION('',(0.E0,0.E0,-1.E0));
#6227=AXIS2_PLACEMENT_3D('',#6224,#6225,#6226);
#6228=PLANE('',#6227);
#6230=ORIENTED_EDGE('',*,*,#6229,.F.);
#6232=ORIENTED_EDGE('',*,*,#6231,.F.);
#6233=ORIENTED_EDGE('',*,*,#4096,.T.);
#6235=ORIENTED_EDGE('',*,*,#6234,.F.);
#6236=EDGE_LOOP('',(#6230,#6232,#6233,#6235));
#6237=FACE_OUTER_BOUND('',#6236,.F.);
#6238=ADVANCED_FACE('',(#6237),#6228,.T.);
#6239=CARTESIAN_POINT('',(6.035E0,2.77E0,-3.33E0));
#6240=DIRECTION('',(7.071067811865E-1,0.E0,7.071067811865E-1));
#6241=DIRECTION('',(-7.071067811865E-1,0.E0,7.071067811865E-1));
#6242=AXIS2_PLACEMENT_3D('',#6239,#6240,#6241);
#6243=PLANE('',#6242);
#6244=ORIENTED_EDGE('',*,*,#6132,.F.);
#6246=ORIENTED_EDGE('',*,*,#6245,.T.);
#6247=ORIENTED_EDGE('',*,*,#6184,.T.);
#6248=ORIENTED_EDGE('',*,*,#6146,.T.);
#6249=EDGE_LOOP('',(#6244,#6246,#6247,#6248));
#6250=FACE_OUTER_BOUND('',#6249,.F.);
#6251=ADVANCED_FACE('',(#6250),#6243,.T.);
#6252=CARTESIAN_POINT('',(5.7E0,3.105E0,-3.33E0));
#6253=DIRECTION('',(0.E0,7.071067811865E-1,7.071067811865E-1));
#6254=DIRECTION('',(0.E0,7.071067811865E-1,-7.071067811865E-1));
#6255=AXIS2_PLACEMENT_3D('',#6252,#6253,#6254);
#6256=PLANE('',#6255);
#6257=ORIENTED_EDGE('',*,*,#6130,.T.);
#6258=ORIENTED_EDGE('',*,*,#6117,.F.);
#6260=ORIENTED_EDGE('',*,*,#6259,.F.);
#6261=ORIENTED_EDGE('',*,*,#6245,.F.);
#6262=EDGE_LOOP('',(#6257,#6258,#6260,#6261));
#6263=FACE_OUTER_BOUND('',#6262,.F.);
#6264=ADVANCED_FACE('',(#6263),#6256,.T.);
#6265=CARTESIAN_POINT('',(5.165E0,3.305E0,-1.853E1));
#6266=DIRECTION('',(0.E0,1.E0,0.E0));
#6267=DIRECTION('',(0.E0,0.E0,1.E0));
#6268=AXIS2_PLACEMENT_3D('',#6265,#6266,#6267);
#6269=PLANE('',#6268);
#6270=ORIENTED_EDGE('',*,*,#6259,.T.);
#6271=ORIENTED_EDGE('',*,*,#6056,.F.);
#6273=ORIENTED_EDGE('',*,*,#6272,.T.);
#6274=ORIENTED_EDGE('',*,*,#6186,.T.);
#6275=EDGE_LOOP('',(#6270,#6271,#6273,#6274));
#6276=FACE_OUTER_BOUND('',#6275,.F.);
#6277=ADVANCED_FACE('',(#6276),#6269,.T.);
#6278=CARTESIAN_POINT('',(5.165E0,3.305E0,-1.853E1));
#6279=DIRECTION('',(0.E0,1.E0,0.E0));
#6280=DIRECTION('',(0.E0,0.E0,1.E0));
#6281=AXIS2_PLACEMENT_3D('',#6278,#6279,#6280);
#6282=PLANE('',#6281);
#6284=ORIENTED_EDGE('',*,*,#6283,.F.);
#6285=ORIENTED_EDGE('',*,*,#6219,.T.);
#6286=ORIENTED_EDGE('',*,*,#4104,.F.);
#6287=ORIENTED_EDGE('',*,*,#6084,.F.);
#6288=EDGE_LOOP('',(#6284,#6285,#6286,#6287));
#6289=FACE_OUTER_BOUND('',#6288,.F.);
#6290=ADVANCED_FACE('',(#6289),#6282,.T.);
#6291=CARTESIAN_POINT('',(1.14E1,0.E0,-1.11E1));
#6292=DIRECTION('',(0.E0,0.E0,1.E0));
#6293=DIRECTION('',(1.E0,0.E0,0.E0));
#6294=AXIS2_PLACEMENT_3D('',#6291,#6292,#6293);
#6295=PLANE('',#6294);
#6297=ORIENTED_EDGE('',*,*,#6296,.F.);
#6299=ORIENTED_EDGE('',*,*,#6298,.F.);
#6301=ORIENTED_EDGE('',*,*,#6300,.F.);
#6303=ORIENTED_EDGE('',*,*,#6302,.F.);
#6305=ORIENTED_EDGE('',*,*,#6304,.F.);
#6306=EDGE_LOOP('',(#6297,#6299,#6301,#6303,#6305));
#6307=FACE_OUTER_BOUND('',#6306,.F.);
#6308=ORIENTED_EDGE('',*,*,#6070,.F.);
#6310=ORIENTED_EDGE('',*,*,#6309,.T.);
#6311=ORIENTED_EDGE('',*,*,#6203,.T.);
#6313=ORIENTED_EDGE('',*,*,#6312,.F.);
#6314=EDGE_LOOP('',(#6308,#6310,#6311,#6313));
#6315=FACE_BOUND('',#6314,.F.);
#6316=ADVANCED_FACE('',(#6307,#6315),#6295,.T.);
#6317=CARTESIAN_POINT('',(1.14E1,0.E0,-1.11E1));
#6318=DIRECTION('',(0.E0,0.E0,1.E0));
#6319=DIRECTION('',(1.E0,0.E0,0.E0));
#6320=AXIS2_PLACEMENT_3D('',#6317,#6318,#6319);
#6321=PLANE('',#6320);
#6323=ORIENTED_EDGE('',*,*,#6322,.F.);
#6325=ORIENTED_EDGE('',*,*,#6324,.F.);
#6327=ORIENTED_EDGE('',*,*,#6326,.F.);
#6329=ORIENTED_EDGE('',*,*,#6328,.F.);
#6331=ORIENTED_EDGE('',*,*,#6330,.F.);
#6332=EDGE_LOOP('',(#6323,#6325,#6327,#6329,#6331));
#6333=FACE_OUTER_BOUND('',#6332,.F.);
#6334=ORIENTED_EDGE('',*,*,#6054,.F.);
#6335=ORIENTED_EDGE('',*,*,#6159,.T.);
#6336=ORIENTED_EDGE('',*,*,#6188,.T.);
#6337=ORIENTED_EDGE('',*,*,#6272,.F.);
#6338=EDGE_LOOP('',(#6334,#6335,#6336,#6337));
#6339=FACE_BOUND('',#6338,.F.);
#6340=ADVANCED_FACE('',(#6333,#6339),#6321,.T.);
#6341=CARTESIAN_POINT('',(5.165E0,-3.465E0,-3.13E0));
#6342=DIRECTION('',(0.E0,-1.E0,0.E0));
#6343=DIRECTION('',(0.E0,0.E0,-1.E0));
#6344=AXIS2_PLACEMENT_3D('',#6341,#6342,#6343);
#6345=PLANE('',#6344);
#6347=ORIENTED_EDGE('',*,*,#6346,.F.);
#6348=ORIENTED_EDGE('',*,*,#6205,.T.);
#6349=ORIENTED_EDGE('',*,*,#6309,.F.);
#6350=ORIENTED_EDGE('',*,*,#6068,.F.);
#6351=EDGE_LOOP('',(#6347,#6348,#6349,#6350));
#6352=FACE_OUTER_BOUND('',#6351,.F.);
#6353=ADVANCED_FACE('',(#6352),#6345,.T.);
#6354=CARTESIAN_POINT('',(5.165E0,-3.465E0,-3.13E0));
#6355=DIRECTION('',(0.E0,-1.E0,0.E0));
#6356=DIRECTION('',(0.E0,0.E0,-1.E0));
#6357=AXIS2_PLACEMENT_3D('',#6354,#6355,#6356);
#6358=PLANE('',#6357);
#6360=ORIENTED_EDGE('',*,*,#6359,.T.);
#6361=ORIENTED_EDGE('',*,*,#6102,.F.);
#6362=ORIENTED_EDGE('',*,*,#4098,.T.);
#6363=ORIENTED_EDGE('',*,*,#6231,.T.);
#6364=EDGE_LOOP('',(#6360,#6361,#6362,#6363));
#6365=FACE_OUTER_BOUND('',#6364,.F.);
#6366=ADVANCED_FACE('',(#6365),#6358,.T.);
#6367=CARTESIAN_POINT('',(5.7E0,-3.265E0,-3.33E0));
#6368=DIRECTION('',(0.E0,-7.071067811865E-1,7.071067811865E-1));
#6369=DIRECTION('',(0.E0,7.071067811865E-1,7.071067811865E-1));
#6370=AXIS2_PLACEMENT_3D('',#6367,#6368,#6369);
#6371=PLANE('',#6370);
#6372=ORIENTED_EDGE('',*,*,#6346,.T.);
#6374=ORIENTED_EDGE('',*,*,#6373,.F.);
#6376=ORIENTED_EDGE('',*,*,#6375,.F.);
#6378=ORIENTED_EDGE('',*,*,#6377,.T.);
#6379=EDGE_LOOP('',(#6372,#6374,#6376,#6378));
#6380=FACE_OUTER_BOUND('',#6379,.F.);
#6381=ADVANCED_FACE('',(#6380),#6371,.T.);
#6382=CARTESIAN_POINT('',(5.365E0,-2.93E0,-3.33E0));
#6383=DIRECTION('',(-7.071067811865E-1,0.E0,7.071067811865E-1));
#6384=DIRECTION('',(7.071067811865E-1,0.E0,7.071067811865E-1));
#6385=AXIS2_PLACEMENT_3D('',#6382,#6383,#6384);
#6386=PLANE('',#6385);
#6387=ORIENTED_EDGE('',*,*,#6066,.T.);
#6389=ORIENTED_EDGE('',*,*,#6388,.F.);
#6391=ORIENTED_EDGE('',*,*,#6390,.F.);
#6392=ORIENTED_EDGE('',*,*,#6373,.T.);
#6393=EDGE_LOOP('',(#6387,#6389,#6391,#6392));
#6394=FACE_OUTER_BOUND('',#6393,.F.);
#6395=ADVANCED_FACE('',(#6394),#6386,.T.);
#6396=CARTESIAN_POINT('',(5.7E0,-2.595E0,-3.33E0));
#6397=DIRECTION('',(0.E0,7.071067811865E-1,7.071067811865E-1));
#6398=DIRECTION('',(0.E0,7.071067811865E-1,-7.071067811865E-1));
#6399=AXIS2_PLACEMENT_3D('',#6396,#6397,#6398);
#6400=PLANE('',#6399);
#6402=ORIENTED_EDGE('',*,*,#6401,.F.);
#6404=ORIENTED_EDGE('',*,*,#6403,.F.);
#6406=ORIENTED_EDGE('',*,*,#6405,.T.);
#6407=ORIENTED_EDGE('',*,*,#6388,.T.);
#6408=EDGE_LOOP('',(#6402,#6404,#6406,#6407));
#6409=FACE_OUTER_BOUND('',#6408,.F.);
#6410=ADVANCED_FACE('',(#6409),#6400,.T.);
#6411=CARTESIAN_POINT('',(5.165E0,-2.395E0,-1.853E1));
#6412=DIRECTION('',(0.E0,1.E0,0.E0));
#6413=DIRECTION('',(0.E0,0.E0,1.E0));
#6414=AXIS2_PLACEMENT_3D('',#6411,#6412,#6413);
#6415=PLANE('',#6414);
#6416=ORIENTED_EDGE('',*,*,#6401,.T.);
#6417=ORIENTED_EDGE('',*,*,#6072,.F.);
#6418=ORIENTED_EDGE('',*,*,#6312,.T.);
#6419=ORIENTED_EDGE('',*,*,#6201,.T.);
#6420=EDGE_LOOP('',(#6416,#6417,#6418,#6419));
#6421=FACE_OUTER_BOUND('',#6420,.F.);
#6422=ADVANCED_FACE('',(#6421),#6415,.T.);
#6423=CARTESIAN_POINT('',(5.165E0,-2.395E0,-1.853E1));
#6424=DIRECTION('',(0.E0,1.E0,0.E0));
#6425=DIRECTION('',(0.E0,0.E0,1.E0));
#6426=AXIS2_PLACEMENT_3D('',#6423,#6424,#6425);
#6427=PLANE('',#6426);
#6429=ORIENTED_EDGE('',*,*,#6428,.F.);
#6430=ORIENTED_EDGE('',*,*,#6234,.T.);
#6431=ORIENTED_EDGE('',*,*,#4094,.F.);
#6432=ORIENTED_EDGE('',*,*,#6099,.F.);
#6433=EDGE_LOOP('',(#6429,#6430,#6431,#6432));
#6434=FACE_OUTER_BOUND('',#6433,.F.);
#6435=ADVANCED_FACE('',(#6434),#6427,.T.);
#6436=CARTESIAN_POINT('',(5.7E0,-2.595E0,-1.833E1));
#6437=DIRECTION('',(0.E0,7.071067811865E-1,-7.071067811865E-1));
#6438=DIRECTION('',(0.E0,-7.071067811865E-1,-7.071067811865E-1));
#6439=AXIS2_PLACEMENT_3D('',#6436,#6437,#6438);
#6440=PLANE('',#6439);
#6441=ORIENTED_EDGE('',*,*,#6428,.T.);
#6443=ORIENTED_EDGE('',*,*,#6442,.F.);
#6445=ORIENTED_EDGE('',*,*,#6444,.F.);
#6447=ORIENTED_EDGE('',*,*,#6446,.F.);
#6448=EDGE_LOOP('',(#6441,#6443,#6445,#6447));
#6449=FACE_OUTER_BOUND('',#6448,.F.);
#6450=ADVANCED_FACE('',(#6449),#6440,.T.);
#6451=CARTESIAN_POINT('',(5.365E0,-2.93E0,-1.833E1));
#6452=DIRECTION('',(-7.071067811865E-1,0.E0,-7.071067811865E-1));
#6453=DIRECTION('',(7.071067811865E-1,0.E0,-7.071067811865E-1));
#6454=AXIS2_PLACEMENT_3D('',#6451,#6452,#6453);
#6455=PLANE('',#6454);
#6456=ORIENTED_EDGE('',*,*,#6097,.T.);
#6458=ORIENTED_EDGE('',*,*,#6457,.F.);
#6460=ORIENTED_EDGE('',*,*,#6459,.F.);
#6461=ORIENTED_EDGE('',*,*,#6442,.T.);
#6462=EDGE_LOOP('',(#6456,#6458,#6460,#6461));
#6463=FACE_OUTER_BOUND('',#6462,.F.);
#6464=ADVANCED_FACE('',(#6463),#6455,.T.);
#6465=CARTESIAN_POINT('',(5.7E0,-3.265E0,-1.833E1));
#6466=DIRECTION('',(0.E0,-7.071067811865E-1,-7.071067811865E-1));
#6467=DIRECTION('',(0.E0,-7.071067811865E-1,7.071067811865E-1));
#6468=AXIS2_PLACEMENT_3D('',#6465,#6466,#6467);
#6469=PLANE('',#6468);
#6470=ORIENTED_EDGE('',*,*,#6359,.F.);
#6472=ORIENTED_EDGE('',*,*,#6471,.F.);
#6474=ORIENTED_EDGE('',*,*,#6473,.T.);
#6475=ORIENTED_EDGE('',*,*,#6457,.T.);
#6476=EDGE_LOOP('',(#6470,#6472,#6474,#6475));
#6477=FACE_OUTER_BOUND('',#6476,.F.);
#6478=ADVANCED_FACE('',(#6477),#6469,.T.);
#6479=CARTESIAN_POINT('',(6.035E0,-2.93E0,-1.833E1));
#6480=DIRECTION('',(7.071067811865E-1,0.E0,-7.071067811865E-1));
#6481=DIRECTION('',(-7.071067811865E-1,0.E0,-7.071067811865E-1));
#6482=AXIS2_PLACEMENT_3D('',#6479,#6480,#6481);
#6483=PLANE('',#6482);
#6485=ORIENTED_EDGE('',*,*,#6484,.F.);
#6486=ORIENTED_EDGE('',*,*,#6471,.T.);
#6487=ORIENTED_EDGE('',*,*,#6229,.T.);
#6488=ORIENTED_EDGE('',*,*,#6446,.T.);
#6489=EDGE_LOOP('',(#6485,#6486,#6487,#6488));
#6490=FACE_OUTER_BOUND('',#6489,.F.);
#6491=ADVANCED_FACE('',(#6490),#6483,.T.);
#6492=CARTESIAN_POINT('',(5.165E0,-3.465E0,-1.853E1));
#6493=DIRECTION('',(0.E0,0.E0,-1.E0));
#6494=DIRECTION('',(0.E0,1.E0,0.E0));
#6495=AXIS2_PLACEMENT_3D('',#6492,#6493,#6494);
#6496=PLANE('',#6495);
#6497=ORIENTED_EDGE('',*,*,#6444,.T.);
#6498=ORIENTED_EDGE('',*,*,#6459,.T.);
#6499=ORIENTED_EDGE('',*,*,#6473,.F.);
#6500=ORIENTED_EDGE('',*,*,#6484,.T.);
#6501=EDGE_LOOP('',(#6497,#6498,#6499,#6500));
#6502=FACE_OUTER_BOUND('',#6501,.F.);
#6503=ADVANCED_FACE('',(#6502),#6496,.T.);
#6504=CARTESIAN_POINT('',(6.035E0,-2.93E0,-3.33E0));
#6505=DIRECTION('',(7.071067811865E-1,0.E0,7.071067811865E-1));
#6506=DIRECTION('',(-7.071067811865E-1,0.E0,7.071067811865E-1));
#6507=AXIS2_PLACEMENT_3D('',#6504,#6505,#6506);
#6508=PLANE('',#6507);
#6510=ORIENTED_EDGE('',*,*,#6509,.F.);
#6511=ORIENTED_EDGE('',*,*,#6403,.T.);
#6512=ORIENTED_EDGE('',*,*,#6199,.T.);
#6513=ORIENTED_EDGE('',*,*,#6377,.F.);
#6514=EDGE_LOOP('',(#6510,#6511,#6512,#6513));
#6515=FACE_OUTER_BOUND('',#6514,.F.);
#6516=ADVANCED_FACE('',(#6515),#6508,.T.);
#6517=CARTESIAN_POINT('',(5.165E0,-2.395E0,-3.13E0));
#6518=DIRECTION('',(0.E0,0.E0,1.E0));
#6519=DIRECTION('',(0.E0,-1.E0,0.E0));
#6520=AXIS2_PLACEMENT_3D('',#6517,#6518,#6519);
#6521=PLANE('',#6520);
#6522=ORIENTED_EDGE('',*,*,#6375,.T.);
#6523=ORIENTED_EDGE('',*,*,#6390,.T.);
#6524=ORIENTED_EDGE('',*,*,#6405,.F.);
#6525=ORIENTED_EDGE('',*,*,#6509,.T.);
#6526=EDGE_LOOP('',(#6522,#6523,#6524,#6525));
#6527=FACE_OUTER_BOUND('',#6526,.F.);
#6528=ADVANCED_FACE('',(#6527),#6521,.T.);
#6529=CARTESIAN_POINT('',(3.83E0,-4.685E0,-5.55E0));
#6530=DIRECTION('',(7.071067811865E-1,7.071067811865E-1,0.E0));
#6531=DIRECTION('',(7.071067811865E-1,-7.071067811865E-1,0.E0));
#6532=AXIS2_PLACEMENT_3D('',#6529,#6530,#6531);
#6533=PLANE('',#6532);
#6534=ORIENTED_EDGE('',*,*,#6296,.T.);
#6536=ORIENTED_EDGE('',*,*,#6535,.F.);
#6537=ORIENTED_EDGE('',*,*,#3627,.T.);
#6539=ORIENTED_EDGE('',*,*,#6538,.T.);
#6540=EDGE_LOOP('',(#6534,#6536,#6537,#6539));
#6541=FACE_OUTER_BOUND('',#6540,.F.);
#6542=ADVANCED_FACE('',(#6541),#6533,.T.);
#6543=CARTESIAN_POINT('',(3.21E0,-5.305E0,0.E0));
#6544=DIRECTION('',(0.E0,-1.E0,0.E0));
#6545=DIRECTION('',(1.E0,0.E0,0.E0));
#6546=AXIS2_PLACEMENT_3D('',#6543,#6544,#6545);
#6547=PLANE('',#6546);
#6548=ORIENTED_EDGE('',*,*,#6535,.T.);
#6549=ORIENTED_EDGE('',*,*,#6304,.T.);
#6551=ORIENTED_EDGE('',*,*,#6550,.F.);
#6552=ORIENTED_EDGE('',*,*,#3629,.F.);
#6553=EDGE_LOOP('',(#6548,#6549,#6551,#6552));
#6554=FACE_OUTER_BOUND('',#6553,.F.);
#6555=ADVANCED_FACE('',(#6554),#6547,.F.);
#6556=CARTESIAN_POINT('',(8.19E0,-5.305E0,0.E0));
#6557=DIRECTION('',(1.E0,0.E0,0.E0));
#6558=DIRECTION('',(0.E0,1.E0,0.E0));
#6559=AXIS2_PLACEMENT_3D('',#6556,#6557,#6558);
#6560=PLANE('',#6559);
#6561=ORIENTED_EDGE('',*,*,#3631,.F.);
#6562=ORIENTED_EDGE('',*,*,#6550,.T.);
#6563=ORIENTED_EDGE('',*,*,#6302,.T.);
#6565=ORIENTED_EDGE('',*,*,#6564,.F.);
#6566=EDGE_LOOP('',(#6561,#6562,#6563,#6565));
#6567=FACE_OUTER_BOUND('',#6566,.F.);
#6568=ADVANCED_FACE('',(#6567),#6560,.F.);
#6569=CARTESIAN_POINT('',(8.19E0,-3.95E-1,0.E0));
#6570=DIRECTION('',(0.E0,1.E0,0.E0));
#6571=DIRECTION('',(-1.E0,0.E0,0.E0));
#6572=AXIS2_PLACEMENT_3D('',#6569,#6570,#6571);
#6573=PLANE('',#6572);
#6574=ORIENTED_EDGE('',*,*,#3633,.F.);
#6575=ORIENTED_EDGE('',*,*,#6564,.T.);
#6576=ORIENTED_EDGE('',*,*,#6300,.T.);
#6578=ORIENTED_EDGE('',*,*,#6577,.F.);
#6579=EDGE_LOOP('',(#6574,#6575,#6576,#6578));
#6580=FACE_OUTER_BOUND('',#6579,.F.);
#6581=ADVANCED_FACE('',(#6580),#6573,.F.);
#6582=CARTESIAN_POINT('',(3.21E0,-3.95E-1,0.E0));
#6583=DIRECTION('',(-1.E0,0.E0,0.E0));
#6584=DIRECTION('',(0.E0,-1.E0,0.E0));
#6585=AXIS2_PLACEMENT_3D('',#6582,#6583,#6584);
#6586=PLANE('',#6585);
#6587=ORIENTED_EDGE('',*,*,#6538,.F.);
#6588=ORIENTED_EDGE('',*,*,#3625,.F.);
#6589=ORIENTED_EDGE('',*,*,#6577,.T.);
#6590=ORIENTED_EDGE('',*,*,#6298,.T.);
#6591=EDGE_LOOP('',(#6587,#6588,#6589,#6590));
#6592=FACE_OUTER_BOUND('',#6591,.F.);
#6593=ADVANCED_FACE('',(#6592),#6586,.F.);
#6594=CARTESIAN_POINT('',(7.57E0,1.015E0,-5.55E0));
#6595=DIRECTION('',(-7.071067811865E-1,7.071067811865E-1,0.E0));
#6596=DIRECTION('',(7.071067811865E-1,7.071067811865E-1,0.E0));
#6597=AXIS2_PLACEMENT_3D('',#6594,#6595,#6596);
#6598=PLANE('',#6597);
#6599=ORIENTED_EDGE('',*,*,#6322,.T.);
#6601=ORIENTED_EDGE('',*,*,#6600,.F.);
#6602=ORIENTED_EDGE('',*,*,#3663,.T.);
#6604=ORIENTED_EDGE('',*,*,#6603,.T.);
#6605=EDGE_LOOP('',(#6599,#6601,#6602,#6604));
#6606=FACE_OUTER_BOUND('',#6605,.F.);
#6607=ADVANCED_FACE('',(#6606),#6598,.T.);
#6608=CARTESIAN_POINT('',(8.19E0,3.95E-1,0.E0));
#6609=DIRECTION('',(1.E0,0.E0,0.E0));
#6610=DIRECTION('',(0.E0,1.E0,0.E0));
#6611=AXIS2_PLACEMENT_3D('',#6608,#6609,#6610);
#6612=PLANE('',#6611);
#6613=ORIENTED_EDGE('',*,*,#6600,.T.);
#6614=ORIENTED_EDGE('',*,*,#6330,.T.);
#6616=ORIENTED_EDGE('',*,*,#6615,.F.);
#6617=ORIENTED_EDGE('',*,*,#3665,.F.);
#6618=EDGE_LOOP('',(#6613,#6614,#6616,#6617));
#6619=FACE_OUTER_BOUND('',#6618,.F.);
#6620=ADVANCED_FACE('',(#6619),#6612,.F.);
#6621=CARTESIAN_POINT('',(8.19E0,5.305E0,0.E0));
#6622=DIRECTION('',(0.E0,1.E0,0.E0));
#6623=DIRECTION('',(-1.E0,0.E0,0.E0));
#6624=AXIS2_PLACEMENT_3D('',#6621,#6622,#6623);
#6625=PLANE('',#6624);
#6626=ORIENTED_EDGE('',*,*,#3667,.F.);
#6627=ORIENTED_EDGE('',*,*,#6615,.T.);
#6628=ORIENTED_EDGE('',*,*,#6328,.T.);
#6630=ORIENTED_EDGE('',*,*,#6629,.F.);
#6631=EDGE_LOOP('',(#6626,#6627,#6628,#6630));
#6632=FACE_OUTER_BOUND('',#6631,.F.);
#6633=ADVANCED_FACE('',(#6632),#6625,.F.);
#6634=CARTESIAN_POINT('',(3.21E0,5.305E0,0.E0));
#6635=DIRECTION('',(-1.E0,0.E0,0.E0));
#6636=DIRECTION('',(0.E0,-1.E0,0.E0));
#6637=AXIS2_PLACEMENT_3D('',#6634,#6635,#6636);
#6638=PLANE('',#6637);
#6639=ORIENTED_EDGE('',*,*,#3669,.F.);
#6640=ORIENTED_EDGE('',*,*,#6629,.T.);
#6641=ORIENTED_EDGE('',*,*,#6326,.T.);
#6643=ORIENTED_EDGE('',*,*,#6642,.F.);
#6644=EDGE_LOOP('',(#6639,#6640,#6641,#6643));
#6645=FACE_OUTER_BOUND('',#6644,.F.);
#6646=ADVANCED_FACE('',(#6645),#6638,.F.);
#6647=CARTESIAN_POINT('',(3.21E0,3.95E-1,0.E0));
#6648=DIRECTION('',(0.E0,-1.E0,0.E0));
#6649=DIRECTION('',(1.E0,0.E0,0.E0));
#6650=AXIS2_PLACEMENT_3D('',#6647,#6648,#6649);
#6651=PLANE('',#6650);
#6652=ORIENTED_EDGE('',*,*,#6603,.F.);
#6653=ORIENTED_EDGE('',*,*,#3661,.F.);
#6654=ORIENTED_EDGE('',*,*,#6642,.T.);
#6655=ORIENTED_EDGE('',*,*,#6324,.T.);
#6656=EDGE_LOOP('',(#6652,#6653,#6654,#6655));
#6657=FACE_OUTER_BOUND('',#6656,.F.);
#6658=ADVANCED_FACE('',(#6657),#6651,.F.);
#6659=CARTESIAN_POINT('',(5.7E0,3.105E0,-1.833E1));
#6660=DIRECTION('',(0.E0,7.071067811865E-1,-7.071067811865E-1));
#6661=DIRECTION('',(0.E0,-7.071067811865E-1,-7.071067811865E-1));
#6662=AXIS2_PLACEMENT_3D('',#6659,#6660,#6661);
#6663=PLANE('',#6662);
#6664=ORIENTED_EDGE('',*,*,#6283,.T.);
#6666=ORIENTED_EDGE('',*,*,#6665,.F.);
#6668=ORIENTED_EDGE('',*,*,#6667,.F.);
#6670=ORIENTED_EDGE('',*,*,#6669,.F.);
#6671=EDGE_LOOP('',(#6664,#6666,#6668,#6670));
#6672=FACE_OUTER_BOUND('',#6671,.F.);
#6673=ADVANCED_FACE('',(#6672),#6663,.T.);
#6674=CARTESIAN_POINT('',(5.365E0,2.77E0,-1.833E1));
#6675=DIRECTION('',(-7.071067811865E-1,0.E0,-7.071067811865E-1));
#6676=DIRECTION('',(7.071067811865E-1,0.E0,-7.071067811865E-1));
#6677=AXIS2_PLACEMENT_3D('',#6674,#6675,#6676);
#6678=PLANE('',#6677);
#6679=ORIENTED_EDGE('',*,*,#6082,.T.);
#6681=ORIENTED_EDGE('',*,*,#6680,.F.);
#6683=ORIENTED_EDGE('',*,*,#6682,.F.);
#6684=ORIENTED_EDGE('',*,*,#6665,.T.);
#6685=EDGE_LOOP('',(#6679,#6681,#6683,#6684));
#6686=FACE_OUTER_BOUND('',#6685,.F.);
#6687=ADVANCED_FACE('',(#6686),#6678,.T.);
#6688=CARTESIAN_POINT('',(5.7E0,2.435E0,-1.833E1));
#6689=DIRECTION('',(0.E0,-7.071067811865E-1,-7.071067811865E-1));
#6690=DIRECTION('',(0.E0,-7.071067811865E-1,7.071067811865E-1));
#6691=AXIS2_PLACEMENT_3D('',#6688,#6689,#6690);
#6692=PLANE('',#6691);
#6693=ORIENTED_EDGE('',*,*,#6170,.F.);
#6695=ORIENTED_EDGE('',*,*,#6694,.F.);
#6697=ORIENTED_EDGE('',*,*,#6696,.T.);
#6698=ORIENTED_EDGE('',*,*,#6680,.T.);
#6699=EDGE_LOOP('',(#6693,#6695,#6697,#6698));
#6700=FACE_OUTER_BOUND('',#6699,.F.);
#6701=ADVANCED_FACE('',(#6700),#6692,.T.);
#6702=CARTESIAN_POINT('',(6.035E0,2.77E0,-1.833E1));
#6703=DIRECTION('',(7.071067811865E-1,0.E0,-7.071067811865E-1));
#6704=DIRECTION('',(-7.071067811865E-1,0.E0,-7.071067811865E-1));
#6705=AXIS2_PLACEMENT_3D('',#6702,#6703,#6704);
#6706=PLANE('',#6705);
#6708=ORIENTED_EDGE('',*,*,#6707,.F.);
#6709=ORIENTED_EDGE('',*,*,#6694,.T.);
#6710=ORIENTED_EDGE('',*,*,#6215,.T.);
#6711=ORIENTED_EDGE('',*,*,#6669,.T.);
#6712=EDGE_LOOP('',(#6708,#6709,#6710,#6711));
#6713=FACE_OUTER_BOUND('',#6712,.F.);
#6714=ADVANCED_FACE('',(#6713),#6706,.T.);
#6715=CARTESIAN_POINT('',(5.165E0,2.235E0,-1.853E1));
#6716=DIRECTION('',(0.E0,0.E0,-1.E0));
#6717=DIRECTION('',(0.E0,1.E0,0.E0));
#6718=AXIS2_PLACEMENT_3D('',#6715,#6716,#6717);
#6719=PLANE('',#6718);
#6720=ORIENTED_EDGE('',*,*,#6667,.T.);
#6721=ORIENTED_EDGE('',*,*,#6682,.T.);
#6722=ORIENTED_EDGE('',*,*,#6696,.F.);
#6723=ORIENTED_EDGE('',*,*,#6707,.T.);
#6724=EDGE_LOOP('',(#6720,#6721,#6722,#6723));
#6725=FACE_OUTER_BOUND('',#6724,.F.);
#6726=ADVANCED_FACE('',(#6725),#6719,.T.);
#6727=CARTESIAN_POINT('',(-8.175E0,5.54E0,-1.56E1));
#6728=DIRECTION('',(0.E0,0.E0,-1.E0));
#6729=DIRECTION('',(-1.E0,0.E0,0.E0));
#6730=AXIS2_PLACEMENT_3D('',#6727,#6728,#6729);
#6731=CYLINDRICAL_SURFACE('',#6730,7.E-1);
#6733=ORIENTED_EDGE('',*,*,#6732,.T.);
#6735=ORIENTED_EDGE('',*,*,#6734,.F.);
#6736=ORIENTED_EDGE('',*,*,#3960,.F.);
#6737=ORIENTED_EDGE('',*,*,#3947,.F.);
#6739=ORIENTED_EDGE('',*,*,#6738,.T.);
#6740=EDGE_LOOP('',(#6733,#6735,#6736,#6737,#6739));
#6741=FACE_OUTER_BOUND('',#6740,.F.);
#6742=ADVANCED_FACE('',(#6741),#6731,.T.);
#6743=CARTESIAN_POINT('',(-8.175E0,5.54E0,-1.685000000043E1));
#6744=DIRECTION('',(0.E0,0.E0,1.E0));
#6745=DIRECTION('',(0.E0,-1.E0,0.E0));
#6746=AXIS2_PLACEMENT_3D('',#6743,#6744,#6745);
#6747=CONICAL_SURFACE('',#6746,5.499999995723E-1,4.5E1);
#6749=ORIENTED_EDGE('',*,*,#6748,.T.);
#6751=ORIENTED_EDGE('',*,*,#6750,.T.);
#6752=ORIENTED_EDGE('',*,*,#6732,.F.);
#6754=ORIENTED_EDGE('',*,*,#6753,.F.);
#6755=EDGE_LOOP('',(#6749,#6751,#6752,#6754));
#6756=FACE_OUTER_BOUND('',#6755,.F.);
#6757=ADVANCED_FACE('',(#6756),#6747,.T.);
#6758=CARTESIAN_POINT('',(0.E0,0.E0,-1.7E1));
#6759=DIRECTION('',(0.E0,0.E0,-1.E0));
#6760=DIRECTION('',(-1.E0,0.E0,0.E0));
#6761=AXIS2_PLACEMENT_3D('',#6758,#6759,#6760);
#6762=PLANE('',#6761);
#6763=ORIENTED_EDGE('',*,*,#6748,.F.);
#6765=ORIENTED_EDGE('',*,*,#6764,.F.);
#6766=EDGE_LOOP('',(#6763,#6765));
#6767=FACE_OUTER_BOUND('',#6766,.F.);
#6768=ADVANCED_FACE('',(#6767),#6762,.T.);
#6769=CARTESIAN_POINT('',(-8.175E0,5.54E0,-1.685000000043E1));
#6770=DIRECTION('',(0.E0,0.E0,1.E0));
#6771=DIRECTION('',(0.E0,-1.E0,0.E0));
#6772=AXIS2_PLACEMENT_3D('',#6769,#6770,#6771);
#6773=CONICAL_SURFACE('',#6772,5.499999995723E-1,4.5E1);
#6774=ORIENTED_EDGE('',*,*,#6764,.T.);
#6775=ORIENTED_EDGE('',*,*,#6753,.T.);
#6777=ORIENTED_EDGE('',*,*,#6776,.F.);
#6778=ORIENTED_EDGE('',*,*,#6750,.F.);
#6779=EDGE_LOOP('',(#6774,#6775,#6777,#6778));
#6780=FACE_OUTER_BOUND('',#6779,.F.);
#6781=ADVANCED_FACE('',(#6780),#6773,.T.);
#6782=CARTESIAN_POINT('',(-8.175E0,5.54E0,-1.56E1));
#6783=DIRECTION('',(0.E0,0.E0,-1.E0));
#6784=DIRECTION('',(-1.E0,0.E0,0.E0));
#6785=AXIS2_PLACEMENT_3D('',#6782,#6783,#6784);
#6786=CYLINDRICAL_SURFACE('',#6785,7.E-1);
#6787=ORIENTED_EDGE('',*,*,#6776,.T.);
#6788=ORIENTED_EDGE('',*,*,#6738,.F.);
#6789=ORIENTED_EDGE('',*,*,#3962,.F.);
#6790=ORIENTED_EDGE('',*,*,#6734,.T.);
#6791=EDGE_LOOP('',(#6787,#6788,#6789,#6790));
#6792=FACE_OUTER_BOUND('',#6791,.F.);
#6793=ADVANCED_FACE('',(#6792),#6786,.T.);
#6794=CARTESIAN_POINT('',(1.15E0,0.E0,0.E0));
#6795=DIRECTION('',(1.E0,0.E0,0.E0));
#6796=DIRECTION('',(0.E0,0.E0,-1.E0));
#6797=AXIS2_PLACEMENT_3D('',#6794,#6795,#6796);
#6798=PLANE('',#6797);
#6799=ORIENTED_EDGE('',*,*,#3732,.F.);
#6800=ORIENTED_EDGE('',*,*,#3684,.F.);
#6802=ORIENTED_EDGE('',*,*,#6801,.F.);
#6804=ORIENTED_EDGE('',*,*,#6803,.F.);
#6805=EDGE_LOOP('',(#6799,#6800,#6802,#6804));
#6806=FACE_OUTER_BOUND('',#6805,.F.);
#6807=ADVANCED_FACE('',(#6806),#6798,.T.);
#6808=CARTESIAN_POINT('',(-1.15E0,7.79E0,-3.2E0));
#6809=DIRECTION('',(0.E0,1.E0,0.E0));
#6810=DIRECTION('',(0.E0,0.E0,1.E0));
#6811=AXIS2_PLACEMENT_3D('',#6808,#6809,#6810);
#6812=PLANE('',#6811);
#6813=ORIENTED_EDGE('',*,*,#3698,.F.);
#6815=ORIENTED_EDGE('',*,*,#6814,.T.);
#6816=ORIENTED_EDGE('',*,*,#6801,.T.);
#6817=ORIENTED_EDGE('',*,*,#3682,.F.);
#6818=EDGE_LOOP('',(#6813,#6815,#6816,#6817));
#6819=FACE_OUTER_BOUND('',#6818,.F.);
#6820=ADVANCED_FACE('',(#6819),#6812,.T.);
#6821=CARTESIAN_POINT('',(-1.15E0,6.24E0,-3.2E0));
#6822=DIRECTION('',(0.E0,0.E0,-1.E0));
#6823=DIRECTION('',(0.E0,1.E0,0.E0));
#6824=AXIS2_PLACEMENT_3D('',#6821,#6822,#6823);
#6825=PLANE('',#6824);
#6826=ORIENTED_EDGE('',*,*,#3734,.T.);
#6827=ORIENTED_EDGE('',*,*,#6803,.T.);
#6828=ORIENTED_EDGE('',*,*,#6814,.F.);
#6829=ORIENTED_EDGE('',*,*,#3696,.F.);
#6830=EDGE_LOOP('',(#6826,#6827,#6828,#6829));
#6831=FACE_OUTER_BOUND('',#6830,.F.);
#6832=ADVANCED_FACE('',(#6831),#6825,.T.);
#6833=CARTESIAN_POINT('',(-8.375E0,6.24E0,-5.E-1));
#6834=DIRECTION('',(0.E0,0.E0,1.E0));
#6835=DIRECTION('',(1.E0,0.E0,0.E0));
#6836=AXIS2_PLACEMENT_3D('',#6833,#6834,#6835);
#6837=PLANE('',#6836);
#6838=ORIENTED_EDGE('',*,*,#3742,.F.);
#6840=ORIENTED_EDGE('',*,*,#6839,.T.);
#6842=ORIENTED_EDGE('',*,*,#6841,.T.);
#6844=ORIENTED_EDGE('',*,*,#6843,.F.);
#6845=EDGE_LOOP('',(#6838,#6840,#6842,#6844));
#6846=FACE_OUTER_BOUND('',#6845,.F.);
#6847=ADVANCED_FACE('',(#6846),#6837,.F.);
#6848=CARTESIAN_POINT('',(-8.375E0,6.24E0,-4.E0));
#6849=DIRECTION('',(-1.E0,0.E0,0.E0));
#6850=DIRECTION('',(0.E0,0.E0,1.E0));
#6851=AXIS2_PLACEMENT_3D('',#6848,#6849,#6850);
#6852=PLANE('',#6851);
#6853=ORIENTED_EDGE('',*,*,#3748,.F.);
#6855=ORIENTED_EDGE('',*,*,#6854,.T.);
#6857=ORIENTED_EDGE('',*,*,#6856,.T.);
#6858=ORIENTED_EDGE('',*,*,#6839,.F.);
#6859=EDGE_LOOP('',(#6853,#6855,#6857,#6858));
#6860=FACE_OUTER_BOUND('',#6859,.F.);
#6861=ADVANCED_FACE('',(#6860),#6852,.F.);
#6862=CARTESIAN_POINT('',(-4.875E0,6.24E0,-4.E0));
#6863=DIRECTION('',(0.E0,0.E0,-1.E0));
#6864=DIRECTION('',(-1.E0,0.E0,0.E0));
#6865=AXIS2_PLACEMENT_3D('',#6862,#6863,#6864);
#6866=PLANE('',#6865);
#6867=ORIENTED_EDGE('',*,*,#3746,.F.);
#6869=ORIENTED_EDGE('',*,*,#6868,.T.);
#6871=ORIENTED_EDGE('',*,*,#6870,.T.);
#6872=ORIENTED_EDGE('',*,*,#6854,.F.);
#6873=EDGE_LOOP('',(#6867,#6869,#6871,#6872));
#6874=FACE_OUTER_BOUND('',#6873,.F.);
#6875=ADVANCED_FACE('',(#6874),#6866,.F.);
#6876=CARTESIAN_POINT('',(-4.875E0,6.24E0,-5.E-1));
#6877=DIRECTION('',(1.E0,0.E0,0.E0));
#6878=DIRECTION('',(0.E0,0.E0,-1.E0));
#6879=AXIS2_PLACEMENT_3D('',#6876,#6877,#6878);
#6880=PLANE('',#6879);
#6881=ORIENTED_EDGE('',*,*,#3744,.F.);
#6882=ORIENTED_EDGE('',*,*,#6843,.T.);
#6884=ORIENTED_EDGE('',*,*,#6883,.T.);
#6885=ORIENTED_EDGE('',*,*,#6868,.F.);
#6886=EDGE_LOOP('',(#6881,#6882,#6884,#6885));
#6887=FACE_OUTER_BOUND('',#6886,.F.);
#6888=ADVANCED_FACE('',(#6887),#6880,.F.);
#6889=CARTESIAN_POINT('',(0.E0,6.227E0,0.E0));
#6890=DIRECTION('',(0.E0,1.E0,0.E0));
#6891=DIRECTION('',(0.E0,0.E0,-1.E0));
#6892=AXIS2_PLACEMENT_3D('',#6889,#6890,#6891);
#6893=PLANE('',#6892);
#6894=ORIENTED_EDGE('',*,*,#6841,.F.);
#6895=ORIENTED_EDGE('',*,*,#6856,.F.);
#6896=ORIENTED_EDGE('',*,*,#6870,.F.);
#6897=ORIENTED_EDGE('',*,*,#6883,.F.);
#6898=EDGE_LOOP('',(#6894,#6895,#6896,#6897));
#6899=FACE_OUTER_BOUND('',#6898,.F.);
#6901=ORIENTED_EDGE('',*,*,#6900,.F.);
#6903=ORIENTED_EDGE('',*,*,#6902,.F.);
#6905=ORIENTED_EDGE('',*,*,#6904,.F.);
#6907=ORIENTED_EDGE('',*,*,#6906,.F.);
#6909=ORIENTED_EDGE('',*,*,#6908,.F.);
#6911=ORIENTED_EDGE('',*,*,#6910,.F.);
#6913=ORIENTED_EDGE('',*,*,#6912,.F.);
#6915=ORIENTED_EDGE('',*,*,#6914,.F.);
#6917=ORIENTED_EDGE('',*,*,#6916,.F.);
#6919=ORIENTED_EDGE('',*,*,#6918,.F.);
#6921=ORIENTED_EDGE('',*,*,#6920,.F.);
#6923=ORIENTED_EDGE('',*,*,#6922,.F.);
#6925=ORIENTED_EDGE('',*,*,#6924,.F.);
#6927=ORIENTED_EDGE('',*,*,#6926,.F.);
#6929=ORIENTED_EDGE('',*,*,#6928,.F.);
#6931=ORIENTED_EDGE('',*,*,#6930,.F.);
#6933=ORIENTED_EDGE('',*,*,#6932,.F.);
#6935=ORIENTED_EDGE('',*,*,#6934,.F.);
#6937=ORIENTED_EDGE('',*,*,#6936,.F.);
#6939=ORIENTED_EDGE('',*,*,#6938,.F.);
#6941=ORIENTED_EDGE('',*,*,#6940,.F.);
#6943=ORIENTED_EDGE('',*,*,#6942,.F.);
#6945=ORIENTED_EDGE('',*,*,#6944,.F.);
#6947=ORIENTED_EDGE('',*,*,#6946,.F.);
#6949=ORIENTED_EDGE('',*,*,#6948,.F.);
#6951=ORIENTED_EDGE('',*,*,#6950,.F.);
#6953=ORIENTED_EDGE('',*,*,#6952,.F.);
#6955=ORIENTED_EDGE('',*,*,#6954,.F.);
#6957=ORIENTED_EDGE('',*,*,#6956,.F.);
#6959=ORIENTED_EDGE('',*,*,#6958,.F.);
#6961=ORIENTED_EDGE('',*,*,#6960,.F.);
#6963=ORIENTED_EDGE('',*,*,#6962,.F.);
#6965=ORIENTED_EDGE('',*,*,#6964,.F.);
#6967=ORIENTED_EDGE('',*,*,#6966,.F.);
#6969=ORIENTED_EDGE('',*,*,#6968,.F.);
#6971=ORIENTED_EDGE('',*,*,#6970,.F.);
#6973=ORIENTED_EDGE('',*,*,#6972,.F.);
#6975=ORIENTED_EDGE('',*,*,#6974,.F.);
#6977=ORIENTED_EDGE('',*,*,#6976,.F.);
#6979=ORIENTED_EDGE('',*,*,#6978,.F.);
#6980=EDGE_LOOP('',(#6901,#6903,#6905,#6907,#6909,#6911,#6913,#6915,#6917,#6919,
#6921,#6923,#6925,#6927,#6929,#6931,#6933,#6935,#6937,#6939,#6941,#6943,#6945,
#6947,#6949,#6951,#6953,#6955,#6957,#6959,#6961,#6963,#6965,#6967,#6969,#6971,
#6973,#6975,#6977,#6979));
#6981=FACE_BOUND('',#6980,.F.);
#6982=ADVANCED_FACE('',(#6899,#6981),#6893,.T.);
#6983=CARTESIAN_POINT('',(0.E0,6.227E0,0.E0));
#6984=DIRECTION('',(0.E0,1.E0,0.E0));
#6985=DIRECTION('',(0.E0,0.E0,-1.E0));
#6986=AXIS2_PLACEMENT_3D('',#6983,#6984,#6985);
#6987=PLANE('',#6986);
#6989=ORIENTED_EDGE('',*,*,#6988,.F.);
#6991=ORIENTED_EDGE('',*,*,#6990,.F.);
#6993=ORIENTED_EDGE('',*,*,#6992,.F.);
#6995=ORIENTED_EDGE('',*,*,#6994,.F.);
#6997=ORIENTED_EDGE('',*,*,#6996,.F.);
#6999=ORIENTED_EDGE('',*,*,#6998,.F.);
#7001=ORIENTED_EDGE('',*,*,#7000,.F.);
#7003=ORIENTED_EDGE('',*,*,#7002,.F.);
#7005=ORIENTED_EDGE('',*,*,#7004,.F.);
#7007=ORIENTED_EDGE('',*,*,#7006,.F.);
#7009=ORIENTED_EDGE('',*,*,#7008,.F.);
#7011=ORIENTED_EDGE('',*,*,#7010,.F.);
#7013=ORIENTED_EDGE('',*,*,#7012,.F.);
#7015=ORIENTED_EDGE('',*,*,#7014,.F.);
#7017=ORIENTED_EDGE('',*,*,#7016,.F.);
#7019=ORIENTED_EDGE('',*,*,#7018,.F.);
#7021=ORIENTED_EDGE('',*,*,#7020,.F.);
#7023=ORIENTED_EDGE('',*,*,#7022,.F.);
#7025=ORIENTED_EDGE('',*,*,#7024,.F.);
#7027=ORIENTED_EDGE('',*,*,#7026,.F.);
#7028=EDGE_LOOP('',(#6989,#6991,#6993,#6995,#6997,#6999,#7001,#7003,#7005,#7007,
#7009,#7011,#7013,#7015,#7017,#7019,#7021,#7023,#7025,#7027));
#7029=FACE_OUTER_BOUND('',#7028,.F.);
#7030=ADVANCED_FACE('',(#7029),#6987,.T.);
#7031=CARTESIAN_POINT('',(-7.699999940395E0,6.24E0,-2.281914889812E0));
#7032=DIRECTION('',(9.311281769517E-1,0.E0,-3.646920866794E-1));
#7033=DIRECTION('',(-3.646920866794E-1,0.E0,-9.311281769517E-1));
#7034=AXIS2_PLACEMENT_3D('',#7031,#7032,#7033);
#7035=PLANE('',#7034);
#7036=ORIENTED_EDGE('',*,*,#3758,.F.);
#7038=ORIENTED_EDGE('',*,*,#7037,.T.);
#7039=ORIENTED_EDGE('',*,*,#6900,.T.);
#7041=ORIENTED_EDGE('',*,*,#7040,.F.);
#7042=EDGE_LOOP('',(#7036,#7038,#7039,#7041));
#7043=FACE_OUTER_BOUND('',#7042,.F.);
#7044=ADVANCED_FACE('',(#7043),#7035,.F.);
#7045=CARTESIAN_POINT('',(-7.512499940395E0,6.24E0,-2.090425550938E0));
#7046=DIRECTION('',(7.145103848018E-1,0.E0,-6.996248351869E-1));
#7047=DIRECTION('',(-6.996248351869E-1,0.E0,-7.145103848018E-1));
#7048=AXIS2_PLACEMENT_3D('',#7045,#7046,#7047);
#7049=PLANE('',#7048);
#7050=ORIENTED_EDGE('',*,*,#3836,.F.);
#7052=ORIENTED_EDGE('',*,*,#7051,.T.);
#7053=ORIENTED_EDGE('',*,*,#6902,.T.);
#7054=ORIENTED_EDGE('',*,*,#7037,.F.);
#7055=EDGE_LOOP('',(#7050,#7052,#7053,#7054));
#7056=FACE_OUTER_BOUND('',#7055,.F.);
#7057=ADVANCED_FACE('',(#7056),#7049,.F.);
#7058=CARTESIAN_POINT('',(-7.200000059605E0,6.24E0,-1.898936212063E0));
#7059=DIRECTION('',(5.224770734933E-1,0.E0,-8.526533338197E-1));
#7060=DIRECTION('',(-8.526533338197E-1,0.E0,-5.224770734933E-1));
#7061=AXIS2_PLACEMENT_3D('',#7058,#7059,#7060);
#7062=PLANE('',#7061);
#7063=ORIENTED_EDGE('',*,*,#3834,.F.);
#7065=ORIENTED_EDGE('',*,*,#7064,.T.);
#7066=ORIENTED_EDGE('',*,*,#6904,.T.);
#7067=ORIENTED_EDGE('',*,*,#7051,.F.);
#7068=EDGE_LOOP('',(#7063,#7065,#7066,#7067));
#7069=FACE_OUTER_BOUND('',#7068,.F.);
#7070=ADVANCED_FACE('',(#7069),#7062,.F.);
#7071=CARTESIAN_POINT('',(-6.8875E0,6.24E0,-1.835106432438E0));
#7072=DIRECTION('',(2.001233184181E-1,0.E0,-9.797707167625E-1));
#7073=DIRECTION('',(-9.797707167625E-1,0.E0,-2.001233184181E-1));
#7074=AXIS2_PLACEMENT_3D('',#7071,#7072,#7073);
#7075=PLANE('',#7074);
#7076=ORIENTED_EDGE('',*,*,#3832,.F.);
#7078=ORIENTED_EDGE('',*,*,#7077,.T.);
#7079=ORIENTED_EDGE('',*,*,#6906,.T.);
#7080=ORIENTED_EDGE('',*,*,#7064,.F.);
#7081=EDGE_LOOP('',(#7076,#7078,#7079,#7080));
#7082=FACE_OUTER_BOUND('',#7081,.F.);
#7083=ADVANCED_FACE('',(#7082),#7075,.F.);
#7084=CARTESIAN_POINT('',(-6.575000029802E0,6.24E0,-1.835106432438E0));
#7085=DIRECTION('',(0.E0,0.E0,-1.E0));
#7086=DIRECTION('',(-1.E0,0.E0,0.E0));
#7087=AXIS2_PLACEMENT_3D('',#7084,#7085,#7086);
#7088=PLANE('',#7087);
#7089=ORIENTED_EDGE('',*,*,#3830,.F.);
#7091=ORIENTED_EDGE('',*,*,#7090,.T.);
#7092=ORIENTED_EDGE('',*,*,#6908,.T.);
#7093=ORIENTED_EDGE('',*,*,#7077,.F.);
#7094=EDGE_LOOP('',(#7089,#7091,#7092,#7093));
#7095=FACE_OUTER_BOUND('',#7094,.F.);
#7096=ADVANCED_FACE('',(#7095),#7088,.F.);
#7097=CARTESIAN_POINT('',(-6.262500014901E0,6.24E0,-1.898936212063E0));
#7098=DIRECTION('',(-2.001233458994E-1,0.E0,-9.797707111493E-1));
#7099=DIRECTION('',(-9.797707111493E-1,0.E0,2.001233458994E-1));
#7100=AXIS2_PLACEMENT_3D('',#7097,#7098,#7099);
#7101=PLANE('',#7100);
#7102=ORIENTED_EDGE('',*,*,#3828,.F.);
#7104=ORIENTED_EDGE('',*,*,#7103,.T.);
#7105=ORIENTED_EDGE('',*,*,#6910,.T.);
#7106=ORIENTED_EDGE('',*,*,#7090,.F.);
#7107=EDGE_LOOP('',(#7102,#7104,#7105,#7106));
#7108=FACE_OUTER_BOUND('',#7107,.F.);
#7109=ADVANCED_FACE('',(#7108),#7101,.F.);
#7110=CARTESIAN_POINT('',(-5.887499992549E0,6.24E0,-2.154255330563E0));
#7111=DIRECTION('',(-5.627909083216E-1,0.E0,-8.265992944048E-1));
#7112=DIRECTION('',(-8.265992944048E-1,0.E0,5.627909083216E-1));
#7113=AXIS2_PLACEMENT_3D('',#7110,#7111,#7112);
#7114=PLANE('',#7113);
#7115=ORIENTED_EDGE('',*,*,#3826,.F.);
#7117=ORIENTED_EDGE('',*,*,#7116,.T.);
#7118=ORIENTED_EDGE('',*,*,#6912,.T.);
#7119=ORIENTED_EDGE('',*,*,#7103,.F.);
#7120=EDGE_LOOP('',(#7115,#7117,#7118,#7119));
#7121=FACE_OUTER_BOUND('',#7120,.F.);
#7122=ADVANCED_FACE('',(#7121),#7114,.F.);
#7123=CARTESIAN_POINT('',(-5.887499992549E0,6.24E0,-2.026595771313E0));
#7124=DIRECTION('',(1.E0,0.E0,0.E0));
#7125=DIRECTION('',(0.E0,0.E0,-1.E0));
#7126=AXIS2_PLACEMENT_3D('',#7123,#7124,#7125);
#7127=PLANE('',#7126);
#7128=ORIENTED_EDGE('',*,*,#3824,.F.);
#7130=ORIENTED_EDGE('',*,*,#7129,.T.);
#7131=ORIENTED_EDGE('',*,*,#6914,.T.);
#7132=ORIENTED_EDGE('',*,*,#7116,.F.);
#7133=EDGE_LOOP('',(#7128,#7130,#7131,#7132));
#7134=FACE_OUTER_BOUND('',#7133,.F.);
#7135=ADVANCED_FACE('',(#7134),#7127,.F.);
#7136=CARTESIAN_POINT('',(-5.95E0,6.24E0,-1.643617093563E0));
#7137=DIRECTION('',(9.869439940695E-1,0.E0,1.610638152106E-1));
#7138=DIRECTION('',(1.610638152106E-1,0.E0,-9.869439940695E-1));
#7139=AXIS2_PLACEMENT_3D('',#7136,#7137,#7138);
#7140=PLANE('',#7139);
#7141=ORIENTED_EDGE('',*,*,#3822,.F.);
#7143=ORIENTED_EDGE('',*,*,#7142,.T.);
#7144=ORIENTED_EDGE('',*,*,#6916,.T.);
#7145=ORIENTED_EDGE('',*,*,#7129,.F.);
#7146=EDGE_LOOP('',(#7141,#7143,#7144,#7145));
#7147=FACE_OUTER_BOUND('',#7146,.F.);
#7148=ADVANCED_FACE('',(#7147),#7140,.F.);
#7149=CARTESIAN_POINT('',(-6.012499985099E0,6.24E0,-1.452127575874E0));
#7150=DIRECTION('',(9.506452993950E-1,0.E0,3.102797362676E-1));
#7151=DIRECTION('',(3.102797362676E-1,0.E0,-9.506452993950E-1));
#7152=AXIS2_PLACEMENT_3D('',#7149,#7150,#7151);
#7153=PLANE('',#7152);
#7154=ORIENTED_EDGE('',*,*,#3820,.F.);
#7156=ORIENTED_EDGE('',*,*,#7155,.T.);
#7157=ORIENTED_EDGE('',*,*,#6918,.T.);
#7158=ORIENTED_EDGE('',*,*,#7142,.F.);
#7159=EDGE_LOOP('',(#7154,#7156,#7157,#7158));
#7160=FACE_OUTER_BOUND('',#7159,.F.);
#7161=ADVANCED_FACE('',(#7160),#7153,.F.);
#7162=CARTESIAN_POINT('',(-6.1375E0,6.24E0,-1.260638237E0));
#7163=DIRECTION('',(8.373790907147E-1,0.E0,5.466225923193E-1));
#7164=DIRECTION('',(5.466225923193E-1,0.E0,-8.373790907147E-1));
#7165=AXIS2_PLACEMENT_3D('',#7162,#7163,#7164);
#7166=PLANE('',#7165);
#7167=ORIENTED_EDGE('',*,*,#3818,.F.);
#7169=ORIENTED_EDGE('',*,*,#7168,.T.);
#7170=ORIENTED_EDGE('',*,*,#6920,.T.);
#7171=ORIENTED_EDGE('',*,*,#7155,.F.);
#7172=EDGE_LOOP('',(#7167,#7169,#7170,#7171));
#7173=FACE_OUTER_BOUND('',#7172,.F.);
#7174=ADVANCED_FACE('',(#7173),#7166,.F.);
#7175=CARTESIAN_POINT('',(-6.325E0,6.24E0,-1.132978677750E0));
#7176=DIRECTION('',(5.627909312417E-1,0.E0,8.265992787996E-1));
#7177=DIRECTION('',(8.265992787996E-1,0.E0,-5.627909312417E-1));
#7178=AXIS2_PLACEMENT_3D('',#7175,#7176,#7177);
#7179=PLANE('',#7178);
#7180=ORIENTED_EDGE('',*,*,#3816,.F.);
#7182=ORIENTED_EDGE('',*,*,#7181,.T.);
#7183=ORIENTED_EDGE('',*,*,#6922,.T.);
#7184=ORIENTED_EDGE('',*,*,#7168,.F.);
#7185=EDGE_LOOP('',(#7180,#7182,#7183,#7184));
#7186=FACE_OUTER_BOUND('',#7185,.F.);
#7187=ADVANCED_FACE('',(#7186),#7179,.F.);
#7188=CARTESIAN_POINT('',(-6.5125E0,6.24E0,-1.069148898125E0));
#7189=DIRECTION('',(3.222637633772E-1,0.E0,9.466499177700E-1));
#7190=DIRECTION('',(9.466499177700E-1,0.E0,-3.222637633772E-1));
#7191=AXIS2_PLACEMENT_3D('',#7188,#7189,#7190);
#7192=PLANE('',#7191);
#7193=ORIENTED_EDGE('',*,*,#3814,.F.);
#7195=ORIENTED_EDGE('',*,*,#7194,.T.);
#7196=ORIENTED_EDGE('',*,*,#6924,.T.);
#7197=ORIENTED_EDGE('',*,*,#7181,.F.);
#7198=EDGE_LOOP('',(#7193,#7195,#7196,#7197));
#7199=FACE_OUTER_BOUND('',#7198,.F.);
#7200=ADVANCED_FACE('',(#7199),#7192,.F.);
#7201=CARTESIAN_POINT('',(-6.8875E0,6.24E0,-1.069148898125E0));
#7202=DIRECTION('',(0.E0,0.E0,1.E0));
#7203=DIRECTION('',(1.E0,0.E0,0.E0));
#7204=AXIS2_PLACEMENT_3D('',#7201,#7202,#7203);
#7205=PLANE('',#7204);
#7206=ORIENTED_EDGE('',*,*,#3812,.F.);
#7208=ORIENTED_EDGE('',*,*,#7207,.T.);
#7209=ORIENTED_EDGE('',*,*,#6926,.T.);
#7210=ORIENTED_EDGE('',*,*,#7194,.F.);
#7211=EDGE_LOOP('',(#7206,#7208,#7209,#7210));
#7212=FACE_OUTER_BOUND('',#7211,.F.);
#7213=ADVANCED_FACE('',(#7212),#7205,.F.);
#7214=CARTESIAN_POINT('',(-7.075E0,6.24E0,-1.132978677750E0));
#7215=DIRECTION('',(-3.222637633772E-1,0.E0,9.466499177700E-1));
#7216=DIRECTION('',(9.466499177700E-1,0.E0,3.222637633772E-1));
#7217=AXIS2_PLACEMENT_3D('',#7214,#7215,#7216);
#7218=PLANE('',#7217);
#7219=ORIENTED_EDGE('',*,*,#3810,.F.);
#7221=ORIENTED_EDGE('',*,*,#7220,.T.);
#7222=ORIENTED_EDGE('',*,*,#6928,.T.);
#7223=ORIENTED_EDGE('',*,*,#7207,.F.);
#7224=EDGE_LOOP('',(#7219,#7221,#7222,#7223));
#7225=FACE_OUTER_BOUND('',#7224,.F.);
#7226=ADVANCED_FACE('',(#7225),#7218,.F.);
#7227=CARTESIAN_POINT('',(-7.2625E0,6.24E0,-1.260638237E0));
#7228=DIRECTION('',(-5.627909312417E-1,0.E0,8.265992787996E-1));
#7229=DIRECTION('',(8.265992787996E-1,0.E0,5.627909312417E-1));
#7230=AXIS2_PLACEMENT_3D('',#7227,#7228,#7229);
#7231=PLANE('',#7230);
#7232=ORIENTED_EDGE('',*,*,#3808,.F.);
#7234=ORIENTED_EDGE('',*,*,#7233,.T.);
#7235=ORIENTED_EDGE('',*,*,#6930,.T.);
#7236=ORIENTED_EDGE('',*,*,#7220,.F.);
#7237=EDGE_LOOP('',(#7232,#7234,#7235,#7236));
#7238=FACE_OUTER_BOUND('',#7237,.F.);
#7239=ADVANCED_FACE('',(#7238),#7231,.F.);
#7240=CARTESIAN_POINT('',(-7.387500059605E0,6.24E0,-1.452127575874E0));
#7241=DIRECTION('',(-8.373790012342E-1,0.E0,5.466227293958E-1));
#7242=DIRECTION('',(5.466227293958E-1,0.E0,8.373790012342E-1));
#7243=AXIS2_PLACEMENT_3D('',#7240,#7241,#7242);
#7244=PLANE('',#7243);
#7245=ORIENTED_EDGE('',*,*,#3806,.F.);
#7247=ORIENTED_EDGE('',*,*,#7246,.T.);
#7248=ORIENTED_EDGE('',*,*,#6932,.T.);
#7249=ORIENTED_EDGE('',*,*,#7233,.F.);
#7250=EDGE_LOOP('',(#7245,#7247,#7248,#7249));
#7251=FACE_OUTER_BOUND('',#7250,.F.);
#7252=ADVANCED_FACE('',(#7251),#7244,.F.);
#7253=CARTESIAN_POINT('',(-7.699999940395E0,6.24E0,-1.452127575874E0));
#7254=DIRECTION('',(0.E0,0.E0,1.E0));
#7255=DIRECTION('',(1.E0,0.E0,0.E0));
#7256=AXIS2_PLACEMENT_3D('',#7253,#7254,#7255);
#7257=PLANE('',#7256);
#7258=ORIENTED_EDGE('',*,*,#3804,.F.);
#7260=ORIENTED_EDGE('',*,*,#7259,.T.);
#7261=ORIENTED_EDGE('',*,*,#6934,.T.);
#7262=ORIENTED_EDGE('',*,*,#7246,.F.);
#7263=EDGE_LOOP('',(#7258,#7260,#7261,#7262));
#7264=FACE_OUTER_BOUND('',#7263,.F.);
#7265=ADVANCED_FACE('',(#7264),#7257,.F.);
#7266=CARTESIAN_POINT('',(-7.6375E0,6.24E0,-1.260638237E0));
#7267=DIRECTION('',(9.506452793929E-1,0.E0,-3.102797975506E-1));
#7268=DIRECTION('',(-3.102797975506E-1,0.E0,-9.506452793929E-1));
#7269=AXIS2_PLACEMENT_3D('',#7266,#7267,#7268);
#7270=PLANE('',#7269);
#7271=ORIENTED_EDGE('',*,*,#3802,.F.);
#7273=ORIENTED_EDGE('',*,*,#7272,.T.);
#7274=ORIENTED_EDGE('',*,*,#6936,.T.);
#7275=ORIENTED_EDGE('',*,*,#7259,.F.);
#7276=EDGE_LOOP('',(#7271,#7273,#7274,#7275));
#7277=FACE_OUTER_BOUND('',#7276,.F.);
#7278=ADVANCED_FACE('',(#7277),#7270,.F.);
#7279=CARTESIAN_POINT('',(-7.45E0,6.24E0,-1.005319118500E0));
#7280=DIRECTION('',(8.060043958311E-1,0.E0,-5.919095487496E-1));
#7281=DIRECTION('',(-5.919095487496E-1,0.E0,-8.060043958311E-1));
#7282=AXIS2_PLACEMENT_3D('',#7279,#7280,#7281);
#7283=PLANE('',#7282);
#7284=ORIENTED_EDGE('',*,*,#3800,.F.);
#7286=ORIENTED_EDGE('',*,*,#7285,.T.);
#7287=ORIENTED_EDGE('',*,*,#6938,.T.);
#7288=ORIENTED_EDGE('',*,*,#7272,.F.);
#7289=EDGE_LOOP('',(#7284,#7286,#7287,#7288));
#7290=FACE_OUTER_BOUND('',#7289,.F.);
#7291=ADVANCED_FACE('',(#7290),#7283,.F.);
#7292=CARTESIAN_POINT('',(-7.137499940395E0,6.24E0,-8.138297796249E-1));
#7293=DIRECTION('',(5.224768561414E-1,0.E0,-8.526534670056E-1));
#7294=DIRECTION('',(-8.526534670056E-1,0.E0,-5.224768561414E-1));
#7295=AXIS2_PLACEMENT_3D('',#7292,#7293,#7294);
#7296=PLANE('',#7295);
#7297=ORIENTED_EDGE('',*,*,#3798,.F.);
#7299=ORIENTED_EDGE('',*,*,#7298,.T.);
#7300=ORIENTED_EDGE('',*,*,#6940,.T.);
#7301=ORIENTED_EDGE('',*,*,#7285,.F.);
#7302=EDGE_LOOP('',(#7297,#7299,#7300,#7301));
#7303=FACE_OUTER_BOUND('',#7302,.F.);
#7304=ADVANCED_FACE('',(#7303),#7296,.F.);
#7305=CARTESIAN_POINT('',(-6.824999970198E0,6.24E0,-7.5E-1));
#7306=DIRECTION('',(2.001233733807E-1,0.E0,-9.797707055361E-1));
#7307=DIRECTION('',(-9.797707055361E-1,0.E0,-2.001233733807E-1));
#7308=AXIS2_PLACEMENT_3D('',#7305,#7306,#7307);
#7309=PLANE('',#7308);
#7310=ORIENTED_EDGE('',*,*,#3796,.F.);
#7312=ORIENTED_EDGE('',*,*,#7311,.T.);
#7313=ORIENTED_EDGE('',*,*,#6942,.T.);
#7314=ORIENTED_EDGE('',*,*,#7298,.F.);
#7315=EDGE_LOOP('',(#7310,#7312,#7313,#7314));
#7316=FACE_OUTER_BOUND('',#7315,.F.);
#7317=ADVANCED_FACE('',(#7316),#7309,.F.);
#7318=CARTESIAN_POINT('',(-6.575000029802E0,6.24E0,-7.5E-1));
#7319=DIRECTION('',(0.E0,0.E0,-1.E0));
#7320=DIRECTION('',(-1.E0,0.E0,0.E0));
#7321=AXIS2_PLACEMENT_3D('',#7318,#7319,#7320);
#7322=PLANE('',#7321);
#7323=ORIENTED_EDGE('',*,*,#3794,.F.);
#7325=ORIENTED_EDGE('',*,*,#7324,.T.);
#7326=ORIENTED_EDGE('',*,*,#6944,.T.);
#7327=ORIENTED_EDGE('',*,*,#7311,.F.);
#7328=EDGE_LOOP('',(#7323,#7325,#7326,#7327));
#7329=FACE_OUTER_BOUND('',#7328,.F.);
#7330=ADVANCED_FACE('',(#7329),#7322,.F.);
#7331=CARTESIAN_POINT('',(-6.262500014901E0,6.24E0,-8.138297796249E-1));
#7332=DIRECTION('',(-2.001233458994E-1,0.E0,-9.797707111493E-1));
#7333=DIRECTION('',(-9.797707111493E-1,0.E0,2.001233458994E-1));
#7334=AXIS2_PLACEMENT_3D('',#7331,#7332,#7333);
#7335=PLANE('',#7334);
#7336=ORIENTED_EDGE('',*,*,#3792,.F.);
#7338=ORIENTED_EDGE('',*,*,#7337,.T.);
#7339=ORIENTED_EDGE('',*,*,#6946,.T.);
#7340=ORIENTED_EDGE('',*,*,#7324,.F.);
#7341=EDGE_LOOP('',(#7336,#7338,#7339,#7340));
#7342=FACE_OUTER_BOUND('',#7341,.F.);
#7343=ADVANCED_FACE('',(#7342),#7335,.F.);
#7344=CARTESIAN_POINT('',(-5.95E0,6.24E0,-1.005319118500E0));
#7345=DIRECTION('',(-5.224769104793E-1,0.E0,-8.526534337091E-1));
#7346=DIRECTION('',(-8.526534337091E-1,0.E0,5.224769104793E-1));
#7347=AXIS2_PLACEMENT_3D('',#7344,#7345,#7346);
#7348=PLANE('',#7347);
#7349=ORIENTED_EDGE('',*,*,#3790,.F.);
#7351=ORIENTED_EDGE('',*,*,#7350,.T.);
#7352=ORIENTED_EDGE('',*,*,#6948,.T.);
#7353=ORIENTED_EDGE('',*,*,#7337,.F.);
#7354=EDGE_LOOP('',(#7349,#7351,#7352,#7353));
#7355=FACE_OUTER_BOUND('',#7354,.F.);
#7356=ADVANCED_FACE('',(#7355),#7348,.F.);
#7357=CARTESIAN_POINT('',(-5.7625E0,6.24E0,-1.260638237E0));
#7358=DIRECTION('',(-8.060043958311E-1,0.E0,-5.919095487496E-1));
#7359=DIRECTION('',(-5.919095487496E-1,0.E0,8.060043958311E-1));
#7360=AXIS2_PLACEMENT_3D('',#7357,#7358,#7359);
#7361=PLANE('',#7360);
#7362=ORIENTED_EDGE('',*,*,#3788,.F.);
#7364=ORIENTED_EDGE('',*,*,#7363,.T.);
#7365=ORIENTED_EDGE('',*,*,#6950,.T.);
#7366=ORIENTED_EDGE('',*,*,#7350,.F.);
#7367=EDGE_LOOP('',(#7362,#7364,#7365,#7366));
#7368=FACE_OUTER_BOUND('',#7367,.F.);
#7369=ADVANCED_FACE('',(#7368),#7361,.F.);
#7370=CARTESIAN_POINT('',(-5.637500001863E0,6.24E0,-1.579787313938E0));
#7371=DIRECTION('',(-9.311283072343E-1,0.E0,-3.646917540429E-1));
#7372=DIRECTION('',(-3.646917540429E-1,0.E0,9.311283072343E-1));
#7373=AXIS2_PLACEMENT_3D('',#7370,#7371,#7372);
#7374=PLANE('',#7373);
#7375=ORIENTED_EDGE('',*,*,#3786,.F.);
#7377=ORIENTED_EDGE('',*,*,#7376,.T.);
#7378=ORIENTED_EDGE('',*,*,#6952,.T.);
#7379=ORIENTED_EDGE('',*,*,#7363,.F.);
#7380=EDGE_LOOP('',(#7375,#7377,#7378,#7379));
#7381=FACE_OUTER_BOUND('',#7380,.F.);
#7382=ADVANCED_FACE('',(#7381),#7374,.F.);
#7383=CARTESIAN_POINT('',(-5.575E0,6.24E0,-2.026595771313E0));
#7384=DIRECTION('',(-9.903579257591E-1,0.E0,-1.385322304961E-1));
#7385=DIRECTION('',(-1.385322304961E-1,0.E0,9.903579257591E-1));
#7386=AXIS2_PLACEMENT_3D('',#7383,#7384,#7385);
#7387=PLANE('',#7386);
#7388=ORIENTED_EDGE('',*,*,#3784,.F.);
#7390=ORIENTED_EDGE('',*,*,#7389,.T.);
#7391=ORIENTED_EDGE('',*,*,#6954,.T.);
#7392=ORIENTED_EDGE('',*,*,#7376,.F.);
#7393=EDGE_LOOP('',(#7388,#7390,#7391,#7392));
#7394=FACE_OUTER_BOUND('',#7393,.F.);
#7395=ADVANCED_FACE('',(#7394),#7387,.F.);
#7396=CARTESIAN_POINT('',(-5.575E0,6.24E0,-2.473404228687E0));
#7397=DIRECTION('',(-1.E0,0.E0,0.E0));
#7398=DIRECTION('',(0.E0,0.E0,1.E0));
#7399=AXIS2_PLACEMENT_3D('',#7396,#7397,#7398);
#7400=PLANE('',#7399);
#7401=ORIENTED_EDGE('',*,*,#3782,.F.);
#7403=ORIENTED_EDGE('',*,*,#7402,.T.);
#7404=ORIENTED_EDGE('',*,*,#6956,.T.);
#7405=ORIENTED_EDGE('',*,*,#7389,.F.);
#7406=EDGE_LOOP('',(#7401,#7403,#7404,#7405));
#7407=FACE_OUTER_BOUND('',#7406,.F.);
#7408=ADVANCED_FACE('',(#7407),#7400,.F.);
#7409=CARTESIAN_POINT('',(-5.637500001863E0,6.24E0,-2.920212775469E0));
#7410=DIRECTION('',(-9.903579295622E-1,0.E0,1.385322033076E-1));
#7411=DIRECTION('',(1.385322033076E-1,0.E0,9.903579295622E-1));
#7412=AXIS2_PLACEMENT_3D('',#7409,#7410,#7411);
#7413=PLANE('',#7412);
#7414=ORIENTED_EDGE('',*,*,#3780,.F.);
#7416=ORIENTED_EDGE('',*,*,#7415,.T.);
#7417=ORIENTED_EDGE('',*,*,#6958,.T.);
#7418=ORIENTED_EDGE('',*,*,#7402,.F.);
#7419=EDGE_LOOP('',(#7414,#7416,#7417,#7418));
#7420=FACE_OUTER_BOUND('',#7419,.F.);
#7421=ADVANCED_FACE('',(#7420),#7413,.F.);
#7422=CARTESIAN_POINT('',(-5.7625E0,6.24E0,-3.239361718297E0));
#7423=DIRECTION('',(-9.311282551951E-1,0.E0,3.646918869090E-1));
#7424=DIRECTION('',(3.646918869090E-1,0.E0,9.311282551951E-1));
#7425=AXIS2_PLACEMENT_3D('',#7422,#7423,#7424);
#7426=PLANE('',#7425);
#7427=ORIENTED_EDGE('',*,*,#3778,.F.);
#7429=ORIENTED_EDGE('',*,*,#7428,.T.);
#7430=ORIENTED_EDGE('',*,*,#6960,.T.);
#7431=ORIENTED_EDGE('',*,*,#7415,.F.);
#7432=EDGE_LOOP('',(#7427,#7429,#7430,#7431));
#7433=FACE_OUTER_BOUND('',#7432,.F.);
#7434=ADVANCED_FACE('',(#7433),#7426,.F.);
#7435=CARTESIAN_POINT('',(-5.95E0,6.24E0,-3.494680859149E0));
#7436=DIRECTION('',(-8.060044205527E-1,0.E0,5.919095150862E-1));
#7437=DIRECTION('',(5.919095150862E-1,0.E0,8.060044205527E-1));
#7438=AXIS2_PLACEMENT_3D('',#7435,#7436,#7437);
#7439=PLANE('',#7438);
#7440=ORIENTED_EDGE('',*,*,#3776,.F.);
#7442=ORIENTED_EDGE('',*,*,#7441,.T.);
#7443=ORIENTED_EDGE('',*,*,#6962,.T.);
#7444=ORIENTED_EDGE('',*,*,#7428,.F.);
#7445=EDGE_LOOP('',(#7440,#7442,#7443,#7444));
#7446=FACE_OUTER_BOUND('',#7445,.F.);
#7447=ADVANCED_FACE('',(#7446),#7439,.F.);
#7448=CARTESIAN_POINT('',(-6.262500014901E0,6.24E0,-3.686170214787E0));
#7449=DIRECTION('',(-5.224769437331E-1,0.E0,8.526534133324E-1));
#7450=DIRECTION('',(8.526534133324E-1,0.E0,5.224769437331E-1));
#7451=AXIS2_PLACEMENT_3D('',#7448,#7449,#7450);
#7452=PLANE('',#7451);
#7453=ORIENTED_EDGE('',*,*,#3774,.F.);
#7455=ORIENTED_EDGE('',*,*,#7454,.T.);
#7456=ORIENTED_EDGE('',*,*,#6964,.T.);
#7457=ORIENTED_EDGE('',*,*,#7441,.F.);
#7458=EDGE_LOOP('',(#7453,#7455,#7456,#7457));
#7459=FACE_OUTER_BOUND('',#7458,.F.);
#7460=ADVANCED_FACE('',(#7459),#7452,.F.);
#7461=CARTESIAN_POINT('',(-6.575000029802E0,6.24E0,-3.75E0));
#7462=DIRECTION('',(-2.001233627174E-1,0.E0,9.797707077141E-1));
#7463=DIRECTION('',(9.797707077141E-1,0.E0,2.001233627174E-1));
#7464=AXIS2_PLACEMENT_3D('',#7461,#7462,#7463);
#7465=PLANE('',#7464);
#7466=ORIENTED_EDGE('',*,*,#3772,.F.);
#7468=ORIENTED_EDGE('',*,*,#7467,.T.);
#7469=ORIENTED_EDGE('',*,*,#6966,.T.);
#7470=ORIENTED_EDGE('',*,*,#7454,.F.);
#7471=EDGE_LOOP('',(#7466,#7468,#7469,#7470));
#7472=FACE_OUTER_BOUND('',#7471,.F.);
#7473=ADVANCED_FACE('',(#7472),#7465,.F.);
#7474=CARTESIAN_POINT('',(-6.8875E0,6.24E0,-3.75E0));
#7475=DIRECTION('',(0.E0,0.E0,1.E0));
#7476=DIRECTION('',(1.E0,0.E0,0.E0));
#7477=AXIS2_PLACEMENT_3D('',#7474,#7475,#7476);
#7478=PLANE('',#7477);
#7479=ORIENTED_EDGE('',*,*,#3770,.F.);
#7481=ORIENTED_EDGE('',*,*,#7480,.T.);
#7482=ORIENTED_EDGE('',*,*,#6968,.T.);
#7483=ORIENTED_EDGE('',*,*,#7467,.F.);
#7484=EDGE_LOOP('',(#7479,#7481,#7482,#7483));
#7485=FACE_OUTER_BOUND('',#7484,.F.);
#7486=ADVANCED_FACE('',(#7485),#7478,.F.);
#7487=CARTESIAN_POINT('',(-7.200000059605E0,6.24E0,-3.686170214787E0));
#7488=DIRECTION('',(2.001233352361E-1,0.E0,9.797707133274E-1));
#7489=DIRECTION('',(9.797707133274E-1,0.E0,-2.001233352361E-1));
#7490=AXIS2_PLACEMENT_3D('',#7487,#7488,#7489);
#7491=PLANE('',#7490);
#7492=ORIENTED_EDGE('',*,*,#3768,.F.);
#7494=ORIENTED_EDGE('',*,*,#7493,.T.);
#7495=ORIENTED_EDGE('',*,*,#6970,.T.);
#7496=ORIENTED_EDGE('',*,*,#7480,.F.);
#7497=EDGE_LOOP('',(#7492,#7494,#7495,#7496));
#7498=FACE_OUTER_BOUND('',#7497,.F.);
#7499=ADVANCED_FACE('',(#7498),#7491,.F.);
#7500=CARTESIAN_POINT('',(-7.512499940395E0,6.24E0,-3.494680859149E0));
#7501=DIRECTION('',(5.224771067470E-1,0.E0,8.526533134429E-1));
#7502=DIRECTION('',(8.526533134429E-1,0.E0,-5.224771067470E-1));
#7503=AXIS2_PLACEMENT_3D('',#7500,#7501,#7502);
#7504=PLANE('',#7503);
#7505=ORIENTED_EDGE('',*,*,#3766,.F.);
#7507=ORIENTED_EDGE('',*,*,#7506,.T.);
#7508=ORIENTED_EDGE('',*,*,#6972,.T.);
#7509=ORIENTED_EDGE('',*,*,#7493,.F.);
#7510=EDGE_LOOP('',(#7505,#7507,#7508,#7509));
#7511=FACE_OUTER_BOUND('',#7510,.F.);
#7512=ADVANCED_FACE('',(#7511),#7504,.F.);
#7513=CARTESIAN_POINT('',(-7.699999940395E0,6.24E0,-3.239361718297E0));
#7514=DIRECTION('',(8.060044205527E-1,0.E0,5.919095150862E-1));
#7515=DIRECTION('',(5.919095150862E-1,0.E0,-8.060044205527E-1));
#7516=AXIS2_PLACEMENT_3D('',#7513,#7514,#7515);
#7517=PLANE('',#7516);
#7518=ORIENTED_EDGE('',*,*,#3764,.F.);
#7520=ORIENTED_EDGE('',*,*,#7519,.T.);
#7521=ORIENTED_EDGE('',*,*,#6974,.T.);
#7522=ORIENTED_EDGE('',*,*,#7506,.F.);
#7523=EDGE_LOOP('',(#7518,#7520,#7521,#7522));
#7524=FACE_OUTER_BOUND('',#7523,.F.);
#7525=ADVANCED_FACE('',(#7524),#7517,.F.);
#7526=CARTESIAN_POINT('',(-7.825E0,6.24E0,-2.920212775469E0));
#7527=DIRECTION('',(9.311281942981E-1,0.E0,3.646920423907E-1));
#7528=DIRECTION('',(3.646920423907E-1,0.E0,-9.311281942981E-1));
#7529=AXIS2_PLACEMENT_3D('',#7526,#7527,#7528);
#7530=PLANE('',#7529);
#7531=ORIENTED_EDGE('',*,*,#3762,.F.);
#7533=ORIENTED_EDGE('',*,*,#7532,.T.);
#7534=ORIENTED_EDGE('',*,*,#6976,.T.);
#7535=ORIENTED_EDGE('',*,*,#7519,.F.);
#7536=EDGE_LOOP('',(#7531,#7533,#7534,#7535));
#7537=FACE_OUTER_BOUND('',#7536,.F.);
#7538=ADVANCED_FACE('',(#7537),#7530,.F.);
#7539=CARTESIAN_POINT('',(-7.825E0,6.24E0,-2.601063787937E0));
#7540=DIRECTION('',(1.E0,0.E0,0.E0));
#7541=DIRECTION('',(0.E0,0.E0,-1.E0));
#7542=AXIS2_PLACEMENT_3D('',#7539,#7540,#7541);
#7543=PLANE('',#7542);
#7544=ORIENTED_EDGE('',*,*,#3760,.F.);
#7545=ORIENTED_EDGE('',*,*,#7040,.T.);
#7546=ORIENTED_EDGE('',*,*,#6978,.T.);
#7547=ORIENTED_EDGE('',*,*,#7532,.F.);
#7548=EDGE_LOOP('',(#7544,#7545,#7546,#7547));
#7549=FACE_OUTER_BOUND('',#7548,.F.);
#7550=ADVANCED_FACE('',(#7549),#7543,.F.);
#7551=CARTESIAN_POINT('',(-7.45E0,6.24E0,-2.473404228687E0));
#7552=DIRECTION('',(-7.145102180353E-1,0.E0,6.996250055017E-1));
#7553=DIRECTION('',(6.996250055017E-1,0.E0,7.145102180353E-1));
#7554=AXIS2_PLACEMENT_3D('',#7551,#7552,#7553);
#7555=PLANE('',#7554);
#7556=ORIENTED_EDGE('',*,*,#3840,.F.);
#7558=ORIENTED_EDGE('',*,*,#7557,.T.);
#7559=ORIENTED_EDGE('',*,*,#6988,.T.);
#7561=ORIENTED_EDGE('',*,*,#7560,.F.);
#7562=EDGE_LOOP('',(#7556,#7558,#7559,#7561));
#7563=FACE_OUTER_BOUND('',#7562,.F.);
#7564=ADVANCED_FACE('',(#7563),#7555,.F.);
#7565=CARTESIAN_POINT('',(-7.512499940395E0,6.24E0,-2.664893656969E0));
#7566=DIRECTION('',(-9.506453221247E-1,0.E0,3.102796666273E-1));
#7567=DIRECTION('',(3.102796666273E-1,0.E0,9.506453221247E-1));
#7568=AXIS2_PLACEMENT_3D('',#7565,#7566,#7567);
#7569=PLANE('',#7568);
#7570=ORIENTED_EDGE('',*,*,#3878,.F.);
#7572=ORIENTED_EDGE('',*,*,#7571,.T.);
#7573=ORIENTED_EDGE('',*,*,#6990,.T.);
#7574=ORIENTED_EDGE('',*,*,#7557,.F.);
#7575=EDGE_LOOP('',(#7570,#7572,#7573,#7574));
#7576=FACE_OUTER_BOUND('',#7575,.F.);
#7577=ADVANCED_FACE('',(#7576),#7569,.F.);
#7578=CARTESIAN_POINT('',(-7.512499940395E0,6.24E0,-2.856382995844E0));
#7579=DIRECTION('',(-1.E0,0.E0,0.E0));
#7580=DIRECTION('',(0.E0,0.E0,1.E0));
#7581=AXIS2_PLACEMENT_3D('',#7578,#7579,#7580);
#7582=PLANE('',#7581);
#7583=ORIENTED_EDGE('',*,*,#3876,.F.);
#7585=ORIENTED_EDGE('',*,*,#7584,.T.);
#7586=ORIENTED_EDGE('',*,*,#6992,.T.);
#7587=ORIENTED_EDGE('',*,*,#7571,.F.);
#7588=EDGE_LOOP('',(#7583,#7585,#7586,#7587));
#7589=FACE_OUTER_BOUND('',#7588,.F.);
#7590=ADVANCED_FACE('',(#7589),#7582,.F.);
#7591=CARTESIAN_POINT('',(-7.45E0,6.24E0,-3.047872334719E0));
#7592=DIRECTION('',(-9.506452793929E-1,0.E0,-3.102797975506E-1));
#7593=DIRECTION('',(-3.102797975506E-1,0.E0,9.506452793929E-1));
#7594=AXIS2_PLACEMENT_3D('',#7591,#7592,#7593);
#7595=PLANE('',#7594);
#7596=ORIENTED_EDGE('',*,*,#3874,.F.);
#7598=ORIENTED_EDGE('',*,*,#7597,.T.);
#7599=ORIENTED_EDGE('',*,*,#6994,.T.);
#7600=ORIENTED_EDGE('',*,*,#7584,.F.);
#7601=EDGE_LOOP('',(#7596,#7598,#7599,#7600));
#7602=FACE_OUTER_BOUND('',#7601,.F.);
#7603=ADVANCED_FACE('',(#7602),#7595,.F.);
#7604=CARTESIAN_POINT('',(-7.324999940395E0,6.24E0,-3.239361718297E0));
#7605=DIRECTION('',(-8.373790596451E-1,0.E0,-5.466226399153E-1));
#7606=DIRECTION('',(-5.466226399153E-1,0.E0,8.373790596451E-1));
#7607=AXIS2_PLACEMENT_3D('',#7604,#7605,#7606);
#7608=PLANE('',#7607);
#7609=ORIENTED_EDGE('',*,*,#3872,.F.);
#7611=ORIENTED_EDGE('',*,*,#7610,.T.);
#7612=ORIENTED_EDGE('',*,*,#6996,.T.);
#7613=ORIENTED_EDGE('',*,*,#7597,.F.);
#7614=EDGE_LOOP('',(#7609,#7611,#7612,#7613));
#7615=FACE_OUTER_BOUND('',#7614,.F.);
#7616=ADVANCED_FACE('',(#7615),#7608,.F.);
#7617=CARTESIAN_POINT('',(-7.137499940395E0,6.24E0,-3.367021277547E0));
#7618=DIRECTION('',(-5.627909312417E-1,0.E0,-8.265992787996E-1));
#7619=DIRECTION('',(-8.265992787996E-1,0.E0,5.627909312417E-1));
#7620=AXIS2_PLACEMENT_3D('',#7617,#7618,#7619);
#7621=PLANE('',#7620);
#7622=ORIENTED_EDGE('',*,*,#3870,.F.);
#7624=ORIENTED_EDGE('',*,*,#7623,.T.);
#7625=ORIENTED_EDGE('',*,*,#6998,.T.);
#7626=ORIENTED_EDGE('',*,*,#7610,.F.);
#7627=EDGE_LOOP('',(#7622,#7624,#7625,#7626));
#7628=FACE_OUTER_BOUND('',#7627,.F.);
#7629=ADVANCED_FACE('',(#7628),#7621,.F.);
#7630=CARTESIAN_POINT('',(-6.950000029802E0,6.24E0,-3.430851057172E0));
#7631=DIRECTION('',(-3.222639010856E-1,0.E0,-9.466498708905E-1));
#7632=DIRECTION('',(-9.466498708905E-1,0.E0,3.222639010856E-1));
#7633=AXIS2_PLACEMENT_3D('',#7630,#7631,#7632);
#7634=PLANE('',#7633);
#7635=ORIENTED_EDGE('',*,*,#3868,.F.);
#7637=ORIENTED_EDGE('',*,*,#7636,.T.);
#7638=ORIENTED_EDGE('',*,*,#7000,.T.);
#7639=ORIENTED_EDGE('',*,*,#7623,.F.);
#7640=EDGE_LOOP('',(#7635,#7637,#7638,#7639));
#7641=FACE_OUTER_BOUND('',#7640,.F.);
#7642=ADVANCED_FACE('',(#7641),#7634,.F.);
#7643=CARTESIAN_POINT('',(-6.5125E0,6.24E0,-3.430851057172E0));
#7644=DIRECTION('',(0.E0,0.E0,-1.E0));
#7645=DIRECTION('',(-1.E0,0.E0,0.E0));
#7646=AXIS2_PLACEMENT_3D('',#7643,#7644,#7645);
#7647=PLANE('',#7646);
#7648=ORIENTED_EDGE('',*,*,#3866,.F.);
#7650=ORIENTED_EDGE('',*,*,#7649,.T.);
#7651=ORIENTED_EDGE('',*,*,#7002,.T.);
#7652=ORIENTED_EDGE('',*,*,#7636,.F.);
#7653=EDGE_LOOP('',(#7648,#7650,#7651,#7652));
#7654=FACE_OUTER_BOUND('',#7653,.F.);
#7655=ADVANCED_FACE('',(#7654),#7647,.F.);
#7656=CARTESIAN_POINT('',(-6.325E0,6.24E0,-3.367021277547E0));
#7657=DIRECTION('',(3.222637633772E-1,0.E0,-9.466499177700E-1));
#7658=DIRECTION('',(-9.466499177700E-1,0.E0,-3.222637633772E-1));
#7659=AXIS2_PLACEMENT_3D('',#7656,#7657,#7658);
#7660=PLANE('',#7659);
#7661=ORIENTED_EDGE('',*,*,#3864,.F.);
#7663=ORIENTED_EDGE('',*,*,#7662,.T.);
#7664=ORIENTED_EDGE('',*,*,#7004,.T.);
#7665=ORIENTED_EDGE('',*,*,#7649,.F.);
#7666=EDGE_LOOP('',(#7661,#7663,#7664,#7665));
#7667=FACE_OUTER_BOUND('',#7666,.F.);
#7668=ADVANCED_FACE('',(#7667),#7660,.F.);
#7669=CARTESIAN_POINT('',(-6.1375E0,6.24E0,-3.239361718297E0));
#7670=DIRECTION('',(5.627909312417E-1,0.E0,-8.265992787996E-1));
#7671=DIRECTION('',(-8.265992787996E-1,0.E0,-5.627909312417E-1));
#7672=AXIS2_PLACEMENT_3D('',#7669,#7670,#7671);
#7673=PLANE('',#7672);
#7674=ORIENTED_EDGE('',*,*,#3862,.F.);
#7676=ORIENTED_EDGE('',*,*,#7675,.T.);
#7677=ORIENTED_EDGE('',*,*,#7006,.T.);
#7678=ORIENTED_EDGE('',*,*,#7662,.F.);
#7679=EDGE_LOOP('',(#7674,#7676,#7677,#7678));
#7680=FACE_OUTER_BOUND('',#7679,.F.);
#7681=ADVANCED_FACE('',(#7680),#7673,.F.);
#7682=CARTESIAN_POINT('',(-6.012499985099E0,6.24E0,-3.047872334719E0));
#7683=DIRECTION('',(8.373791491256E-1,0.E0,-5.466225028388E-1));
#7684=DIRECTION('',(-5.466225028388E-1,0.E0,-8.373791491256E-1));
#7685=AXIS2_PLACEMENT_3D('',#7682,#7683,#7684);
#7686=PLANE('',#7685);
#7687=ORIENTED_EDGE('',*,*,#3860,.F.);
#7689=ORIENTED_EDGE('',*,*,#7688,.T.);
#7690=ORIENTED_EDGE('',*,*,#7008,.T.);
#7691=ORIENTED_EDGE('',*,*,#7675,.F.);
#7692=EDGE_LOOP('',(#7687,#7689,#7690,#7691));
#7693=FACE_OUTER_BOUND('',#7692,.F.);
#7694=ADVANCED_FACE('',(#7693),#7686,.F.);
#7695=CARTESIAN_POINT('',(-5.95E0,6.24E0,-2.856382995844E0));
#7696=DIRECTION('',(9.506452139312E-1,0.E0,-3.102799981143E-1));
#7697=DIRECTION('',(-3.102799981143E-1,0.E0,-9.506452139312E-1));
#7698=AXIS2_PLACEMENT_3D('',#7695,#7696,#7697);
#7699=PLANE('',#7698);
#7700=ORIENTED_EDGE('',*,*,#3858,.F.);
#7702=ORIENTED_EDGE('',*,*,#7701,.T.);
#7703=ORIENTED_EDGE('',*,*,#7010,.T.);
#7704=ORIENTED_EDGE('',*,*,#7688,.F.);
#7705=EDGE_LOOP('',(#7700,#7702,#7703,#7704));
#7706=FACE_OUTER_BOUND('',#7705,.F.);
#7707=ADVANCED_FACE('',(#7706),#7699,.F.);
#7708=CARTESIAN_POINT('',(-5.95E0,6.24E0,-2.664893656969E0));
#7709=DIRECTION('',(1.E0,0.E0,0.E0));
#7710=DIRECTION('',(0.E0,0.E0,-1.E0));
#7711=AXIS2_PLACEMENT_3D('',#7708,#7709,#7710);
#7712=PLANE('',#7711);
#7713=ORIENTED_EDGE('',*,*,#3856,.F.);
#7715=ORIENTED_EDGE('',*,*,#7714,.T.);
#7716=ORIENTED_EDGE('',*,*,#7012,.T.);
#7717=ORIENTED_EDGE('',*,*,#7701,.F.);
#7718=EDGE_LOOP('',(#7713,#7715,#7716,#7717));
#7719=FACE_OUTER_BOUND('',#7718,.F.);
#7720=ADVANCED_FACE('',(#7719),#7712,.F.);
#7721=CARTESIAN_POINT('',(-6.012499985099E0,6.24E0,-2.473404228687E0));
#7722=DIRECTION('',(9.506452566631E-1,0.E0,3.102798671909E-1));
#7723=DIRECTION('',(3.102798671909E-1,0.E0,-9.506452566631E-1));
#7724=AXIS2_PLACEMENT_3D('',#7721,#7722,#7723);
#7725=PLANE('',#7724);
#7726=ORIENTED_EDGE('',*,*,#3854,.F.);
#7728=ORIENTED_EDGE('',*,*,#7727,.T.);
#7729=ORIENTED_EDGE('',*,*,#7014,.T.);
#7730=ORIENTED_EDGE('',*,*,#7714,.F.);
#7731=EDGE_LOOP('',(#7726,#7728,#7729,#7730));
#7732=FACE_OUTER_BOUND('',#7731,.F.);
#7733=ADVANCED_FACE('',(#7732),#7725,.F.);
#7734=CARTESIAN_POINT('',(-6.1375E0,6.24E0,-2.345744669437E0));
#7735=DIRECTION('',(7.145103431102E-1,0.E0,6.996248777656E-1));
#7736=DIRECTION('',(6.996248777656E-1,0.E0,-7.145103431102E-1));
#7737=AXIS2_PLACEMENT_3D('',#7734,#7735,#7736);
#7738=PLANE('',#7737);
#7739=ORIENTED_EDGE('',*,*,#3852,.F.);
#7741=ORIENTED_EDGE('',*,*,#7740,.T.);
#7742=ORIENTED_EDGE('',*,*,#7016,.T.);
#7743=ORIENTED_EDGE('',*,*,#7727,.F.);
#7744=EDGE_LOOP('',(#7739,#7741,#7742,#7743));
#7745=FACE_OUTER_BOUND('',#7744,.F.);
#7746=ADVANCED_FACE('',(#7745),#7738,.F.);
#7747=CARTESIAN_POINT('',(-6.325E0,6.24E0,-2.218085110188E0));
#7748=DIRECTION('',(5.627909312417E-1,0.E0,8.265992787996E-1));
#7749=DIRECTION('',(8.265992787996E-1,0.E0,-5.627909312417E-1));
#7750=AXIS2_PLACEMENT_3D('',#7747,#7748,#7749);
#7751=PLANE('',#7750);
#7752=ORIENTED_EDGE('',*,*,#3850,.F.);
#7754=ORIENTED_EDGE('',*,*,#7753,.T.);
#7755=ORIENTED_EDGE('',*,*,#7018,.T.);
#7756=ORIENTED_EDGE('',*,*,#7740,.F.);
#7757=EDGE_LOOP('',(#7752,#7754,#7755,#7756));
#7758=FACE_OUTER_BOUND('',#7757,.F.);
#7759=ADVANCED_FACE('',(#7758),#7751,.F.);
#7760=CARTESIAN_POINT('',(-6.5125E0,6.24E0,-2.154255330563E0));
#7761=DIRECTION('',(3.222637633772E-1,0.E0,9.466499177700E-1));
#7762=DIRECTION('',(9.466499177700E-1,0.E0,-3.222637633772E-1));
#7763=AXIS2_PLACEMENT_3D('',#7760,#7761,#7762);
#7764=PLANE('',#7763);
#7765=ORIENTED_EDGE('',*,*,#3848,.F.);
#7767=ORIENTED_EDGE('',*,*,#7766,.T.);
#7768=ORIENTED_EDGE('',*,*,#7020,.T.);
#7769=ORIENTED_EDGE('',*,*,#7753,.F.);
#7770=EDGE_LOOP('',(#7765,#7767,#7768,#7769));
#7771=FACE_OUTER_BOUND('',#7770,.F.);
#7772=ADVANCED_FACE('',(#7771),#7764,.F.);
#7773=CARTESIAN_POINT('',(-6.950000029802E0,6.24E0,-2.154255330563E0));
#7774=DIRECTION('',(0.E0,0.E0,1.E0));
#7775=DIRECTION('',(1.E0,0.E0,0.E0));
#7776=AXIS2_PLACEMENT_3D('',#7773,#7774,#7775);
#7777=PLANE('',#7776);
#7778=ORIENTED_EDGE('',*,*,#3846,.F.);
#7780=ORIENTED_EDGE('',*,*,#7779,.T.);
#7781=ORIENTED_EDGE('',*,*,#7022,.T.);
#7782=ORIENTED_EDGE('',*,*,#7766,.F.);
#7783=EDGE_LOOP('',(#7778,#7780,#7781,#7782));
#7784=FACE_OUTER_BOUND('',#7783,.F.);
#7785=ADVANCED_FACE('',(#7784),#7777,.F.);
#7786=CARTESIAN_POINT('',(-7.137499940395E0,6.24E0,-2.218085110188E0));
#7787=DIRECTION('',(-3.222639010856E-1,0.E0,9.466498708905E-1));
#7788=DIRECTION('',(9.466498708905E-1,0.E0,3.222639010856E-1));
#7789=AXIS2_PLACEMENT_3D('',#7786,#7787,#7788);
#7790=PLANE('',#7789);
#7791=ORIENTED_EDGE('',*,*,#3844,.F.);
#7793=ORIENTED_EDGE('',*,*,#7792,.T.);
#7794=ORIENTED_EDGE('',*,*,#7024,.T.);
#7795=ORIENTED_EDGE('',*,*,#7779,.F.);
#7796=EDGE_LOOP('',(#7791,#7793,#7794,#7795));
#7797=FACE_OUTER_BOUND('',#7796,.F.);
#7798=ADVANCED_FACE('',(#7797),#7790,.F.);
#7799=CARTESIAN_POINT('',(-7.324999940395E0,6.24E0,-2.345744669437E0));
#7800=DIRECTION('',(-5.627909312417E-1,0.E0,8.265992787996E-1));
#7801=DIRECTION('',(8.265992787996E-1,0.E0,5.627909312417E-1));
#7802=AXIS2_PLACEMENT_3D('',#7799,#7800,#7801);
#7803=PLANE('',#7802);
#7804=ORIENTED_EDGE('',*,*,#3842,.F.);
#7805=ORIENTED_EDGE('',*,*,#7560,.T.);
#7806=ORIENTED_EDGE('',*,*,#7026,.T.);
#7807=ORIENTED_EDGE('',*,*,#7792,.F.);
#7808=EDGE_LOOP('',(#7804,#7805,#7806,#7807));
#7809=FACE_OUTER_BOUND('',#7808,.F.);
#7810=ADVANCED_FACE('',(#7809),#7803,.F.);
#7811=CLOSED_SHELL('',(#3673,#3688,#3703,#3752,#3882,#3901,#3921,#3941,#3954,
#3977,#3991,#4112,#4126,#4140,#4156,#4169,#4181,#4207,#4220,#4233,#4245,#4258,
#4271,#4284,#4297,#4315,#4328,#4341,#4354,#4366,#4394,#4416,#4429,#4442,#4455,
#4467,#4480,#4493,#4505,#4520,#4534,#4548,#4561,#4589,#4603,#4616,#4629,#4642,
#4655,#4668,#4680,#4696,#4712,#4727,#4742,#4757,#4772,#4786,#4800,#4814,#4829,
#4845,#4859,#4874,#4887,#4900,#4913,#4926,#4952,#4976,#4989,#5002,#5017,#5031,
#5046,#5058,#5071,#5086,#5100,#5114,#5127,#5139,#5152,#5164,#5178,#5191,#5204,
#5217,#5229,#5243,#5256,#5269,#5282,#5294,#5309,#5323,#5337,#5350,#5362,#5378,
#5394,#5409,#5424,#5439,#5454,#5468,#5482,#5496,#5511,#5527,#5541,#5556,#5569,
#5582,#5595,#5608,#5634,#5658,#5671,#5684,#5699,#5713,#5728,#5740,#5753,#5768,
#5782,#5796,#5809,#5821,#5834,#5846,#5860,#5873,#5886,#5899,#5911,#5925,#5938,
#5951,#5964,#5976,#5991,#6005,#6019,#6032,#6044,#6060,#6076,#6091,#6106,#6121,
#6136,#6150,#6164,#6178,#6193,#6209,#6223,#6238,#6251,#6264,#6277,#6290,#6316,
#6340,#6353,#6366,#6381,#6395,#6410,#6422,#6435,#6450,#6464,#6478,#6491,#6503,
#6516,#6528,#6542,#6555,#6568,#6581,#6593,#6607,#6620,#6633,#6646,#6658,#6673,
#6687,#6701,#6714,#6726,#6742,#6757,#6768,#6781,#6793,#6807,#6820,#6832,#6847,
#6861,#6875,#6888,#6982,#7030,#7044,#7057,#7070,#7083,#7096,#7109,#7122,#7135,
#7148,#7161,#7174,#7187,#7200,#7213,#7226,#7239,#7252,#7265,#7278,#7291,#7304,
#7317,#7330,#7343,#7356,#7369,#7382,#7395,#7408,#7421,#7434,#7447,#7460,#7473,
#7486,#7499,#7512,#7525,#7538,#7550,#7564,#7577,#7590,#7603,#7616,#7629,#7642,
#7655,#7668,#7681,#7694,#7707,#7720,#7733,#7746,#7759,#7772,#7785,#7798,#7810));
#7812=MANIFOLD_SOLID_BREP('',#7811);
#7813=CARTESIAN_POINT('',(0.E0,0.E0,0.E0));
#7814=DIRECTION('',(0.E0,0.E0,1.E0));
#7815=DIRECTION('',(1.E0,0.E0,0.E0));
#7816=AXIS2_PLACEMENT_3D('PRT_CSYS_DEF',#7813,#7814,#7815);
#7817=DIRECTION('',(0.E0,0.E0,-1.E0));
#7818=VECTOR('',#7817,1.1E0);
#7819=CARTESIAN_POINT('',(-8.175E0,5.54E0,-1.56E1));
#7820=LINE('',#7819,#7818);
#7823=CARTESIAN_POINT('',(-5.7E0,-2.93E0,-1.56E1));
#7824=DIRECTION('',(0.E0,0.E0,-1.E0));
#7825=DIRECTION('',(1.E0,0.E0,0.E0));
#7826=AXIS2_PLACEMENT_3D('',#7823,#7824,#7825);
#7830=CARTESIAN_POINT('',(-5.7E0,-2.93E0,-1.56E1));
#7831=DIRECTION('',(0.E0,0.E0,-1.E0));
#7832=DIRECTION('',(-1.E0,0.E0,0.E0));
#7833=AXIS2_PLACEMENT_3D('',#7830,#7831,#7832);
#7838=CARTESIAN_POINT('',(-5.7E0,2.77E0,-1.56E1));
#7839=DIRECTION('',(0.E0,0.E0,-1.E0));
#7840=DIRECTION('',(1.E0,0.E0,0.E0));
#7841=AXIS2_PLACEMENT_3D('',#7838,#7839,#7840);
#7845=CARTESIAN_POINT('',(-5.7E0,2.77E0,-1.56E1));
#7846=DIRECTION('',(0.E0,0.E0,-1.E0));
#7847=DIRECTION('',(-1.E0,0.E0,0.E0));
#7848=AXIS2_PLACEMENT_3D('',#7845,#7846,#7847);
#7853=CARTESIAN_POINT('',(0.E0,-2.93E0,-1.56E1));
#7854=DIRECTION('',(0.E0,0.E0,-1.E0));
#7855=DIRECTION('',(1.E0,0.E0,0.E0));
#7856=AXIS2_PLACEMENT_3D('',#7853,#7854,#7855);
#7860=CARTESIAN_POINT('',(0.E0,-2.93E0,-1.56E1));
#7861=DIRECTION('',(0.E0,0.E0,-1.E0));
#7862=DIRECTION('',(-1.E0,0.E0,0.E0));
#7863=AXIS2_PLACEMENT_3D('',#7860,#7861,#7862);
#7868=CARTESIAN_POINT('',(0.E0,2.77E0,-1.56E1));
#7869=DIRECTION('',(0.E0,0.E0,-1.E0));
#7870=DIRECTION('',(1.E0,0.E0,0.E0));
#7871=AXIS2_PLACEMENT_3D('',#7868,#7869,#7870);
#7875=CARTESIAN_POINT('',(0.E0,2.77E0,-1.56E1));
#7876=DIRECTION('',(0.E0,0.E0,-1.E0));
#7877=DIRECTION('',(-1.E0,0.E0,0.E0));
#7878=AXIS2_PLACEMENT_3D('',#7875,#7876,#7877);
#7883=CARTESIAN_POINT('',(5.7E0,-2.93E0,-1.56E1));
#7884=DIRECTION('',(0.E0,0.E0,-1.E0));
#7885=DIRECTION('',(1.E0,0.E0,0.E0));
#7886=AXIS2_PLACEMENT_3D('',#7883,#7884,#7885);
#7890=CARTESIAN_POINT('',(5.7E0,-2.93E0,-1.56E1));
#7891=DIRECTION('',(0.E0,0.E0,-1.E0));
#7892=DIRECTION('',(-1.E0,0.E0,0.E0));
#7893=AXIS2_PLACEMENT_3D('',#7890,#7891,#7892);
#7898=CARTESIAN_POINT('',(5.7E0,2.77E0,-1.56E1));
#7899=DIRECTION('',(0.E0,0.E0,-1.E0));
#7900=DIRECTION('',(1.E0,0.E0,0.E0));
#7901=AXIS2_PLACEMENT_3D('',#7898,#7899,#7900);
#7905=CARTESIAN_POINT('',(5.7E0,2.77E0,-1.56E1));
#7906=DIRECTION('',(0.E0,0.E0,-1.E0));
#7907=DIRECTION('',(-1.E0,0.E0,0.E0));
#7908=AXIS2_PLACEMENT_3D('',#7905,#7906,#7907);
#7913=CARTESIAN_POINT('',(-8.175E0,5.54E0,-1.56E1));
#7914=DIRECTION('',(0.E0,0.E0,-1.E0));
#7915=DIRECTION('',(1.E0,0.E0,0.E0));
#7916=AXIS2_PLACEMENT_3D('',#7913,#7914,#7915);
#7920=CARTESIAN_POINT('',(-8.175E0,5.54E0,-1.56E1));
#7921=DIRECTION('',(0.E0,0.E0,-1.E0));
#7922=DIRECTION('',(-1.E0,0.E0,0.E0));
#7923=AXIS2_PLACEMENT_3D('',#7920,#7921,#7922);
#7929=DIMENSIONAL_EXPONENTS(0.E0,0.E0,0.E0,0.E0,0.E0,0.E0,0.E0);
#7931=PLANE_ANGLE_MEASURE_WITH_UNIT(PLANE_ANGLE_MEASURE(1.745329251994E-2),
#7930);
#7932=(CONVERSION_BASED_UNIT('DEGREE',#7931)NAMED_UNIT(*)PLANE_ANGLE_UNIT());
#7934=UNCERTAINTY_MEASURE_WITH_UNIT(LENGTH_MEASURE(2.936554629214E-3),#7928,
'closure',
'Maximum model space distance between geometric entities at asserted connectivities');
#7935=(GEOMETRIC_REPRESENTATION_CONTEXT(3)GLOBAL_UNCERTAINTY_ASSIGNED_CONTEXT((
#7934))GLOBAL_UNIT_ASSIGNED_CONTEXT((#7928,#7932,#7933))REPRESENTATION_CONTEXT(
'ID1','3'));
#7822=GEOMETRIC_SET('',(#7821,#7837,#7852,#7867,#7882,#7897,#7912,#7927));
#7939=SHAPE_REPRESENTATION_RELATIONSHIP('','',#7938,#7936);
#7940=SHAPE_REPRESENTATION_RELATIONSHIP('','',#7938,#7937);
#7941=APPLICATION_CONTEXT(
'CONFIGURATION CONTROLLED 3D DESIGNS OF MECHANICAL PARTS AND ASSEMBLIES');
#7942=APPLICATION_PROTOCOL_DEFINITION('international standard',
'config_control_design',1994,#7941);
#7943=DESIGN_CONTEXT('',#7941,'design');
#7944=MECHANICAL_CONTEXT('',#7941,'mechanical');
#7945=PRODUCT('1720650306','1720650306','NOT SPECIFIED',(#7944));
#7946=PRODUCT_DEFINITION_FORMATION_WITH_SPECIFIED_SOURCE('1','LAST_VERSION',
#7945,.MADE.);
#7950=PRODUCT_CATEGORY('part','');
#7951=PRODUCT_RELATED_PRODUCT_CATEGORY('detail','',(#7945));
#7952=PRODUCT_CATEGORY_RELATIONSHIP('','',#7950,#7951);
#7953=SECURITY_CLASSIFICATION_LEVEL('unclassified');
#7954=SECURITY_CLASSIFICATION('','',#7953);
#7955=CC_DESIGN_SECURITY_CLASSIFICATION(#7954,(#7946));
#7956=APPROVAL_STATUS('approved');
#7957=APPROVAL(#7956,'');
#7958=CC_DESIGN_APPROVAL(#7957,(#7954,#7946,#7947));
#7959=CALENDAR_DATE(117,24,11);
#7960=COORDINATED_UNIVERSAL_TIME_OFFSET(5,30,.AHEAD.);
#7961=LOCAL_TIME(15,48,8.E0,#7960);
#7962=DATE_AND_TIME(#7959,#7961);
#7963=APPROVAL_DATE_TIME(#7962,#7957);
#7964=DATE_TIME_ROLE('creation_date');
#7965=CC_DESIGN_DATE_AND_TIME_ASSIGNMENT(#7962,#7964,(#7947));
#7966=DATE_TIME_ROLE('classification_date');
#7967=CC_DESIGN_DATE_AND_TIME_ASSIGNMENT(#7962,#7966,(#7954));
#7968=PERSON('UNSPECIFIED','UNSPECIFIED',$,$,$,$);
#7969=ORGANIZATION('UNSPECIFIED','UNSPECIFIED','UNSPECIFIED');
#7970=PERSON_AND_ORGANIZATION(#7968,#7969);
#7971=APPROVAL_ROLE('approver');
#7972=APPROVAL_PERSON_ORGANIZATION(#7970,#7957,#7971);
#7973=PERSON_AND_ORGANIZATION_ROLE('creator');
#7974=CC_DESIGN_PERSON_AND_ORGANIZATION_ASSIGNMENT(#7970,#7973,(#7946,#7947));
#7975=PERSON_AND_ORGANIZATION_ROLE('design_supplier');
#7976=CC_DESIGN_PERSON_AND_ORGANIZATION_ASSIGNMENT(#7970,#7975,(#7946));
#7977=PERSON_AND_ORGANIZATION_ROLE('classification_officer');
#7978=CC_DESIGN_PERSON_AND_ORGANIZATION_ASSIGNMENT(#7970,#7977,(#7954));
#7979=PERSON_AND_ORGANIZATION_ROLE('design_owner');
#7980=CC_DESIGN_PERSON_AND_ORGANIZATION_ASSIGNMENT(#7970,#7979,(#7945));
#493=CIRCLE('',#492,7.E-1);
#506=CIRCLE('',#505,7.E-1);
#511=CIRCLE('',#510,7.E-1);
#2156=CIRCLE('',#2155,7.E-1);
#2169=CIRCLE('',#2168,4.E-1);
#2174=CIRCLE('',#2173,4.E-1);
#2183=CIRCLE('',#2182,7.E-1);
#3587=EDGE_CURVE('',#2734,#2735,#4,.T.);
#3589=EDGE_CURVE('',#2723,#2735,#8,.T.);
#3591=EDGE_CURVE('',#2721,#2723,#12,.T.);
#3593=EDGE_CURVE('',#2719,#2721,#16,.T.);
#3595=EDGE_CURVE('',#2718,#2719,#20,.T.);
#3597=EDGE_CURVE('',#2734,#2718,#24,.T.);
#3601=EDGE_CURVE('',#2763,#3241,#28,.T.);
#3603=EDGE_CURVE('',#3239,#3241,#1323,.T.);
#3605=EDGE_CURVE('',#3239,#2760,#32,.T.);
#3607=EDGE_CURVE('',#2760,#2761,#36,.T.);
#3609=EDGE_CURVE('',#2761,#2763,#40,.T.);
#3613=EDGE_CURVE('',#2787,#3249,#44,.T.);
#3615=EDGE_CURVE('',#3247,#3249,#1699,.T.);
#3617=EDGE_CURVE('',#3247,#2784,#48,.T.);
#3619=EDGE_CURVE('',#2784,#2785,#52,.T.);
#3621=EDGE_CURVE('',#2785,#2787,#56,.T.);
#3625=EDGE_CURVE('',#2811,#3257,#60,.T.);
#3627=EDGE_CURVE('',#3255,#3257,#2075,.T.);
#3629=EDGE_CURVE('',#3255,#2808,#64,.T.);
#3631=EDGE_CURVE('',#2808,#2809,#68,.T.);
#3633=EDGE_CURVE('',#2809,#2811,#72,.T.);
#3637=EDGE_CURVE('',#2757,#3265,#76,.T.);
#3639=EDGE_CURVE('',#3263,#3265,#1347,.T.);
#3641=EDGE_CURVE('',#3263,#2754,#80,.T.);
#3643=EDGE_CURVE('',#2754,#2755,#84,.T.);
#3645=EDGE_CURVE('',#2755,#2757,#88,.T.);
#3649=EDGE_CURVE('',#2781,#3273,#92,.T.);
#3651=EDGE_CURVE('',#3271,#3273,#1723,.T.);
#3653=EDGE_CURVE('',#3271,#2778,#96,.T.);
#3655=EDGE_CURVE('',#2778,#2779,#100,.T.);
#3657=EDGE_CURVE('',#2779,#2781,#104,.T.);
#3661=EDGE_CURVE('',#2803,#3281,#108,.T.);
#3663=EDGE_CURVE('',#3279,#3281,#2099,.T.);
#3665=EDGE_CURVE('',#3279,#2805,#112,.T.);
#3667=EDGE_CURVE('',#2805,#2802,#116,.T.);
#3669=EDGE_CURVE('',#2802,#2803,#120,.T.);
#3680=EDGE_CURVE('',#2727,#2734,#136,.T.);
#3682=EDGE_CURVE('',#2727,#2731,#124,.T.);
#3684=EDGE_CURVE('',#2731,#2735,#2191,.T.);
#3694=EDGE_CURVE('',#2734,#2737,#156,.T.);
#3696=EDGE_CURVE('',#2737,#2726,#128,.T.);
#3698=EDGE_CURVE('',#2726,#2727,#132,.T.);
#3709=EDGE_CURVE('',#2899,#2935,#497,.T.);
#3711=EDGE_CURVE('',#2935,#2814,#535,.T.);
#3713=EDGE_CURVE('',#2860,#2814,#855,.T.);
#3715=EDGE_CURVE('',#2923,#2860,#555,.T.);
#3717=EDGE_CURVE('',#2923,#2907,#140,.T.);
#3719=EDGE_CURVE('',#2907,#2902,#759,.T.);
#3721=EDGE_CURVE('',#2918,#2902,#751,.T.);
#3723=EDGE_CURVE('',#2877,#2918,#651,.T.);
#3725=EDGE_CURVE('',#2877,#2824,#144,.T.);
#3727=EDGE_CURVE('',#2824,#2825,#420,.T.);
#3729=EDGE_CURVE('',#2723,#2825,#863,.T.);
#3732=EDGE_CURVE('',#2735,#2739,#148,.T.);
#3734=EDGE_CURVE('',#2737,#2739,#152,.T.);
#3738=EDGE_CURVE('',#2718,#2899,#160,.T.);
#3742=EDGE_CURVE('',#3456,#3457,#164,.T.);
#3744=EDGE_CURVE('',#3457,#3459,#168,.T.);
#3746=EDGE_CURVE('',#3459,#3461,#172,.T.);
#3748=EDGE_CURVE('',#3461,#3456,#176,.T.);
#3758=EDGE_CURVE('',#3464,#3465,#180,.T.);
#3760=EDGE_CURVE('',#3465,#3467,#184,.T.);
#3762=EDGE_CURVE('',#3467,#3469,#188,.T.);
#3764=EDGE_CURVE('',#3469,#3471,#192,.T.);
#3766=EDGE_CURVE('',#3471,#3473,#196,.T.);
#3768=EDGE_CURVE('',#3473,#3475,#200,.T.);
#3770=EDGE_CURVE('',#3475,#3477,#204,.T.);
#3772=EDGE_CURVE('',#3477,#3479,#208,.T.);
#3774=EDGE_CURVE('',#3479,#3481,#212,.T.);
#3776=EDGE_CURVE('',#3481,#3483,#216,.T.);
#3778=EDGE_CURVE('',#3483,#3485,#220,.T.);
#3780=EDGE_CURVE('',#3485,#3487,#224,.T.);
#3782=EDGE_CURVE('',#3487,#3489,#228,.T.);
#3784=EDGE_CURVE('',#3489,#3491,#232,.T.);
#3786=EDGE_CURVE('',#3491,#3493,#236,.T.);
#3788=EDGE_CURVE('',#3493,#3495,#240,.T.);
#3790=EDGE_CURVE('',#3495,#3497,#244,.T.);
#3792=EDGE_CURVE('',#3497,#3499,#248,.T.);
#3794=EDGE_CURVE('',#3499,#3501,#252,.T.);
#3796=EDGE_CURVE('',#3501,#3503,#256,.T.);
#3798=EDGE_CURVE('',#3503,#3505,#260,.T.);
#3800=EDGE_CURVE('',#3505,#3507,#264,.T.);
#3802=EDGE_CURVE('',#3507,#3509,#268,.T.);
#3804=EDGE_CURVE('',#3509,#3511,#272,.T.);
#3806=EDGE_CURVE('',#3511,#3513,#276,.T.);
#3808=EDGE_CURVE('',#3513,#3515,#280,.T.);
#3810=EDGE_CURVE('',#3515,#3517,#284,.T.);
#3812=EDGE_CURVE('',#3517,#3519,#288,.T.);
#3814=EDGE_CURVE('',#3519,#3521,#292,.T.);
#3816=EDGE_CURVE('',#3521,#3523,#296,.T.);
#3818=EDGE_CURVE('',#3523,#3525,#300,.T.);
#3820=EDGE_CURVE('',#3525,#3527,#304,.T.);
#3822=EDGE_CURVE('',#3527,#3529,#308,.T.);
#3824=EDGE_CURVE('',#3529,#3531,#312,.T.);
#3826=EDGE_CURVE('',#3531,#3533,#316,.T.);
#3828=EDGE_CURVE('',#3533,#3535,#320,.T.);
#3830=EDGE_CURVE('',#3535,#3537,#324,.T.);
#3832=EDGE_CURVE('',#3537,#3539,#328,.T.);
#3834=EDGE_CURVE('',#3539,#3541,#332,.T.);
#3836=EDGE_CURVE('',#3541,#3464,#336,.T.);
#3840=EDGE_CURVE('',#3544,#3545,#340,.T.);
#3842=EDGE_CURVE('',#3545,#3547,#344,.T.);
#3844=EDGE_CURVE('',#3547,#3549,#348,.T.);
#3846=EDGE_CURVE('',#3549,#3551,#352,.T.);
#3848=EDGE_CURVE('',#3551,#3553,#356,.T.);
#3850=EDGE_CURVE('',#3553,#3555,#360,.T.);
#3852=EDGE_CURVE('',#3555,#3557,#364,.T.);
#3854=EDGE_CURVE('',#3557,#3559,#368,.T.);
#3856=EDGE_CURVE('',#3559,#3561,#372,.T.);
#3858=EDGE_CURVE('',#3561,#3563,#376,.T.);
#3860=EDGE_CURVE('',#3563,#3565,#380,.T.);
#3862=EDGE_CURVE('',#3565,#3567,#384,.T.);
#3864=EDGE_CURVE('',#3567,#3569,#388,.T.);
#3866=EDGE_CURVE('',#3569,#3571,#392,.T.);
#3868=EDGE_CURVE('',#3571,#3573,#396,.T.);
#3870=EDGE_CURVE('',#3573,#3575,#400,.T.);
#3872=EDGE_CURVE('',#3575,#3577,#404,.T.);
#3874=EDGE_CURVE('',#3577,#3579,#408,.T.);
#3876=EDGE_CURVE('',#3579,#3581,#412,.T.);
#3878=EDGE_CURVE('',#3581,#3544,#416,.T.);
#3889=EDGE_CURVE('',#2833,#2824,#424,.T.);
#3891=EDGE_CURVE('',#2831,#2833,#428,.T.);
#3893=EDGE_CURVE('',#2829,#2831,#432,.T.);
#3895=EDGE_CURVE('',#2827,#2829,#436,.T.);
#3897=EDGE_CURVE('',#2825,#2827,#440,.T.);
#3907=EDGE_CURVE('',#2836,#2837,#444,.T.);
#3909=EDGE_CURVE('',#2845,#2836,#448,.T.);
#3911=EDGE_CURVE('',#2843,#2845,#452,.T.);
#3913=EDGE_CURVE('',#2841,#2843,#456,.T.);
#3915=EDGE_CURVE('',#2839,#2841,#460,.T.);
#3917=EDGE_CURVE('',#2837,#2839,#464,.T.);
#3927=EDGE_CURVE('',#2848,#2849,#468,.T.);
#3929=EDGE_CURVE('',#2857,#2848,#472,.T.);
#3931=EDGE_CURVE('',#2855,#2857,#476,.T.);
#3933=EDGE_CURVE('',#2853,#2855,#480,.T.);
#3935=EDGE_CURVE('',#2851,#2853,#484,.T.);
#3937=EDGE_CURVE('',#2849,#2851,#488,.T.);
#3947=EDGE_CURVE('',#2934,#2935,#493,.T.);
#3950=EDGE_CURVE('',#2934,#2899,#501,.T.);
#3960=EDGE_CURVE('',#2935,#2937,#506,.T.);
#3962=EDGE_CURVE('',#2937,#2934,#511,.T.);
#3964=EDGE_CURVE('',#2821,#2934,#515,.T.);
#3966=EDGE_CURVE('',#2819,#2821,#519,.T.);
#3968=EDGE_CURVE('',#2817,#2819,#523,.T.);
#3970=EDGE_CURVE('',#2815,#2817,#527,.T.);
#3972=EDGE_CURVE('',#2814,#2815,#531,.T.);
#3983=EDGE_CURVE('',#2877,#2875,#647,.T.);
#3985=EDGE_CURVE('',#2875,#2833,#539,.T.);
#3997=EDGE_CURVE('',#2918,#2919,#543,.T.);
#3999=EDGE_CURVE('',#2919,#2921,#547,.T.);
#4001=EDGE_CURVE('',#2923,#2921,#551,.T.);
#4004=EDGE_CURVE('',#2860,#2861,#559,.T.);
#4006=EDGE_CURVE('',#2861,#2863,#563,.T.);
#4008=EDGE_CURVE('',#2863,#2865,#567,.T.);
#4010=EDGE_CURVE('',#2867,#2865,#571,.T.);
#4012=EDGE_CURVE('',#2867,#2880,#575,.T.);
#4014=EDGE_CURVE('',#2880,#2881,#579,.T.);
#4016=EDGE_CURVE('',#2881,#2883,#583,.T.);
#4018=EDGE_CURVE('',#2883,#2885,#587,.T.);
#4020=EDGE_CURVE('',#2887,#2885,#591,.T.);
#4022=EDGE_CURVE('',#2887,#2926,#595,.T.);
#4024=EDGE_CURVE('',#2926,#2927,#599,.T.);
#4026=EDGE_CURVE('',#2927,#2929,#603,.T.);
#4028=EDGE_CURVE('',#2931,#2929,#607,.T.);
#4030=EDGE_CURVE('',#2931,#2890,#611,.T.);
#4032=EDGE_CURVE('',#2890,#2891,#615,.T.);
#4034=EDGE_CURVE('',#2891,#2893,#619,.T.);
#4036=EDGE_CURVE('',#2893,#2895,#623,.T.);
#4038=EDGE_CURVE('',#2897,#2895,#627,.T.);
#4040=EDGE_CURVE('',#2897,#2870,#631,.T.);
#4042=EDGE_CURVE('',#2870,#2871,#635,.T.);
#4044=EDGE_CURVE('',#2871,#2873,#639,.T.);
#4046=EDGE_CURVE('',#2873,#2875,#643,.T.);
#4052=EDGE_CURVE('',#2948,#2949,#655,.T.);
#4054=EDGE_CURVE('',#2949,#2957,#659,.T.);
#4056=EDGE_CURVE('',#2956,#2957,#663,.T.);
#4058=EDGE_CURVE('',#2948,#2956,#667,.T.);
#4062=EDGE_CURVE('',#2952,#2953,#671,.T.);
#4064=EDGE_CURVE('',#2953,#2961,#675,.T.);
#4066=EDGE_CURVE('',#2960,#2961,#679,.T.);
#4068=EDGE_CURVE('',#2952,#2960,#683,.T.);
#4072=EDGE_CURVE('',#2980,#2981,#687,.T.);
#4074=EDGE_CURVE('',#2981,#2989,#691,.T.);
#4076=EDGE_CURVE('',#2988,#2989,#695,.T.);
#4078=EDGE_CURVE('',#2980,#2988,#699,.T.);
#4082=EDGE_CURVE('',#2984,#2985,#703,.T.);
#4084=EDGE_CURVE('',#2985,#2993,#707,.T.);
#4086=EDGE_CURVE('',#2992,#2993,#711,.T.);
#4088=EDGE_CURVE('',#2984,#2992,#715,.T.);
#4092=EDGE_CURVE('',#3012,#3013,#719,.T.);
#4094=EDGE_CURVE('',#3013,#3021,#723,.T.);
#4096=EDGE_CURVE('',#3020,#3021,#727,.T.);
#4098=EDGE_CURVE('',#3012,#3020,#731,.T.);
#4102=EDGE_CURVE('',#3016,#3017,#735,.T.);
#4104=EDGE_CURVE('',#3017,#3025,#739,.T.);
#4106=EDGE_CURVE('',#3024,#3025,#743,.T.);
#4108=EDGE_CURVE('',#3016,#3024,#747,.T.);
#4120=EDGE_CURVE('',#2902,#2903,#755,.T.);
#4122=EDGE_CURVE('',#2919,#2903,#791,.T.);
#4134=EDGE_CURVE('',#2905,#2907,#763,.T.);
#4136=EDGE_CURVE('',#2903,#2905,#767,.T.);
#4146=EDGE_CURVE('',#2910,#2911,#771,.T.);
#4148=EDGE_CURVE('',#2915,#2910,#775,.T.);
#4150=EDGE_CURVE('',#2913,#2915,#779,.T.);
#4152=EDGE_CURVE('',#2911,#2913,#783,.T.);
#4163=EDGE_CURVE('',#2921,#2905,#787,.T.);
#4188=EDGE_CURVE('',#2931,#2910,#795,.T.);
#4191=EDGE_CURVE('',#2926,#2911,#819,.T.);
#4194=EDGE_CURVE('',#2887,#2836,#799,.T.);
#4197=EDGE_CURVE('',#2837,#2719,#803,.T.);
#4200=EDGE_CURVE('',#2721,#2857,#807,.T.);
#4203=EDGE_CURVE('',#2890,#2848,#923,.T.);
#4214=EDGE_CURVE('',#2929,#2915,#811,.T.);
#4227=EDGE_CURVE('',#2927,#2913,#815,.T.);
#4252=EDGE_CURVE('',#2885,#2845,#823,.T.);
#4265=EDGE_CURVE('',#2883,#2843,#827,.T.);
#4278=EDGE_CURVE('',#2881,#2841,#831,.T.);
#4291=EDGE_CURVE('',#2880,#2839,#835,.T.);
#4311=EDGE_CURVE('',#2867,#2821,#839,.T.);
#4322=EDGE_CURVE('',#2865,#2819,#843,.T.);
#4335=EDGE_CURVE('',#2863,#2817,#847,.T.);
#4348=EDGE_CURVE('',#2861,#2815,#851,.T.);
#4373=EDGE_CURVE('',#2897,#2855,#859,.T.);
#4380=EDGE_CURVE('',#2870,#2827,#927,.T.);
#4384=EDGE_CURVE('',#3306,#3307,#867,.T.);
#4386=EDGE_CURVE('',#3307,#3309,#871,.T.);
#4388=EDGE_CURVE('',#3309,#3311,#875,.T.);
#4390=EDGE_CURVE('',#3311,#3306,#879,.T.);
#4400=EDGE_CURVE('',#3314,#3315,#883,.T.);
#4402=EDGE_CURVE('',#3315,#3317,#887,.T.);
#4404=EDGE_CURVE('',#3317,#3319,#891,.T.);
#4406=EDGE_CURVE('',#3319,#3321,#895,.T.);
#4408=EDGE_CURVE('',#3321,#3323,#899,.T.);
#4410=EDGE_CURVE('',#3323,#3325,#903,.T.);
#4412=EDGE_CURVE('',#3325,#3314,#907,.T.);
#4423=EDGE_CURVE('',#2895,#2853,#911,.T.);
#4436=EDGE_CURVE('',#2893,#2851,#915,.T.);
#4449=EDGE_CURVE('',#2891,#2849,#919,.T.);
#4476=EDGE_CURVE('',#2871,#2829,#931,.T.);
#4489=EDGE_CURVE('',#2873,#2831,#935,.T.);
#4512=EDGE_CURVE('',#3306,#3284,#939,.T.);
#4514=EDGE_CURVE('',#3284,#3285,#955,.T.);
#4516=EDGE_CURVE('',#3307,#3285,#951,.T.);
#4527=EDGE_CURVE('',#3311,#3289,#943,.T.);
#4529=EDGE_CURVE('',#3289,#3284,#959,.T.);
#4541=EDGE_CURVE('',#3309,#3287,#947,.T.);
#4543=EDGE_CURVE('',#3287,#3289,#963,.T.);
#4556=EDGE_CURVE('',#3285,#3287,#967,.T.);
#4573=EDGE_CURVE('',#3292,#3293,#971,.T.);
#4575=EDGE_CURVE('',#3303,#3292,#975,.T.);
#4577=EDGE_CURVE('',#3301,#3303,#979,.T.);
#4579=EDGE_CURVE('',#3299,#3301,#983,.T.);
#4581=EDGE_CURVE('',#3297,#3299,#987,.T.);
#4583=EDGE_CURVE('',#3295,#3297,#991,.T.);
#4585=EDGE_CURVE('',#3293,#3295,#995,.T.);
#4596=EDGE_CURVE('',#3314,#3292,#999,.T.);
#4599=EDGE_CURVE('',#3315,#3293,#1023,.T.);
#4610=EDGE_CURVE('',#3325,#3303,#1003,.T.);
#4623=EDGE_CURVE('',#3323,#3301,#1007,.T.);
#4636=EDGE_CURVE('',#3321,#3299,#1011,.T.);
#4649=EDGE_CURVE('',#3319,#3297,#1015,.T.);
#4662=EDGE_CURVE('',#3317,#3295,#1019,.T.);
#4686=EDGE_CURVE('',#3045,#3053,#1027,.T.);
#4688=EDGE_CURVE('',#3045,#2968,#1031,.T.);
#4690=EDGE_CURVE('',#2968,#2969,#1171,.T.);
#4692=EDGE_CURVE('',#2969,#3053,#1035,.T.);
#4702=EDGE_CURVE('',#3061,#3071,#1039,.T.);
#4704=EDGE_CURVE('',#3061,#2964,#1043,.T.);
#4706=EDGE_CURVE('',#2964,#2965,#1187,.T.);
#4708=EDGE_CURVE('',#2965,#3071,#1047,.T.);
#4718=EDGE_CURVE('',#3141,#3151,#1051,.T.);
#4720=EDGE_CURVE('',#3141,#2953,#1055,.T.);
#4723=EDGE_CURVE('',#2952,#3151,#1059,.T.);
#4733=EDGE_CURVE('',#3157,#3167,#1063,.T.);
#4735=EDGE_CURVE('',#3157,#2949,#1067,.T.);
#4738=EDGE_CURVE('',#2948,#3167,#1071,.T.);
#4748=EDGE_CURVE('',#3049,#3051,#1079,.T.);
#4750=EDGE_CURVE('',#3049,#3045,#1091,.T.);
#4753=EDGE_CURVE('',#3053,#3051,#1155,.T.);
#4763=EDGE_CURVE('',#3048,#3049,#1075,.T.);
#4766=EDGE_CURVE('',#3055,#3051,#1083,.T.);
#4768=EDGE_CURVE('',#3055,#3048,#1087,.T.);
#4778=EDGE_CURVE('',#3044,#3045,#1099,.T.);
#4782=EDGE_CURVE('',#3044,#3048,#1095,.T.);
#4793=EDGE_CURVE('',#3044,#2976,#1115,.T.);
#4795=EDGE_CURVE('',#2968,#2976,#1175,.T.);
#4806=EDGE_CURVE('',#3149,#3151,#1103,.T.);
#4810=EDGE_CURVE('',#2960,#3149,#1135,.T.);
#4820=EDGE_CURVE('',#3057,#3044,#1107,.T.);
#4822=EDGE_CURVE('',#2977,#3057,#1111,.T.);
#4824=EDGE_CURVE('',#2976,#2977,#1179,.T.);
#4835=EDGE_CURVE('',#3069,#3060,#1119,.T.);
#4837=EDGE_CURVE('',#2973,#3069,#1123,.T.);
#4839=EDGE_CURVE('',#2972,#2973,#1195,.T.);
#4841=EDGE_CURVE('',#3060,#2972,#1127,.T.);
#4851=EDGE_CURVE('',#3149,#3140,#1131,.T.);
#4855=EDGE_CURVE('',#3140,#2961,#1139,.T.);
#4865=EDGE_CURVE('',#3165,#3156,#1143,.T.);
#4867=EDGE_CURVE('',#2956,#3165,#1147,.T.);
#4870=EDGE_CURVE('',#3156,#2957,#1151,.T.);
#4881=EDGE_CURVE('',#3055,#3057,#1159,.T.);
#4895=EDGE_CURVE('',#3057,#3053,#1163,.T.);
#4908=EDGE_CURVE('',#2969,#2977,#1183,.T.);
#4919=EDGE_CURVE('',#3140,#3141,#1167,.T.);
#4932=EDGE_CURVE('',#3236,#3237,#1203,.T.);
#4934=EDGE_CURVE('',#2751,#3236,#1207,.T.);
#4936=EDGE_CURVE('',#2749,#2751,#1211,.T.);
#4938=EDGE_CURVE('',#2748,#2749,#1215,.T.);
#4940=EDGE_CURVE('',#3237,#2748,#1219,.T.);
#4945=EDGE_CURVE('',#2964,#2972,#1191,.T.);
#4948=EDGE_CURVE('',#2965,#2973,#1199,.T.);
#4958=EDGE_CURVE('',#3260,#3261,#1223,.T.);
#4960=EDGE_CURVE('',#2745,#3260,#1227,.T.);
#4962=EDGE_CURVE('',#2743,#2745,#1231,.T.);
#4964=EDGE_CURVE('',#2742,#2743,#1235,.T.);
#4966=EDGE_CURVE('',#3261,#2742,#1239,.T.);
#4982=EDGE_CURVE('',#3060,#3061,#1243,.T.);
#4995=EDGE_CURVE('',#3165,#3167,#1247,.T.);
#5009=EDGE_CURVE('',#3065,#3061,#1251,.T.);
#5011=EDGE_CURVE('',#3064,#3065,#1307,.T.);
#5013=EDGE_CURVE('',#3064,#3060,#1303,.T.);
#5024=EDGE_CURVE('',#3073,#3071,#1255,.T.);
#5026=EDGE_CURVE('',#3065,#3073,#1311,.T.);
#5037=EDGE_CURVE('',#3069,#3071,#1263,.T.);
#5039=EDGE_CURVE('',#3067,#3069,#1259,.T.);
#5041=EDGE_CURVE('',#3067,#3073,#1315,.T.);
#5064=EDGE_CURVE('',#3156,#3157,#1267,.T.);
#5078=EDGE_CURVE('',#3161,#3157,#1271,.T.);
#5080=EDGE_CURVE('',#3160,#3161,#1287,.T.);
#5082=EDGE_CURVE('',#3156,#3160,#1275,.T.);
#5093=EDGE_CURVE('',#3169,#3167,#1279,.T.);
#5095=EDGE_CURVE('',#3161,#3169,#1291,.T.);
#5107=EDGE_CURVE('',#3163,#3165,#1283,.T.);
#5109=EDGE_CURVE('',#3163,#3169,#1295,.T.);
#5120=EDGE_CURVE('',#3163,#3160,#1299,.T.);
#5145=EDGE_CURVE('',#3067,#3064,#1319,.T.);
#5171=EDGE_CURVE('',#3239,#3237,#1327,.T.);
#5174=EDGE_CURVE('',#3241,#3236,#1339,.T.);
#5186=EDGE_CURVE('',#2760,#2748,#1331,.T.);
#5200=EDGE_CURVE('',#2761,#2749,#1335,.T.);
#5213=EDGE_CURVE('',#2763,#2751,#1343,.T.);
#5236=EDGE_CURVE('',#3263,#3261,#1351,.T.);
#5239=EDGE_CURVE('',#3265,#3260,#1363,.T.);
#5251=EDGE_CURVE('',#2754,#2742,#1355,.T.);
#5265=EDGE_CURVE('',#2755,#2743,#1359,.T.);
#5278=EDGE_CURVE('',#2757,#2745,#1367,.T.);
#5301=EDGE_CURVE('',#3145,#3141,#1371,.T.);
#5303=EDGE_CURVE('',#3144,#3145,#1387,.T.);
#5305=EDGE_CURVE('',#3140,#3144,#1375,.T.);
#5316=EDGE_CURVE('',#3153,#3151,#1379,.T.);
#5318=EDGE_CURVE('',#3145,#3153,#1391,.T.);
#5330=EDGE_CURVE('',#3147,#3149,#1383,.T.);
#5332=EDGE_CURVE('',#3147,#3153,#1395,.T.);
#5343=EDGE_CURVE('',#3147,#3144,#1399,.T.);
#5368=EDGE_CURVE('',#3077,#3085,#1403,.T.);
#5370=EDGE_CURVE('',#3077,#3000,#1407,.T.);
#5372=EDGE_CURVE('',#3000,#3001,#1547,.T.);
#5374=EDGE_CURVE('',#3001,#3085,#1411,.T.);
#5384=EDGE_CURVE('',#3093,#3103,#1415,.T.);
#5386=EDGE_CURVE('',#3093,#2996,#1419,.T.);
#5388=EDGE_CURVE('',#2996,#2997,#1563,.T.);
#5390=EDGE_CURVE('',#2997,#3103,#1423,.T.);
#5400=EDGE_CURVE('',#3173,#3183,#1427,.T.);
#5402=EDGE_CURVE('',#3173,#2985,#1431,.T.);
#5405=EDGE_CURVE('',#2984,#3183,#1435,.T.);
#5415=EDGE_CURVE('',#3189,#3199,#1439,.T.);
#5417=EDGE_CURVE('',#3189,#2981,#1443,.T.);
#5420=EDGE_CURVE('',#2980,#3199,#1447,.T.);
#5430=EDGE_CURVE('',#3081,#3083,#1455,.T.);
#5432=EDGE_CURVE('',#3081,#3077,#1467,.T.);
#5435=EDGE_CURVE('',#3085,#3083,#1531,.T.);
#5445=EDGE_CURVE('',#3080,#3081,#1451,.T.);
#5448=EDGE_CURVE('',#3087,#3083,#1459,.T.);
#5450=EDGE_CURVE('',#3087,#3080,#1463,.T.);
#5460=EDGE_CURVE('',#3076,#3077,#1475,.T.);
#5464=EDGE_CURVE('',#3076,#3080,#1471,.T.);
#5475=EDGE_CURVE('',#3076,#3008,#1491,.T.);
#5477=EDGE_CURVE('',#3000,#3008,#1551,.T.);
#5488=EDGE_CURVE('',#3181,#3183,#1479,.T.);
#5492=EDGE_CURVE('',#2992,#3181,#1511,.T.);
#5502=EDGE_CURVE('',#3089,#3076,#1483,.T.);
#5504=EDGE_CURVE('',#3009,#3089,#1487,.T.);
#5506=EDGE_CURVE('',#3008,#3009,#1555,.T.);
#5517=EDGE_CURVE('',#3101,#3092,#1495,.T.);
#5519=EDGE_CURVE('',#3005,#3101,#1499,.T.);
#5521=EDGE_CURVE('',#3004,#3005,#1571,.T.);
#5523=EDGE_CURVE('',#3092,#3004,#1503,.T.);
#5533=EDGE_CURVE('',#3181,#3172,#1507,.T.);
#5537=EDGE_CURVE('',#3172,#2993,#1515,.T.);
#5547=EDGE_CURVE('',#3197,#3188,#1519,.T.);
#5549=EDGE_CURVE('',#2988,#3197,#1523,.T.);
#5552=EDGE_CURVE('',#3188,#2989,#1527,.T.);
#5563=EDGE_CURVE('',#3087,#3089,#1535,.T.);
#5577=EDGE_CURVE('',#3089,#3085,#1539,.T.);
#5590=EDGE_CURVE('',#3001,#3009,#1559,.T.);
#5601=EDGE_CURVE('',#3172,#3173,#1543,.T.);
#5614=EDGE_CURVE('',#3244,#3245,#1579,.T.);
#5616=EDGE_CURVE('',#2775,#3244,#1583,.T.);
#5618=EDGE_CURVE('',#2773,#2775,#1587,.T.);
#5620=EDGE_CURVE('',#2772,#2773,#1591,.T.);
#5622=EDGE_CURVE('',#3245,#2772,#1595,.T.);
#5627=EDGE_CURVE('',#2996,#3004,#1567,.T.);
#5630=EDGE_CURVE('',#2997,#3005,#1575,.T.);
#5640=EDGE_CURVE('',#3268,#3269,#1599,.T.);
#5642=EDGE_CURVE('',#2769,#3268,#1603,.T.);
#5644=EDGE_CURVE('',#2767,#2769,#1607,.T.);
#5646=EDGE_CURVE('',#2766,#2767,#1611,.T.);
#5648=EDGE_CURVE('',#3269,#2766,#1615,.T.);
#5664=EDGE_CURVE('',#3092,#3093,#1619,.T.);
#5677=EDGE_CURVE('',#3197,#3199,#1623,.T.);
#5691=EDGE_CURVE('',#3097,#3093,#1627,.T.);
#5693=EDGE_CURVE('',#3096,#3097,#1683,.T.);
#5695=EDGE_CURVE('',#3096,#3092,#1679,.T.);
#5706=EDGE_CURVE('',#3105,#3103,#1631,.T.);
#5708=EDGE_CURVE('',#3097,#3105,#1687,.T.);
#5719=EDGE_CURVE('',#3101,#3103,#1639,.T.);
#5721=EDGE_CURVE('',#3099,#3101,#1635,.T.);
#5723=EDGE_CURVE('',#3099,#3105,#1691,.T.);
#5746=EDGE_CURVE('',#3188,#3189,#1643,.T.);
#5760=EDGE_CURVE('',#3193,#3189,#1647,.T.);
#5762=EDGE_CURVE('',#3192,#3193,#1663,.T.);
#5764=EDGE_CURVE('',#3188,#3192,#1651,.T.);
#5775=EDGE_CURVE('',#3201,#3199,#1655,.T.);
#5777=EDGE_CURVE('',#3193,#3201,#1667,.T.);
#5789=EDGE_CURVE('',#3195,#3197,#1659,.T.);
#5791=EDGE_CURVE('',#3195,#3201,#1671,.T.);
#5802=EDGE_CURVE('',#3195,#3192,#1675,.T.);
#5827=EDGE_CURVE('',#3099,#3096,#1695,.T.);
#5853=EDGE_CURVE('',#3247,#3245,#1703,.T.);
#5856=EDGE_CURVE('',#3249,#3244,#1715,.T.);
#5868=EDGE_CURVE('',#2784,#2772,#1707,.T.);
#5882=EDGE_CURVE('',#2785,#2773,#1711,.T.);
#5895=EDGE_CURVE('',#2787,#2775,#1719,.T.);
#5918=EDGE_CURVE('',#3271,#3269,#1727,.T.);
#5921=EDGE_CURVE('',#3273,#3268,#1739,.T.);
#5933=EDGE_CURVE('',#2778,#2766,#1731,.T.);
#5947=EDGE_CURVE('',#2779,#2767,#1735,.T.);
#5960=EDGE_CURVE('',#2781,#2769,#1743,.T.);
#5983=EDGE_CURVE('',#3177,#3173,#1747,.T.);
#5985=EDGE_CURVE('',#3176,#3177,#1763,.T.);
#5987=EDGE_CURVE('',#3172,#3176,#1751,.T.);
#5998=EDGE_CURVE('',#3185,#3183,#1755,.T.);
#6000=EDGE_CURVE('',#3177,#3185,#1767,.T.);
#6012=EDGE_CURVE('',#3179,#3181,#1759,.T.);
#6014=EDGE_CURVE('',#3179,#3185,#1771,.T.);
#6025=EDGE_CURVE('',#3179,#3176,#1775,.T.);
#6050=EDGE_CURVE('',#3109,#3117,#1779,.T.);
#6052=EDGE_CURVE('',#3109,#3032,#1783,.T.);
#6054=EDGE_CURVE('',#3032,#3033,#1923,.T.);
#6056=EDGE_CURVE('',#3033,#3117,#1787,.T.);
#6066=EDGE_CURVE('',#3125,#3135,#1791,.T.);
#6068=EDGE_CURVE('',#3125,#3028,#1795,.T.);
#6070=EDGE_CURVE('',#3028,#3029,#1939,.T.);
#6072=EDGE_CURVE('',#3029,#3135,#1799,.T.);
#6082=EDGE_CURVE('',#3205,#3215,#1803,.T.);
#6084=EDGE_CURVE('',#3205,#3017,#1807,.T.);
#6087=EDGE_CURVE('',#3016,#3215,#1811,.T.);
#6097=EDGE_CURVE('',#3221,#3231,#1815,.T.);
#6099=EDGE_CURVE('',#3221,#3013,#1819,.T.);
#6102=EDGE_CURVE('',#3012,#3231,#1823,.T.);
#6112=EDGE_CURVE('',#3113,#3115,#1831,.T.);
#6114=EDGE_CURVE('',#3113,#3109,#1843,.T.);
#6117=EDGE_CURVE('',#3117,#3115,#1907,.T.);
#6127=EDGE_CURVE('',#3112,#3113,#1827,.T.);
#6130=EDGE_CURVE('',#3119,#3115,#1835,.T.);
#6132=EDGE_CURVE('',#3119,#3112,#1839,.T.);
#6142=EDGE_CURVE('',#3108,#3109,#1851,.T.);
#6146=EDGE_CURVE('',#3108,#3112,#1847,.T.);
#6157=EDGE_CURVE('',#3108,#3040,#1867,.T.);
#6159=EDGE_CURVE('',#3032,#3040,#1927,.T.);
#6170=EDGE_CURVE('',#3213,#3215,#1855,.T.);
#6174=EDGE_CURVE('',#3024,#3213,#1887,.T.);
#6184=EDGE_CURVE('',#3121,#3108,#1859,.T.);
#6186=EDGE_CURVE('',#3041,#3121,#1863,.T.);
#6188=EDGE_CURVE('',#3040,#3041,#1931,.T.);
#6199=EDGE_CURVE('',#3133,#3124,#1871,.T.);
#6201=EDGE_CURVE('',#3037,#3133,#1875,.T.);
#6203=EDGE_CURVE('',#3036,#3037,#1947,.T.);
#6205=EDGE_CURVE('',#3124,#3036,#1879,.T.);
#6215=EDGE_CURVE('',#3213,#3204,#1883,.T.);
#6219=EDGE_CURVE('',#3204,#3025,#1891,.T.);
#6229=EDGE_CURVE('',#3229,#3220,#1895,.T.);
#6231=EDGE_CURVE('',#3020,#3229,#1899,.T.);
#6234=EDGE_CURVE('',#3220,#3021,#1903,.T.);
#6245=EDGE_CURVE('',#3119,#3121,#1911,.T.);
#6259=EDGE_CURVE('',#3121,#3117,#1915,.T.);
#6272=EDGE_CURVE('',#3033,#3041,#1935,.T.);
#6283=EDGE_CURVE('',#3204,#3205,#1919,.T.);
#6296=EDGE_CURVE('',#3252,#3253,#1955,.T.);
#6298=EDGE_CURVE('',#2799,#3252,#1959,.T.);
#6300=EDGE_CURVE('',#2797,#2799,#1963,.T.);
#6302=EDGE_CURVE('',#2796,#2797,#1967,.T.);
#6304=EDGE_CURVE('',#3253,#2796,#1971,.T.);
#6309=EDGE_CURVE('',#3028,#3036,#1943,.T.);
#6312=EDGE_CURVE('',#3029,#3037,#1951,.T.);
#6322=EDGE_CURVE('',#3276,#3277,#1975,.T.);
#6324=EDGE_CURVE('',#2791,#3276,#1979,.T.);
#6326=EDGE_CURVE('',#2790,#2791,#1983,.T.);
#6328=EDGE_CURVE('',#2793,#2790,#1987,.T.);
#6330=EDGE_CURVE('',#3277,#2793,#1991,.T.);
#6346=EDGE_CURVE('',#3124,#3125,#1995,.T.);
#6359=EDGE_CURVE('',#3229,#3231,#1999,.T.);
#6373=EDGE_CURVE('',#3129,#3125,#2003,.T.);
#6375=EDGE_CURVE('',#3128,#3129,#2059,.T.);
#6377=EDGE_CURVE('',#3128,#3124,#2055,.T.);
#6388=EDGE_CURVE('',#3137,#3135,#2007,.T.);
#6390=EDGE_CURVE('',#3129,#3137,#2063,.T.);
#6401=EDGE_CURVE('',#3133,#3135,#2015,.T.);
#6403=EDGE_CURVE('',#3131,#3133,#2011,.T.);
#6405=EDGE_CURVE('',#3131,#3137,#2067,.T.);
#6428=EDGE_CURVE('',#3220,#3221,#2019,.T.);
#6442=EDGE_CURVE('',#3225,#3221,#2023,.T.);
#6444=EDGE_CURVE('',#3224,#3225,#2039,.T.);
#6446=EDGE_CURVE('',#3220,#3224,#2027,.T.);
#6457=EDGE_CURVE('',#3233,#3231,#2031,.T.);
#6459=EDGE_CURVE('',#3225,#3233,#2043,.T.);
#6471=EDGE_CURVE('',#3227,#3229,#2035,.T.);
#6473=EDGE_CURVE('',#3227,#3233,#2047,.T.);
#6484=EDGE_CURVE('',#3227,#3224,#2051,.T.);
#6509=EDGE_CURVE('',#3131,#3128,#2071,.T.);
#6535=EDGE_CURVE('',#3255,#3253,#2079,.T.);
#6538=EDGE_CURVE('',#3257,#3252,#2091,.T.);
#6550=EDGE_CURVE('',#2808,#2796,#2083,.T.);
#6564=EDGE_CURVE('',#2809,#2797,#2087,.T.);
#6577=EDGE_CURVE('',#2811,#2799,#2095,.T.);
#6600=EDGE_CURVE('',#3279,#3277,#2103,.T.);
#6603=EDGE_CURVE('',#3281,#3276,#2115,.T.);
#6615=EDGE_CURVE('',#2805,#2793,#2107,.T.);
#6629=EDGE_CURVE('',#2802,#2790,#2111,.T.);
#6642=EDGE_CURVE('',#2803,#2791,#2119,.T.);
#6665=EDGE_CURVE('',#3209,#3205,#2123,.T.);
#6667=EDGE_CURVE('',#3208,#3209,#2139,.T.);
#6669=EDGE_CURVE('',#3204,#3208,#2127,.T.);
#6680=EDGE_CURVE('',#3217,#3215,#2131,.T.);
#6682=EDGE_CURVE('',#3209,#3217,#2143,.T.);
#6694=EDGE_CURVE('',#3211,#3213,#2135,.T.);
#6696=EDGE_CURVE('',#3211,#3217,#2147,.T.);
#6707=EDGE_CURVE('',#3211,#3208,#2151,.T.);
#6732=EDGE_CURVE('',#2944,#2945,#2156,.T.);
#6734=EDGE_CURVE('',#2937,#2945,#2187,.T.);
#6738=EDGE_CURVE('',#2934,#2944,#2160,.T.);
#6748=EDGE_CURVE('',#2940,#2941,#2169,.T.);
#6750=EDGE_CURVE('',#2941,#2945,#2178,.T.);
#6753=EDGE_CURVE('',#2940,#2944,#2164,.T.);
#6764=EDGE_CURVE('',#2941,#2940,#2174,.T.);
#6776=EDGE_CURVE('',#2945,#2944,#2183,.T.);
#6801=EDGE_CURVE('',#2730,#2731,#2195,.T.);
#6803=EDGE_CURVE('',#2739,#2730,#2199,.T.);
#6814=EDGE_CURVE('',#2726,#2730,#2203,.T.);
#6839=EDGE_CURVE('',#3456,#3328,#2207,.T.);
#6841=EDGE_CURVE('',#3328,#3329,#2223,.T.);
#6843=EDGE_CURVE('',#3457,#3329,#2219,.T.);
#6854=EDGE_CURVE('',#3461,#3333,#2211,.T.);
#6856=EDGE_CURVE('',#3333,#3328,#2227,.T.);
#6868=EDGE_CURVE('',#3459,#3331,#2215,.T.);
#6870=EDGE_CURVE('',#3331,#3333,#2231,.T.);
#6883=EDGE_CURVE('',#3329,#3331,#2235,.T.);
#6900=EDGE_CURVE('',#3336,#3337,#2239,.T.);
#6902=EDGE_CURVE('',#3413,#3336,#2243,.T.);
#6904=EDGE_CURVE('',#3411,#3413,#2247,.T.);
#6906=EDGE_CURVE('',#3409,#3411,#2251,.T.);
#6908=EDGE_CURVE('',#3407,#3409,#2255,.T.);
#6910=EDGE_CURVE('',#3405,#3407,#2259,.T.);
#6912=EDGE_CURVE('',#3403,#3405,#2263,.T.);
#6914=EDGE_CURVE('',#3401,#3403,#2267,.T.);
#6916=EDGE_CURVE('',#3399,#3401,#2271,.T.);
#6918=EDGE_CURVE('',#3397,#3399,#2275,.T.);
#6920=EDGE_CURVE('',#3395,#3397,#2279,.T.);
#6922=EDGE_CURVE('',#3393,#3395,#2283,.T.);
#6924=EDGE_CURVE('',#3391,#3393,#2287,.T.);
#6926=EDGE_CURVE('',#3389,#3391,#2291,.T.);
#6928=EDGE_CURVE('',#3387,#3389,#2295,.T.);
#6930=EDGE_CURVE('',#3385,#3387,#2299,.T.);
#6932=EDGE_CURVE('',#3383,#3385,#2303,.T.);
#6934=EDGE_CURVE('',#3381,#3383,#2307,.T.);
#6936=EDGE_CURVE('',#3379,#3381,#2311,.T.);
#6938=EDGE_CURVE('',#3377,#3379,#2315,.T.);
#6940=EDGE_CURVE('',#3375,#3377,#2319,.T.);
#6942=EDGE_CURVE('',#3373,#3375,#2323,.T.);
#6944=EDGE_CURVE('',#3371,#3373,#2327,.T.);
#6946=EDGE_CURVE('',#3369,#3371,#2331,.T.);
#6948=EDGE_CURVE('',#3367,#3369,#2335,.T.);
#6950=EDGE_CURVE('',#3365,#3367,#2339,.T.);
#6952=EDGE_CURVE('',#3363,#3365,#2343,.T.);
#6954=EDGE_CURVE('',#3361,#3363,#2347,.T.);
#6956=EDGE_CURVE('',#3359,#3361,#2351,.T.);
#6958=EDGE_CURVE('',#3357,#3359,#2355,.T.);
#6960=EDGE_CURVE('',#3355,#3357,#2359,.T.);
#6962=EDGE_CURVE('',#3353,#3355,#2363,.T.);
#6964=EDGE_CURVE('',#3351,#3353,#2367,.T.);
#6966=EDGE_CURVE('',#3349,#3351,#2371,.T.);
#6968=EDGE_CURVE('',#3347,#3349,#2375,.T.);
#6970=EDGE_CURVE('',#3345,#3347,#2379,.T.);
#6972=EDGE_CURVE('',#3343,#3345,#2383,.T.);
#6974=EDGE_CURVE('',#3341,#3343,#2387,.T.);
#6976=EDGE_CURVE('',#3339,#3341,#2391,.T.);
#6978=EDGE_CURVE('',#3337,#3339,#2395,.T.);
#6988=EDGE_CURVE('',#3416,#3417,#2399,.T.);
#6990=EDGE_CURVE('',#3453,#3416,#2403,.T.);
#6992=EDGE_CURVE('',#3451,#3453,#2407,.T.);
#6994=EDGE_CURVE('',#3449,#3451,#2411,.T.);
#6996=EDGE_CURVE('',#3447,#3449,#2415,.T.);
#6998=EDGE_CURVE('',#3445,#3447,#2419,.T.);
#7000=EDGE_CURVE('',#3443,#3445,#2423,.T.);
#7002=EDGE_CURVE('',#3441,#3443,#2427,.T.);
#7004=EDGE_CURVE('',#3439,#3441,#2431,.T.);
#7006=EDGE_CURVE('',#3437,#3439,#2435,.T.);
#7008=EDGE_CURVE('',#3435,#3437,#2439,.T.);
#7010=EDGE_CURVE('',#3433,#3435,#2443,.T.);
#7012=EDGE_CURVE('',#3431,#3433,#2447,.T.);
#7014=EDGE_CURVE('',#3429,#3431,#2451,.T.);
#7016=EDGE_CURVE('',#3427,#3429,#2455,.T.);
#7018=EDGE_CURVE('',#3425,#3427,#2459,.T.);
#7020=EDGE_CURVE('',#3423,#3425,#2463,.T.);
#7022=EDGE_CURVE('',#3421,#3423,#2467,.T.);
#7024=EDGE_CURVE('',#3419,#3421,#2471,.T.);
#7026=EDGE_CURVE('',#3417,#3419,#2475,.T.);
#7037=EDGE_CURVE('',#3464,#3336,#2479,.T.);
#7040=EDGE_CURVE('',#3465,#3337,#2635,.T.);
#7051=EDGE_CURVE('',#3541,#3413,#2483,.T.);
#7064=EDGE_CURVE('',#3539,#3411,#2487,.T.);
#7077=EDGE_CURVE('',#3537,#3409,#2491,.T.);
#7090=EDGE_CURVE('',#3535,#3407,#2495,.T.);
#7103=EDGE_CURVE('',#3533,#3405,#2499,.T.);
#7116=EDGE_CURVE('',#3531,#3403,#2503,.T.);
#7129=EDGE_CURVE('',#3529,#3401,#2507,.T.);
#7142=EDGE_CURVE('',#3527,#3399,#2511,.T.);
#7155=EDGE_CURVE('',#3525,#3397,#2515,.T.);
#7168=EDGE_CURVE('',#3523,#3395,#2519,.T.);
#7181=EDGE_CURVE('',#3521,#3393,#2523,.T.);
#7194=EDGE_CURVE('',#3519,#3391,#2527,.T.);
#7207=EDGE_CURVE('',#3517,#3389,#2531,.T.);
#7220=EDGE_CURVE('',#3515,#3387,#2535,.T.);
#7233=EDGE_CURVE('',#3513,#3385,#2539,.T.);
#7246=EDGE_CURVE('',#3511,#3383,#2543,.T.);
#7259=EDGE_CURVE('',#3509,#3381,#2547,.T.);
#7272=EDGE_CURVE('',#3507,#3379,#2551,.T.);
#7285=EDGE_CURVE('',#3505,#3377,#2555,.T.);
#7298=EDGE_CURVE('',#3503,#3375,#2559,.T.);
#7311=EDGE_CURVE('',#3501,#3373,#2563,.T.);
#7324=EDGE_CURVE('',#3499,#3371,#2567,.T.);
#7337=EDGE_CURVE('',#3497,#3369,#2571,.T.);
#7350=EDGE_CURVE('',#3495,#3367,#2575,.T.);
#7363=EDGE_CURVE('',#3493,#3365,#2579,.T.);
#7376=EDGE_CURVE('',#3491,#3363,#2583,.T.);
#7389=EDGE_CURVE('',#3489,#3361,#2587,.T.);
#7402=EDGE_CURVE('',#3487,#3359,#2591,.T.);
#7415=EDGE_CURVE('',#3485,#3357,#2595,.T.);
#7428=EDGE_CURVE('',#3483,#3355,#2599,.T.);
#7441=EDGE_CURVE('',#3481,#3353,#2603,.T.);
#7454=EDGE_CURVE('',#3479,#3351,#2607,.T.);
#7467=EDGE_CURVE('',#3477,#3349,#2611,.T.);
#7480=EDGE_CURVE('',#3475,#3347,#2615,.T.);
#7493=EDGE_CURVE('',#3473,#3345,#2619,.T.);
#7506=EDGE_CURVE('',#3471,#3343,#2623,.T.);
#7519=EDGE_CURVE('',#3469,#3341,#2627,.T.);
#7532=EDGE_CURVE('',#3467,#3339,#2631,.T.);
#7557=EDGE_CURVE('',#3544,#3416,#2639,.T.);
#7560=EDGE_CURVE('',#3545,#3417,#2715,.T.);
#7571=EDGE_CURVE('',#3581,#3453,#2643,.T.);
#7584=EDGE_CURVE('',#3579,#3451,#2647,.T.);
#7597=EDGE_CURVE('',#3577,#3449,#2651,.T.);
#7610=EDGE_CURVE('',#3575,#3447,#2655,.T.);
#7623=EDGE_CURVE('',#3573,#3445,#2659,.T.);
#7636=EDGE_CURVE('',#3571,#3443,#2663,.T.);
#7649=EDGE_CURVE('',#3569,#3441,#2667,.T.);
#7662=EDGE_CURVE('',#3567,#3439,#2671,.T.);
#7675=EDGE_CURVE('',#3565,#3437,#2675,.T.);
#7688=EDGE_CURVE('',#3563,#3435,#2679,.T.);
#7701=EDGE_CURVE('',#3561,#3433,#2683,.T.);
#7714=EDGE_CURVE('',#3559,#3431,#2687,.T.);
#7727=EDGE_CURVE('',#3557,#3429,#2691,.T.);
#7740=EDGE_CURVE('',#3555,#3427,#2695,.T.);
#7753=EDGE_CURVE('',#3553,#3425,#2699,.T.);
#7766=EDGE_CURVE('',#3551,#3423,#2703,.T.);
#7779=EDGE_CURVE('',#3549,#3421,#2707,.T.);
#7792=EDGE_CURVE('',#3547,#3419,#2711,.T.);
#7821=TRIMMED_CURVE('A_1',#7820,(PARAMETER_VALUE(0.E0)),(PARAMETER_VALUE(1.E0)),
.T.,.UNSPECIFIED.);
#7827=CIRCLE('',#7826,9.E-1);
#7828=TRIMMED_CURVE('',#7827,(PARAMETER_VALUE(0.E0)),(PARAMETER_VALUE(1.8E2)),
.T.,.UNSPECIFIED.);
#7829=COMPOSITE_CURVE_SEGMENT(.CONTINUOUS.,.T.,#7828);
#7834=CIRCLE('',#7833,9.E-1);
#7835=TRIMMED_CURVE('',#7834,(PARAMETER_VALUE(0.E0)),(PARAMETER_VALUE(1.8E2)),
.T.,.UNSPECIFIED.);
#7836=COMPOSITE_CURVE_SEGMENT(.CONTINUOUS.,.T.,#7835);
#7837=COMPOSITE_CURVE('',(#7829,#7836),.F.);
#7842=CIRCLE('',#7841,9.E-1);
#7843=TRIMMED_CURVE('',#7842,(PARAMETER_VALUE(0.E0)),(PARAMETER_VALUE(1.8E2)),
.T.,.UNSPECIFIED.);
#7844=COMPOSITE_CURVE_SEGMENT(.CONTINUOUS.,.T.,#7843);
#7849=CIRCLE('',#7848,9.E-1);
#7850=TRIMMED_CURVE('',#7849,(PARAMETER_VALUE(0.E0)),(PARAMETER_VALUE(1.8E2)),
.T.,.UNSPECIFIED.);
#7851=COMPOSITE_CURVE_SEGMENT(.CONTINUOUS.,.T.,#7850);
#7852=COMPOSITE_CURVE('',(#7844,#7851),.F.);
#7857=CIRCLE('',#7856,9.E-1);
#7858=TRIMMED_CURVE('',#7857,(PARAMETER_VALUE(0.E0)),(PARAMETER_VALUE(1.8E2)),
.T.,.UNSPECIFIED.);
#7859=COMPOSITE_CURVE_SEGMENT(.CONTINUOUS.,.T.,#7858);
#7864=CIRCLE('',#7863,9.E-1);
#7865=TRIMMED_CURVE('',#7864,(PARAMETER_VALUE(0.E0)),(PARAMETER_VALUE(1.8E2)),
.T.,.UNSPECIFIED.);
#7866=COMPOSITE_CURVE_SEGMENT(.CONTINUOUS.,.T.,#7865);
#7867=COMPOSITE_CURVE('',(#7859,#7866),.F.);
#7872=CIRCLE('',#7871,9.E-1);
#7873=TRIMMED_CURVE('',#7872,(PARAMETER_VALUE(0.E0)),(PARAMETER_VALUE(1.8E2)),
.T.,.UNSPECIFIED.);
#7874=COMPOSITE_CURVE_SEGMENT(.CONTINUOUS.,.T.,#7873);
#7879=CIRCLE('',#7878,9.E-1);
#7880=TRIMMED_CURVE('',#7879,(PARAMETER_VALUE(0.E0)),(PARAMETER_VALUE(1.8E2)),
.T.,.UNSPECIFIED.);
#7881=COMPOSITE_CURVE_SEGMENT(.CONTINUOUS.,.T.,#7880);
#7882=COMPOSITE_CURVE('',(#7874,#7881),.F.);
#7887=CIRCLE('',#7886,9.E-1);
#7888=TRIMMED_CURVE('',#7887,(PARAMETER_VALUE(0.E0)),(PARAMETER_VALUE(1.8E2)),
.T.,.UNSPECIFIED.);
#7889=COMPOSITE_CURVE_SEGMENT(.CONTINUOUS.,.T.,#7888);
#7894=CIRCLE('',#7893,9.E-1);
#7895=TRIMMED_CURVE('',#7894,(PARAMETER_VALUE(0.E0)),(PARAMETER_VALUE(1.8E2)),
.T.,.UNSPECIFIED.);
#7896=COMPOSITE_CURVE_SEGMENT(.CONTINUOUS.,.T.,#7895);
#7897=COMPOSITE_CURVE('',(#7889,#7896),.F.);
#7902=CIRCLE('',#7901,9.E-1);
#7903=TRIMMED_CURVE('',#7902,(PARAMETER_VALUE(0.E0)),(PARAMETER_VALUE(1.8E2)),
.T.,.UNSPECIFIED.);
#7904=COMPOSITE_CURVE_SEGMENT(.CONTINUOUS.,.T.,#7903);
#7909=CIRCLE('',#7908,9.E-1);
#7910=TRIMMED_CURVE('',#7909,(PARAMETER_VALUE(0.E0)),(PARAMETER_VALUE(1.8E2)),
.T.,.UNSPECIFIED.);
#7911=COMPOSITE_CURVE_SEGMENT(.CONTINUOUS.,.T.,#7910);
#7912=COMPOSITE_CURVE('',(#7904,#7911),.F.);
#7917=CIRCLE('',#7916,9.E-1);
#7918=TRIMMED_CURVE('',#7917,(PARAMETER_VALUE(0.E0)),(PARAMETER_VALUE(1.8E2)),
.T.,.UNSPECIFIED.);
#7919=COMPOSITE_CURVE_SEGMENT(.CONTINUOUS.,.T.,#7918);
#7924=CIRCLE('',#7923,9.E-1);
#7925=TRIMMED_CURVE('',#7924,(PARAMETER_VALUE(0.E0)),(PARAMETER_VALUE(1.8E2)),
.T.,.UNSPECIFIED.);
#7926=COMPOSITE_CURVE_SEGMENT(.CONTINUOUS.,.T.,#7925);
#7927=COMPOSITE_CURVE('',(#7919,#7926),.F.);
#7928=(LENGTH_UNIT()NAMED_UNIT(*)SI_UNIT(.MILLI.,.METRE.));
#7930=(NAMED_UNIT(*)PLANE_ANGLE_UNIT()SI_UNIT($,.RADIAN.));
#7933=(NAMED_UNIT(*)SI_UNIT($,.STERADIAN.)SOLID_ANGLE_UNIT());
#7936=ADVANCED_BREP_SHAPE_REPRESENTATION('',(#7812),#7935);
#7937=GEOMETRICALLY_BOUNDED_SURFACE_SHAPE_REPRESENTATION('',(#7822),#7935);
#7938=SHAPE_REPRESENTATION('',(#7816),#7935);
#7947=PRODUCT_DEFINITION('design','',#7946,#7943);
#7948=PRODUCT_DEFINITION_SHAPE('','SHAPE FOR 1720650306.',#7947);
#7949=SHAPE_DEFINITION_REPRESENTATION(#7948,#7938);
ENDSEC;
END-ISO-10303-21;
