ISO-10303-21;
HEADER;
FILE_DESCRIPTION (( 'STEP AP214' ),
    '1' );
FILE_NAME ('TPS7A3001DGNR.STEP',
    '2026-07-21T15:08:17',
    ( '' ),
    ( '' ),
    'SwSTEP 2.0',
    'SolidWorks 2021',
    '' );
FILE_SCHEMA (( 'AUTOMOTIVE_DESIGN' ));
ENDSEC;

DATA;
#1 = AXIS2_PLACEMENT_3D ( 'NONE', #1708, #1332, #1750 ) ;
#2 = VERTEX_POINT ( 'NONE', #3986 ) ;
#3 = EDGE_CURVE ( 'NONE', #4979, #5014, #4048, .T. ) ;
#4 = DIRECTION ( 'NONE',  ( 3.491481338843133355E-15, -0.000000000000000000, -1.000000000000000000 ) ) ;
#5 = SURFACE_STYLE_USAGE ( .BOTH. , #5189 ) ;
#6 = LINE ( 'NONE', #1604, #4884 ) ;
#7 = ORIENTED_EDGE ( 'NONE', *, *, #796, .F. ) ;
#8 = CIRCLE ( 'NONE', #3365, 0.1249999999999996808 ) ;
#9 = CARTESIAN_POINT ( 'NONE',  ( 1.500000000000002442, 0.7150000000000005240, -1.399999999999996581 ) ) ;
#10 = DIRECTION ( 'NONE',  ( 3.491481338843133355E-15, -0.000000000000000000, -1.000000000000000000 ) ) ;
#11 = VERTEX_POINT ( 'NONE', #2773 ) ;
#12 = PLANE ( 'NONE',  #1083 ) ;
#13 = CIRCLE ( 'NONE', #4711, 0.09952373850260348709 ) ;
#14 = ORIENTED_EDGE ( 'NONE', *, *, #2238, .F. ) ;
#15 = CARTESIAN_POINT ( 'NONE',  ( 0.7124999999999970246, 0.1500000000000004940, 0.8800000000000026690 ) ) ;
#16 = EDGE_CURVE ( 'NONE', #1298, #2623, #754, .T. ) ;
#17 = LINE ( 'NONE', #3732, #2361 ) ;
#18 = AXIS2_PLACEMENT_3D ( 'NONE', #1016, #4224, #2229 ) ;
#19 = ORIENTED_EDGE ( 'NONE', *, *, #4994, .F. ) ;
#20 = DIRECTION ( 'NONE',  ( 3.491481338843133355E-15, 0.000000000000000000, -1.000000000000000000 ) ) ;
#21 = VECTOR ( 'NONE', #51, 1000.000000000000114 ) ;
#22 = VECTOR ( 'NONE', #3601, 1000.000000000000000 ) ;
#23 = EDGE_CURVE ( 'NONE', #1023, #2294, #3959, .T. ) ;
#24 = PLANE ( 'NONE',  #1414 ) ;
#25 = LINE ( 'NONE', #2354, #2018 ) ;
#26 = VECTOR ( 'NONE', #4, 1000.000000000000000 ) ;
#27 = DIRECTION ( 'NONE',  ( -0.000000000000000000, -1.000000000000000000, 0.000000000000000000 ) ) ;
#28 = CARTESIAN_POINT ( 'NONE',  ( 1.766236478227164897, 0.4354762614973970436, 1.132500000000006724 ) ) ;
#29 = ORIENTED_EDGE ( 'NONE', *, *, #2805, .F. ) ;
#30 = DIRECTION ( 'NONE',  ( -2.840960035351830695E-15, 0.000000000000000000, 1.000000000000000000 ) ) ;
#31 = MECHANICAL_DESIGN_GEOMETRIC_PRESENTATION_REPRESENTATION (  '', ( #1791 ), #2376 ) ;
#32 = EDGE_LOOP ( 'NONE', ( #1909, #4253, #2237, #1590 ) ) ;
#33 = EDGE_CURVE ( 'NONE', #3840, #3970, #1665, .T. ) ;
#34 = LINE ( 'NONE', #2366, #3717 ) ;
#35 = CARTESIAN_POINT ( 'NONE',  ( 1.500000000000002220, 0.5350000000000001421, -1.400502642445348167 ) ) ;
#36 = DIRECTION ( 'NONE',  ( 3.491481338843133355E-15, -0.000000000000000000, -1.000000000000000000 ) ) ;
#37 = DIRECTION ( 'NONE',  ( -1.000000000000000000, 0.000000000000000000, -3.540519190289156116E-15 ) ) ;
#38 = CARTESIAN_POINT ( 'NONE',  ( -1.864248227513288336, 0.4527583773229743036, -1.132500000000005835 ) ) ;
#39 = CARTESIAN_POINT ( 'NONE',  ( -1.766236478227172668, 0.7150000000000004130, 1.132499999999994511 ) ) ;
#40 = EDGE_LOOP ( 'NONE', ( #1278, #3415, #2653, #3230 ) ) ;
#41 = CARTESIAN_POINT ( 'NONE',  ( 2.041513623055490001, 0.4840150493030217493, -0.1674999999999921274 ) ) ;
#42 = LINE ( 'NONE', #1641, #1348 ) ;
#43 = VECTOR ( 'NONE', #4848, 1000.000000000000000 ) ;
#44 = ORIENTED_EDGE ( 'NONE', *, *, #4500, .T. ) ;
#45 = LINE ( 'NONE', #2430, #3549 ) ;
#46 = PLANE ( 'NONE',  #3461 ) ;
#47 = VERTEX_POINT ( 'NONE', #2033 ) ;
#48 = FACE_OUTER_BOUND ( 'NONE', #2906, .T. ) ;
#49 = CARTESIAN_POINT ( 'NONE',  ( 2.041513623055485560, 0.4840150493030218048, 1.132500000000007834 ) ) ;
#50 = DIRECTION ( 'NONE',  ( 1.000000000000000000, 0.000000000000000000, 3.878748110244690170E-15 ) ) ;
#51 = DIRECTION ( 'NONE',  ( 0.9975640502598247528, -0.06975647374411790558, 3.482976265782951873E-15 ) ) ;
#52 = DIRECTION ( 'NONE',  ( 3.491481338843133355E-15, 0.000000000000000000, -1.000000000000000000 ) ) ;
#53 = CARTESIAN_POINT ( 'NONE',  ( -1.500000000000000000, 0.5350000000000005862, -0.1675000000000044786 ) ) ;
#54 = ORIENTED_EDGE ( 'NONE', *, *, #1605, .F. ) ;
#55 = DIRECTION ( 'NONE',  ( -1.000000000000000000, 0.000000000000000000, -3.491481338843133355E-15 ) ) ;
#56 = CARTESIAN_POINT ( 'NONE',  ( -2.168334719776547459, 0.1992574841279680098, -0.1675000000000068101 ) ) ;
#57 = ORIENTED_EDGE ( 'NONE', *, *, #2634, .T. ) ;
#58 = VECTOR ( 'NONE', #2865, 1000.000000000000000 ) ;
#59 = EDGE_CURVE ( 'NONE', #2928, #4544, #1034, .T. ) ;
#60 = ORIENTED_EDGE ( 'NONE', *, *, #4345, .F. ) ;
#61 = LINE ( 'NONE', #1666, #1710 ) ;
#62 = SURFACE_STYLE_USAGE ( .BOTH. , #3675 ) ;
#63 = ORIENTED_EDGE ( 'NONE', *, *, #4100, .T. ) ;
#64 = CARTESIAN_POINT ( 'NONE',  ( 0.000000000000000000, 1.099999999999999645, 0.000000000000000000 ) ) ;
#65 = CARTESIAN_POINT ( 'NONE',  ( -1.404401861300141219, 0.5513482445498961715, -1.502882636601372335 ) ) ;
#66 = ADVANCED_FACE ( 'NONE', ( #1213 ), #1977, .F. ) ;
#67 = CIRCLE ( 'NONE', #3839, 0.2795237385026035359 ) ;
#68 = ORIENTED_EDGE ( 'NONE', *, *, #2304, .T. ) ;
#69 = PLANE ( 'NONE',  #1195 ) ;
#70 = ORIENTED_EDGE ( 'NONE', *, *, #4995, .F. ) ;
#71 = DIRECTION ( 'NONE',  ( -0.06975647374411760027, 0.9975640502598248638, -2.435534263410876071E-16 ) ) ;
#72 = DIRECTION ( 'NONE',  ( 3.491481338843133355E-15, -0.000000000000000000, -1.000000000000000000 ) ) ;
#73 = VECTOR ( 'NONE', #361, 1000.000000000000114 ) ;
#74 = FACE_OUTER_BOUND ( 'NONE', #4651, .T. ) ;
#75 = DIRECTION ( 'NONE',  ( -1.000000000000000000, 0.000000000000000000, -3.878748110244690170E-15 ) ) ;
#76 = LINE ( 'NONE', #484, #3086 ) ;
#77 = VERTEX_POINT ( 'NONE', #3673 ) ;
#78 = CARTESIAN_POINT ( 'NONE',  ( -2.155778554502606248, 0.01969595508119936778, -0.1675000000000067824 ) ) ;
#79 = DIRECTION ( 'NONE',  ( -1.000000000000000000, 0.000000000000000000, -3.540519190289171499E-15 ) ) ;
#80 = AXIS2_PLACEMENT_3D ( 'NONE', #299, #2071, #2094 ) ;
#81 = ORIENTED_EDGE ( 'NONE', *, *, #327, .T. ) ;
#82 = ADVANCED_FACE ( 'NONE', ( #1633 ), #336, .F. ) ;
#83 = CARTESIAN_POINT ( 'NONE',  ( 0.7125000000000031308, 0.2500000000000006661, -0.8799999999999974509 ) ) ;
#84 = EDGE_CURVE ( 'NONE', #483, #5201, #4795, .T. ) ;
#85 = LINE ( 'NONE', #964, #3122 ) ;
#86 = AXIS2_PLACEMENT_3D ( 'NONE', #2929, #434, #2078 ) ;
#87 = VECTOR ( 'NONE', #5034, 1000.000000000000000 ) ;
#88 = DIRECTION ( 'NONE',  ( -3.553083735007082256E-15, 0.000000000000000000, 1.000000000000000000 ) ) ;
#89 = ADVANCED_FACE ( 'NONE', ( #4739 ), #2799, .F. ) ;
#90 = CARTESIAN_POINT ( 'NONE',  ( 0.000000000000000000, 0.000000000000000000, 0.000000000000000000 ) ) ;
#91 = EDGE_LOOP ( 'NONE', ( #3729, #3666, #915, #3917 ) ) ;
#92 = VECTOR ( 'NONE', #214, 1000.000000000000114 ) ;
#93 = FACE_OUTER_BOUND ( 'NONE', #1802, .T. ) ;
#94 = EDGE_CURVE ( 'NONE', #2258, #258, #3362, .T. ) ;
#95 = CARTESIAN_POINT ( 'NONE',  ( -1.401507855905370192, 0.5349355243686559902, -1.499988631206601308 ) ) ;
#96 = ADVANCED_FACE ( 'NONE', ( #5168 ), #2801, .F. ) ;
#97 = ORIENTED_EDGE ( 'NONE', *, *, #2418, .F. ) ;
#98 = CARTESIAN_POINT ( 'NONE',  ( -1.900000000000004130, 0.2500000000000000000, 1.132499999999994067 ) ) ;
#99 = DIRECTION ( 'NONE',  ( 1.000000000000000000, 0.000000000000000000, 3.491481338843133355E-15 ) ) ;
#100 = VERTEX_POINT ( 'NONE', #1979 ) ;
#101 = VECTOR ( 'NONE', #1038, 1000.000000000000000 ) ;
#102 = EDGE_CURVE ( 'NONE', #3314, #213, #3589, .T. ) ;
#103 = CARTESIAN_POINT ( 'NONE',  ( -2.449999999999999734, 0.1795615290467685032, -0.1675000000000078093 ) ) ;
#104 = PLANE ( 'NONE',  #4616 ) ;
#105 = AXIS2_PLACEMENT_3D ( 'NONE', #1699, #477, #2431 ) ;
#106 = ORIENTED_EDGE ( 'NONE', *, *, #1564, .F. ) ;
#107 = LINE ( 'NONE', #3668, #648 ) ;
#108 = CARTESIAN_POINT ( 'NONE',  ( -1.499999999999997780, 0.7150000000000005240, -0.8175000000000044453 ) ) ;
#109 = AXIS2_PLACEMENT_3D ( 'NONE', #4579, #3375, #1369 ) ;
#110 = AXIS2_PLACEMENT_3D ( 'NONE', #1934, #1891, #3494 ) ;
#111 = ORIENTED_EDGE ( 'NONE', *, *, #1337, .F. ) ;
#112 = DIRECTION ( 'NONE',  ( 0.1710878697460352371, -0.9702875252478136980, 0.1710878697460364306 ) ) ;
#113 = VECTOR ( 'NONE', #5009, 1000.000000000000114 ) ;
#114 = CARTESIAN_POINT ( 'NONE',  ( -1.766236478227166007, 0.7150000000000004130, -0.8175000000000054445 ) ) ;
#115 = ORIENTED_EDGE ( 'NONE', *, *, #543, .F. ) ;
#116 = CARTESIAN_POINT ( 'NONE',  ( -2.155778554502610689, 0.01969595508119936778, 1.132499999999993179 ) ) ;
#117 = CARTESIAN_POINT ( 'NONE',  ( 1.499996210330385216, 0.7150214922843565191, 1.401005270604408715 ) ) ;
#118 = ORIENTED_EDGE ( 'NONE', *, *, #2265, .T. ) ;
#119 = CARTESIAN_POINT ( 'NONE',  ( -0.9999999999999970024, 1.099999999999999645, -1.000000000000005329 ) ) ;
#120 = ORIENTED_EDGE ( 'NONE', *, *, #2477, .T. ) ;
#121 = DIRECTION ( 'NONE',  ( -1.000000000000000000, 0.000000000000000000, -2.840960035351832273E-15 ) ) ;
#122 = FACE_OUTER_BOUND ( 'NONE', #1117, .T. ) ;
#123 = DIRECTION ( 'NONE',  ( 3.491481338843133355E-15, -0.000000000000000000, -1.000000000000000000 ) ) ;
#124 = ORIENTED_EDGE ( 'NONE', *, *, #1785, .T. ) ;
#125 = DIRECTION ( 'NONE',  ( 0.06975647374411775292, 0.9975640502598247528, 2.435534263410881001E-16 ) ) ;
#126 = ORIENTED_EDGE ( 'NONE', *, *, #3449, .F. ) ;
#127 = VECTOR ( 'NONE', #2735, 1000.000000000000114 ) ;
#128 = ORIENTED_EDGE ( 'NONE', *, *, #4437, .T. ) ;
#129 = EDGE_CURVE ( 'NONE', #2709, #3276, #309, .T. ) ;
#130 = LINE ( 'NONE', #1063, #4122 ) ;
#131 = AXIS2_PLACEMENT_3D ( 'NONE', #2674, #1485, #167 ) ;
#132 = FACE_OUTER_BOUND ( 'NONE', #279, .T. ) ;
#133 = ORIENTED_EDGE ( 'NONE', *, *, #3, .T. ) ;
#134 = DIRECTION ( 'NONE',  ( 3.873829529946989498E-15, -2.168404344971010051E-15, -1.000000000000000000 ) ) ;
#135 = CARTESIAN_POINT ( 'NONE',  ( 1.766236478227170448, 0.7150000000000005240, -0.4824999999999931566 ) ) ;
#136 = ORIENTED_EDGE ( 'NONE', *, *, #3738, .F. ) ;
#137 = ORIENTED_EDGE ( 'NONE', *, *, #4215, .T. ) ;
#138 = EDGE_CURVE ( 'NONE', #4592, #2999, #2723, .T. ) ;
#139 = ADVANCED_FACE ( 'NONE', ( #2002 ), #3140, .F. ) ;
#140 = CARTESIAN_POINT ( 'NONE',  ( -2.077265395542201798, 0.2812566719800474457, 1.132499999999993623 ) ) ;
#141 = LINE ( 'NONE', #2493, #4152 ) ;
#142 = CARTESIAN_POINT ( 'NONE',  ( 1.499988631206589984, 0.5349355243686564343, 1.401507855905379740 ) ) ;
#143 = EDGE_LOOP ( 'NONE', ( #601, #5005, #3470, #4139 ) ) ;
#144 = DIRECTION ( 'NONE',  ( -3.491481338843133355E-15, 0.000000000000000000, 1.000000000000000000 ) ) ;
#145 = CARTESIAN_POINT ( 'NONE',  ( 2.175277144828318576, 0.2985387878056247613, 0.8175000000000082201 ) ) ;
#146 = AXIS2_PLACEMENT_3D ( 'NONE', #3084, #1588, #3898 ) ;
#147 = ORIENTED_EDGE ( 'NONE', *, *, #1116, .F. ) ;
#148 = ORIENTED_EDGE ( 'NONE', *, *, #1540, .F. ) ;
#149 = FILL_AREA_STYLE ('',( #2874 ) ) ;
#150 = EDGE_CURVE ( 'NONE', #746, #2144, #3165, .T. ) ;
#151 = ADVANCED_FACE ( 'NONE', ( #3224 ), #4333, .F. ) ;
#152 = ORIENTED_EDGE ( 'NONE', *, *, #5132, .T. ) ;
#153 = DIRECTION ( 'NONE',  ( 0.9975640502598247528, 0.06975647374411818313, 3.482976265782951873E-15 ) ) ;
#154 = PRESENTATION_LAYER_ASSIGNMENT (  '', '', ( #828 ) ) ;
#155 = AXIS2_PLACEMENT_3D ( 'NONE', #775, #1598, #5185 ) ;
#156 = PLANE ( 'NONE',  #3878 ) ;
#157 = CARTESIAN_POINT ( 'NONE',  ( -1.500000000000002442, 0.5350000000000005862, 0.4824999999999954881 ) ) ;
#158 = CIRCLE ( 'NONE', #1, 0.2795237385026033139 ) ;
#159 = VERTEX_POINT ( 'NONE', #2341 ) ;
#160 = DIRECTION ( 'NONE',  ( -1.000000000000000000, -4.072327652863561712E-16, -3.491481338843133355E-15 ) ) ;
#161 = CARTESIAN_POINT ( 'NONE',  ( 1.499999999999996669, 0.7150000000000005240, 1.132500000000005835 ) ) ;
#162 = ORIENTED_EDGE ( 'NONE', *, *, #84, .F. ) ;
#163 = DIRECTION ( 'NONE',  ( 0.000000000000000000, 1.000000000000000000, 0.000000000000000000 ) ) ;
#164 = EDGE_CURVE ( 'NONE', #2207, #192, #606, .T. ) ;
#165 = LINE ( 'NONE', #1747, #92 ) ;
#166 = EDGE_CURVE ( 'NONE', #2500, #4957, #3931, .T. ) ;
#167 = DIRECTION ( 'NONE',  ( -3.491481338843133355E-15, 0.000000000000000000, 1.000000000000000000 ) ) ;
#168 = VERTEX_POINT ( 'NONE', #1953 ) ;
#169 = AXIS2_PLACEMENT_3D ( 'NONE', #1762, #4528, #3374 ) ;
#170 = EDGE_CURVE ( 'NONE', #2988, #840, #3248, .T. ) ;
#171 = CARTESIAN_POINT ( 'NONE',  ( 1.499126327838405270, 0.5300451589536747665, 1.458688739809635315 ) ) ;
#172 = EDGE_CURVE ( 'NONE', #4751, #2495, #1971, .T. ) ;
#173 = EDGE_LOOP ( 'NONE', ( #875, #1745, #3540, #1464 ) ) ;
#174 = EDGE_CURVE ( 'NONE', #613, #2258, #4367, .T. ) ;
#175 = SPHERICAL_SURFACE ( 'NONE', #1759, 0.1000000000000000056 ) ;
#176 = VECTOR ( 'NONE', #4924, 1000.000000000000000 ) ;
#177 = VERTEX_POINT ( 'NONE', #38 ) ;
#178 = ORIENTED_EDGE ( 'NONE', *, *, #4838, .T. ) ;
#179 = VECTOR ( 'NONE', #4329, 1000.000000000000000 ) ;
#180 = VECTOR ( 'NONE', #1307, 1000.000000000000000 ) ;
#181 =( GEOMETRIC_REPRESENTATION_CONTEXT ( 3 ) GLOBAL_UNCERTAINTY_ASSIGNED_CONTEXT ( ( #2003 ) ) GLOBAL_UNIT_ASSIGNED_CONTEXT ( ( #4666, #3896, #646 ) ) REPRESENTATION_CONTEXT ( 'NONE', 'WORKASPACE' ) );
#182 = AXIS2_PLACEMENT_3D ( 'NONE', #3221, #1234, #3610 ) ;
#183 = AXIS2_PLACEMENT_3D ( 'NONE', #785, #2747, #3556 ) ;
#184 = VECTOR ( 'NONE', #3201, 1000.000000000000114 ) ;
#185 = DIRECTION ( 'NONE',  ( -0.000000000000000000, -1.000000000000000000, 0.000000000000000000 ) ) ;
#186 = ADVANCED_FACE ( 'NONE', ( #362 ), #809, .T. ) ;
#187 = DIRECTION ( 'NONE',  ( 3.614686131171031945E-15, 0.000000000000000000, -1.000000000000000000 ) ) ;
#188 = ORIENTED_EDGE ( 'NONE', *, *, #1100, .T. ) ;
#189 = DIRECTION ( 'NONE',  ( 3.491481338843133355E-15, -0.000000000000000000, -1.000000000000000000 ) ) ;
#190 = DIRECTION ( 'NONE',  ( 1.000000000000000000, 0.000000000000000000, 3.491481338843133355E-15 ) ) ;
#191 = PLANE ( 'NONE',  #5109 ) ;
#192 = VERTEX_POINT ( 'NONE', #1190 ) ;
#193 = PLANE ( 'NONE',  #4892 ) ;
#194 = ORIENTED_EDGE ( 'NONE', *, *, #4660, .T. ) ;
#195 = DIRECTION ( 'NONE',  ( 0.1710878697460353759, -0.9702875252478138091, 0.1710878697460364306 ) ) ;
#196 = DIRECTION ( 'NONE',  ( 3.491481338843133355E-15, -0.000000000000000000, -1.000000000000000000 ) ) ;
#197 = ORIENTED_EDGE ( 'NONE', *, *, #1711, .T. ) ;
#198 = DIRECTION ( 'NONE',  ( 1.000000000000000000, 0.000000000000000000, 3.878748110244690170E-15 ) ) ;
#199 = EDGE_LOOP ( 'NONE', ( #2840, #4953, #4456, #717 ) ) ;
#200 = ORIENTED_EDGE ( 'NONE', *, *, #1785, .F. ) ;
#201 = VECTOR ( 'NONE', #3646, 1000.000000000000227 ) ;
#202 = ORIENTED_EDGE ( 'NONE', *, *, #3950, .F. ) ;
#203 = LINE ( 'NONE', #3394, #1435 ) ;
#204 = VECTOR ( 'NONE', #5017, 1000.000000000000000 ) ;
#205 = CARTESIAN_POINT ( 'NONE',  ( -1.899999999999997469, 0.2500000000000000000, -0.8175000000000057776 ) ) ;
#206 = VERTEX_POINT ( 'NONE', #4395 ) ;
#207 = CARTESIAN_POINT ( 'NONE',  ( 1.766236478227170448, 0.4354762614973970436, -0.4824999999999931566 ) ) ;
#208 = CARTESIAN_POINT ( 'NONE',  ( 2.041513623055492666, 0.4840150493030218048, -0.8174999999999920108 ) ) ;
#209 = FACE_OUTER_BOUND ( 'NONE', #1458, .T. ) ;
#210 = ORIENTED_EDGE ( 'NONE', *, *, #3662, .T. ) ;
#211 = CARTESIAN_POINT ( 'NONE',  ( -2.041513623055489113, 0.4840150493030218048, -0.1675000000000063660 ) ) ;
#212 = VERTEX_POINT ( 'NONE', #4849 ) ;
#213 = VERTEX_POINT ( 'NONE', #2478 ) ;
#214 = DIRECTION ( 'NONE',  ( 0.9975640502598247528, 0.06975647374411790558, 3.482976265782951873E-15 ) ) ;
#215 = EDGE_CURVE ( 'NONE', #5037, #3863, #2529, .T. ) ;
#216 = CARTESIAN_POINT ( 'NONE',  ( 1.500000000000002442, 0.5350000000000005862, -1.399999999999996581 ) ) ;
#217 = CARTESIAN_POINT ( 'NONE',  ( -1.500000000000004663, 0.5350000000000005862, 1.132499999999995399 ) ) ;
#218 = ADVANCED_FACE ( 'NONE', ( #2063 ), #2505, .T. ) ;
#219 = ORIENTED_EDGE ( 'NONE', *, *, #611, .F. ) ;
#220 = ORIENTED_EDGE ( 'NONE', *, *, #4345, .T. ) ;
#221 = ORIENTED_EDGE ( 'NONE', *, *, #4962, .F. ) ;
#222 = DIRECTION ( 'NONE',  ( 0.000000000000000000, 1.000000000000000000, 0.000000000000000000 ) ) ;
#223 = ORIENTED_EDGE ( 'NONE', *, *, #5046, .T. ) ;
#224 = VECTOR ( 'NONE', #5206, 1000.000000000000000 ) ;
#225 = DIRECTION ( 'NONE',  ( 1.000000000000000000, 0.000000000000000000, 4.357562080355884511E-15 ) ) ;
#226 = LINE ( 'NONE', #561, #3544 ) ;
#227 = DIRECTION ( 'NONE',  ( -1.000000000000000000, 0.000000000000000000, -3.540519190289171499E-15 ) ) ;
#228 = VECTOR ( 'NONE', #1424, 1000.000000000000000 ) ;
#229 = ADVANCED_FACE ( 'NONE', ( #871 ), #4074, .F. ) ;
#230 = ADVANCED_FACE ( 'NONE', ( #3727 ), #4926, .F. ) ;
#231 = ORIENTED_EDGE ( 'NONE', *, *, #4752, .T. ) ;
#232 = FACE_OUTER_BOUND ( 'NONE', #3384, .T. ) ;
#233 = DIRECTION ( 'NONE',  ( 2.168404344971009262E-15, 0.1736481776669308863, -0.9848077530122077983 ) ) ;
#234 = ORIENTED_EDGE ( 'NONE', *, *, #707, .F. ) ;
#235 = DIRECTION ( 'NONE',  ( 1.000000000000000000, -4.072327652863561712E-16, 3.491481338843133355E-15 ) ) ;
#236 = ADVANCED_FACE ( 'NONE', ( #3773 ), #3369, .F. ) ;
#237 = EDGE_LOOP ( 'NONE', ( #1331, #3033, #2826, #2471 ) ) ;
#238 = VERTEX_POINT ( 'NONE', #205 ) ;
#239 = AXIS2_PLACEMENT_3D ( 'NONE', #1161, #2374, #2038 ) ;
#240 = DIRECTION ( 'NONE',  ( -0.9975640502598247528, -0.06975647374411818313, -3.482976265782951873E-15 ) ) ;
#241 = EDGE_CURVE ( 'NONE', #1510, #177, #5021, .T. ) ;
#242 = DIRECTION ( 'NONE',  ( -3.491481338843133355E-15, 0.000000000000000000, 1.000000000000000000 ) ) ;
#243 = CARTESIAN_POINT ( 'NONE',  ( 1.500000000000002442, 0.7150000000000005240, -0.4824999999999940448 ) ) ;
#244 = VECTOR ( 'NONE', #2204, 1000.000000000000000 ) ;
#245 = LINE ( 'NONE', #2697, #4358 ) ;
#246 = CARTESIAN_POINT ( 'NONE',  ( -1.500000000000000000, 0.5350000000000005862, -0.1675000000000044786 ) ) ;
#247 = ORIENTED_EDGE ( 'NONE', *, *, #816, .T. ) ;
#248 = ADVANCED_FACE ( 'NONE', ( #966 ), #719, .T. ) ;
#249 = ORIENTED_EDGE ( 'NONE', *, *, #4079, .F. ) ;
#250 = FACE_OUTER_BOUND ( 'NONE', #2708, .T. ) ;
#251 = AXIS2_PLACEMENT_3D ( 'NONE', #5205, #1204, #2439 ) ;
#252 = EDGE_LOOP ( 'NONE', ( #4533, #1072, #4602 ) ) ;
#253 = EDGE_CURVE ( 'NONE', #794, #11, #956, .T. ) ;
#254 = ORIENTED_EDGE ( 'NONE', *, *, #4923, .T. ) ;
#255 = VECTOR ( 'NONE', #4611, 1000.000000000000000 ) ;
#256 = AXIS2_PLACEMENT_3D ( 'NONE', #2049, #3657, #1740 ) ;
#257 = AXIS2_PLACEMENT_3D ( 'NONE', #4457, #1222, #1702 ) ;
#258 = VERTEX_POINT ( 'NONE', #4350 ) ;
#259 = ADVANCED_FACE ( 'NONE', ( #2328 ), #4165, .T. ) ;
#260 = VECTOR ( 'NONE', #2628, 1000.000000000000000 ) ;
#261 = AXIS2_PLACEMENT_3D ( 'NONE', #1463, #3545, #3070 ) ;
#262 = ORIENTED_EDGE ( 'NONE', *, *, #4351, .T. ) ;
#263 = LINE ( 'NONE', #3930, #1152 ) ;
#264 = ORIENTED_EDGE ( 'NONE', *, *, #603, .F. ) ;
#265 = PLANE ( 'NONE',  #2710 ) ;
#266 = ORIENTED_EDGE ( 'NONE', *, *, #3055, .F. ) ;
#267 = PRESENTATION_STYLE_ASSIGNMENT (( #1481 ) ) ;
#268 = CARTESIAN_POINT ( 'NONE',  ( -2.041513623055491333, 0.4840150493030218048, 0.4824999999999936007 ) ) ;
#269 = LINE ( 'NONE', #1852, #3124 ) ;
#270 = LINE ( 'NONE', #711, #1958 ) ;
#271 = ORIENTED_EDGE ( 'NONE', *, *, #4380, .T. ) ;
#272 = VERTEX_POINT ( 'NONE', #3816 ) ;
#273 = EDGE_CURVE ( 'NONE', #4544, #3968, #3419, .T. ) ;
#274 = CARTESIAN_POINT ( 'NONE',  ( -1.401507855905370414, 0.7150644756313452310, -1.499988631206601530 ) ) ;
#275 = EDGE_LOOP ( 'NONE', ( #3511, #4988, #200, #2666 ) ) ;
#276 = ORIENTED_EDGE ( 'NONE', *, *, #1869, .T. ) ;
#277 = CARTESIAN_POINT ( 'NONE',  ( -2.168334719776544794, 0.1992574841279680098, -0.8175000000000067768 ) ) ;
#278 = ADVANCED_FACE ( 'NONE', ( #5156 ), #1543, .T. ) ;
#279 = EDGE_LOOP ( 'NONE', ( #1752, #1338, #907, #4872 ) ) ;
#280 = LINE ( 'NONE', #1499, #2196 ) ;
#281 =( LENGTH_UNIT ( ) NAMED_UNIT ( * ) SI_UNIT ( .MILLI., .METRE. ) );
#282 = EDGE_LOOP ( 'NONE', ( #4387, #4973, #2377, #3600 ) ) ;
#283 = CARTESIAN_POINT ( 'NONE',  ( -2.041513623055493554, 0.4840150493030218048, 1.132499999999993623 ) ) ;
#284 = DIRECTION ( 'NONE',  ( 0.1736481776669311639, 0.9848077530122079093, 6.062893718482070805E-16 ) ) ;
#285 = EDGE_LOOP ( 'NONE', ( #4089, #2912, #2128, #1638, #194, #1335 ) ) ;
#286 = CARTESIAN_POINT ( 'NONE',  ( 1.500000000000004663, 0.7150000000000005240, -1.132499999999994289 ) ) ;
#287 = DIRECTION ( 'NONE',  ( 1.000000000000000000, 0.000000000000000000, 3.491481338843133355E-15 ) ) ;
#288 = DIRECTION ( 'NONE',  ( 3.491481338843133355E-15, -0.000000000000000000, -1.000000000000000000 ) ) ;
#289 = EDGE_LOOP ( 'NONE', ( #2646, #1060, #2687, #4577, #220, #1377, #2173, #2404, #2598, #1986, #2558, #4245 ) ) ;
#290 = LINE ( 'NONE', #4313, #1402 ) ;
#291 = EDGE_CURVE ( 'NONE', #1567, #1177, #3004, .T. ) ;
#292 =( BOUNDED_CURVE ( )  B_SPLINE_CURVE ( 3, ( #2319, #317, #3538, #5149 ),
 .UNSPECIFIED., .F., .F. ) 
 B_SPLINE_CURVE_WITH_KNOTS ( ( 4, 4 ),
 ( 1.395357138704506964E-15, 0.01507913049648019164 ),
 .UNSPECIFIED. ) 
 CURVE ( )  GEOMETRIC_REPRESENTATION_ITEM ( )  RATIONAL_B_SPLINE_CURVE ( ( 1.000000000000000000, 0.9999810517417155875, 0.9999810517417155875, 1.000000000000000000 ) ) 
 REPRESENTATION_ITEM ( '' )  );
#293 = ORIENTED_EDGE ( 'NONE', *, *, #4983, .T. ) ;
#294 = ADVANCED_FACE ( 'NONE', ( #3519 ), #1142, .T. ) ;
#295 = CARTESIAN_POINT ( 'NONE',  ( -1.864248227513289446, 0.4527583773229743036, -0.8175000000000056666 ) ) ;
#296 = LINE ( 'NONE', #1082, #406 ) ;
#297 = DIRECTION ( 'NONE',  ( 3.491481338843133355E-15, -0.000000000000000000, -1.000000000000000000 ) ) ;
#298 = ORIENTED_EDGE ( 'NONE', *, *, #1145, .F. ) ;
#299 = CARTESIAN_POINT ( 'NONE',  ( 1.766236478227164897, 0.4354762614973970436, 1.132500000000006724 ) ) ;
#300 = CARTESIAN_POINT ( 'NONE',  ( -1.900000000000001910, 0.2500000000000000000, 0.4824999999999941003 ) ) ;
#301 = CARTESIAN_POINT ( 'NONE',  ( 1.415069459078651670, 0.05333496734249152521, 1.316588683777440760 ) ) ;
#302 = ADVANCED_FACE ( 'NONE', ( #354 ), #1968, .T. ) ;
#303 = EDGE_LOOP ( 'NONE', ( #2980, #2190, #3373, #3855 ) ) ;
#304 = PRESENTATION_STYLE_ASSIGNMENT (( #5 ) ) ;
#305 = VECTOR ( 'NONE', #2310, 1000.000000000000000 ) ;
#306 = FACE_OUTER_BOUND ( 'NONE', #534, .T. ) ;
#307 = ADVANCED_FACE ( 'NONE', ( #2987 ), #4628, .F. ) ;
#308 = ORIENTED_EDGE ( 'NONE', *, *, #1553, .F. ) ;
#309 = LINE ( 'NONE', #4741, #3819 ) ;
#310 = DIRECTION ( 'NONE',  ( 0.9848077530122079093, -0.1736481776669311639, 3.438437891990161467E-15 ) ) ;
#311 = EDGE_LOOP ( 'NONE', ( #231, #1393, #3906, #188 ) ) ;
#312 = CARTESIAN_POINT ( 'NONE',  ( 1.499999999999998890, 0.7150000000000005240, 0.4825000000000059797 ) ) ;
#313 = DIRECTION ( 'NONE',  ( 0.1736481776669311639, 0.9848077530122079093, 6.062893718482070805E-16 ) ) ;
#314 = LINE ( 'NONE', #5175, #5098 ) ;
#315 = ORIENTED_EDGE ( 'NONE', *, *, #2203, .T. ) ;
#316 = EDGE_CURVE ( 'NONE', #3807, #4690, #4005, .T. ) ;
#317 = CARTESIAN_POINT ( 'NONE',  ( -1.500000000000004885, 0.7150000000000044098, 1.400502642445346391 ) ) ;
#318 = ORIENTED_EDGE ( 'NONE', *, *, #2251, .F. ) ;
#319 = DIRECTION ( 'NONE',  ( -0.1736481776669313026, 0.9848077530122079093, -6.062893718482075735E-16 ) ) ;
#320 = AXIS2_PLACEMENT_3D ( 'NONE', #2498, #3413, #4268 ) ;
#321 = EDGE_CURVE ( 'NONE', #2994, #1345, #1653, .T. ) ;
#322 = CARTESIAN_POINT ( 'NONE',  ( -0.7124999999999969136, 2.514558455858448838, -0.8800000000000024469 ) ) ;
#323 = EDGE_CURVE ( 'NONE', #658, #4557, #3665, .T. ) ;
#324 = ADVANCED_FACE ( 'NONE', ( #4409 ), #4840, .F. ) ;
#325 = LINE ( 'NONE', #1121, #577 ) ;
#326 = DIRECTION ( 'NONE',  ( -0.9848077530122079093, 0.1736481776669313026, -3.438437891990161861E-15 ) ) ;
#327 = EDGE_CURVE ( 'NONE', #2271, #4921, #4771, .T. ) ;
#328 = ORIENTED_EDGE ( 'NONE', *, *, #693, .F. ) ;
#329 = AXIS2_PLACEMENT_3D ( 'NONE', #975, #5062, #2591 ) ;
#330 = PLANE ( 'NONE',  #2030 ) ;
#331 = CIRCLE ( 'NONE', #3111, 0.09999999999999999167 ) ;
#332 = ORIENTED_EDGE ( 'NONE', *, *, #3738, .T. ) ;
#333 = DIRECTION ( 'NONE',  ( 0.1710878697460352371, -0.9702875252478140311, 0.1710878697460355147 ) ) ;
#334 = CARTESIAN_POINT ( 'NONE',  ( -1.766236478227168227, 0.4354762614973970436, -0.1675000000000054223 ) ) ;
#335 = CIRCLE ( 'NONE', #3294, 0.2795237385026035359 ) ;
#336 = PLANE ( 'NONE',  #2909 ) ;
#337 = DIRECTION ( 'NONE',  ( -3.491481338843133355E-15, 0.000000000000000000, 1.000000000000000000 ) ) ;
#338 = CARTESIAN_POINT ( 'NONE',  ( -1.766236478227170448, 0.7150000000000004130, 0.4824999999999945444 ) ) ;
#339 = EDGE_LOOP ( 'NONE', ( #3327, #3110, #3034, #2731 ) ) ;
#340 = FACE_OUTER_BOUND ( 'NONE', #370, .T. ) ;
#341 = VECTOR ( 'NONE', #3156, 1000.000000000000000 ) ;
#342 = VECTOR ( 'NONE', #4297, 1000.000000000000000 ) ;
#343 = DIRECTION ( 'NONE',  ( -0.9975640502598246417, 0.06975647374411932111, -3.482976265782951478E-15 ) ) ;
#344 = CARTESIAN_POINT ( 'NONE',  ( -1.348204149309513600, 0.2500000000000004996, -4.804678019440738017E-15 ) ) ;
#345 =( NAMED_UNIT ( * ) PLANE_ANGLE_UNIT ( ) SI_UNIT ( $, .RADIAN. ) );
#346 = CARTESIAN_POINT ( 'NONE',  ( -1.499999999999997780, 0.7150000000000005240, -0.8175000000000044453 ) ) ;
#347 = AXIS2_PLACEMENT_3D ( 'NONE', #3941, #818, #2378 ) ;
#348 = ORIENTED_EDGE ( 'NONE', *, *, #4593, .F. ) ;
#349 = CARTESIAN_POINT ( 'NONE',  ( -2.450000000000001954, 0.1795615290467685032, 0.4824999999999921574 ) ) ;
#350 = ORIENTED_EDGE ( 'NONE', *, *, #3632, .F. ) ;
#351 = CARTESIAN_POINT ( 'NONE',  ( -1.499999999999998890, 0.5350000000000005862, -0.4825000000000045919 ) ) ;
#352 = VECTOR ( 'NONE', #4617, 1000.000000000000000 ) ;
#353 = EDGE_LOOP ( 'NONE', ( #5105, #7, #2526, #3619 ) ) ;
#354 = FACE_OUTER_BOUND ( 'NONE', #339, .T. ) ;
#355 = ORIENTED_EDGE ( 'NONE', *, *, #2689, .F. ) ;
#356 = VERTEX_POINT ( 'NONE', #825 ) ;
#357 = ADVANCED_FACE ( 'NONE', ( #773 ), #4863, .T. ) ;
#358 = DIRECTION ( 'NONE',  ( 1.000000000000000000, 0.000000000000000000, 3.491481338843133355E-15 ) ) ;
#359 = FACE_OUTER_BOUND ( 'NONE', #5119, .T. ) ;
#360 = DIRECTION ( 'NONE',  ( 0.1736481776669312749, -0.9848077530122079093, 6.062893718482074749E-16 ) ) ;
#361 = DIRECTION ( 'NONE',  ( -0.1736481776669311639, -0.9848077530122079093, -6.062893718482070805E-16 ) ) ;
#362 = FACE_OUTER_BOUND ( 'NONE', #91, .T. ) ;
#363 = AXIS2_PLACEMENT_3D ( 'NONE', #2824, #4306, #703 ) ;
#364 = DIRECTION ( 'NONE',  ( 3.491481338843133355E-15, -0.000000000000000000, -1.000000000000000000 ) ) ;
#365 = ORIENTED_EDGE ( 'NONE', *, *, #3743, .F. ) ;
#366 = CARTESIAN_POINT ( 'NONE',  ( -1.499996210330386326, 0.7150214922843569632, -1.401005270604410269 ) ) ;
#367 = CARTESIAN_POINT ( 'NONE',  ( 1.400000000000002576, 0.5350000000000005862, -1.499999999999996669 ) ) ;
#368 = AXIS2_PLACEMENT_3D ( 'NONE', #3342, #4943, #944 ) ;
#369 = EDGE_CURVE ( 'NONE', #1628, #1193, #4035, .T. ) ;
#370 = EDGE_LOOP ( 'NONE', ( #864, #5154, #2812, #2981, #3910, #4453, #2892, #115 ) ) ;
#371 = ORIENTED_EDGE ( 'NONE', *, *, #3980, .T. ) ;
#372 = CARTESIAN_POINT ( 'NONE',  ( -1.500000000000002442, 0.7150000000000005240, 0.4824999999999954881 ) ) ;
#373 = CYLINDRICAL_SURFACE ( 'NONE', #4950, 0.2795237385026035359 ) ;
#374 = EDGE_CURVE ( 'NONE', #643, #536, #1574, .T. ) ;
#375 = EDGE_CURVE ( 'NONE', #238, #4390, #76, .T. ) ;
#376 = VERTEX_POINT ( 'NONE', #4065 ) ;
#377 = AXIS2_PLACEMENT_3D ( 'NONE', #2358, #52, #2734 ) ;
#378 = LINE ( 'NONE', #5155, #2828 ) ;
#379 = LINE ( 'NONE', #1994, #224 ) ;
#380 = ORIENTED_EDGE ( 'NONE', *, *, #5187, .F. ) ;
#381 = CARTESIAN_POINT ( 'NONE',  ( -0.7125000000000031308, 0.1500000000000004940, 0.8799999999999976730 ) ) ;
#382 = PLANE ( 'NONE',  #422 ) ;
#383 = ORIENTED_EDGE ( 'NONE', *, *, #865, .F. ) ;
#384 = DIRECTION ( 'NONE',  ( -1.000000000000000000, 0.000000000000000000, -3.490873299220221310E-15 ) ) ;
#385 = EDGE_CURVE ( 'NONE', #3356, #2234, #454, .T. ) ;
#386 = CARTESIAN_POINT ( 'NONE',  ( -1.864248227513291667, 0.4527583773229743036, -0.1675000000000057554 ) ) ;
#387 = EDGE_CURVE ( 'NONE', #2271, #455, #1663, .T. ) ;
#388 = DIRECTION ( 'NONE',  ( -1.000000000000000000, 0.000000000000000000, -3.268171560266927386E-15 ) ) ;
#389 = ORIENTED_EDGE ( 'NONE', *, *, #4575, .T. ) ;
#390 = AXIS2_PLACEMENT_3D ( 'NONE', #3630, #3690, #1205 ) ;
#391 = CARTESIAN_POINT ( 'NONE',  ( 2.041513623055492666, 0.4840150493030217493, -0.8174999999999920108 ) ) ;
#392 = DIRECTION ( 'NONE',  ( -0.1736481776669291655, 0.9848077530122082424, -6.062893718482001780E-16 ) ) ;
#393 = DIRECTION ( 'NONE',  ( -1.000000000000000000, 0.000000000000000000, -3.540519190289171499E-15 ) ) ;
#394 = ORIENTED_EDGE ( 'NONE', *, *, #3430, .T. ) ;
#395 = CARTESIAN_POINT ( 'NONE',  ( -1.399999999999994582, 0.7150000000000005240, -1.500000000000005773 ) ) ;
#396 = ORIENTED_EDGE ( 'NONE', *, *, #166, .F. ) ;
#397 = CARTESIAN_POINT ( 'NONE',  ( 2.168334719776549679, 0.1992574841279679820, -0.4824999999999917133 ) ) ;
#398 = CARTESIAN_POINT ( 'NONE',  ( -1.766236478227164897, 0.4354762614973970436, -1.132500000000005391 ) ) ;
#399 = DIRECTION ( 'NONE',  ( -1.000000000000000000, 0.000000000000000000, -3.268171560266927386E-15 ) ) ;
#400 = EDGE_CURVE ( 'NONE', #3863, #3105, #2053, .T. ) ;
#401 = CARTESIAN_POINT ( 'NONE',  ( 2.168334719776543906, 0.1992574841279675935, 1.132500000000008278 ) ) ;
#402 = ORIENTED_EDGE ( 'NONE', *, *, #2238, .T. ) ;
#403 = VECTOR ( 'NONE', #889, 1000.000000000000114 ) ;
#404 = CARTESIAN_POINT ( 'NONE',  ( 1.766236478227166007, 0.7150000000000005240, 0.8175000000000067768 ) ) ;
#405 = ADVANCED_FACE ( 'NONE', ( #5183 ), #3181, .T. ) ;
#406 = VECTOR ( 'NONE', #3151, 1000.000000000000114 ) ;
#407 = VERTEX_POINT ( 'NONE', #3977 ) ;
#408 = CARTESIAN_POINT ( 'NONE',  ( 1.401507855905377742, 0.5349355243686566563, -1.499988631206592427 ) ) ;
#409 = CARTESIAN_POINT ( 'NONE',  ( -1.500000000000005773, 0.7150000000000005240, 1.399999999999994804 ) ) ;
#410 = ORIENTED_EDGE ( 'NONE', *, *, #4440, .F. ) ;
#411 = VECTOR ( 'NONE', #4974, 1000.000000000000000 ) ;
#412 = CARTESIAN_POINT ( 'NONE',  ( 1.766236478227169560, 0.5350000000000004752, -0.1674999999999930711 ) ) ;
#413 = EDGE_CURVE ( 'NONE', #2862, #376, #379, .T. ) ;
#414 = VERTEX_POINT ( 'NONE', #3212 ) ;
#415 = DIRECTION ( 'NONE',  ( 1.000000000000000000, 0.000000000000000000, 3.490873299220221310E-15 ) ) ;
#416 = CARTESIAN_POINT ( 'NONE',  ( -1.499999999999997780, 0.5350000000000005862, -0.8175000000000044453 ) ) ;
#417 = AXIS2_PLACEMENT_3D ( 'NONE', #2188, #903, #5001 ) ;
#418 = VERTEX_POINT ( 'NONE', #4181 ) ;
#419 =( GEOMETRIC_REPRESENTATION_CONTEXT ( 3 ) GLOBAL_UNCERTAINTY_ASSIGNED_CONTEXT ( ( #786 ) ) GLOBAL_UNIT_ASSIGNED_CONTEXT ( ( #5163, #4735, #2336 ) ) REPRESENTATION_CONTEXT ( 'NONE', 'WORKASPACE' ) );
#420 = DIRECTION ( 'NONE',  ( 1.000000000000000000, -4.072327652863561712E-16, 3.491481338843133355E-15 ) ) ;
#421 = DIRECTION ( 'NONE',  ( 3.491481338843133355E-15, -0.000000000000000000, -1.000000000000000000 ) ) ;
#422 = AXIS2_PLACEMENT_3D ( 'NONE', #2818, #4411, #1970 ) ;
#423 = ORIENTED_EDGE ( 'NONE', *, *, #2552, .F. ) ;
#424 = CARTESIAN_POINT ( 'NONE',  ( 1.766236478227164897, 0.5350000000000004752, 1.132500000000006724 ) ) ;
#425 = CIRCLE ( 'NONE', #3217, 0.09952373850260391730 ) ;
#426 =( NAMED_UNIT ( * ) SI_UNIT ( $, .STERADIAN. ) SOLID_ANGLE_UNIT ( ) );
#427 = CIRCLE ( 'NONE', #4041, 0.09952373850260348709 ) ;
#428 = LINE ( 'NONE', #3660, #21 ) ;
#429 = LINE ( 'NONE', #4086, #511 ) ;
#430 = CIRCLE ( 'NONE', #2621, 0.09952373850260348709 ) ;
#431 = CARTESIAN_POINT ( 'NONE',  ( -2.041513623055486448, 0.4840150493030218048, -0.8175000000000063327 ) ) ;
#432 = EDGE_LOOP ( 'NONE', ( #3593, #3850, #1012, #4566, #675, #3018 ) ) ;
#433 = EDGE_CURVE ( 'NONE', #5101, #1409, #1356, .T. ) ;
#434 = DIRECTION ( 'NONE',  ( 3.491481338843133355E-15, -0.000000000000000000, -1.000000000000000000 ) ) ;
#435 = CARTESIAN_POINT ( 'NONE',  ( 1.399999999999994360, 0.7150000000000005240, 1.400000000000003464 ) ) ;
#436 = ORIENTED_EDGE ( 'NONE', *, *, #3055, .T. ) ;
#437 = SURFACE_SIDE_STYLE ('',( #4047 ) ) ;
#438 = FACE_OUTER_BOUND ( 'NONE', #1288, .T. ) ;
#439 = EDGE_CURVE ( 'NONE', #1193, #2, #2947, .T. ) ;
#440 = LINE ( 'NONE', #5165, #3371 ) ;
#441 = CARTESIAN_POINT ( 'NONE',  ( -1.401507855905380850, 0.7150644756313447870, 1.499988631206590650 ) ) ;
#442 = CARTESIAN_POINT ( 'NONE',  ( 2.449999999999997513, 0.1795615290467681424, 0.8175000000000092193 ) ) ;
#443 = EDGE_LOOP ( 'NONE', ( #1523, #739, #3784, #4697 ) ) ;
#444 = FACE_BOUND ( 'NONE', #4866, .T. ) ;
#445 = DIRECTION ( 'NONE',  ( 1.000000000000000000, 0.000000000000000000, 3.878748110244690170E-15 ) ) ;
#446 = EDGE_LOOP ( 'NONE', ( #3391, #4673, #4831, #1866 ) ) ;
#447 = DIRECTION ( 'NONE',  ( -3.614686131171031945E-15, 0.000000000000000000, 1.000000000000000000 ) ) ;
#448 = EDGE_LOOP ( 'NONE', ( #3574, #1319, #410, #963 ) ) ;
#449 = PLANE ( 'NONE',  #2452 ) ;
#450 = DIRECTION ( 'NONE',  ( -0.06975647374411773904, -0.9975640502598247528, -2.435534263410881001E-16 ) ) ;
#451 = LINE ( 'NONE', #3686, #5134 ) ;
#452 = ADVANCED_FACE ( 'NONE', ( #3411 ), #4138, .T. ) ;
#453 = ADVANCED_FACE ( 'NONE', ( #2927 ), #959, .F. ) ;
#454 = LINE ( 'NONE', #800, #1577 ) ;
#455 = VERTEX_POINT ( 'NONE', #4937 ) ;
#456 = DIRECTION ( 'NONE',  ( -3.553083735007082256E-15, 0.000000000000000000, 1.000000000000000000 ) ) ;
#457 = CARTESIAN_POINT ( 'NONE',  ( 2.041513623055485560, 0.4840150493030217493, 1.132500000000007834 ) ) ;
#458 = EDGE_CURVE ( 'NONE', #407, #4159, #67, .T. ) ;
#459 = ORIENTED_EDGE ( 'NONE', *, *, #4564, .F. ) ;
#460 = ADVANCED_FACE ( 'NONE', ( #937 ), #2149, .F. ) ;
#461 =( BOUNDED_CURVE ( )  B_SPLINE_CURVE ( 3, ( #1509, #1114, #3115, #712 ),
 .UNSPECIFIED., .F., .T. ) 
 B_SPLINE_CURVE_WITH_KNOTS ( ( 4, 4 ),
 ( 3.141592653589791784, 3.156671784086265919 ),
 .UNSPECIFIED. ) 
 CURVE ( )  GEOMETRIC_REPRESENTATION_ITEM ( )  RATIONAL_B_SPLINE_CURVE ( ( 1.000000000000000000, 0.9999810517417155875, 0.9999810517417155875, 1.000000000000000000 ) ) 
 REPRESENTATION_ITEM ( '' )  );
#462 = PLANE ( 'NONE',  #1306 ) ;
#463 = DIRECTION ( 'NONE',  ( -3.563761483675500055E-15, 0.000000000000000000, 1.000000000000000000 ) ) ;
#464 = ADVANCED_FACE ( 'NONE', ( #2544 ), #914, .T. ) ;
#465 = CARTESIAN_POINT ( 'NONE',  ( 2.077265395542197357, 0.2812566719800473902, -0.1674999999999919886 ) ) ;
#466 = CARTESIAN_POINT ( 'NONE',  ( -1.864248227513289446, 0.4527583773229743036, -0.8175000000000056666 ) ) ;
#467 = CARTESIAN_POINT ( 'NONE',  ( 2.168334719776551900, 0.1992574841279679820, -1.132499999999991847 ) ) ;
#468 = FACE_OUTER_BOUND ( 'NONE', #32, .T. ) ;
#469 = SURFACE_STYLE_FILL_AREA ( #2480 ) ;
#470 = ORIENTED_EDGE ( 'NONE', *, *, #4658, .F. ) ;
#471 = LINE ( 'NONE', #2884, #4796 ) ;
#472 = CARTESIAN_POINT ( 'NONE',  ( -2.041513623055493554, 0.4840150493030218048, 1.132499999999993623 ) ) ;
#473 =( BOUNDED_CURVE ( )  B_SPLINE_CURVE ( 3, ( #3854, #2356, #3439, #274 ),
 .UNSPECIFIED., .F., .F. ) 
 B_SPLINE_CURVE_WITH_KNOTS ( ( 4, 4 ),
 ( 2.371273620688822525, 3.911911686490758822 ),
 .UNSPECIFIED. ) 
 CURVE ( )  GEOMETRIC_REPRESENTATION_ITEM ( )  RATIONAL_B_SPLINE_CURVE ( ( 1.000000000000000000, 0.8117923620232511128, 0.8117923620232511128, 1.000000000000000000 ) ) 
 REPRESENTATION_ITEM ( '' )  );
#474 = LINE ( 'NONE', #4080, #1104 ) ;
#475 = VECTOR ( 'NONE', #420, 1000.000000000000000 ) ;
#476 = ORIENTED_EDGE ( 'NONE', *, *, #2195, .T. ) ;
#477 = DIRECTION ( 'NONE',  ( 3.491481338843133355E-15, 0.000000000000000000, -1.000000000000000000 ) ) ;
#478 = ORIENTED_EDGE ( 'NONE', *, *, #174, .T. ) ;
#479 = CARTESIAN_POINT ( 'NONE',  ( 1.502882636601369226, 0.5513482445498961715, -1.404401861300142551 ) ) ;
#480 =( LENGTH_UNIT ( ) NAMED_UNIT ( * ) SI_UNIT ( .MILLI., .METRE. ) );
#481 = VECTOR ( 'NONE', #1528, 999.9999999999998863 ) ;
#482 = CARTESIAN_POINT ( 'NONE',  ( 1.348204149309507383, 0.2500000000000004996, 1.348204149309516708 ) ) ;
#483 = VERTEX_POINT ( 'NONE', #4115 ) ;
#484 = CARTESIAN_POINT ( 'NONE',  ( -1.864248227513289446, 0.4527583773229743036, -0.8175000000000056666 ) ) ;
#485 = ORIENTED_EDGE ( 'NONE', *, *, #1650, .F. ) ;
#486 = EDGE_CURVE ( 'NONE', #1423, #3496, #512, .T. ) ;
#487 = AXIS2_PLACEMENT_3D ( 'NONE', #3170, #5196, #3198 ) ;
#488 = ORIENTED_EDGE ( 'NONE', *, *, #4162, .T. ) ;
#489 = DIRECTION ( 'NONE',  ( 1.000000000000000000, 0.000000000000000000, 3.490873299220224071E-15 ) ) ;
#490 = ADVANCED_BREP_SHAPE_REPRESENTATION ( 'TPS7A3001DGNR', ( #2971, #1136, #1232, #1120, #1148, #2934, #4621, #4573, #1285, #4762, #1173, #1364 ), #1112 ) ;
#491 = AXIS2_PLACEMENT_3D ( 'NONE', #1484, #3900, #287 ) ;
#492 = DIRECTION ( 'NONE',  ( -0.9848077530122079093, 0.1736481776669313026, -3.438437891990161861E-15 ) ) ;
#493 = EDGE_LOOP ( 'NONE', ( #942, #5111, #3842, #3748, #1216, #2624, #1324, #5085, #884, #1832, #1471, #3623 ) ) ;
#494 =( GEOMETRIC_REPRESENTATION_CONTEXT ( 3 ) GLOBAL_UNCERTAINTY_ASSIGNED_CONTEXT ( ( #4420 ) ) GLOBAL_UNIT_ASSIGNED_CONTEXT ( ( #3735, #1725, #530 ) ) REPRESENTATION_CONTEXT ( 'NONE', 'WORKASPACE' ) );
#495 = CARTESIAN_POINT ( 'NONE',  ( 2.041513623055492666, 0.4840150493030217493, -0.8174999999999920108 ) ) ;
#496 = CARTESIAN_POINT ( 'NONE',  ( -1.415069459078662328, 1.196665032657509453, 1.316588683777431878 ) ) ;
#497 = CARTESIAN_POINT ( 'NONE',  ( -2.155778554502608468, 0.01969595508119936778, 0.4824999999999932121 ) ) ;
#498 = VECTOR ( 'NONE', #3244, 1000.000000000000000 ) ;
#499 = LINE ( 'NONE', #1022, #4724 ) ;
#500 = ORIENTED_EDGE ( 'NONE', *, *, #1253, .T. ) ;
#501 = CARTESIAN_POINT ( 'NONE',  ( 1.766236478227167117, 0.5350000000000004752, 0.4825000000000069234 ) ) ;
#502 = DIRECTION ( 'NONE',  ( 0.000000000000000000, -1.000000000000000000, 0.000000000000000000 ) ) ;
#503 = PRODUCT_DEFINITION_SHAPE ( 'NONE', 'NONE',  #1864 ) ;
#504 = ORIENTED_EDGE ( 'NONE', *, *, #3687, .F. ) ;
#505 = CARTESIAN_POINT ( 'NONE',  ( 2.168334719776543906, 0.1992574841279679820, 1.132500000000008278 ) ) ;
#506 = CARTESIAN_POINT ( 'NONE',  ( 1.766236478227171558, 0.4354762614973970436, -0.8174999999999930100 ) ) ;
#507 = EDGE_CURVE ( 'NONE', #2062, #578, #4063, .T. ) ;
#508 = VECTOR ( 'NONE', #1264, 999.9999999999998863 ) ;
#509 = CARTESIAN_POINT ( 'NONE',  ( -1.500000000000003553, 0.7150000000000005240, 0.8174999999999954525 ) ) ;
#510 = ORIENTED_EDGE ( 'NONE', *, *, #323, .F. ) ;
#511 = VECTOR ( 'NONE', #2468, 1000.000000000000000 ) ;
#512 = LINE ( 'NONE', #553, #724 ) ;
#513 = ORIENTED_EDGE ( 'NONE', *, *, #4401, .T. ) ;
#514 = DIRECTION ( 'NONE',  ( 3.491481338843133355E-15, 0.000000000000000000, -1.000000000000000000 ) ) ;
#515 = AXIS2_PLACEMENT_3D ( 'NONE', #779, #4045, #1689 ) ;
#516 = CIRCLE ( 'NONE', #1196, 0.1000000000000000472 ) ;
#517 = VERTEX_POINT ( 'NONE', #2127 ) ;
#518 = DIRECTION ( 'NONE',  ( 3.491481338843133355E-15, -0.000000000000000000, -1.000000000000000000 ) ) ;
#519 = CIRCLE ( 'NONE', #3472, 0.2795237385026035359 ) ;
#520 = ADVANCED_FACE ( 'NONE', ( #1729 ), #3337, .F. ) ;
#521 =( NAMED_UNIT ( * ) PLANE_ANGLE_UNIT ( ) SI_UNIT ( $, .RADIAN. ) );
#522 = VERTEX_POINT ( 'NONE', #3465 ) ;
#523 = CARTESIAN_POINT ( 'NONE',  ( 2.437443834726057634, 7.647873938942688573E-19, 0.4825000000000092548 ) ) ;
#524 = APPLICATION_CONTEXT ( 'automotive_design' ) ;
#525 = LINE ( 'NONE', #496, #4195 ) ;
#526 = ORIENTED_EDGE ( 'NONE', *, *, #2702, .F. ) ;
#527 = EDGE_LOOP ( 'NONE', ( #3255, #1824, #558, #315 ) ) ;
#528 = DIRECTION ( 'NONE',  ( 2.840960035351830695E-15, 0.000000000000000000, -1.000000000000000000 ) ) ;
#529 = CARTESIAN_POINT ( 'NONE',  ( -2.041513623055490001, 0.4840150493030218048, 0.1674999999999935152 ) ) ;
#530 =( NAMED_UNIT ( * ) SI_UNIT ( $, .STERADIAN. ) SOLID_ANGLE_UNIT ( ) );
#531 = DIRECTION ( 'NONE',  ( 3.491481338843133355E-15, -0.000000000000000000, -1.000000000000000000 ) ) ;
#532 = FACE_OUTER_BOUND ( 'NONE', #4584, .T. ) ;
#533 = EDGE_CURVE ( 'NONE', #3751, #206, #290, .T. ) ;
#534 = EDGE_LOOP ( 'NONE', ( #2497, #2514, #2163, #592 ) ) ;
#535 = LINE ( 'NONE', #4118, #4792 ) ;
#536 = VERTEX_POINT ( 'NONE', #4243 ) ;
#537 = SURFACE_STYLE_FILL_AREA ( #149 ) ;
#538 = LINE ( 'NONE', #2876, #176 ) ;
#539 = VECTOR ( 'NONE', #3146, 1000.000000000000000 ) ;
#540 = DIRECTION ( 'NONE',  ( -0.1736481776669313026, -0.9848077530122079093, -6.062893718482075735E-16 ) ) ;
#541 = ORIENTED_EDGE ( 'NONE', *, *, #16, .T. ) ;
#542 = CARTESIAN_POINT ( 'NONE',  ( -1.499999999999995559, 0.7150000000000005240, -1.400000000000005906 ) ) ;
#543 = EDGE_CURVE ( 'NONE', #3437, #1246, #292, .T. ) ;
#544 = DIRECTION ( 'NONE',  ( -1.000000000000000000, 0.000000000000000000, -3.491481338843133355E-15 ) ) ;
#545 = EDGE_CURVE ( 'NONE', #3807, #1314, #1908, .T. ) ;
#546 = CARTESIAN_POINT ( 'NONE',  ( 1.500000000000002665, 0.5350000000000005862, -1.499999999999996669 ) ) ;
#547 = ORIENTED_EDGE ( 'NONE', *, *, #486, .F. ) ;
#548 = ORIENTED_EDGE ( 'NONE', *, *, #5144, .F. ) ;
#549 = DIRECTION ( 'NONE',  ( -0.000000000000000000, -1.000000000000000000, 0.000000000000000000 ) ) ;
#550 = LINE ( 'NONE', #4640, #4873 ) ;
#551 = DIRECTION ( 'NONE',  ( 0.000000000000000000, -1.000000000000000000, 0.000000000000000000 ) ) ;
#552 = ORIENTED_EDGE ( 'NONE', *, *, #2007, .T. ) ;
#553 = CARTESIAN_POINT ( 'NONE',  ( 2.041513623055486448, 0.4840150493030217493, 0.8175000000000077760 ) ) ;
#554 = EDGE_LOOP ( 'NONE', ( #2487, #1256, #4527, #2599 ) ) ;
#555 = CARTESIAN_POINT ( 'NONE',  ( -0.7124999999999969136, 0.1500000000000004940, -0.8800000000000024469 ) ) ;
#556 = VECTOR ( 'NONE', #642, 1000.000000000000000 ) ;
#557 = EDGE_CURVE ( 'NONE', #4857, #4734, #5016, .T. ) ;
#558 = ORIENTED_EDGE ( 'NONE', *, *, #1491, .F. ) ;
#559 = ORIENTED_EDGE ( 'NONE', *, *, #2438, .F. ) ;
#560 = LINE ( 'NONE', #639, #204 ) ;
#561 = CARTESIAN_POINT ( 'NONE',  ( 1.899999999999998579, 0.2500000000000000555, 0.4825000000000073119 ) ) ;
#562 = DIRECTION ( 'NONE',  ( 3.491481338843133355E-15, -0.000000000000000000, -1.000000000000000000 ) ) ;
#563 = CARTESIAN_POINT ( 'NONE',  ( -1.766236478227171558, 0.5350000000000004752, 0.8174999999999944533 ) ) ;
#564 = ORIENTED_EDGE ( 'NONE', *, *, #5160, .F. ) ;
#565 = CARTESIAN_POINT ( 'NONE',  ( -1.500000000000005995, 0.5350000000000005862, 1.499999999999994893 ) ) ;
#566 = VECTOR ( 'NONE', #2022, 1000.000000000000114 ) ;
#567 = FACE_OUTER_BOUND ( 'NONE', #2236, .T. ) ;
#568 = CARTESIAN_POINT ( 'NONE',  ( 2.450000000000001954, 0.1795615290467681424, -0.4824999999999907696 ) ) ;
#569 = VECTOR ( 'NONE', #2870, 1000.000000000000000 ) ;
#570 = VERTEX_POINT ( 'NONE', #1962 ) ;
#571 = CARTESIAN_POINT ( 'NONE',  ( -1.348204149309508493, 0.2500000000000004996, -1.348204149309518485 ) ) ;
#572 = EDGE_LOOP ( 'NONE', ( #2056, #4282, #1025 ) ) ;
#573 = CARTESIAN_POINT ( 'NONE',  ( -2.168334719776547459, 0.1992574841279680098, -0.1675000000000068101 ) ) ;
#574 = DIRECTION ( 'NONE',  ( 1.000000000000000000, 4.072327652863561712E-16, 3.491481338843133355E-15 ) ) ;
#575 = DIRECTION ( 'NONE',  ( -0.06975647374411773904, -0.9975640502598247528, -2.435534263410881001E-16 ) ) ;
#576 = ORIENTED_EDGE ( 'NONE', *, *, #3897, .T. ) ;
#577 = VECTOR ( 'NONE', #3210, 1000.000000000000000 ) ;
#578 = VERTEX_POINT ( 'NONE', #3256 ) ;
#579 = FACE_OUTER_BOUND ( 'NONE', #3521, .T. ) ;
#580 = AXIS2_PLACEMENT_3D ( 'NONE', #4003, #5129, #2097 ) ;
#581 = ORIENTED_EDGE ( 'NONE', *, *, #3358, .T. ) ;
#582 = VERTEX_POINT ( 'NONE', #395 ) ;
#583 = VECTOR ( 'NONE', #518, 1000.000000000000000 ) ;
#584 = AXIS2_PLACEMENT_3D ( 'NONE', #2008, #4339, #2426 ) ;
#585 = VECTOR ( 'NONE', #3205, 1000.000000000000114 ) ;
#586 = AXIS2_PLACEMENT_3D ( 'NONE', #4610, #1452, #3892 ) ;
#587 = VECTOR ( 'NONE', #2939, 1000.000000000000114 ) ;
#588 = CARTESIAN_POINT ( 'NONE',  ( 0.7125000000000031308, 0.1500000000000004940, -0.8799999999999974509 ) ) ;
#589 = EDGE_LOOP ( 'NONE', ( #1426, #3721, #2740, #2043 ) ) ;
#590 = EDGE_CURVE ( 'NONE', #4277, #4661, #4424, .T. ) ;
#591 = DIRECTION ( 'NONE',  ( 0.000000000000000000, -1.000000000000000000, 0.000000000000000000 ) ) ;
#592 = ORIENTED_EDGE ( 'NONE', *, *, #5113, .T. ) ;
#593 = DIRECTION ( 'NONE',  ( 3.491481338843133355E-15, -0.000000000000000000, -1.000000000000000000 ) ) ;
#594 = ORIENTED_EDGE ( 'NONE', *, *, #1265, .T. ) ;
#595 = CARTESIAN_POINT ( 'NONE',  ( -2.175277144828323017, 0.2985387878056247613, 0.4824999999999931566 ) ) ;
#596 = ORIENTED_EDGE ( 'NONE', *, *, #3590, .T. ) ;
#597 = CARTESIAN_POINT ( 'NONE',  ( -1.400000000000005240, 0.7150000000000005240, 1.499999999999995115 ) ) ;
#598 = LINE ( 'NONE', #2974, #3284 ) ;
#599 = CARTESIAN_POINT ( 'NONE',  ( 1.864248227513288336, 0.4527583773229743036, 1.132500000000007168 ) ) ;
#600 = VERTEX_POINT ( 'NONE', #2811 ) ;
#601 = ORIENTED_EDGE ( 'NONE', *, *, #241, .T. ) ;
#602 = ADVANCED_FACE ( 'NONE', ( #4806 ), #848, .F. ) ;
#603 = EDGE_CURVE ( 'NONE', #1023, #168, #1987, .T. ) ;
#604 = ORIENTED_EDGE ( 'NONE', *, *, #2571, .T. ) ;
#605 = DIRECTION ( 'NONE',  ( 3.491481338843133355E-15, -0.000000000000000000, -1.000000000000000000 ) ) ;
#606 = CIRCLE ( 'NONE', #1297, 0.09952373850260348709 ) ;
#607 = ORIENTED_EDGE ( 'NONE', *, *, #976, .T. ) ;
#608 = AXIS2_PLACEMENT_3D ( 'NONE', #5087, #1477, #3107 ) ;
#609 = FILL_AREA_STYLE ('',( #4704 ) ) ;
#610 = MECHANICAL_DESIGN_GEOMETRIC_PRESENTATION_REPRESENTATION (  '', ( #3403 ), #1974 ) ;
#611 = EDGE_CURVE ( 'NONE', #3105, #2623, #5177, .T. ) ;
#612 = CARTESIAN_POINT ( 'NONE',  ( -1.348204149309518485, 0.9999999999999995559, 1.348204149309508271 ) ) ;
#613 = VERTEX_POINT ( 'NONE', #2068 ) ;
#614 = EDGE_CURVE ( 'NONE', #5099, #3126, #4000, .T. ) ;
#615 = DIRECTION ( 'NONE',  ( -1.000000000000000000, 0.000000000000000000, -3.268171560266913581E-15 ) ) ;
#616 = LINE ( 'NONE', #3400, #2626 ) ;
#617 = CIRCLE ( 'NONE', #2308, 0.1000000000000000472 ) ;
#618 = EDGE_CURVE ( 'NONE', #1228, #2245, #3969, .T. ) ;
#619 = EDGE_LOOP ( 'NONE', ( #2247, #3427, #923 ) ) ;
#620 = CARTESIAN_POINT ( 'NONE',  ( -1.399999999999994582, 0.7150000000000005240, -1.500000000000005773 ) ) ;
#621 = ORIENTED_EDGE ( 'NONE', *, *, #5138, .F. ) ;
#622 = CYLINDRICAL_SURFACE ( 'NONE', #1525, 0.09999999999999997780 ) ;
#623 = CARTESIAN_POINT ( 'NONE',  ( -1.400000000000005240, 0.5350000000000005862, 1.499999999999995115 ) ) ;
#624 = VERTEX_POINT ( 'NONE', #3599 ) ;
#625 = DIRECTION ( 'NONE',  ( 3.491481338843133355E-15, -0.000000000000000000, -1.000000000000000000 ) ) ;
#626 = DIRECTION ( 'NONE',  ( 4.336808689942018525E-15, -0.1736481776669308863, -0.9848077530122077983 ) ) ;
#627 = PLANE ( 'NONE',  #5053 ) ;
#628 = DIRECTION ( 'NONE',  ( -0.1736481776669311639, -0.9848077530122079093, -6.062893718482070805E-16 ) ) ;
#629 = DIRECTION ( 'NONE',  ( -0.9975640502598247528, 0.06975647374411773904, -3.482976265782951873E-15 ) ) ;
#630 = EDGE_LOOP ( 'NONE', ( #778, #2595, #2380, #223 ) ) ;
#631 = ORIENTED_EDGE ( 'NONE', *, *, #4752, .F. ) ;
#632 = DIRECTION ( 'NONE',  ( -3.563761483675500055E-15, -0.000000000000000000, 1.000000000000000000 ) ) ;
#633 = ORIENTED_EDGE ( 'NONE', *, *, #3811, .F. ) ;
#634 =( BOUNDED_CURVE ( )  B_SPLINE_CURVE ( 3, ( #2333, #5186, #3908, #2303 ),
 .UNSPECIFIED., .F., .F. ) 
 B_SPLINE_CURVE_WITH_KNOTS ( ( 4, 4 ),
 ( 5.512866274278620082, 7.053504340080560375 ),
 .UNSPECIFIED. ) 
 CURVE ( )  GEOMETRIC_REPRESENTATION_ITEM ( )  RATIONAL_B_SPLINE_CURVE ( ( 1.000000000000000000, 0.8117923620232501136, 0.8117923620232501136, 1.000000000000000000 ) ) 
 REPRESENTATION_ITEM ( '' )  );
#635 = LINE ( 'NONE', #920, #101 ) ;
#636 = EDGE_CURVE ( 'NONE', #2154, #684, #45, .T. ) ;
#637 = ORIENTED_EDGE ( 'NONE', *, *, #5045, .T. ) ;
#638 = AXIS2_PLACEMENT_3D ( 'NONE', #979, #4158, #2998 ) ;
#639 = CARTESIAN_POINT ( 'NONE',  ( -2.450000000000004174, 0.1795615290467685032, 1.132499999999992291 ) ) ;
#640 = EDGE_LOOP ( 'NONE', ( #3813, #2423, #3135, #3710, #4412, #1714, #2872, #4180, #3513, #1616, #2441, #3615 ) ) ;
#641 = VERTEX_POINT ( 'NONE', #4780 ) ;
#642 = DIRECTION ( 'NONE',  ( 3.491481338843133355E-15, -0.000000000000000000, -1.000000000000000000 ) ) ;
#643 = VERTEX_POINT ( 'NONE', #1166 ) ;
#644 = ORIENTED_EDGE ( 'NONE', *, *, #3133, .F. ) ;
#645 = VECTOR ( 'NONE', #5172, 1000.000000000000000 ) ;
#646 =( NAMED_UNIT ( * ) SI_UNIT ( $, .STERADIAN. ) SOLID_ANGLE_UNIT ( ) );
#647 = CYLINDRICAL_SURFACE ( 'NONE', #747, 0.09999999999999997780 ) ;
#648 = VECTOR ( 'NONE', #55, 1000.000000000000000 ) ;
#649 = FACE_OUTER_BOUND ( 'NONE', #1487, .T. ) ;
#650 = DIRECTION ( 'NONE',  ( 1.000000000000000000, 0.000000000000000000, 4.357562080355903444E-15 ) ) ;
#651 = VERTEX_POINT ( 'NONE', #98 ) ;
#652 = ORIENTED_EDGE ( 'NONE', *, *, #3754, .F. ) ;
#653 = CARTESIAN_POINT ( 'NONE',  ( 2.155778554502607136, 0.01969595508119942329, -0.1674999999999917111 ) ) ;
#654 = DIRECTION ( 'NONE',  ( -0.000000000000000000, -1.000000000000000000, 0.000000000000000000 ) ) ;
#655 = ADVANCED_FACE ( 'NONE', ( #4174 ), #193, .F. ) ;
#656 = CARTESIAN_POINT ( 'NONE',  ( -2.449999999999999734, 0.1795615290467685032, -0.1675000000000078093 ) ) ;
#657 = AXIS2_PLACEMENT_3D ( 'NONE', #1715, #900, #153 ) ;
#658 = VERTEX_POINT ( 'NONE', #1698 ) ;
#659 = DIRECTION ( 'NONE',  ( 1.000000000000000000, 0.000000000000000000, 3.553083735007082256E-15 ) ) ;
#660 = EDGE_LOOP ( 'NONE', ( #4480, #3529, #1047, #4186 ) ) ;
#661 =( NAMED_UNIT ( * ) SI_UNIT ( $, .STERADIAN. ) SOLID_ANGLE_UNIT ( ) );
#662 = FACE_OUTER_BOUND ( 'NONE', #4173, .T. ) ;
#663 = CIRCLE ( 'NONE', #2791, 0.1000000000000000472 ) ;
#664 = LINE ( 'NONE', #4251, #3723 ) ;
#665 = STYLED_ITEM ( 'NONE', ( #304 ), #1136 ) ;
#666 = AXIS2_PLACEMENT_3D ( 'NONE', #2280, #2718, #4255 ) ;
#667 = VECTOR ( 'NONE', #843, 1000.000000000000000 ) ;
#668 = ORIENTED_EDGE ( 'NONE', *, *, #3586, .T. ) ;
#669 = FACE_OUTER_BOUND ( 'NONE', #788, .T. ) ;
#670 = LINE ( 'NONE', #1899, #4980 ) ;
#671 = CIRCLE ( 'NONE', #4548, 0.2795237385026035359 ) ;
#672 = CIRCLE ( 'NONE', #3640, 0.09952373850260348709 ) ;
#673 = ADVANCED_FACE ( 'NONE', ( #4105 ), #1770, .F. ) ;
#674 = EDGE_CURVE ( 'NONE', #2690, #3480, #3127, .T. ) ;
#675 = ORIENTED_EDGE ( 'NONE', *, *, #4250, .T. ) ;
#676 = PLANE ( 'NONE',  #2414 ) ;
#677 = EDGE_LOOP ( 'NONE', ( #4783, #2850, #931, #3043 ) ) ;
#678 = CARTESIAN_POINT ( 'NONE',  ( -1.766236478227169560, 0.4354762614973970436, 0.1674999999999944866 ) ) ;
#679 = EDGE_LOOP ( 'NONE', ( #5060, #3002, #1231, #2446, #5027, #4188, #3490, #4304, #4247, #980, #5004, #4484 ) ) ;
#680 = FILL_AREA_STYLE_COLOUR ( '', #4546 ) ;
#681 = CARTESIAN_POINT ( 'NONE',  ( -1.499999999999996669, 0.7150000000000005240, -1.132500000000004503 ) ) ;
#682 = PLANE ( 'NONE',  #3581 ) ;
#683 = EDGE_LOOP ( 'NONE', ( #2820, #2288, #3454, #3265 ) ) ;
#684 = VERTEX_POINT ( 'NONE', #3308 ) ;
#685 = CARTESIAN_POINT ( 'NONE',  ( -2.168334719776546127, 0.1992574841279680098, -0.4825000000000069234 ) ) ;
#686 = LINE ( 'NONE', #2017, #829 ) ;
#687 = FACE_OUTER_BOUND ( 'NONE', #3219, .T. ) ;
#688 = EDGE_CURVE ( 'NONE', #4885, #2999, #4904, .T. ) ;
#689 = PLANE ( 'NONE',  #1341 ) ;
#690 = EDGE_LOOP ( 'NONE', ( #2604, #2461, #3016, #5075 ) ) ;
#691 =( LENGTH_UNIT ( ) NAMED_UNIT ( * ) SI_UNIT ( .MILLI., .METRE. ) );
#692 = DIRECTION ( 'NONE',  ( 4.336808689942015369E-15, 0.000000000000000000, -1.000000000000000000 ) ) ;
#693 = EDGE_CURVE ( 'NONE', #4751, #4661, #4507, .T. ) ;
#694 = DIRECTION ( 'NONE',  ( 0.000000000000000000, 1.000000000000000000, -0.000000000000000000 ) ) ;
#695 = AXIS2_PLACEMENT_3D ( 'NONE', #3321, #4869, #2880 ) ;
#696 = ORIENTED_EDGE ( 'NONE', *, *, #1460, .F. ) ;
#697 = CARTESIAN_POINT ( 'NONE',  ( 2.175277144828324349, 0.2985387878056247613, -0.8174999999999916778 ) ) ;
#698 = PLANE ( 'NONE',  #3039 ) ;
#699 = CARTESIAN_POINT ( 'NONE',  ( -1.499999999999997780, 0.5350000000000005862, -0.8175000000000044453 ) ) ;
#700 = EDGE_CURVE ( 'NONE', #1003, #3437, #1323, .T. ) ;
#701 = ORIENTED_EDGE ( 'NONE', *, *, #2296, .F. ) ;
#702 = CARTESIAN_POINT ( 'NONE',  ( 1.766236478227166007, 0.4354762614973970436, 0.8175000000000067768 ) ) ;
#703 = DIRECTION ( 'NONE',  ( -1.000000000000000000, 0.000000000000000000, -3.268171560266927386E-15 ) ) ;
#704 = FACE_OUTER_BOUND ( 'NONE', #4649, .T. ) ;
#705 = ORIENTED_EDGE ( 'NONE', *, *, #4022, .F. ) ;
#706 = ADVANCED_FACE ( 'NONE', ( #704 ), #622, .T. ) ;
#707 = EDGE_CURVE ( 'NONE', #3759, #5068, #2657, .T. ) ;
#708 = DIRECTION ( 'NONE',  ( -1.000000000000000000, 0.000000000000000000, -4.357562080355884511E-15 ) ) ;
#709 = ADVANCED_FACE ( 'NONE', ( #5089 ), #2724, .F. ) ;
#710 = EDGE_CURVE ( 'NONE', #2004, #3269, #2312, .T. ) ;
#711 = CARTESIAN_POINT ( 'NONE',  ( 1.500000000000001332, 0.7150000000000005240, -0.1674999999999940148 ) ) ;
#712 = CARTESIAN_POINT ( 'NONE',  ( -1.499988631206591094, 0.5349355243686562122, -1.401507855905380406 ) ) ;
#713 = ORIENTED_EDGE ( 'NONE', *, *, #16, .F. ) ;
#714 = AXIS2_PLACEMENT_3D ( 'NONE', #599, #1055, #4290 ) ;
#715 = EDGE_LOOP ( 'NONE', ( #3485, #2645, #2223, #4535 ) ) ;
#716 = DIRECTION ( 'NONE',  ( -1.000000000000000000, 0.000000000000000000, -3.490873299220221310E-15 ) ) ;
#717 = ORIENTED_EDGE ( 'NONE', *, *, #2503, .F. ) ;
#718 = LINE ( 'NONE', #744, #2570 ) ;
#719 = CYLINDRICAL_SURFACE ( 'NONE', #3893, 0.2795237385026035359 ) ;
#720 = ORIENTED_EDGE ( 'NONE', *, *, #4727, .T. ) ;
#721 = CARTESIAN_POINT ( 'NONE',  ( -0.7124999999999969136, 0.2500000000000006661, -0.8800000000000024469 ) ) ;
#722 = CARTESIAN_POINT ( 'NONE',  ( -1.348204149309518485, 0.9999999999999995559, 1.348204149309508271 ) ) ;
#723 = EDGE_CURVE ( 'NONE', #5080, #2351, #1479, .T. ) ;
#724 = VECTOR ( 'NONE', #4959, 1000.000000000000114 ) ;
#725 = ORIENTED_EDGE ( 'NONE', *, *, #1250, .F. ) ;
#726 = AXIS2_PLACEMENT_3D ( 'NONE', #4719, #1111, #708 ) ;
#727 = LINE ( 'NONE', #3553, #3862 ) ;
#728 = ADVANCED_FACE ( 'NONE', ( #2610 ), #4201, .F. ) ;
#729 = ORIENTED_EDGE ( 'NONE', *, *, #3044, .T. ) ;
#730 = FACE_OUTER_BOUND ( 'NONE', #1255, .T. ) ;
#731 = DIRECTION ( 'NONE',  ( -1.000000000000000000, 0.000000000000000000, -3.490873299220221310E-15 ) ) ;
#732 = EDGE_LOOP ( 'NONE', ( #3473, #548, #4712, #1654 ) ) ;
#733 = DIRECTION ( 'NONE',  ( -0.9975640502598246417, 0.06975647374411932111, -3.482976265782951478E-15 ) ) ;
#734 = DIRECTION ( 'NONE',  ( 1.000000000000000000, 0.000000000000000000, 3.491481338843133355E-15 ) ) ;
#735 = DIRECTION ( 'NONE',  ( -0.9975640502598247528, -0.06975647374411789170, -3.482976265782951873E-15 ) ) ;
#736 = VECTOR ( 'NONE', #2489, 1000.000000000000000 ) ;
#737 = PLANE ( 'NONE',  #4925 ) ;
#738 = ORIENTED_EDGE ( 'NONE', *, *, #1571, .T. ) ;
#739 = ORIENTED_EDGE ( 'NONE', *, *, #2203, .F. ) ;
#740 = CARTESIAN_POINT ( 'NONE',  ( 1.399999999999994138, 0.5350000000000005862, 1.500000000000004219 ) ) ;
#741 = VECTOR ( 'NONE', #654, 1000.000000000000000 ) ;
#742 = LINE ( 'NONE', #3469, #3378 ) ;
#743 = ORIENTED_EDGE ( 'NONE', *, *, #1147, .T. ) ;
#744 = CARTESIAN_POINT ( 'NONE',  ( 2.155778554502609801, 0.01969595508119942329, -0.8174999999999917888 ) ) ;
#745 = DIRECTION ( 'NONE',  ( 0.000000000000000000, -1.000000000000000000, 0.000000000000000000 ) ) ;
#746 = VERTEX_POINT ( 'NONE', #39 ) ;
#747 = AXIS2_PLACEMENT_3D ( 'NONE', #2670, #195, #3406 ) ;
#748 = CYLINDRICAL_SURFACE ( 'NONE', #5049, 0.1000000000000000472 ) ;
#749 = CARTESIAN_POINT ( 'NONE',  ( -1.766236478227171558, 0.4354762614973970436, 0.8174999999999944533 ) ) ;
#750 = ORIENTED_EDGE ( 'NONE', *, *, #486, .T. ) ;
#751 = CARTESIAN_POINT ( 'NONE',  ( -1.404401861300151655, 0.6812869376834118640, 1.404401861300140997 ) ) ;
#752 = AXIS2_PLACEMENT_3D ( 'NONE', #2569, #3786, #3753 ) ;
#753 = VECTOR ( 'NONE', #2403, 1000.000000000000000 ) ;
#754 = LINE ( 'NONE', #2339, #4571 ) ;
#755 = DIRECTION ( 'NONE',  ( 3.614686131171031945E-15, 0.000000000000000000, -1.000000000000000000 ) ) ;
#756 = CARTESIAN_POINT ( 'NONE',  ( 1.500000000000002665, 0.7150000000000005240, -1.499999999999996669 ) ) ;
#757 = DIRECTION ( 'NONE',  ( -3.491481338843133355E-15, 0.000000000000000000, 1.000000000000000000 ) ) ;
#758 = EDGE_LOOP ( 'NONE', ( #3363, #988, #4951, #2617 ) ) ;
#759 = ADVANCED_FACE ( 'NONE', ( #1584 ), #4016, .T. ) ;
#760 = LINE ( 'NONE', #4946, #1691 ) ;
#761 = VECTOR ( 'NONE', #2822, 1000.000000000000000 ) ;
#762 = EDGE_CURVE ( 'NONE', #3251, #3116, #4722, .T. ) ;
#763 = VECTOR ( 'NONE', #2938, 1000.000000000000114 ) ;
#764 = CARTESIAN_POINT ( 'NONE',  ( -1.401005270604410713, 0.5349785077156445912, 1.499996210330386104 ) ) ;
#765 = VERTEX_POINT ( 'NONE', #1157 ) ;
#766 = DIRECTION ( 'NONE',  ( 1.289625861630892189E-15, -0.000000000000000000, -1.000000000000000000 ) ) ;
#767 = ORIENTED_EDGE ( 'NONE', *, *, #3662, .F. ) ;
#768 = DIRECTION ( 'NONE',  ( 0.1736481776669312749, -0.9848077530122079093, 6.062893718482074749E-16 ) ) ;
#769 = CARTESIAN_POINT ( 'NONE',  ( 1.400502642445345503, 0.5349999999999964784, 1.500000000000003331 ) ) ;
#770 = FACE_OUTER_BOUND ( 'NONE', #3482, .T. ) ;
#771 = EDGE_LOOP ( 'NONE', ( #162, #1787, #559, #547, #644, #4242, #3731, #1643, #4942, #631, #2553, #2464 ) ) ;
#772 = CARTESIAN_POINT ( 'NONE',  ( 1.766236478227168227, 0.4354762614973970436, 0.1675000000000068379 ) ) ;
#773 = FACE_OUTER_BOUND ( 'NONE', #3060, .T. ) ;
#774 = VERTEX_POINT ( 'NONE', #3196 ) ;
#775 = CARTESIAN_POINT ( 'NONE',  ( 1.499999999999994227, 0.7150000000000005240, 1.500000000000004441 ) ) ;
#776 = ADVANCED_FACE ( 'NONE', ( #3617 ), #2395, .T. ) ;
#777 = ADVANCED_FACE ( 'NONE', ( #1131 ), #3249, .T. ) ;
#778 = ORIENTED_EDGE ( 'NONE', *, *, #4930, .T. ) ;
#779 = CARTESIAN_POINT ( 'NONE',  ( 1.404401861300148324, 0.6812869376834118640, -1.404401861300142773 ) ) ;
#780 = CARTESIAN_POINT ( 'NONE',  ( 1.499999999999998890, 0.7150000000000005240, 0.4825000000000059797 ) ) ;
#781 = DIRECTION ( 'NONE',  ( 3.491481338843133355E-15, -0.000000000000000000, -1.000000000000000000 ) ) ;
#782 = DIRECTION ( 'NONE',  ( -0.000000000000000000, -1.000000000000000000, 0.000000000000000000 ) ) ;
#783 = DIRECTION ( 'NONE',  ( 0.000000000000000000, -1.000000000000000000, 0.000000000000000000 ) ) ;
#784 = DIRECTION ( 'NONE',  ( 3.491481338843133355E-15, -0.000000000000000000, -1.000000000000000000 ) ) ;
#785 = CARTESIAN_POINT ( 'NONE',  ( -2.175277144828320797, 0.2985387878056247613, -0.1675000000000068379 ) ) ;
#786 = UNCERTAINTY_MEASURE_WITH_UNIT (LENGTH_MEASURE( 1.000000000000000082E-05 ), #5163, 'distance_accuracy_value', 'NONE');
#787 = CLOSED_SHELL ( 'NONE', ( #2739, #3714, #4326, #96, #3515, #3697, #3188, #2603, #218, #1500, #2273, #1444, #1658, #5078, #961, #759, #3618, #1552, #3370, #4276, #3038, #4552, #405, #4108, #1392, #3186, #3889, #706, #3207, #5039, #2756, #3815, #998, #2752, #4046, #1328, #464, #5061, #3518, #4748, #2107, #1367, #1419, #4040, #1867, #453, #3937, #709, #1707, #3958 ) ) ;
#788 = EDGE_LOOP ( 'NONE', ( #120, #4398, #3764, #3149 ) ) ;
#789 = FACE_OUTER_BOUND ( 'NONE', #3424, .T. ) ;
#790 = LINE ( 'NONE', #2290, #1744 ) ;
#791 = CARTESIAN_POINT ( 'NONE',  ( 1.766236478227171558, 0.4354762614973970436, -0.8174999999999930100 ) ) ;
#792 = EDGE_LOOP ( 'NONE', ( #3089, #3964, #3925 ) ) ;
#793 = FACE_OUTER_BOUND ( 'NONE', #3890, .T. ) ;
#794 = VERTEX_POINT ( 'NONE', #4334 ) ;
#795 = LINE ( 'NONE', #2488, #3870 ) ;
#796 = EDGE_CURVE ( 'NONE', #1907, #4551, #2803, .T. ) ;
#797 = DIRECTION ( 'NONE',  ( 3.491481338843133355E-15, -0.000000000000000000, -1.000000000000000000 ) ) ;
#798 = AXIS2_PLACEMENT_3D ( 'NONE', #1431, #1887, #1831 ) ;
#799 = CARTESIAN_POINT ( 'NONE',  ( -1.766236478227169560, 0.5350000000000004752, 0.1674999999999944866 ) ) ;
#800 = CARTESIAN_POINT ( 'NONE',  ( 1.500000000000003553, 0.7150000000000005240, -0.8174999999999940092 ) ) ;
#801 = VERTEX_POINT ( 'NONE', #442 ) ;
#802 = DIRECTION ( 'NONE',  ( 3.491481338843133355E-15, -0.000000000000000000, -1.000000000000000000 ) ) ;
#803 = DIRECTION ( 'NONE',  ( 1.000000000000000000, 0.000000000000000000, 2.840960035351832273E-15 ) ) ;
#804 = ADVANCED_FACE ( 'NONE', ( #2852 ), #1529, .T. ) ;
#805 = ORIENTED_EDGE ( 'NONE', *, *, #4177, .F. ) ;
#806 = FILL_AREA_STYLE_COLOUR ( '', #5042 ) ;
#807 = CARTESIAN_POINT ( 'NONE',  ( -1.499999999999997780, 0.5350000000000005862, -0.8175000000000044453 ) ) ;
#808 = ORIENTED_EDGE ( 'NONE', *, *, #2180, .F. ) ;
#809 = CYLINDRICAL_SURFACE ( 'NONE', #3320, 0.2795237385026035359 ) ;
#810 = DIRECTION ( 'NONE',  ( -0.9848077530122082424, -0.1736481776669291655, -3.438437891990162256E-15 ) ) ;
#811 = ORIENTED_EDGE ( 'NONE', *, *, #3814, .F. ) ;
#812 = VECTOR ( 'NONE', #125, 1000.000000000000114 ) ;
#813 = DIRECTION ( 'NONE',  ( 3.130080614681299464E-15, 0.000000000000000000, -1.000000000000000000 ) ) ;
#814 = CIRCLE ( 'NONE', #1835, 0.09952373850260348709 ) ;
#815 = LINE ( 'NONE', #41, #1495 ) ;
#816 = EDGE_CURVE ( 'NONE', #2749, #2587, #2129, .T. ) ;
#817 = ORIENTED_EDGE ( 'NONE', *, *, #3570, .T. ) ;
#818 = DIRECTION ( 'NONE',  ( 3.491481338843133355E-15, 0.000000000000000000, -1.000000000000000000 ) ) ;
#819 = DIRECTION ( 'NONE',  ( 0.1736481776669312749, -0.9848077530122079093, 6.062893718482074749E-16 ) ) ;
#820 = ORIENTED_EDGE ( 'NONE', *, *, #2503, .T. ) ;
#821 = CARTESIAN_POINT ( 'NONE',  ( 2.155778554502604916, 0.01969595508119942329, 0.4825000000000082556 ) ) ;
#822 = CARTESIAN_POINT ( 'NONE',  ( -1.766236478227171558, 0.4354762614973970436, 0.8174999999999944533 ) ) ;
#823 = LINE ( 'NONE', #1225, #4543 ) ;
#824 = DIRECTION ( 'NONE',  ( -0.000000000000000000, -1.000000000000000000, 0.000000000000000000 ) ) ;
#825 = CARTESIAN_POINT ( 'NONE',  ( 2.168334719776549679, 0.1992574841279675935, -0.4824999999999917133 ) ) ;
#826 = EDGE_LOOP ( 'NONE', ( #2833, #1221, #1572, #293 ) ) ;
#827 = ADVANCED_FACE ( 'NONE', ( #4396 ), #2825, .F. ) ;
#828 = STYLED_ITEM ( 'NONE', ( #2713 ), #1285 ) ;
#829 = VECTOR ( 'NONE', #5203, 1000.000000000000000 ) ;
#830 = FACE_OUTER_BOUND ( 'NONE', #3204, .T. ) ;
#831 = DIRECTION ( 'NONE',  ( -3.491481338843133355E-15, 0.000000000000000000, 1.000000000000000000 ) ) ;
#832 = EDGE_CURVE ( 'NONE', #774, #2365, #519, .T. ) ;
#833 = ORIENTED_EDGE ( 'NONE', *, *, #3980, .F. ) ;
#834 = CARTESIAN_POINT ( 'NONE',  ( 1.446684924610728284, 1.017364817766692742, 1.432114112427245178 ) ) ;
#835 = CARTESIAN_POINT ( 'NONE',  ( 1.864248227513288336, 0.4527583773229743036, 1.132500000000007168 ) ) ;
#836 = CARTESIAN_POINT ( 'NONE',  ( -1.316588683777442315, 0.05333496734249168481, 1.415069459078652558 ) ) ;
#837 = DIRECTION ( 'NONE',  ( 0.000000000000000000, 1.000000000000000000, 0.000000000000000000 ) ) ;
#838 = AXIS2_PLACEMENT_3D ( 'NONE', #1838, #659, #2955 ) ;
#839 = CARTESIAN_POINT ( 'NONE',  ( 0.7124999999999970246, 2.514558455858448838, 0.8800000000000026690 ) ) ;
#840 = VERTEX_POINT ( 'NONE', #3932 ) ;
#841 = DIRECTION ( 'NONE',  ( -0.1736481776669291655, 0.9848077530122082424, -6.062893718482001780E-16 ) ) ;
#842 = ADVANCED_FACE ( 'NONE', ( #5169 ), #1557, .T. ) ;
#843 = DIRECTION ( 'NONE',  ( 3.491481338843133355E-15, -0.000000000000000000, -1.000000000000000000 ) ) ;
#844 = EDGE_CURVE ( 'NONE', #2365, #1193, #3591, .T. ) ;
#845 = VECTOR ( 'NONE', #3395, 1000.000000000000000 ) ;
#846 = DIRECTION ( 'NONE',  ( 3.491481338843133355E-15, 0.000000000000000000, -1.000000000000000000 ) ) ;
#847 = VERTEX_POINT ( 'NONE', #872 ) ;
#848 = CYLINDRICAL_SURFACE ( 'NONE', #1829, 0.09952373850260348709 ) ;
#849 = CARTESIAN_POINT ( 'NONE',  ( 0.7124999999999970246, 0.2500000000000006661, 0.8800000000000026690 ) ) ;
#850 = CIRCLE ( 'NONE', #3722, 0.1249999999999996808 ) ;
#851 = ORIENTED_EDGE ( 'NONE', *, *, #762, .F. ) ;
#852 = DIRECTION ( 'NONE',  ( 0.1736481776669312749, -0.9848077530122079093, 6.062893718482074749E-16 ) ) ;
#853 = CIRCLE ( 'NONE', #1014, 0.09999999999999997780 ) ;
#854 = VECTOR ( 'NONE', #2465, 1000.000000000000114 ) ;
#855 =( NAMED_UNIT ( * ) PLANE_ANGLE_UNIT ( ) SI_UNIT ( $, .RADIAN. ) );
#856 = DIRECTION ( 'NONE',  ( 1.000000000000000000, 0.000000000000000000, 3.491481338843133355E-15 ) ) ;
#857 = EDGE_CURVE ( 'NONE', #3927, #3807, #2881, .T. ) ;
#858 = LINE ( 'NONE', #4325, #3541 ) ;
#859 = VECTOR ( 'NONE', #1026, 1000.000000000000000 ) ;
#860 = CIRCLE ( 'NONE', #3804, 0.09999999999999997780 ) ;
#861 = DIRECTION ( 'NONE',  ( 3.491481338843133355E-15, -0.000000000000000000, -1.000000000000000000 ) ) ;
#862 = ORIENTED_EDGE ( 'NONE', *, *, #3590, .F. ) ;
#863 = DIRECTION ( 'NONE',  ( 1.000000000000000000, 0.000000000000000000, 3.491481338843133355E-15 ) ) ;
#864 = ORIENTED_EDGE ( 'NONE', *, *, #4274, .F. ) ;
#865 = EDGE_CURVE ( 'NONE', #536, #2776, #4075, .T. ) ;
#866 = LINE ( 'NONE', #4568, #2523 ) ;
#867 = EDGE_LOOP ( 'NONE', ( #4960, #4301, #1961, #3019 ) ) ;
#868 = EDGE_CURVE ( 'NONE', #651, #1386, #61, .T. ) ;
#869 = CARTESIAN_POINT ( 'NONE',  ( -1.500000000000002442, 0.7150000000000005240, 0.4824999999999954881 ) ) ;
#870 = PLANE ( 'NONE',  #3120 ) ;
#871 = FACE_OUTER_BOUND ( 'NONE', #143, .T. ) ;
#872 = CARTESIAN_POINT ( 'NONE',  ( 1.399999999999994138, 0.5350000000000005862, 1.500000000000004219 ) ) ;
#873 = DIRECTION ( 'NONE',  ( 3.491481338843133355E-15, 0.000000000000000000, -1.000000000000000000 ) ) ;
#874 =( NAMED_UNIT ( * ) SI_UNIT ( $, .STERADIAN. ) SOLID_ANGLE_UNIT ( ) );
#875 = ORIENTED_EDGE ( 'NONE', *, *, #3909, .T. ) ;
#876 = CARTESIAN_POINT ( 'NONE',  ( -0.7124999999999969136, 0.2500000000000004996, -0.8800000000000024469 ) ) ;
#877 = EDGE_CURVE ( 'NONE', #2690, #2589, #2479, .T. ) ;
#878 = CARTESIAN_POINT ( 'NONE',  ( 1.766236478227168227, 0.5350000000000004752, 0.1675000000000068379 ) ) ;
#879 = CLOSED_SHELL ( 'NONE', ( #294, #3935, #842, #4563 ) ) ;
#880 = EDGE_LOOP ( 'NONE', ( #3302, #328, #4335, #2473 ) ) ;
#881 = DIRECTION ( 'NONE',  ( -2.168404344971008868E-15, -1.000000000000000000, 0.000000000000000000 ) ) ;
#882 = EDGE_CURVE ( 'NONE', #684, #3836, #4643, .T. ) ;
#883 = DIRECTION ( 'NONE',  ( -1.000000000000000000, 0.000000000000000000, -3.614686131171031945E-15 ) ) ;
#884 = ORIENTED_EDGE ( 'NONE', *, *, #4155, .T. ) ;
#886 = VECTOR ( 'NONE', #5106, 1000.000000000000000 ) ;
#885 = DIRECTION ( 'NONE',  ( 3.491481338843133355E-15, -0.000000000000000000, -1.000000000000000000 ) ) ;
#887 = ADVANCED_FACE ( 'NONE', ( #4240 ), #3918, .F. ) ;
#888 = EDGE_CURVE ( 'NONE', #938, #5171, #1456, .T. ) ;
#889 = DIRECTION ( 'NONE',  ( 0.1710878697460363473, 0.9702875252478136980, -0.1710878697460352926 ) ) ;
#890 = EDGE_CURVE ( 'NONE', #4259, #930, #4288, .T. ) ;
#891 = PRESENTATION_LAYER_ASSIGNMENT (  '', '', ( #4069 ) ) ;
#892 = LINE ( 'NONE', #509, #5181 ) ;
#893 = DIRECTION ( 'NONE',  ( 3.491481338843133355E-15, -0.000000000000000000, -1.000000000000000000 ) ) ;
#894 = ORIENTED_EDGE ( 'NONE', *, *, #2044, .F. ) ;
#895 = DIRECTION ( 'NONE',  ( 1.000000000000000000, 0.000000000000000000, 3.268171560266913581E-15 ) ) ;
#896 = ORIENTED_EDGE ( 'NONE', *, *, #1397, .F. ) ;
#897 = SURFACE_STYLE_USAGE ( .BOTH. , #2156 ) ;
#898 = DIRECTION ( 'NONE',  ( 2.168404344971007685E-15, 1.000000000000000000, 0.000000000000000000 ) ) ;
#899 = ORIENTED_EDGE ( 'NONE', *, *, #5113, .F. ) ;
#900 = DIRECTION ( 'NONE',  ( 0.06975647374411818313, -0.9975640502598247528, 2.435534263410895792E-16 ) ) ;
#901 = EDGE_CURVE ( 'NONE', #600, #2564, #270, .T. ) ;
#902 = CARTESIAN_POINT ( 'NONE',  ( 1.458688739809633539, 0.5300451589536770980, -1.499126327838407935 ) ) ;
#903 = DIRECTION ( 'NONE',  ( 3.491481338843133355E-15, -0.000000000000000000, -1.000000000000000000 ) ) ;
#904 = VECTOR ( 'NONE', #1406, 1000.000000000000114 ) ;
#905 = ORIENTED_EDGE ( 'NONE', *, *, #369, .T. ) ;
#906 = CARTESIAN_POINT ( 'NONE',  ( 1.864248227513291667, 0.4527583773229743036, 0.1675000000000071709 ) ) ;
#907 = ORIENTED_EDGE ( 'NONE', *, *, #3036, .F. ) ;
#908 = DIRECTION ( 'NONE',  ( -1.000000000000000000, 0.000000000000000000, -3.491481338843133355E-15 ) ) ;
#909 = DIRECTION ( 'NONE',  ( 0.000000000000000000, 1.000000000000000000, 0.000000000000000000 ) ) ;
#910 = PRESENTATION_STYLE_ASSIGNMENT (( #2923 ) ) ;
#911 = CIRCLE ( 'NONE', #3428, 0.2795237385026033139 ) ;
#912 = CARTESIAN_POINT ( 'NONE',  ( 2.041513623055490001, 0.4840150493030218048, -0.1674999999999921274 ) ) ;
#913 = VERTEX_POINT ( 'NONE', #1113 ) ;
#914 = CYLINDRICAL_SURFACE ( 'NONE', #1997, 0.09999999999999997780 ) ;
#915 = ORIENTED_EDGE ( 'NONE', *, *, #2586, .F. ) ;
#916 = FACE_OUTER_BOUND ( 'NONE', #3029, .T. ) ;
#917 = FACE_OUTER_BOUND ( 'NONE', #493, .T. ) ;
#918 = ADVANCED_FACE ( 'NONE', ( #3064 ), #1430, .F. ) ;
#919 = ORIENTED_EDGE ( 'NONE', *, *, #2105, .F. ) ;
#920 = CARTESIAN_POINT ( 'NONE',  ( 1.864248227513290557, 0.4527583773229743036, 0.4825000000000072564 ) ) ;
#921 = CARTESIAN_POINT ( 'NONE',  ( 1.864248227513292999, 0.4527583773229743036, -0.1674999999999927380 ) ) ;
#922 =( NAMED_UNIT ( * ) PLANE_ANGLE_UNIT ( ) SI_UNIT ( $, .RADIAN. ) );
#923 = ORIENTED_EDGE ( 'NONE', *, *, #1718, .F. ) ;
#924 = DIRECTION ( 'NONE',  ( -0.1710878697460363473, 0.9702875252478136980, 0.1710878697460352926 ) ) ;
#925 = DIRECTION ( 'NONE',  ( 3.491481338843133355E-15, -0.000000000000000000, -1.000000000000000000 ) ) ;
#926 = ADVANCED_FACE ( 'NONE', ( #2728 ), #2643, .F. ) ;
#927 = PLANE ( 'NONE',  #2120 ) ;
#928 = VECTOR ( 'NONE', #3575, 1000.000000000000000 ) ;
#929 = EDGE_CURVE ( 'NONE', #4921, #2069, #2316, .T. ) ;
#930 = VERTEX_POINT ( 'NONE', #216 ) ;
#931 = ORIENTED_EDGE ( 'NONE', *, *, #1996, .F. ) ;
#932 = EDGE_CURVE ( 'NONE', #4192, #2207, #1403, .T. ) ;
#933 = CARTESIAN_POINT ( 'NONE',  ( -1.500000000000005773, 0.5350000000000005862, 1.399999999999994804 ) ) ;
#934 = VECTOR ( 'NONE', #2451, 1000.000000000000227 ) ;
#935 = CARTESIAN_POINT ( 'NONE',  ( 2.041513623055487781, 0.4840150493030217493, 0.4825000000000078115 ) ) ;
#936 = VECTOR ( 'NONE', #768, 1000.000000000000114 ) ;
#937 = FACE_OUTER_BOUND ( 'NONE', #2283, .T. ) ;
#938 = VERTEX_POINT ( 'NONE', #3087 ) ;
#939 = CYLINDRICAL_SURFACE ( 'NONE', #86, 0.09952373850260391730 ) ;
#940 = CIRCLE ( 'NONE', #2458, 0.1000000000000000472 ) ;
#941 = VECTOR ( 'NONE', #4736, 1000.000000000000000 ) ;
#942 = ORIENTED_EDGE ( 'NONE', *, *, #3355, .T. ) ;
#943 = EDGE_CURVE ( 'NONE', #1901, #2207, #1078, .T. ) ;
#944 = DIRECTION ( 'NONE',  ( -1.000000000000000000, 0.000000000000000000, -3.490873299220221310E-15 ) ) ;
#945 = EDGE_CURVE ( 'NONE', #1769, #2373, #245, .T. ) ;
#946 = LINE ( 'NONE', #1017, #260 ) ;
#947 = VERTEX_POINT ( 'NONE', #2291 ) ;
#948 = FACE_OUTER_BOUND ( 'NONE', #527, .T. ) ;
#949 = LINE ( 'NONE', #4148, #3636 ) ;
#950 = DIRECTION ( 'NONE',  ( 3.491481338843133355E-15, -0.000000000000000000, -1.000000000000000000 ) ) ;
#951 = CARTESIAN_POINT ( 'NONE',  ( 0.7125000000000031308, 2.514558455858448838, -0.8799999999999974509 ) ) ;
#952 = EDGE_LOOP ( 'NONE', ( #4845, #2385, #2665 ) ) ;
#953 = VERTEX_POINT ( 'NONE', #1830 ) ;
#954 = EDGE_CURVE ( 'NONE', #2788, #3090, #1853, .T. ) ;
#955 = DIRECTION ( 'NONE',  ( -1.000000000000000000, 4.072327652863561712E-16, -3.491481338843133355E-15 ) ) ;
#956 = CIRCLE ( 'NONE', #1631, 0.09952373850260391730 ) ;
#957 = DIRECTION ( 'NONE',  ( -0.000000000000000000, -1.000000000000000000, 0.000000000000000000 ) ) ;
#958 = ORIENTED_EDGE ( 'NONE', *, *, #4274, .T. ) ;
#959 = PLANE ( 'NONE',  #638 ) ;
#960 = ORIENTED_EDGE ( 'NONE', *, *, #1650, .T. ) ;
#961 = ADVANCED_FACE ( 'NONE', ( #2673, #649 ), #2262, .T. ) ;
#962 = ORIENTED_EDGE ( 'NONE', *, *, #94, .F. ) ;
#963 = ORIENTED_EDGE ( 'NONE', *, *, #3271, .T. ) ;
#964 = CARTESIAN_POINT ( 'NONE',  ( -1.415069459078653002, 0.05333496734249185134, -1.316588683777441648 ) ) ;
#965 = VECTOR ( 'NONE', #2075, 1000.000000000000114 ) ;
#966 = FACE_OUTER_BOUND ( 'NONE', #4134, .T. ) ;
#967 = ORIENTED_EDGE ( 'NONE', *, *, #816, .F. ) ;
#968 = LINE ( 'NONE', #1368, #2024 ) ;
#969 = CYLINDRICAL_SURFACE ( 'NONE', #4807, 0.09999999999999997780 ) ;
#970 = CARTESIAN_POINT ( 'NONE',  ( -1.348204149309508715, 0.2500000000000004996, -1.348204149309518263 ) ) ;
#971 = CARTESIAN_POINT ( 'NONE',  ( -1.864248227513296108, 0.4527583773229743036, 1.132499999999994289 ) ) ;
#972 = LINE ( 'NONE', #157, #1915 ) ;
#973 = ORIENTED_EDGE ( 'NONE', *, *, #2817, .T. ) ;
#974 = ORIENTED_EDGE ( 'NONE', *, *, #674, .T. ) ;
#975 = CARTESIAN_POINT ( 'NONE',  ( 1.348204149309515376, 0.9999999999999995559, -1.348204149309510269 ) ) ;
#976 = EDGE_CURVE ( 'NONE', #2629, #3777, #3022, .T. ) ;
#977 = LINE ( 'NONE', #3434, #1389 ) ;
#978 = ORIENTED_EDGE ( 'NONE', *, *, #3203, .F. ) ;
#979 = CARTESIAN_POINT ( 'NONE',  ( 0.7125000000000031308, 0.2500000000000004996, -0.8799999999999974509 ) ) ;
#980 = ORIENTED_EDGE ( 'NONE', *, *, #3909, .F. ) ;
#981 = DIRECTION ( 'NONE',  ( -1.000000000000000000, 0.000000000000000000, -3.491481338843133355E-15 ) ) ;
#982 = VECTOR ( 'NONE', #2235, 1000.000000000000114 ) ;
#983 = VERTEX_POINT ( 'NONE', #3114 ) ;
#984 = EDGE_CURVE ( 'NONE', #213, #159, #3057, .T. ) ;
#985 = EDGE_LOOP ( 'NONE', ( #2619, #973, #3648, #2158, #1837, #271 ) ) ;
#986 =( NAMED_UNIT ( * ) SI_UNIT ( $, .STERADIAN. ) SOLID_ANGLE_UNIT ( ) );
#987 = CARTESIAN_POINT ( 'NONE',  ( -1.124999999999996669, 1.099999999999999645, -1.000000000000005551 ) ) ;
#988 = ORIENTED_EDGE ( 'NONE', *, *, #2230, .F. ) ;
#989 = DIRECTION ( 'NONE',  ( 3.491481338843133355E-15, -0.000000000000000000, -1.000000000000000000 ) ) ;
#990 = DIRECTION ( 'NONE',  ( -0.06975647374411789170, 0.9975640502598247528, -2.435534263410885439E-16 ) ) ;
#991 = VECTOR ( 'NONE', #1512, 1000.000000000000000 ) ;
#992 = VERTEX_POINT ( 'NONE', #4258 ) ;
#993 = CARTESIAN_POINT ( 'NONE',  ( -1.400502642445346391, 0.7150000000000008571, -1.500000000000005551 ) ) ;
#994 = VECTOR ( 'NONE', #1709, 1000.000000000000000 ) ;
#995 = ORIENTED_EDGE ( 'NONE', *, *, #4121, .F. ) ;
#996 = ORIENTED_EDGE ( 'NONE', *, *, #2418, .T. ) ;
#997 = CARTESIAN_POINT ( 'NONE',  ( 1.864248227513288336, 0.4527583773229743036, 1.132500000000007168 ) ) ;
#998 = ADVANCED_FACE ( 'NONE', ( #4199 ), #3865, .T. ) ;
#999 = EDGE_CURVE ( 'NONE', #4390, #177, #4714, .T. ) ;
#1000 = CARTESIAN_POINT ( 'NONE',  ( -0.8749999999999973355, 1.099999999999999645, -1.000000000000004885 ) ) ;
#1001 = DIRECTION ( 'NONE',  ( -0.000000000000000000, -1.000000000000000000, 0.000000000000000000 ) ) ;
#1002 = DIRECTION ( 'NONE',  ( 3.491481338843133355E-15, -0.000000000000000000, -1.000000000000000000 ) ) ;
#1003 = VERTEX_POINT ( 'NONE', #3101 ) ;
#1004 = CIRCLE ( 'NONE', #169, 0.09952373850260348709 ) ;
#1005 = VERTEX_POINT ( 'NONE', #4999 ) ;
#1006 = EDGE_CURVE ( 'NONE', #2004, #1756, #4493, .T. ) ;
#1007 = CARTESIAN_POINT ( 'NONE',  ( 1.500000000000002442, 0.7150000000000005240, -0.4824999999999940448 ) ) ;
#1008 = EDGE_CURVE ( 'NONE', #3116, #4376, #1446, .T. ) ;
#1009 = VECTOR ( 'NONE', #421, 1000.000000000000000 ) ;
#1010 = EDGE_LOOP ( 'NONE', ( #3182, #1074, #4728, #2766 ) ) ;
#1011 = EDGE_CURVE ( 'NONE', #1497, #5201, #4682, .T. ) ;
#1012 = ORIENTED_EDGE ( 'NONE', *, *, #5092, .T. ) ;
#1013 = CIRCLE ( 'NONE', #3945, 0.2795237385026035359 ) ;
#1014 = AXIS2_PLACEMENT_3D ( 'NONE', #2325, #333, #1947 ) ;
#1015 = DIRECTION ( 'NONE',  ( -0.9975640502598247528, -0.06975647374411789170, -3.482976265782951873E-15 ) ) ;
#1016 = CARTESIAN_POINT ( 'NONE',  ( -1.499999999999995337, 0.7150000000000005240, -1.500000000000005995 ) ) ;
#1017 = CARTESIAN_POINT ( 'NONE',  ( -1.766236478227168227, 0.7150000000000004130, -0.1675000000000054223 ) ) ;
#1018 = EDGE_LOOP ( 'NONE', ( #808, #4779, #1661, #4801 ) ) ;
#1019 = CARTESIAN_POINT ( 'NONE',  ( -2.450000000000001954, 0.1795615290467685032, 0.4824999999999921574 ) ) ;
#1020 = DIRECTION ( 'NONE',  ( -0.9975640502598247528, -0.06975647374411789170, -3.482976265782951873E-15 ) ) ;
#1021 = VECTOR ( 'NONE', #5066, 1000.000000000000000 ) ;
#1022 = CARTESIAN_POINT ( 'NONE',  ( -2.041513623055492666, 0.4840150493030218048, 0.8174999999999934541 ) ) ;
#1023 = VERTEX_POINT ( 'NONE', #1019 ) ;
#1024 = CARTESIAN_POINT ( 'NONE',  ( -1.766236478227172668, 0.5350000000000004752, 1.132499999999994511 ) ) ;
#1025 = ORIENTED_EDGE ( 'NONE', *, *, #1660, .F. ) ;
#1026 = DIRECTION ( 'NONE',  ( 3.491481338843133355E-15, -0.000000000000000000, -1.000000000000000000 ) ) ;
#1027 = ORIENTED_EDGE ( 'NONE', *, *, #4176, .T. ) ;
#1028 = FILL_AREA_STYLE ('',( #680 ) ) ;
#1029 = DIRECTION ( 'NONE',  ( 0.1710878697460352094, 0.9702875252478136980, 0.1710878697460364029 ) ) ;
#1030 = CARTESIAN_POINT ( 'NONE',  ( 2.449999999999997513, 0.1795615290467681424, 0.8175000000000092193 ) ) ;
#1031 = CARTESIAN_POINT ( 'NONE',  ( -2.041513623055487781, 0.4840150493030218048, -0.4825000000000064238 ) ) ;
#1032 = CARTESIAN_POINT ( 'NONE',  ( 1.500000000000003553, 0.5350000000000005862, -0.8174999999999940092 ) ) ;
#1033 = ORIENTED_EDGE ( 'NONE', *, *, #932, .F. ) ;
#1034 =( BOUNDED_CURVE ( )  B_SPLINE_CURVE ( 3, ( #441, #1554, #4365, #2823 ),
 .UNSPECIFIED., .F., .T. ) 
 B_SPLINE_CURVE_WITH_KNOTS ( ( 4, 4 ),
 ( 6.268106176683102326, 6.283185307179586232 ),
 .UNSPECIFIED. ) 
 CURVE ( )  GEOMETRIC_REPRESENTATION_ITEM ( )  RATIONAL_B_SPLINE_CURVE ( ( 1.000000000000000000, 0.9999810517417155875, 0.9999810517417155875, 1.000000000000000000 ) ) 
 REPRESENTATION_ITEM ( '' )  );
#1035 = ORIENTED_EDGE ( 'NONE', *, *, #1401, .T. ) ;
#1036 = CARTESIAN_POINT ( 'NONE',  ( -2.155778554502608468, 0.01969595508119936778, 0.4824999999999932121 ) ) ;
#1037 = ORIENTED_EDGE ( 'NONE', *, *, #5063, .T. ) ;
#1038 = DIRECTION ( 'NONE',  ( 3.491481338843133355E-15, -0.000000000000000000, -1.000000000000000000 ) ) ;
#1039 = AXIS2_PLACEMENT_3D ( 'NONE', #466, #492, #540 ) ;
#1040 = VERTEX_POINT ( 'NONE', #4631 ) ;
#1041 = COLOUR_RGB ( '',0.8000000000000000444, 0.8078431372549019773, 0.8000000000000000444 ) ;
#1042 = ORIENTED_EDGE ( 'NONE', *, *, #3398, .F. ) ;
#1043 = LINE ( 'NONE', #3501, #886 ) ;
#1044 = CARTESIAN_POINT ( 'NONE',  ( 1.864248227513288336, 0.4527583773229743036, 1.132500000000007168 ) ) ;
#1045 = VECTOR ( 'NONE', #4265, 1000.000000000000000 ) ;
#1046 = ORIENTED_EDGE ( 'NONE', *, *, #868, .T. ) ;
#1047 = ORIENTED_EDGE ( 'NONE', *, *, #4208, .F. ) ;
#1048 = CARTESIAN_POINT ( 'NONE',  ( -1.458688739809625767, 0.5300451589536753216, -1.499126327838416817 ) ) ;
#1049 = CARTESIAN_POINT ( 'NONE',  ( -1.499999999999995337, 0.7150000000000005240, -1.500000000000005995 ) ) ;
#1050 = ORIENTED_EDGE ( 'NONE', *, *, #4758, .T. ) ;
#1051 = CARTESIAN_POINT ( 'NONE',  ( -2.175277144828318576, 0.2985387878056247613, -0.8175000000000067768 ) ) ;
#1052 = DIRECTION ( 'NONE',  ( 0.1710878697460354592, -0.9702875252478139201, 0.1710878697460366804 ) ) ;
#1053 = CARTESIAN_POINT ( 'NONE',  ( 1.500000000000004663, 0.5350000000000005862, -1.132499999999994289 ) ) ;
#1054 = DIRECTION ( 'NONE',  ( 0.9848077530122079093, -0.1736481776669311639, 3.438437891990161467E-15 ) ) ;
#1055 = DIRECTION ( 'NONE',  ( 0.9848077530122079093, 0.1736481776669313026, 3.438437891990161861E-15 ) ) ;
#1056 = ORIENTED_EDGE ( 'NONE', *, *, #4825, .T. ) ;
#1057 = ORIENTED_EDGE ( 'NONE', *, *, #3045, .T. ) ;
#1058 = CARTESIAN_POINT ( 'NONE',  ( -0.7124999999999969136, 0.2500000000000004996, -0.8800000000000024469 ) ) ;
#1059 = ORIENTED_EDGE ( 'NONE', *, *, #1211, .F. ) ;
#1060 = ORIENTED_EDGE ( 'NONE', *, *, #2252, .T. ) ;
#1061 = PLANE ( 'NONE',  #1128 ) ;
#1062 = EDGE_CURVE ( 'NONE', #2926, #3517, #5023, .T. ) ;
#1063 = CARTESIAN_POINT ( 'NONE',  ( -2.155778554502604916, 0.01969595508119942329, -0.4825000000000068678 ) ) ;
#1064 = ADVANCED_FACE ( 'NONE', ( #4709 ), #2661, .T. ) ;
#1065 = CARTESIAN_POINT ( 'NONE',  ( 1.499999999999998890, 0.7150000000000005240, 0.4825000000000059797 ) ) ;
#1066 = ORIENTED_EDGE ( 'NONE', *, *, #164, .F. ) ;
#1067 = CARTESIAN_POINT ( 'NONE',  ( 1.348204149309515154, 0.1500000000000004940, -1.348204149309509825 ) ) ;
#1068 = CARTESIAN_POINT ( 'NONE',  ( -2.155778554502602695, 0.01969595508119936778, -1.132500000000006946 ) ) ;
#1069 = VERTEX_POINT ( 'NONE', #3030 ) ;
#1070 = FACE_OUTER_BOUND ( 'NONE', #3463, .T. ) ;
#1071 = CARTESIAN_POINT ( 'NONE',  ( -1.432114112427246733, 1.017364817766692742, 1.446684924610728951 ) ) ;
#1072 = ORIENTED_EDGE ( 'NONE', *, *, #3023, .T. ) ;
#1073 = PLANE ( 'NONE',  #1783 ) ;
#1074 = ORIENTED_EDGE ( 'NONE', *, *, #3818, .F. ) ;
#1075 =( GEOMETRIC_REPRESENTATION_CONTEXT ( 3 ) GLOBAL_UNCERTAINTY_ASSIGNED_CONTEXT ( ( #3108 ) ) GLOBAL_UNIT_ASSIGNED_CONTEXT ( ( #691, #855, #426 ) ) REPRESENTATION_CONTEXT ( 'NONE', 'WORKASPACE' ) );
#1076 = EDGE_CURVE ( 'NONE', #4544, #1863, #1043, .T. ) ;
#1077 = VECTOR ( 'NONE', #981, 1000.000000000000000 ) ;
#1078 = LINE ( 'NONE', #2614, #3444 ) ;
#1079 = DIRECTION ( 'NONE',  ( 1.000000000000000000, -0.000000000000000000, 3.202360759513665375E-15 ) ) ;
#1080 = VERTEX_POINT ( 'NONE', #2717 ) ;
#1081 = ORIENTED_EDGE ( 'NONE', *, *, #1008, .T. ) ;
#1082 = CARTESIAN_POINT ( 'NONE',  ( -1.864248227513291667, 0.4527583773229743036, -0.1675000000000057554 ) ) ;
#1083 = AXIS2_PLACEMENT_3D ( 'NONE', #1217, #4050, #2806 ) ;
#1084 = ORIENTED_EDGE ( 'NONE', *, *, #2551, .F. ) ;
#1085 = VECTOR ( 'NONE', #4170, 1000.000000000000000 ) ;
#1086 = FACE_OUTER_BOUND ( 'NONE', #4966, .T. ) ;
#1087 = EDGE_LOOP ( 'NONE', ( #2368, #811, #3389, #4384 ) ) ;
#1088 = ADVANCED_FACE ( 'NONE', ( #4228 ), #4302, .F. ) ;
#1089 = FILL_AREA_STYLE ('',( #4882 ) ) ;
#1090 = LINE ( 'NONE', #4300, #341 ) ;
#1091 = VECTOR ( 'NONE', #4330, 1000.000000000000000 ) ;
#1092 = PRESENTATION_LAYER_ASSIGNMENT (  '', '', ( #3376 ) ) ;
#1093 = EDGE_CURVE ( 'NONE', #3604, #4927, #2306, .T. ) ;
#1094 = CIRCLE ( 'NONE', #2111, 0.1000000000000000472 ) ;
#1095 = COLOUR_RGB ( '',0.8000000000000000444, 0.8078431372549019773, 0.8000000000000000444 ) ;
#1096 = ADVANCED_FACE ( 'NONE', ( #2232 ), #4391, .F. ) ;
#1097 = EDGE_CURVE ( 'NONE', #3356, #2957, #1209, .T. ) ;
#1098 = ORIENTED_EDGE ( 'NONE', *, *, #1938, .F. ) ;
#1099 = CARTESIAN_POINT ( 'NONE',  ( 1.766236478227164897, 0.7150000000000005240, 1.132500000000006724 ) ) ;
#1100 = EDGE_CURVE ( 'NONE', #4540, #983, #1236, .T. ) ;
#1101 = LINE ( 'NONE', #2662, #4285 ) ;
#1102 = DIRECTION ( 'NONE',  ( 0.06975647374411789170, 0.9975640502598247528, 2.435534263410885439E-16 ) ) ;
#1103 = VECTOR ( 'NONE', #2137, 1000.000000000000000 ) ;
#1104 = VECTOR ( 'NONE', #2087, 1000.000000000000114 ) ;
#1105 = ORIENTED_EDGE ( 'NONE', *, *, #2251, .T. ) ;
#1106 = LINE ( 'NONE', #4713, #481 ) ;
#1107 = CARTESIAN_POINT ( 'NONE',  ( -1.864248227513289446, 0.4527583773229743036, -0.8175000000000056666 ) ) ;
#1108 = CARTESIAN_POINT ( 'NONE',  ( -1.404401861300141441, 0.6812869376834118640, -1.404401861300151655 ) ) ;
#1109 = PRODUCT_DEFINITION_CONTEXT ( 'detailed design', #1882, 'design' ) ;
#1110 = ORIENTED_EDGE ( 'NONE', *, *, #2586, .T. ) ;
#1111 = DIRECTION ( 'NONE',  ( 3.491481338843133355E-15, -0.000000000000000000, -1.000000000000000000 ) ) ;
#1112 =( GEOMETRIC_REPRESENTATION_CONTEXT ( 3 ) GLOBAL_UNCERTAINTY_ASSIGNED_CONTEXT ( ( #1158 ) ) GLOBAL_UNIT_ASSIGNED_CONTEXT ( ( #281, #521, #2138 ) ) REPRESENTATION_CONTEXT ( 'NONE', 'WORKASPACE' ) );
#1113 = CARTESIAN_POINT ( 'NONE',  ( 2.155778554502607136, 0.01969595508119942329, -0.1674999999999917111 ) ) ;
#1114 = CARTESIAN_POINT ( 'NONE',  ( -1.499999999999995337, 0.5350000000000004752, -1.400502642445357271 ) ) ;
#1115 = ORIENTED_EDGE ( 'NONE', *, *, #4660, .F. ) ;
#1116 = EDGE_CURVE ( 'NONE', #2508, #1839, #3199, .T. ) ;
#1117 = EDGE_LOOP ( 'NONE', ( #5147, #3197, #4342 ) ) ;
#1118 = CARTESIAN_POINT ( 'NONE',  ( 1.766236478227164897, 0.7150000000000005240, 1.132500000000006724 ) ) ;
#1119 = DIRECTION ( 'NONE',  ( 3.491481338843133355E-15, -0.000000000000000000, -1.000000000000000000 ) ) ;
#1120 = MANIFOLD_SOLID_BREP ( 'Body-Move/Copy1[4]', #4490 ) ;
#1121 = CARTESIAN_POINT ( 'NONE',  ( -1.500000000000004663, 0.5350000000000005862, 1.132499999999995399 ) ) ;
#1122 = ORIENTED_EDGE ( 'NONE', *, *, #5007, .T. ) ;
#1123 = LINE ( 'NONE', #479, #403 ) ;
#1124 = CARTESIAN_POINT ( 'NONE',  ( 1.500000000000001332, 0.5350000000000005862, -0.1674999999999940148 ) ) ;
#1125 = EDGE_CURVE ( 'NONE', #613, #4259, #34, .T. ) ;
#1126 = DIRECTION ( 'NONE',  ( -4.336808689942016158E-15, 0.000000000000000000, 1.000000000000000000 ) ) ;
#1127 = ORIENTED_EDGE ( 'NONE', *, *, #929, .T. ) ;
#1128 = AXIS2_PLACEMENT_3D ( 'NONE', #3791, #5047, #3497 ) ;
#1129 = DIRECTION ( 'NONE',  ( -0.9848077530122079093, 0.1736481776669313026, -3.438437891990161861E-15 ) ) ;
#1130 = PLANE ( 'NONE',  #3268 ) ;
#1131 = FACE_OUTER_BOUND ( 'NONE', #1361, .T. ) ;
#1132 = CARTESIAN_POINT ( 'NONE',  ( -1.500000000000000000, 0.7150000000000005240, -0.1675000000000044786 ) ) ;
#1133 = ORIENTED_EDGE ( 'NONE', *, *, #1006, .T. ) ;
#1134 = DIRECTION ( 'NONE',  ( -0.1736481776669291655, 0.9848077530122082424, -6.062893718482001780E-16 ) ) ;
#1135 = CARTESIAN_POINT ( 'NONE',  ( -1.401507855905381295, 0.5349355243686563233, 1.499988631206590872 ) ) ;
#1136 = MANIFOLD_SOLID_BREP ( 'Body-Move/Copy1[2]', #4229 ) ;
#1137 = CARTESIAN_POINT ( 'NONE',  ( 2.168334719776546127, 0.1992574841279675935, 0.4825000000000083111 ) ) ;
#1138 = EDGE_LOOP ( 'NONE', ( #2133, #3056, #1809, #604 ) ) ;
#1139 = ORIENTED_EDGE ( 'NONE', *, *, #2155, .T. ) ;
#1140 = DIRECTION ( 'NONE',  ( 0.06975647374411775292, 0.9975640502598247528, 2.435534263410881001E-16 ) ) ;
#1141 = DIRECTION ( 'NONE',  ( -1.000000000000000000, 0.000000000000000000, -4.357562080355903444E-15 ) ) ;
#1142 = CYLINDRICAL_SURFACE ( 'NONE', #2413, 0.1249999999999996808 ) ;
#1143 = ORIENTED_EDGE ( 'NONE', *, *, #5198, .F. ) ;
#1144 = DIRECTION ( 'NONE',  ( -4.336808689942016158E-15, 0.000000000000000000, 1.000000000000000000 ) ) ;
#1145 = EDGE_CURVE ( 'NONE', #4857, #570, #1151, .T. ) ;
#1146 = VECTOR ( 'NONE', #3566, 1000.000000000000000 ) ;
#1147 = EDGE_CURVE ( 'NONE', #4927, #4291, #4361, .T. ) ;
#1148 = MANIFOLD_SOLID_BREP ( 'Body-Move/Copy1[5]', #1805 ) ;
#1149 = CARTESIAN_POINT ( 'NONE',  ( -0.8749999999999973355, 0.9999999999999995559, -1.000000000000004885 ) ) ;
#1150 = ORIENTED_EDGE ( 'NONE', *, *, #1816, .F. ) ;
#1151 = LINE ( 'NONE', #3611, #2703 ) ;
#1152 = VECTOR ( 'NONE', #755, 1000.000000000000000 ) ;
#1153 = CARTESIAN_POINT ( 'NONE',  ( 1.499126327838413264, 0.7199548410463244563, -1.458688739809627988 ) ) ;
#1154 = EDGE_LOOP ( 'NONE', ( #1310, #3003, #2639, #5055, #500, #4464 ) ) ;
#1155 = LINE ( 'NONE', #3481, #73 ) ;
#1156 = CARTESIAN_POINT ( 'NONE',  ( 2.449999999999996625, 0.1795615290467681424, 1.132500000000009166 ) ) ;
#1157 = CARTESIAN_POINT ( 'NONE',  ( -1.500000000000003553, 0.7150000000000005240, 0.8174999999999954525 ) ) ;
#1158 = UNCERTAINTY_MEASURE_WITH_UNIT (LENGTH_MEASURE( 1.000000000000000082E-05 ), #281, 'distance_accuracy_value', 'NONE');
#1159 = LINE ( 'NONE', #4309, #3218 ) ;
#1160 = ORIENTED_EDGE ( 'NONE', *, *, #3955, .F. ) ;
#1161 = CARTESIAN_POINT ( 'NONE',  ( 1.499999999999994227, 0.5350000000000005862, 1.500000000000004441 ) ) ;
#1162 = CARTESIAN_POINT ( 'NONE',  ( -1.400502642445357049, 0.5350000000000006972, 1.499999999999995337 ) ) ;
#1163 = SURFACE_STYLE_FILL_AREA ( #5145 ) ;
#1164 =( GEOMETRIC_REPRESENTATION_CONTEXT ( 3 ) GLOBAL_UNCERTAINTY_ASSIGNED_CONTEXT ( ( #3167 ) ) GLOBAL_UNIT_ASSIGNED_CONTEXT ( ( #2654, #4249, #986 ) ) REPRESENTATION_CONTEXT ( 'NONE', 'WORKASPACE' ) );
#1165 = EDGE_LOOP ( 'NONE', ( #3903, #1407, #1516, #3414 ) ) ;
#1166 = CARTESIAN_POINT ( 'NONE',  ( 2.450000000000003286, 0.1795615290467681424, -0.8174999999999906786 ) ) ;
#1167 = ADVANCED_FACE ( 'NONE', ( #4072 ), #462, .F. ) ;
#1168 = ORIENTED_EDGE ( 'NONE', *, *, #3355, .F. ) ;
#1169 = EDGE_CURVE ( 'NONE', #3833, #4663, #2224, .T. ) ;
#1170 = DIRECTION ( 'NONE',  ( 0.06975647374411789170, 0.9975640502598247528, 2.435534263410885439E-16 ) ) ;
#1171 = STYLED_ITEM ( 'NONE', ( #910 ), #2971 ) ;
#1172 = VERTEX_POINT ( 'NONE', #4547 ) ;
#1173 = MANIFOLD_SOLID_BREP ( 'Body-Move/Copy1[11]', #1379 ) ;
#1174 = LINE ( 'NONE', #1227, #4413 ) ;
#1175 = DIRECTION ( 'NONE',  ( -1.000000000000000000, 0.000000000000000000, -3.130080614681298281E-15 ) ) ;
#1176 = EDGE_CURVE ( 'NONE', #1674, #4665, #3474, .T. ) ;
#1177 = VERTEX_POINT ( 'NONE', #4143 ) ;
#1178 = AXIS2_PLACEMENT_3D ( 'NONE', #4941, #2132, #2055 ) ;
#1179 = CARTESIAN_POINT ( 'NONE',  ( 1.499999999999994227, 0.5350000000000005862, 1.500000000000004441 ) ) ;
#1180 = EDGE_CURVE ( 'NONE', #1005, #1423, #3835, .T. ) ;
#1181 = DIRECTION ( 'NONE',  ( 3.491481338843133355E-15, -0.000000000000000000, -1.000000000000000000 ) ) ;
#1182 = PRESENTATION_LAYER_ASSIGNMENT (  '', '', ( #4368 ) ) ;
#1183 = VERTEX_POINT ( 'NONE', #4223 ) ;
#1184 = CARTESIAN_POINT ( 'NONE',  ( 2.175277144828324349, 0.2985387878056247613, -0.8174999999999916778 ) ) ;
#1185 = DIRECTION ( 'NONE',  ( -0.1710878697460364861, -0.9702875252478138091, 0.1710878697460353204 ) ) ;
#1186 = AXIS2_PLACEMENT_3D ( 'NONE', #1184, #781, #384 ) ;
#1187 = VECTOR ( 'NONE', #4837, 1000.000000000000114 ) ;
#1188 = ORIENTED_EDGE ( 'NONE', *, *, #138, .T. ) ;
#1189 = DIRECTION ( 'NONE',  ( -0.06975647374411789170, 0.9975640502598247528, -2.435534263410885439E-16 ) ) ;
#1190 = CARTESIAN_POINT ( 'NONE',  ( -2.168334719776543906, 0.1992574841279680098, -1.132500000000006946 ) ) ;
#1191 = DIRECTION ( 'NONE',  ( 1.000000000000000000, 0.000000000000000000, 3.490873299220221310E-15 ) ) ;
#1192 = EDGE_CURVE ( 'NONE', #2776, #1080, #3322, .T. ) ;
#1193 = VERTEX_POINT ( 'NONE', #3445 ) ;
#1194 = CARTESIAN_POINT ( 'NONE',  ( -2.077265395542199578, 0.2812566719800474457, 0.4824999999999934341 ) ) ;
#1195 = AXIS2_PLACEMENT_3D ( 'NONE', #4455, #502, #2832 ) ;
#1196 = AXIS2_PLACEMENT_3D ( 'NONE', #970, #3304, #2186 ) ;
#1197 = DIRECTION ( 'NONE',  ( -3.491481338843133355E-15, 0.000000000000000000, 1.000000000000000000 ) ) ;
#1198 = ORIENTED_EDGE ( 'NONE', *, *, #4603, .T. ) ;
#1199 = ORIENTED_EDGE ( 'NONE', *, *, #4316, .F. ) ;
#1200 = PLANE ( 'NONE',  #2963 ) ;
#1201 = LINE ( 'NONE', #1539, #4532 ) ;
#1202 = ADVANCED_FACE ( 'NONE', ( #3051 ), #1061, .F. ) ;
#1203 = ORIENTED_EDGE ( 'NONE', *, *, #3516, .T. ) ;
#1204 = DIRECTION ( 'NONE',  ( -0.1710878697460357922, -0.9702875252478140311, 0.1710878697460354869 ) ) ;
#1205 = DIRECTION ( 'NONE',  ( 0.000000000000000000, -1.000000000000000000, 2.168404344971007685E-15 ) ) ;
#1206 = EDGE_LOOP ( 'NONE', ( #1730, #4318, #1084, #2257 ) ) ;
#1207 = FACE_OUTER_BOUND ( 'NONE', #1353, .T. ) ;
#1208 = ORIENTED_EDGE ( 'NONE', *, *, #4923, .F. ) ;
#1209 = LINE ( 'NONE', #1579, #498 ) ;
#1210 = CARTESIAN_POINT ( 'NONE',  ( 1.500000000000002442, 0.5350000000000005862, -1.399999999999996581 ) ) ;
#1211 = EDGE_CURVE ( 'NONE', #3453, #47, #560, .T. ) ;
#1212 = CARTESIAN_POINT ( 'NONE',  ( -1.766236478227166007, 0.4354762614973970436, -0.8175000000000054445 ) ) ;
#1213 = FACE_OUTER_BOUND ( 'NONE', #1930, .T. ) ;
#1214 = DIRECTION ( 'NONE',  ( -1.000000000000000000, 0.000000000000000000, -4.357562080355903444E-15 ) ) ;
#1215 = CARTESIAN_POINT ( 'NONE',  ( 2.175277144828320797, 0.2985387878056247613, 0.1675000000000082534 ) ) ;
#1216 = ORIENTED_EDGE ( 'NONE', *, *, #458, .T. ) ;
#1217 = CARTESIAN_POINT ( 'NONE',  ( -2.168334719776547459, 0.1992574841279680098, -0.1675000000000068101 ) ) ;
#1218 = SURFACE_SIDE_STYLE ('',( #1163 ) ) ;
#1219 = VERTEX_POINT ( 'NONE', #2682 ) ;
#1220 = DIRECTION ( 'NONE',  ( 0.000000000000000000, -1.000000000000000000, 0.000000000000000000 ) ) ;
#1221 = ORIENTED_EDGE ( 'NONE', *, *, #4187, .F. ) ;
#1222 = DIRECTION ( 'NONE',  ( -3.491481338843133355E-15, 0.000000000000000000, 1.000000000000000000 ) ) ;
#1223 = SURFACE_STYLE_USAGE ( .BOTH. , #4085 ) ;
#1224 = FILL_AREA_STYLE ('',( #2466 ) ) ;
#1225 = CARTESIAN_POINT ( 'NONE',  ( -1.499999999999998890, 0.7150000000000005240, -0.4825000000000045919 ) ) ;
#1226 = CIRCLE ( 'NONE', #1900, 0.2795237385026033139 ) ;
#1227 = CARTESIAN_POINT ( 'NONE',  ( 1.500000000000004663, 0.7150000000000005240, -1.132499999999994289 ) ) ;
#1228 = VERTEX_POINT ( 'NONE', #1442 ) ;
#1229 = LINE ( 'NONE', #3578, #566 ) ;
#1230 = DIRECTION ( 'NONE',  ( 0.000000000000000000, -1.000000000000000000, 0.000000000000000000 ) ) ;
#1231 = ORIENTED_EDGE ( 'NONE', *, *, #1869, .F. ) ;
#1232 = MANIFOLD_SOLID_BREP ( 'Body-Move/Copy1[3]', #2298 ) ;
#1233 = ADVANCED_FACE ( 'NONE', ( #1411 ), #3095, .F. ) ;
#1234 = DIRECTION ( 'NONE',  ( -3.491481338843133355E-15, 0.000000000000000000, 1.000000000000000000 ) ) ;
#1235 = EDGE_CURVE ( 'NONE', #4470, #4540, #2683, .T. ) ;
#1236 = LINE ( 'NONE', #835, #1851 ) ;
#1237 = DIRECTION ( 'NONE',  ( 0.000000000000000000, 1.000000000000000000, -0.000000000000000000 ) ) ;
#1238 = CARTESIAN_POINT ( 'NONE',  ( 2.155778554502602695, 0.01969595508119942329, 1.132500000000008278 ) ) ;
#1239 = DIRECTION ( 'NONE',  ( -1.000000000000000000, 0.000000000000000000, -3.490873299220221310E-15 ) ) ;
#1240 = CARTESIAN_POINT ( 'NONE',  ( -2.175277144828319464, 0.2985387878056247613, -0.4825000000000069234 ) ) ;
#1241 = PRODUCT_CONTEXT ( 'NONE', #524, 'mechanical' ) ;
#1242 = ORIENTED_EDGE ( 'NONE', *, *, #1680, .T. ) ;
#1243 = SPHERICAL_SURFACE ( 'NONE', #4539, 0.1000000000000000056 ) ;
#1244 = VECTOR ( 'NONE', #3595, 1000.000000000000000 ) ;
#1245 = LINE ( 'NONE', #2809, #184 ) ;
#1246 = VERTEX_POINT ( 'NONE', #1647 ) ;
#1247 = CARTESIAN_POINT ( 'NONE',  ( -2.168334719776549679, 0.1992574841279680098, 0.4824999999999931566 ) ) ;
#1248 = ORIENTED_EDGE ( 'NONE', *, *, #1460, .T. ) ;
#1249 = CARTESIAN_POINT ( 'NONE',  ( -2.449999999999997513, 0.1795615290467685032, -0.8175000000000077760 ) ) ;
#1250 = EDGE_CURVE ( 'NONE', #2587, #2456, #2434, .T. ) ;
#1251 = FACE_OUTER_BOUND ( 'NONE', #275, .T. ) ;
#1252 = DIRECTION ( 'NONE',  ( -2.168404344971007685E-15, 0.000000000000000000, 1.000000000000000000 ) ) ;
#1253 = EDGE_CURVE ( 'NONE', #570, #4166, #1123, .T. ) ;
#1254 = CARTESIAN_POINT ( 'NONE',  ( 1.500000000000000000, 0.7150000000000005240, 0.1675000000000058942 ) ) ;
#1255 = EDGE_LOOP ( 'NONE', ( #4612, #564, #2607, #4991, #348, #4609, #2568, #4523, #1066, #1033, #1387, #4639 ) ) ;
#1256 = ORIENTED_EDGE ( 'NONE', *, *, #2121, .F. ) ;
#1257 = VECTOR ( 'NONE', #2547, 1000.000000000000114 ) ;
#1258 = LINE ( 'NONE', #2442, #3099 ) ;
#1259 = CYLINDRICAL_SURFACE ( 'NONE', #3785, 0.09952373850260348709 ) ;
#1260 = AXIS2_PLACEMENT_3D ( 'NONE', #1051, #2260, #3871 ) ;
#1261 = ORIENTED_EDGE ( 'NONE', *, *, #2952, .F. ) ;
#1262 = EDGE_CURVE ( 'NONE', #4572, #4852, #3628, .T. ) ;
#1263 = LINE ( 'NONE', #3701, #3725 ) ;
#1264 = DIRECTION ( 'NONE',  ( 0.06975647374411760027, -0.9975640502598248638, 2.435534263410876071E-16 ) ) ;
#1265 = EDGE_CURVE ( 'NONE', #3090, #455, #5125, .T. ) ;
#1266 = VECTOR ( 'NONE', #4578, 1000.000000000000000 ) ;
#1267 = EDGE_CURVE ( 'NONE', #1409, #3751, #3438, .T. ) ;
#1268 = ADVANCED_FACE ( 'NONE', ( #3130 ), #4486, .F. ) ;
#1269 = CARTESIAN_POINT ( 'NONE',  ( 0.7124999999999970246, 0.2500000000000006661, 0.8800000000000026690 ) ) ;
#1270 = EDGE_CURVE ( 'NONE', #4979, #2902, #2338, .T. ) ;
#1271 = DIRECTION ( 'NONE',  ( 3.491481338843133355E-15, 0.000000000000000000, -1.000000000000000000 ) ) ;
#1272 = ORIENTED_EDGE ( 'NONE', *, *, #33, .F. ) ;
#1273 = DIRECTION ( 'NONE',  ( 0.06975647374411760027, -0.9975640502598248638, 2.435534263410876071E-16 ) ) ;
#1274 = VECTOR ( 'NONE', #4512, 1000.000000000000227 ) ;
#1275 = ORIENTED_EDGE ( 'NONE', *, *, #3853, .F. ) ;
#1276 = FACE_OUTER_BOUND ( 'NONE', #2216, .T. ) ;
#1277 = VECTOR ( 'NONE', #1817, 1000.000000000000000 ) ;
#1278 = ORIENTED_EDGE ( 'NONE', *, *, #2671, .T. ) ;
#1279 = CARTESIAN_POINT ( 'NONE',  ( -1.766236478227164897, 0.5350000000000004752, -1.132500000000005391 ) ) ;
#1280 = VECTOR ( 'NONE', #3846, 1000.000000000000114 ) ;
#1281 = CIRCLE ( 'NONE', #3798, 0.09952373850260348709 ) ;
#1282 = CARTESIAN_POINT ( 'NONE',  ( -1.500000000000000000, 0.7150000000000005240, -0.1675000000000044786 ) ) ;
#1283 =( LENGTH_UNIT ( ) NAMED_UNIT ( * ) SI_UNIT ( .MILLI., .METRE. ) );
#1284 = AXIS2_PLACEMENT_3D ( 'NONE', #4052, #1197, #445 ) ;
#1285 = MANIFOLD_SOLID_BREP ( 'Body-Move/Copy1[9]', #879 ) ;
#1286 = CARTESIAN_POINT ( 'NONE',  ( -2.041513623055486448, 0.4840150493030218048, -0.8175000000000063327 ) ) ;
#1287 = EDGE_LOOP ( 'NONE', ( #3774, #1208, #4256, #1627 ) ) ;
#1288 = EDGE_LOOP ( 'NONE', ( #1466, #4271, #54, #4619 ) ) ;
#1289 = CARTESIAN_POINT ( 'NONE',  ( -1.399999999999994582, 0.5350000000000005862, -1.500000000000005773 ) ) ;
#1290 = DIRECTION ( 'NONE',  ( -0.1736481776669291655, 0.9848077530122082424, -6.062893718482001780E-16 ) ) ;
#1291 = ORIENTED_EDGE ( 'NONE', *, *, #545, .F. ) ;
#1292 = CARTESIAN_POINT ( 'NONE',  ( -1.500000000000000000, 0.7150000000000005240, -0.1675000000000044786 ) ) ;
#1293 = CARTESIAN_POINT ( 'NONE',  ( 1.500000000000001332, 0.7150000000000005240, -0.1674999999999940148 ) ) ;
#1294 = ORIENTED_EDGE ( 'NONE', *, *, #1180, .T. ) ;
#1295 = LINE ( 'NONE', #2913, #1599 ) ;
#1296 = FACE_OUTER_BOUND ( 'NONE', #1914, .T. ) ;
#1297 = AXIS2_PLACEMENT_3D ( 'NONE', #4824, #5193, #1214 ) ;
#1298 = VERTEX_POINT ( 'NONE', #4731 ) ;
#1299 = CARTESIAN_POINT ( 'NONE',  ( 1.500000000000004663, 0.5350000000000005862, -1.132499999999994289 ) ) ;
#1300 = PLANE ( 'NONE',  #4126 ) ;
#1301 = ORIENTED_EDGE ( 'NONE', *, *, #4125, .T. ) ;
#1302 = VECTOR ( 'NONE', #1498, 1000.000000000000000 ) ;
#1303 = ADVANCED_FACE ( 'NONE', ( #1251 ), #3313, .F. ) ;
#1304 = LINE ( 'NONE', #3252, #645 ) ;
#1305 = FILL_AREA_STYLE_COLOUR ( '', #3524 ) ;
#1306 = AXIS2_PLACEMENT_3D ( 'NONE', #4894, #1735, #2080 ) ;
#1307 = DIRECTION ( 'NONE',  ( 3.491481338843133355E-15, -0.000000000000000000, -1.000000000000000000 ) ) ;
#1308 = CARTESIAN_POINT ( 'NONE',  ( -1.499999999999997780, 0.7150000000000005240, -0.8175000000000044453 ) ) ;
#1309 = CARTESIAN_POINT ( 'NONE',  ( -1.864248227513294998, 0.4527583773229743036, 0.8174999999999941203 ) ) ;
#1310 = ORIENTED_EDGE ( 'NONE', *, *, #890, .F. ) ;
#1311 = DIRECTION ( 'NONE',  ( 0.000000000000000000, 1.000000000000000000, 0.000000000000000000 ) ) ;
#1312 = CARTESIAN_POINT ( 'NONE',  ( 1.500000000000003553, 0.5350000000000005862, -0.8174999999999940092 ) ) ;
#1313 = AXIS2_PLACEMENT_3D ( 'NONE', #2519, #4461, #75 ) ;
#1314 = VERTEX_POINT ( 'NONE', #721 ) ;
#1315 = EDGE_CURVE ( 'NONE', #5014, #3506, #1755, .T. ) ;
#1316 = EDGE_CURVE ( 'NONE', #3836, #4192, #2012, .T. ) ;
#1317 = ADVANCED_FACE ( 'NONE', ( #3260 ), #24, .F. ) ;
#1318 = DIRECTION ( 'NONE',  ( -0.1736481776669313026, 0.9848077530122079093, -6.062893718482075735E-16 ) ) ;
#1319 = ORIENTED_EDGE ( 'NONE', *, *, #4983, .F. ) ;
#1320 = PLANE ( 'NONE',  #4706 ) ;
#1321 = DIRECTION ( 'NONE',  ( -6.062893718482056014E-16, -0.9848077530122080203, 0.1736481776669307198 ) ) ;
#1322 = ORIENTED_EDGE ( 'NONE', *, *, #321, .F. ) ;
#1323 = LINE ( 'NONE', #5058, #2711 ) ;
#1324 = ORIENTED_EDGE ( 'NONE', *, *, #170, .T. ) ;
#1325 = CARTESIAN_POINT ( 'NONE',  ( 2.175277144828319464, 0.2985387878056247613, 0.4825000000000083111 ) ) ;
#1326 = SPHERICAL_SURFACE ( 'NONE', #4947, 0.1000000000000000056 ) ;
#1327 = FILL_AREA_STYLE ('',( #1305 ) ) ;
#1328 = ADVANCED_FACE ( 'NONE', ( #2897 ), #3353, .T. ) ;
#1329 = LINE ( 'NONE', #4113, #3678 ) ;
#1330 = ADVANCED_FACE ( 'NONE', ( #1347 ), #2973, .F. ) ;
#1331 = ORIENTED_EDGE ( 'NONE', *, *, #5164, .T. ) ;
#1332 = DIRECTION ( 'NONE',  ( -3.491481338843133355E-15, 0.000000000000000000, 1.000000000000000000 ) ) ;
#1333 = LINE ( 'NONE', #457, #4448 ) ;
#1334 = CIRCLE ( 'NONE', #3613, 0.2795237385026035359 ) ;
#1335 = ORIENTED_EDGE ( 'NONE', *, *, #4414, .T. ) ;
#1336 = AXIS2_PLACEMENT_3D ( 'NONE', #1359, #3744, #2978 ) ;
#1337 = EDGE_CURVE ( 'NONE', #1683, #1428, #1334, .T. ) ;
#1338 = ORIENTED_EDGE ( 'NONE', *, *, #1656, .F. ) ;
#1339 = CARTESIAN_POINT ( 'NONE',  ( 1.500000000000003553, 0.7150000000000005240, -0.8174999999999940092 ) ) ;
#1340 = LINE ( 'NONE', #4505, #1703 ) ;
#1341 = AXIS2_PLACEMENT_3D ( 'NONE', #1492, #4650, #1865 ) ;
#1342 = CARTESIAN_POINT ( 'NONE',  ( 2.437443834726060743, 7.647873938942688573E-19, -0.4824999999999908251 ) ) ;
#1343 = CARTESIAN_POINT ( 'NONE',  ( -1.401005270604399611, 0.7150214922843569632, -1.499996210330396540 ) ) ;
#1344 = EDGE_CURVE ( 'NONE', #840, #1769, #2516, .T. ) ;
#1345 = VERTEX_POINT ( 'NONE', #933 ) ;
#1346 = VERTEX_POINT ( 'NONE', #140 ) ;
#1347 = FACE_OUTER_BOUND ( 'NONE', #2859, .T. ) ;
#1348 = VECTOR ( 'NONE', #1741, 1000.000000000000000 ) ;
#1349 = DIRECTION ( 'NONE',  ( -0.06975647374411932111, -0.9975640502598246417, -2.435534263410936221E-16 ) ) ;
#1350 = CARTESIAN_POINT ( 'NONE',  ( 1.400502642445354162, 0.7150000000000004130, -1.499999999999996669 ) ) ;
#1351 = PRESENTATION_LAYER_ASSIGNMENT (  '', '', ( #665 ) ) ;
#1352 = VECTOR ( 'NONE', #1939, 1000.000000000000227 ) ;
#1353 = EDGE_LOOP ( 'NONE', ( #2637, #2244, #978, #298 ) ) ;
#1354 = VECTOR ( 'NONE', #2241, 1000.000000000000114 ) ;
#1355 = PRESENTATION_LAYER_ASSIGNMENT (  '', '', ( #3637 ) ) ;
#1356 = LINE ( 'NONE', #1309, #904 ) ;
#1357 = ORIENTED_EDGE ( 'NONE', *, *, #2542, .T. ) ;
#1358 = EDGE_CURVE ( 'NONE', #3927, #3558, #3333, .T. ) ;
#1359 = CARTESIAN_POINT ( 'NONE',  ( -1.766236478227169560, 0.4354762614973970436, 0.1674999999999944866 ) ) ;
#1360 = AXIS2_PLACEMENT_3D ( 'NONE', #1049, #2668, #4260 ) ;
#1361 = EDGE_LOOP ( 'NONE', ( #3187, #1682, #4212, #3580, #1440, #383, #1594, #4570, #1143, #1981, #3053, #3882 ) ) ;
#1362 = ORIENTED_EDGE ( 'NONE', *, *, #1315, .F. ) ;
#1363 = FILL_AREA_STYLE ('',( #3671 ) ) ;
#1364 = AXIS2_PLACEMENT_3D ( 'NONE', #90, #2853, #1692 ) ;
#1365 = DIRECTION ( 'NONE',  ( 3.491481338843133355E-15, -0.000000000000000000, -1.000000000000000000 ) ) ;
#1366 = ORIENTED_EDGE ( 'NONE', *, *, #4020, .F. ) ;
#1367 = ADVANCED_FACE ( 'NONE', ( #122 ), #1326, .T. ) ;
#1368 = CARTESIAN_POINT ( 'NONE',  ( -2.041513623055493554, 0.4840150493030218048, 1.132499999999993623 ) ) ;
#1369 = DIRECTION ( 'NONE',  ( 0.1736481776669291655, -0.9848077530122082424, 6.062893718482001780E-16 ) ) ;
#1370 = LINE ( 'NONE', #4168, #4127 ) ;
#1371 = CARTESIAN_POINT ( 'NONE',  ( 1.864248227513292999, 0.4527583773229743036, -0.1674999999999927380 ) ) ;
#1372 = CARTESIAN_POINT ( 'NONE',  ( -2.077265395542198245, 0.2812566719800474457, 0.1674999999999934042 ) ) ;
#1373 = LINE ( 'NONE', #3841, #2846 ) ;
#1374 = ORIENTED_EDGE ( 'NONE', *, *, #533, .T. ) ;
#1375 = DIRECTION ( 'NONE',  ( 0.9975640502598246417, -0.06975647374411932111, 3.482976265782951478E-15 ) ) ;
#1376 = DIRECTION ( 'NONE',  ( 3.491481338843133355E-15, -0.000000000000000000, -1.000000000000000000 ) ) ;
#1377 = ORIENTED_EDGE ( 'NONE', *, *, #4515, .T. ) ;
#1378 = PLANE ( 'NONE',  #1178 ) ;
#1379 = CLOSED_SHELL ( 'NONE', ( #918, #1330, #4829, #2130, #3332, #5159, #3861, #2566, #1088, #1585, #3491, #1671, #460, #777 ) ) ;
#1380 = EDGE_CURVE ( 'NONE', #100, #4680, #4561, .T. ) ;
#1381 = PLANE ( 'NONE',  #714 ) ;
#1382 = VERTEX_POINT ( 'NONE', #1724 ) ;
#1383 = DIRECTION ( 'NONE',  ( -1.000000000000000000, 0.000000000000000000, -3.878748110244690170E-15 ) ) ;
#1384 = ORIENTED_EDGE ( 'NONE', *, *, #4351, .F. ) ;
#1385 = CARTESIAN_POINT ( 'NONE',  ( 1.348204149309507605, 1.099999999999999645, 1.348204149309516930 ) ) ;
#1386 = VERTEX_POINT ( 'NONE', #4954 ) ;
#1387 = ORIENTED_EDGE ( 'NONE', *, *, #1316, .F. ) ;
#1388 = SURFACE_STYLE_USAGE ( .BOTH. , #2574 ) ;
#1389 = VECTOR ( 'NONE', #4644, 1000.000000000000000 ) ;
#1390 = EDGE_CURVE ( 'NONE', #5029, #2862, #1304, .T. ) ;
#1391 = DIRECTION ( 'NONE',  ( -1.000000000000000000, 0.000000000000000000, -3.490873299220224071E-15 ) ) ;
#1392 = ADVANCED_FACE ( 'NONE', ( #340 ), #2457, .T. ) ;
#1393 = ORIENTED_EDGE ( 'NONE', *, *, #2743, .F. ) ;
#1394 = PLANE ( 'NONE',  #2961 ) ;
#1395 = DIRECTION ( 'NONE',  ( 0.1710878697460366804, -0.9702875252478138091, -0.1710878697460362086 ) ) ;
#1396 = CARTESIAN_POINT ( 'NONE',  ( -2.437443834726060743, 7.647873938942688573E-19, 0.4824999999999922129 ) ) ;
#1397 = EDGE_CURVE ( 'NONE', #1386, #2202, #2771, .T. ) ;
#1398 = VERTEX_POINT ( 'NONE', #1612 ) ;
#1399 = ORIENTED_EDGE ( 'NONE', *, *, #877, .F. ) ;
#1400 = LINE ( 'NONE', #4614, #3446 ) ;
#1401 = EDGE_CURVE ( 'NONE', #3970, #3949, #4787, .T. ) ;
#1402 = VECTOR ( 'NONE', #3067, 1000.000000000000000 ) ;
#1403 = LINE ( 'NONE', #3012, #1420 ) ;
#1404 = CARTESIAN_POINT ( 'NONE',  ( -1.348204149309508493, 0.2500000000000004996, -1.348204149309518485 ) ) ;
#1405 = ORIENTED_EDGE ( 'NONE', *, *, #2230, .T. ) ;
#1406 = DIRECTION ( 'NONE',  ( 0.1736481776669312749, 0.9848077530122079093, 6.062893718482074749E-16 ) ) ;
#1407 = ORIENTED_EDGE ( 'NONE', *, *, #2807, .F. ) ;
#1408 = AXIS2_PLACEMENT_3D ( 'NONE', #312, #1927, #734 ) ;
#1409 = VERTEX_POINT ( 'NONE', #2398 ) ;
#1410 = ORIENTED_EDGE ( 'NONE', *, *, #1918, .T. ) ;
#1411 = FACE_OUTER_BOUND ( 'NONE', #282, .T. ) ;
#1412 = DIRECTION ( 'NONE',  ( 0.9975640502598247528, 0.06975647374411790558, 3.482976265782951873E-15 ) ) ;
#1413 = DIRECTION ( 'NONE',  ( 0.000000000000000000, 1.000000000000000000, 0.000000000000000000 ) ) ;
#1414 = AXIS2_PLACEMENT_3D ( 'NONE', #4458, #4060, #450 ) ;
#1415 = CARTESIAN_POINT ( 'NONE',  ( -1.400000000000005240, 0.7150000000000005240, 1.499999999999995115 ) ) ;
#1416 = ORIENTED_EDGE ( 'NONE', *, *, #2571, .F. ) ;
#1417 = DIRECTION ( 'NONE',  ( 3.491481338843133355E-15, 0.000000000000000000, -1.000000000000000000 ) ) ;
#1418 = VECTOR ( 'NONE', #2490, 1000.000000000000000 ) ;
#1419 = ADVANCED_FACE ( 'NONE', ( #4337 ), #1587, .T. ) ;
#1420 = VECTOR ( 'NONE', #628, 1000.000000000000114 ) ;
#1421 = DIRECTION ( 'NONE',  ( -3.491481338843133355E-15, 0.000000000000000000, 1.000000000000000000 ) ) ;
#1422 = CARTESIAN_POINT ( 'NONE',  ( -1.458688739809636870, 0.5300451589536747665, 1.499126327838405714 ) ) ;
#1423 = VERTEX_POINT ( 'NONE', #2424 ) ;
#1424 = DIRECTION ( 'NONE',  ( 3.491481338843133355E-15, -0.000000000000000000, -1.000000000000000000 ) ) ;
#1425 = VECTOR ( 'NONE', #4141, 1000.000000000000000 ) ;
#1426 = ORIENTED_EDGE ( 'NONE', *, *, #4428, .F. ) ;
#1427 = UNCERTAINTY_MEASURE_WITH_UNIT (LENGTH_MEASURE( 1.000000000000000082E-05 ), #2757, 'distance_accuracy_value', 'NONE');
#1428 = VERTEX_POINT ( 'NONE', #3594 ) ;
#1429 = CARTESIAN_POINT ( 'NONE',  ( -1.500000000000004663, 0.5350000000000005862, 1.132499999999995399 ) ) ;
#1430 = PLANE ( 'NONE',  #3953 ) ;
#1431 = CARTESIAN_POINT ( 'NONE',  ( -0.9999999999999970024, 1.099999999999999645, -1.000000000000005329 ) ) ;
#1432 = EDGE_LOOP ( 'NONE', ( #1880, #2212, #851, #4220 ) ) ;
#1433 = ORIENTED_EDGE ( 'NONE', *, *, #1836, .F. ) ;
#1434 = DIRECTION ( 'NONE',  ( -0.9975640502598247528, -0.06975647374411818313, -3.482976265782951873E-15 ) ) ;
#1435 = VECTOR ( 'NONE', #4597, 1000.000000000000114 ) ;
#1436 = DIRECTION ( 'NONE',  ( -0.06975647374411760027, 0.9975640502598248638, -2.435534263410876071E-16 ) ) ;
#1437 = CIRCLE ( 'NONE', #417, 0.09952373850260391730 ) ;
#1438 = VERTEX_POINT ( 'NONE', #1194 ) ;
#1439 = CYLINDRICAL_SURFACE ( 'NONE', #2187, 0.2795237385026035359 ) ;
#1440 = ORIENTED_EDGE ( 'NONE', *, *, #1192, .F. ) ;
#1441 = CIRCLE ( 'NONE', #2968, 0.2795237385026035359 ) ;
#1442 = CARTESIAN_POINT ( 'NONE',  ( 2.450000000000000622, 0.1795615290467681424, -0.1674999999999906841 ) ) ;
#1443 = LINE ( 'NONE', #3027, #2873 ) ;
#1444 = ADVANCED_FACE ( 'NONE', ( #3677 ), #3559, .T. ) ;
#1445 = ORIENTED_EDGE ( 'NONE', *, *, #3596, .F. ) ;
#1446 = LINE ( 'NONE', #3054, #1973 ) ;
#1447 = DIRECTION ( 'NONE',  ( 0.9975640502598247528, 0.06975647374411818313, 3.482976265782951873E-15 ) ) ;
#1448 = LINE ( 'NONE', #3799, #4472 ) ;
#1449 = ORIENTED_EDGE ( 'NONE', *, *, #33, .T. ) ;
#1450 = DIRECTION ( 'NONE',  ( -1.000000000000000000, 0.000000000000000000, -3.491481338843133355E-15 ) ) ;
#1451 = ORIENTED_EDGE ( 'NONE', *, *, #385, .F. ) ;
#1452 = DIRECTION ( 'NONE',  ( -3.491481338843133355E-15, 0.000000000000000000, 1.000000000000000000 ) ) ;
#1453 = LINE ( 'NONE', #3963, #3383 ) ;
#1454 = ORIENTED_EDGE ( 'NONE', *, *, #385, .T. ) ;
#1455 = DIRECTION ( 'NONE',  ( 3.491481338843133355E-15, -0.000000000000000000, -1.000000000000000000 ) ) ;
#1456 = LINE ( 'NONE', #1031, #113 ) ;
#1457 = FACE_OUTER_BOUND ( 'NONE', #311, .T. ) ;
#1458 = EDGE_LOOP ( 'NONE', ( #1037, #3397, #2736, #2227 ) ) ;
#1459 = EDGE_LOOP ( 'NONE', ( #276, #1199, #4678, #4841 ) ) ;
#1460 = EDGE_CURVE ( 'NONE', #356, #2684, #2694, .T. ) ;
#1461 = CARTESIAN_POINT ( 'NONE',  ( 1.399999999999994138, 0.7150000000000005240, 1.500000000000004219 ) ) ;
#1462 = DIRECTION ( 'NONE',  ( 0.000000000000000000, 1.000000000000000000, 0.000000000000000000 ) ) ;
#1463 = CARTESIAN_POINT ( 'NONE',  ( -2.168334719776551900, 0.1992574841279680098, 1.132499999999993179 ) ) ;
#1464 = ORIENTED_EDGE ( 'NONE', *, *, #1716, .T. ) ;
#1465 = VECTOR ( 'NONE', #837, 1000.000000000000000 ) ;
#1466 = ORIENTED_EDGE ( 'NONE', *, *, #323, .T. ) ;
#1467 = CARTESIAN_POINT ( 'NONE',  ( 2.077265395542193360, 0.2812566719800473902, 1.132500000000007834 ) ) ;
#1468 = CARTESIAN_POINT ( 'NONE',  ( -1.348204149309508271, 0.2326351822333074248, -1.446684924610739165 ) ) ;
#1469 = FACE_OUTER_BOUND ( 'NONE', #952, .T. ) ;
#1470 = ADVANCED_FACE ( 'NONE', ( #789 ), #12, .F. ) ;
#1471 = ORIENTED_EDGE ( 'NONE', *, *, #3694, .T. ) ;
#1472 = CARTESIAN_POINT ( 'NONE',  ( -1.899999999999999467, 0.2500000000000000000, -0.1675000000000058942 ) ) ;
#1473 = FACE_OUTER_BOUND ( 'NONE', #4028, .T. ) ;
#1474 = VECTOR ( 'NONE', #1960, 1000.000000000000114 ) ;
#1475 = EDGE_LOOP ( 'NONE', ( #2266, #3801, #607, #4906 ) ) ;
#1476 = CARTESIAN_POINT ( 'NONE',  ( -1.899999999999998579, 0.2500000000000000000, -0.4825000000000059242 ) ) ;
#1477 = DIRECTION ( 'NONE',  ( -0.000000000000000000, -1.000000000000000000, 0.000000000000000000 ) ) ;
#1478 = ORIENTED_EDGE ( 'NONE', *, *, #4061, .F. ) ;
#1479 = LINE ( 'NONE', #3915, #2885 ) ;
#1480 = ORIENTED_EDGE ( 'NONE', *, *, #1569, .F. ) ;
#1481 = SURFACE_STYLE_USAGE ( .BOTH. , #3455 ) ;
#1482 = FACE_OUTER_BOUND ( 'NONE', #1734, .T. ) ;
#1483 = CARTESIAN_POINT ( 'NONE',  ( -2.175277144828324349, 0.2985387878056247613, 0.8174999999999930100 ) ) ;
#1484 = CARTESIAN_POINT ( 'NONE',  ( 0.000000000000000000, 0.1500000000000004940, 0.000000000000000000 ) ) ;
#1485 = DIRECTION ( 'NONE',  ( -1.000000000000000000, 0.000000000000000000, -3.491481338843133355E-15 ) ) ;
#1486 = ORIENTED_EDGE ( 'NONE', *, *, #2058, .T. ) ;
#1487 = EDGE_LOOP ( 'NONE', ( #3808, #3311, #4891, #2255 ) ) ;
#1488 = CARTESIAN_POINT ( 'NONE',  ( 2.449999999999998401, 0.1795615290467681424, 0.4825000000000093103 ) ) ;
#1489 = EDGE_CURVE ( 'NONE', #801, #2373, #2065, .T. ) ;
#1490 = CARTESIAN_POINT ( 'NONE',  ( 1.500000000000001332, 0.7150000000000005240, -0.1674999999999940148 ) ) ;
#1491 = EDGE_CURVE ( 'NONE', #2419, #4630, #1560, .T. ) ;
#1492 = CARTESIAN_POINT ( 'NONE',  ( 2.168334719776543906, 0.1992574841279679820, 1.132500000000008278 ) ) ;
#1493 = ORIENTED_EDGE ( 'NONE', *, *, #2522, .T. ) ;
#1494 = AXIS2_PLACEMENT_3D ( 'NONE', #2901, #2020, #2440 ) ;
#1495 = VECTOR ( 'NONE', #392, 1000.000000000000114 ) ;
#1496 = DIRECTION ( 'NONE',  ( 0.000000000000000000, 1.000000000000000000, 0.000000000000000000 ) ) ;
#1497 = VERTEX_POINT ( 'NONE', #4422 ) ;
#1498 = DIRECTION ( 'NONE',  ( 3.491481338843133355E-15, -0.000000000000000000, -1.000000000000000000 ) ) ;
#1499 = CARTESIAN_POINT ( 'NONE',  ( 1.499999999999997780, 0.7150000000000005240, 0.8175000000000057776 ) ) ;
#1500 = ADVANCED_FACE ( 'NONE', ( #444, #2778 ), #2005, .T. ) ;
#1501 = ORIENTED_EDGE ( 'NONE', *, *, #3157, .T. ) ;
#1502 = DIRECTION ( 'NONE',  ( -1.000000000000000000, 0.000000000000000000, -4.357562080355903444E-15 ) ) ;
#1503 = DIRECTION ( 'NONE',  ( -0.9975640502598246417, 0.06975647374411932111, -3.482976265782951478E-15 ) ) ;
#1504 = ORIENTED_EDGE ( 'NONE', *, *, #1390, .F. ) ;
#1505 = MECHANICAL_DESIGN_GEOMETRIC_PRESENTATION_REPRESENTATION (  '', ( #3781 ), #3443 ) ;
#1506 = PLANE ( 'NONE',  #146 ) ;
#1507 = AXIS2_PLACEMENT_3D ( 'NONE', #145, #4068, #895 ) ;
#1508 = DIRECTION ( 'NONE',  ( -1.000000000000000000, 0.000000000000000000, -3.469446951953622866E-15 ) ) ;
#1509 = CARTESIAN_POINT ( 'NONE',  ( -1.499999999999995559, 0.5350000000000005862, -1.400000000000005906 ) ) ;
#1510 = VERTEX_POINT ( 'NONE', #1669 ) ;
#1511 = ORIENTED_EDGE ( 'NONE', *, *, #4842, .F. ) ;
#1512 = DIRECTION ( 'NONE',  ( 3.563761483675500055E-15, -0.000000000000000000, -1.000000000000000000 ) ) ;
#1513 = LINE ( 'NONE', #322, #3298 ) ;
#1514 = AXIS2_PLACEMENT_3D ( 'NONE', #4098, #1739, #3303 ) ;
#1515 = ORIENTED_EDGE ( 'NONE', *, *, #4899, .F. ) ;
#1516 = ORIENTED_EDGE ( 'NONE', *, *, #5132, .F. ) ;
#1517 = FACE_OUTER_BOUND ( 'NONE', #619, .T. ) ;
#1518 = VECTOR ( 'NONE', #1237, 1000.000000000000000 ) ;
#1519 = CIRCLE ( 'NONE', #2877, 0.2795237385026035359 ) ;
#1520 = VECTOR ( 'NONE', #5190, 1000.000000000000000 ) ;
#1521 = VECTOR ( 'NONE', #4858, 1000.000000000000114 ) ;
#1522 = DIRECTION ( 'NONE',  ( -1.000000000000000000, 0.000000000000000000, -3.490873299220221310E-15 ) ) ;
#1523 = ORIENTED_EDGE ( 'NONE', *, *, #1192, .T. ) ;
#1524 = DIRECTION ( 'NONE',  ( -1.000000000000000000, 0.000000000000000000, -3.491481338843133355E-15 ) ) ;
#1525 = AXIS2_PLACEMENT_3D ( 'NONE', #1108, #1879, #3483 ) ;
#1526 = AXIS2_PLACEMENT_3D ( 'NONE', #5054, #591, #190 ) ;
#1527 = ORIENTED_EDGE ( 'NONE', *, *, #4061, .T. ) ;
#1528 = DIRECTION ( 'NONE',  ( 0.06975647374411760027, -0.9975640502598248638, 2.435534263410876071E-16 ) ) ;
#1529 = PLANE ( 'NONE',  #1872 ) ;
#1530 = DIRECTION ( 'NONE',  ( -3.491481338843133355E-15, 0.000000000000000000, 1.000000000000000000 ) ) ;
#1531 = ORIENTED_EDGE ( 'NONE', *, *, #1659, .T. ) ;
#1532 = PLANE ( 'NONE',  #2085 ) ;
#1533 = DIRECTION ( 'NONE',  ( 0.1736481776669312749, 0.9848077530122079093, 6.062893718482074749E-16 ) ) ;
#1534 = LINE ( 'NONE', #346, #2153 ) ;
#1535 = ORIENTED_EDGE ( 'NONE', *, *, #3572, .T. ) ;
#1536 = CARTESIAN_POINT ( 'NONE',  ( 0.7125000000000031308, 0.2500000000000006661, -0.8799999999999974509 ) ) ;
#1537 = ORIENTED_EDGE ( 'NONE', *, *, #4009, .F. ) ;
#1538 = LINE ( 'NONE', #2677, #4039 ) ;
#1539 = CARTESIAN_POINT ( 'NONE',  ( 2.168334719776551012, 0.1992574841279675935, -0.8174999999999916778 ) ) ;
#1540 = EDGE_CURVE ( 'NONE', #2684, #3833, #4745, .T. ) ;
#1541 = ORIENTED_EDGE ( 'NONE', *, *, #4576, .F. ) ;
#1542 = DIRECTION ( 'NONE',  ( 3.491481338843133355E-15, -0.000000000000000000, -1.000000000000000000 ) ) ;
#1543 = PLANE ( 'NONE',  #4519 ) ;
#1544 = ORIENTED_EDGE ( 'NONE', *, *, #3398, .T. ) ;
#1545 = DIRECTION ( 'NONE',  ( 1.000000000000000000, 0.000000000000000000, 3.491481338843133355E-15 ) ) ;
#1546 =( BOUNDED_CURVE ( )  B_SPLINE_CURVE ( 3, ( #620, #993, #1343, #1768 ),
 .UNSPECIFIED., .F., .T. ) 
 B_SPLINE_CURVE_WITH_KNOTS ( ( 4, 4 ),
 ( -5.329070518200751394E-15, 0.01507913049648192637 ),
 .UNSPECIFIED. ) 
 CURVE ( )  GEOMETRIC_REPRESENTATION_ITEM ( )  RATIONAL_B_SPLINE_CURVE ( ( 1.000000000000000000, 0.9999810517417155875, 0.9999810517417155875, 1.000000000000000000 ) ) 
 REPRESENTATION_ITEM ( '' )  );
#1547 = VECTOR ( 'NONE', #784, 1000.000000000000000 ) ;
#1548 = AXIS2_PLACEMENT_3D ( 'NONE', #1897, #1873, #5081 ) ;
#1549 = VERTEX_POINT ( 'NONE', #4827 ) ;
#1550 = MECHANICAL_DESIGN_GEOMETRIC_PRESENTATION_REPRESENTATION (  '', ( #3376 ), #4920 ) ;
#1551 = DIRECTION ( 'NONE',  ( 1.000000000000000000, 0.000000000000000000, 3.490873299220224071E-15 ) ) ;
#1552 = ADVANCED_FACE ( 'NONE', ( #3649 ), #1243, .T. ) ;
#1553 = EDGE_CURVE ( 'NONE', #1172, #1003, #3747, .T. ) ;
#1554 = CARTESIAN_POINT ( 'NONE',  ( -1.401005270604410047, 0.7150214922843565191, 1.499996210330385882 ) ) ;
#1555 = CARTESIAN_POINT ( 'NONE',  ( -1.766236478227164897, 0.4354762614973970436, -1.132500000000005391 ) ) ;
#1556 = DIRECTION ( 'NONE',  ( 0.000000000000000000, -1.000000000000000000, 0.000000000000000000 ) ) ;
#1557 = PLANE ( 'NONE',  #4209 ) ;
#1558 = CARTESIAN_POINT ( 'NONE',  ( 1.400000000000002576, 0.7150000000000005240, -1.499999999999996669 ) ) ;
#1559 = ORIENTED_EDGE ( 'NONE', *, *, #3512, .F. ) ;
#1560 = LINE ( 'NONE', #391, #3858 ) ;
#1561 = DIRECTION ( 'NONE',  ( 3.491481338843133355E-15, -0.000000000000000000, -1.000000000000000000 ) ) ;
#1562 = VECTOR ( 'NONE', #5035, 1000.000000000000000 ) ;
#1563 = DIRECTION ( 'NONE',  ( -1.000000000000000000, 0.000000000000000000, -3.563761483675499266E-15 ) ) ;
#1564 = EDGE_CURVE ( 'NONE', #258, #2343, #760, .T. ) ;
#1565 = LINE ( 'NONE', #3174, #2040 ) ;
#1566 = DIRECTION ( 'NONE',  ( -1.000000000000000000, 0.000000000000000000, -3.491481338843133355E-15 ) ) ;
#1567 = VERTEX_POINT ( 'NONE', #2578 ) ;
#1568 = DIRECTION ( 'NONE',  ( 0.000000000000000000, 1.000000000000000000, 0.000000000000000000 ) ) ;
#1569 = EDGE_CURVE ( 'NONE', #2539, #1023, #4146, .T. ) ;
#1570 = ORIENTED_EDGE ( 'NONE', *, *, #3278, .F. ) ;
#1571 = EDGE_CURVE ( 'NONE', #1003, #2994, #3730, .T. ) ;
#1572 = ORIENTED_EDGE ( 'NONE', *, *, #901, .F. ) ;
#1573 = CARTESIAN_POINT ( 'NONE',  ( -2.168334719776551900, 0.1992574841279680098, 1.132499999999993179 ) ) ;
#1574 = LINE ( 'NONE', #2470, #2081 ) ;
#1575 = ORIENTED_EDGE ( 'NONE', *, *, #1859, .F. ) ;
#1576 = CARTESIAN_POINT ( 'NONE',  ( 1.499999999999994449, 0.5350000000000005862, 1.400000000000003686 ) ) ;
#1577 = VECTOR ( 'NONE', #2076, 1000.000000000000000 ) ;
#1578 = ORIENTED_EDGE ( 'NONE', *, *, #84, .T. ) ;
#1579 = CARTESIAN_POINT ( 'NONE',  ( 1.766236478227171558, 0.7150000000000005240, -0.8174999999999930100 ) ) ;
#1580 = DIRECTION ( 'NONE',  ( -2.840960035351830695E-15, -0.000000000000000000, 1.000000000000000000 ) ) ;
#1581 = LINE ( 'NONE', #836, #934 ) ;
#1582 = CYLINDRICAL_SURFACE ( 'NONE', #2510, 0.2795237385026033139 ) ;
#1583 = DIRECTION ( 'NONE',  ( 1.000000000000000000, 0.000000000000000000, 3.491481338843133355E-15 ) ) ;
#1584 = FACE_OUTER_BOUND ( 'NONE', #690, .T. ) ;
#1585 = ADVANCED_FACE ( 'NONE', ( #948 ), #2159, .F. ) ;
#1586 = ORIENTED_EDGE ( 'NONE', *, *, #533, .F. ) ;
#1587 = CYLINDRICAL_SURFACE ( 'NONE', #3191, 0.1000000000000000472 ) ;
#1588 = DIRECTION ( 'NONE',  ( -0.06975647374411932111, -0.9975640502598246417, -2.435534263410936221E-16 ) ) ;
#1589 = DIRECTION ( 'NONE',  ( -1.000000000000000000, 0.000000000000000000, -3.878748110244690170E-15 ) ) ;
#1590 = ORIENTED_EDGE ( 'NONE', *, *, #4092, .T. ) ;
#1591 = VERTEX_POINT ( 'NONE', #876 ) ;
#1592 = LINE ( 'NONE', #3259, #2199 ) ;
#1593 = AXIS2_PLACEMENT_3D ( 'NONE', #3765, #2100, #144 ) ;
#1594 = ORIENTED_EDGE ( 'NONE', *, *, #1918, .F. ) ;
#1595 = LINE ( 'NONE', #3629, #3533 ) ;
#1596 = CARTESIAN_POINT ( 'NONE',  ( -1.500000000000001332, 0.7150000000000005240, 0.1674999999999954303 ) ) ;
#1597 = EDGE_LOOP ( 'NONE', ( #4820, #4934, #3117, #5041 ) ) ;
#1598 = DIRECTION ( 'NONE',  ( 0.9848077530122080203, 0.1736481776669307198, 2.797799468812319737E-15 ) ) ;
#1599 = VECTOR ( 'NONE', #1273, 999.9999999999998863 ) ;
#1600 = EDGE_LOOP ( 'NONE', ( #4344, #423, #350, #805 ) ) ;
#1601 = CARTESIAN_POINT ( 'NONE',  ( 1.864248227513294998, 0.4527583773229743036, -0.8174999999999926770 ) ) ;
#1602 = AXIS2_PLACEMENT_3D ( 'NONE', #5019, #1413, #5079 ) ;
#1603 = SURFACE_STYLE_FILL_AREA ( #1629 ) ;
#1604 = CARTESIAN_POINT ( 'NONE',  ( 1.500000000000002442, 0.7150000000000005240, -0.4824999999999940448 ) ) ;
#1605 = EDGE_CURVE ( 'NONE', #1398, #4823, #4129, .T. ) ;
#1606 = VECTOR ( 'NONE', #4475, 1000.000000000000000 ) ;
#1607 = VECTOR ( 'NONE', #240, 1000.000000000000114 ) ;
#1608 = VERTEX_POINT ( 'NONE', #2936 ) ;
#1609 = CARTESIAN_POINT ( 'NONE',  ( 1.499999999999996669, 0.7150000000000005240, 1.132500000000005835 ) ) ;
#1610 = DIRECTION ( 'NONE',  ( -1.000000000000000000, 0.000000000000000000, -3.491481338843133355E-15 ) ) ;
#1611 = VERTEX_POINT ( 'NONE', #116 ) ;
#1612 = CARTESIAN_POINT ( 'NONE',  ( -1.500000000000002442, 0.5350000000000005862, 0.4824999999999954881 ) ) ;
#1613 = AXIS2_PLACEMENT_3D ( 'NONE', #4095, #3301, #2036 ) ;
#1614 = VECTOR ( 'NONE', #1455, 1000.000000000000000 ) ;
#1615 = CARTESIAN_POINT ( 'NONE',  ( 2.041513623055492666, 0.4840150493030218048, -0.8174999999999920108 ) ) ;
#1616 = ORIENTED_EDGE ( 'NONE', *, *, #2584, .T. ) ;
#1617 = FACE_OUTER_BOUND ( 'NONE', #3794, .T. ) ;
#1618 = ORIENTED_EDGE ( 'NONE', *, *, #1951, .T. ) ;
#1619 = FACE_OUTER_BOUND ( 'NONE', #4371, .T. ) ;
#1620 = SURFACE_STYLE_FILL_AREA ( #1089 ) ;
#1621 = CARTESIAN_POINT ( 'NONE',  ( 1.446684924610728507, 1.017364817766692742, 1.348204149309517152 ) ) ;
#1622 = LINE ( 'NONE', #4733, #1187 ) ;
#1623 = ADVANCED_FACE ( 'NONE', ( #2109 ), #3795, .F. ) ;
#1624 = DIRECTION ( 'NONE',  ( 3.491481338843133355E-15, -0.000000000000000000, -1.000000000000000000 ) ) ;
#1625 = EDGE_CURVE ( 'NONE', #1901, #3492, #1004, .T. ) ;
#1626 = CARTESIAN_POINT ( 'NONE',  ( 2.437443834726057634, 7.647873938942688573E-19, 0.4825000000000092548 ) ) ;
#1627 = ORIENTED_EDGE ( 'NONE', *, *, #1924, .T. ) ;
#1628 = VERTEX_POINT ( 'NONE', #523 ) ;
#1629 = FILL_AREA_STYLE ('',( #2449 ) ) ;
#1630 = LINE ( 'NONE', #2741, #179 ) ;
#1631 = AXIS2_PLACEMENT_3D ( 'NONE', #4320, #562, #4190 ) ;
#1632 = DIRECTION ( 'NONE',  ( 3.491481338843133355E-15, -0.000000000000000000, -1.000000000000000000 ) ) ;
#1633 = FACE_OUTER_BOUND ( 'NONE', #2843, .T. ) ;
#1634 = CARTESIAN_POINT ( 'NONE',  ( 1.500000000000002665, 0.7150000000000005240, -1.499999999999996669 ) ) ;
#1635 = EDGE_CURVE ( 'NONE', #4509, #2521, #1295, .T. ) ;
#1636 = CARTESIAN_POINT ( 'NONE',  ( 1.766236478227172668, 0.4354762614973970436, -1.132499999999993401 ) ) ;
#1637 = CARTESIAN_POINT ( 'NONE',  ( 2.437443834726062963, 7.647873938942688573E-19, -1.132499999999990958 ) ) ;
#1638 = ORIENTED_EDGE ( 'NONE', *, *, #3512, .T. ) ;
#1639 = DIRECTION ( 'NONE',  ( -0.000000000000000000, -1.000000000000000000, 0.000000000000000000 ) ) ;
#1640 = EDGE_CURVE ( 'NONE', #1888, #1901, #471, .T. ) ;
#1641 = CARTESIAN_POINT ( 'NONE',  ( -1.500000000000002442, 0.7150000000000005240, 0.4824999999999954881 ) ) ;
#1642 = DIRECTION ( 'NONE',  ( -0.06975647374411789170, 0.9975640502598247528, -2.435534263410885439E-16 ) ) ;
#1643 = ORIENTED_EDGE ( 'NONE', *, *, #4825, .F. ) ;
#1644 = FACE_OUTER_BOUND ( 'NONE', #252, .T. ) ;
#1645 = ORIENTED_EDGE ( 'NONE', *, *, #3172, .F. ) ;
#1646 = DIRECTION ( 'NONE',  ( 1.000000000000000000, -4.072327652863561712E-16, 3.491481338843133355E-15 ) ) ;
#1647 = CARTESIAN_POINT ( 'NONE',  ( -1.499988631206600864, 0.7150644756313485617, 1.401507855905369748 ) ) ;
#1648 = PRESENTATION_STYLE_ASSIGNMENT (( #2072 ) ) ;
#1649 = FACE_OUTER_BOUND ( 'NONE', #4227, .T. ) ;
#1650 = EDGE_CURVE ( 'NONE', #1549, #483, #2958, .T. ) ;
#1651 = AXIS2_PLACEMENT_3D ( 'NONE', #3409, #1002, #650 ) ;
#1652 = CARTESIAN_POINT ( 'NONE',  ( 1.766236478227169560, 0.5350000000000004752, -0.1674999999999930711 ) ) ;
#1653 = LINE ( 'NONE', #3264, #4596 ) ;
#1654 = ORIENTED_EDGE ( 'NONE', *, *, #2041, .T. ) ;
#1655 = DIRECTION ( 'NONE',  ( -1.000000000000000000, 0.000000000000000000, -3.540519190289171499E-15 ) ) ;
#1656 = EDGE_CURVE ( 'NONE', #238, #1510, #2140, .T. ) ;
#1657 = FACE_OUTER_BOUND ( 'NONE', #1937, .T. ) ;
#1658 = ADVANCED_FACE ( 'NONE', ( #3752 ), #1320, .T. ) ;
#1659 = EDGE_CURVE ( 'NONE', #2314, #1382, #968, .T. ) ;
#1660 = EDGE_CURVE ( 'NONE', #1705, #2015, #331, .T. ) ;
#1661 = ORIENTED_EDGE ( 'NONE', *, *, #3432, .F. ) ;
#1662 = DIRECTION ( 'NONE',  ( -1.000000000000000000, 0.000000000000000000, -3.491481338843133355E-15 ) ) ;
#1663 = CIRCLE ( 'NONE', #390, 0.1000000000000000472 ) ;
#1664 = LINE ( 'NONE', #2417, #1091 ) ;
#1665 = LINE ( 'NONE', #3223, #4743 ) ;
#1666 = CARTESIAN_POINT ( 'NONE',  ( -1.864248227513296108, 0.4527583773229743036, 1.132499999999994289 ) ) ;
#1667 =( LENGTH_UNIT ( ) NAMED_UNIT ( * ) SI_UNIT ( .MILLI., .METRE. ) );
#1668 = ORIENTED_EDGE ( 'NONE', *, *, #2986, .F. ) ;
#1669 = CARTESIAN_POINT ( 'NONE',  ( -1.899999999999996358, 0.2500000000000000000, -1.132500000000006057 ) ) ;
#1670 = AXIS2_PLACEMENT_3D ( 'NONE', #2774, #2340, #3164 ) ;
#1671 = ADVANCED_FACE ( 'NONE', ( #93 ), #1694, .F. ) ;
#1672 = DIRECTION ( 'NONE',  ( 3.491481338843133355E-15, -0.000000000000000000, -1.000000000000000000 ) ) ;
#1673 = ORIENTED_EDGE ( 'NONE', *, *, #1843, .T. ) ;
#1674 = VERTEX_POINT ( 'NONE', #3348 ) ;
#1675 = CARTESIAN_POINT ( 'NONE',  ( 1.400502642445345503, 0.7150000000000046319, 1.500000000000003331 ) ) ;
#1676 = CARTESIAN_POINT ( 'NONE',  ( -0.9999999999999970024, 0.9999999999999995559, -1.000000000000005329 ) ) ;
#1677 = FACE_OUTER_BOUND ( 'NONE', #3885, .T. ) ;
#1678 = MECHANICAL_DESIGN_GEOMETRIC_PRESENTATION_REPRESENTATION (  '', ( #4069 ), #1164 ) ;
#1679 = PLANE ( 'NONE',  #580 ) ;
#1680 = EDGE_CURVE ( 'NONE', #2234, #2115, #4504, .T. ) ;
#1681 = DIRECTION ( 'NONE',  ( -0.1736481776669291655, 0.9848077530122082424, -6.062893718482001780E-16 ) ) ;
#1682 = ORIENTED_EDGE ( 'NONE', *, *, #2522, .F. ) ;
#1683 = VERTEX_POINT ( 'NONE', #4898 ) ;
#1684 = VECTOR ( 'NONE', #2472, 1000.000000000000000 ) ;
#1685 = PLANE ( 'NONE',  #320 ) ;
#1686 = DIRECTION ( 'NONE',  ( 0.9975640502598247528, -0.06975647374411790558, 3.482976265782951873E-15 ) ) ;
#1687 = AXIS2_PLACEMENT_3D ( 'NONE', #1850, #2996, #3805 ) ;
#1688 = EDGE_LOOP ( 'NONE', ( #1896, #3655, #470, #743 ) ) ;
#1689 = DIRECTION ( 'NONE',  ( -4.336808689942018525E-15, -0.1736481776669308863, 0.9848077530122077983 ) ) ;
#1690 = DIRECTION ( 'NONE',  ( 0.06975647374411775292, 0.9975640502598247528, 2.435534263410881001E-16 ) ) ;
#1691 = VECTOR ( 'NONE', #924, 1000.000000000000114 ) ;
#1692 = DIRECTION ( 'NONE',  ( 1.000000000000000000, 0.000000000000000000, 0.000000000000000000 ) ) ;
#1693 = EDGE_LOOP ( 'NONE', ( #3047, #3317, #1322, #476, #3478, #4560 ) ) ;
#1694 = PLANE ( 'NONE',  #1514 ) ;
#1695 = DIRECTION ( 'NONE',  ( 1.000000000000000000, 0.000000000000000000, 3.491481338843133355E-15 ) ) ;
#1696 = VECTOR ( 'NONE', #4023, 1000.000000000000114 ) ;
#1697 = ORIENTED_EDGE ( 'NONE', *, *, #1764, .T. ) ;
#1698 = CARTESIAN_POINT ( 'NONE',  ( -1.500000000000001332, 0.5350000000000005862, 0.1674999999999954303 ) ) ;
#1699 = CARTESIAN_POINT ( 'NONE',  ( 1.766236478227168227, 0.4354762614973970436, 0.1675000000000068379 ) ) ;
#1700 = CIRCLE ( 'NONE', #4467, 0.1000000000000000472 ) ;
#1701 = ORIENTED_EDGE ( 'NONE', *, *, #2986, .T. ) ;
#1702 = DIRECTION ( 'NONE',  ( 1.000000000000000000, 0.000000000000000000, 3.491481338843133355E-15 ) ) ;
#1703 = VECTOR ( 'NONE', #4875, 1000.000000000000000 ) ;
#1704 = DIRECTION ( 'NONE',  ( 0.000000000000000000, -1.000000000000000000, 0.000000000000000000 ) ) ;
#1705 = VERTEX_POINT ( 'NONE', #3987 ) ;
#1706 = ORIENTED_EDGE ( 'NONE', *, *, #1169, .F. ) ;
#1707 = ADVANCED_FACE ( 'NONE', ( #2272 ), #3495, .F. ) ;
#1708 = CARTESIAN_POINT ( 'NONE',  ( 1.766236478227169560, 0.4354762614973970436, -0.1674999999999930711 ) ) ;
#1710 = VECTOR ( 'NONE', #3273, 1000.000000000000114 ) ;
#1709 = DIRECTION ( 'NONE',  ( -1.000000000000000000, 0.000000000000000000, -3.491481338843133355E-15 ) ) ;
#1711 = EDGE_CURVE ( 'NONE', #3777, #2629, #8, .T. ) ;
#1712 = VERTEX_POINT ( 'NONE', #4526 ) ;
#1713 = DIRECTION ( 'NONE',  ( -3.491481338843133355E-15, 0.000000000000000000, 1.000000000000000000 ) ) ;
#1714 = ORIENTED_EDGE ( 'NONE', *, *, #3118, .T. ) ;
#1715 = CARTESIAN_POINT ( 'NONE',  ( -2.168334719776544794, 0.1992574841279680098, -0.8175000000000067768 ) ) ;
#1716 = EDGE_CURVE ( 'NONE', #2495, #2725, #635, .T. ) ;
#1717 = CARTESIAN_POINT ( 'NONE',  ( -2.077265395542200910, 0.2812566719800474457, 0.8174999999999933431 ) ) ;
#1718 = EDGE_CURVE ( 'NONE', #953, #1069, #4189, .T. ) ;
#1719 = LINE ( 'NONE', #971, #1085 ) ;
#1720 = AXIS2_PLACEMENT_3D ( 'NONE', #1609, #1556, #1583 ) ;
#1721 = ORIENTED_EDGE ( 'NONE', *, *, #172, .F. ) ;
#1722 = CARTESIAN_POINT ( 'NONE',  ( 2.155778554502609801, 0.01969595508119942329, -0.8174999999999917888 ) ) ;
#1723 = EDGE_LOOP ( 'NONE', ( #3176, #4482, #4280, #4998 ) ) ;
#1724 = CARTESIAN_POINT ( 'NONE',  ( -2.041513623055492666, 0.4840150493030218048, 0.8174999999999934541 ) ) ;
#1725 =( NAMED_UNIT ( * ) PLANE_ANGLE_UNIT ( ) SI_UNIT ( $, .RADIAN. ) );
#1726 = PLANE ( 'NONE',  #4964 ) ;
#1727 = EDGE_CURVE ( 'NONE', #4417, #2629, #2226, .T. ) ;
#1728 = DIRECTION ( 'NONE',  ( 0.000000000000000000, 1.000000000000000000, 0.000000000000000000 ) ) ;
#1729 = FACE_OUTER_BOUND ( 'NONE', #289, .T. ) ;
#1730 = ORIENTED_EDGE ( 'NONE', *, *, #4445, .T. ) ;
#1731 = CARTESIAN_POINT ( 'NONE',  ( 2.077265395542198689, 0.2812566719800473902, -0.4824999999999920464 ) ) ;
#1732 = LINE ( 'NONE', #108, #994 ) ;
#1733 = VECTOR ( 'NONE', #1079, 1000.000000000000000 ) ;
#1734 = EDGE_LOOP ( 'NONE', ( #2077, #2321, #504, #2382 ) ) ;
#1735 = DIRECTION ( 'NONE',  ( -0.9848077530122079093, 0.1736481776669313026, -3.438437891990161861E-15 ) ) ;
#1736 = CARTESIAN_POINT ( 'NONE',  ( 1.500000000000003553, 0.7150000000000005240, -0.8174999999999940092 ) ) ;
#1737 = EDGE_CURVE ( 'NONE', #159, #953, #2954, .T. ) ;
#1738 = VERTEX_POINT ( 'NONE', #3093 ) ;
#1739 = DIRECTION ( 'NONE',  ( 0.000000000000000000, -1.000000000000000000, 0.000000000000000000 ) ) ;
#1740 = DIRECTION ( 'NONE',  ( -1.000000000000000000, 0.000000000000000000, -4.336808689942015369E-15 ) ) ;
#1741 = DIRECTION ( 'NONE',  ( 3.491481338843133355E-15, -0.000000000000000000, -1.000000000000000000 ) ) ;
#1742 = ADVANCED_FACE ( 'NONE', ( #1086 ), #1439, .T. ) ;
#1743 = ORIENTED_EDGE ( 'NONE', *, *, #4009, .T. ) ;
#1744 = VECTOR ( 'NONE', #4287, 1000.000000000000000 ) ;
#1745 = ORIENTED_EDGE ( 'NONE', *, *, #3503, .F. ) ;
#1746 = DIRECTION ( 'NONE',  ( -0.1736481776669311639, -0.9848077530122079093, -6.062893718482070805E-16 ) ) ;
#1747 = CARTESIAN_POINT ( 'NONE',  ( -2.155778554502603583, 0.01969595508119942329, -0.8175000000000066658 ) ) ;
#1748 = LINE ( 'NONE', #4064, #4323 ) ;
#1749 = ORIENTED_EDGE ( 'NONE', *, *, #2296, .T. ) ;
#1750 = DIRECTION ( 'NONE',  ( -1.000000000000000000, 0.000000000000000000, -3.490873299220224071E-15 ) ) ;
#1751 = LINE ( 'NONE', #4843, #2181 ) ;
#1752 = ORIENTED_EDGE ( 'NONE', *, *, #4593, .T. ) ;
#1753 =( BOUNDED_CURVE ( )  B_SPLINE_CURVE ( 3, ( #1576, #5158, #4819, #3185 ),
 .UNSPECIFIED., .F., .F. ) 
 B_SPLINE_CURVE_WITH_KNOTS ( ( 4, 4 ),
 ( 3.141592653589792672, 3.156671784086281907 ),
 .UNSPECIFIED. ) 
 CURVE ( )  GEOMETRIC_REPRESENTATION_ITEM ( )  RATIONAL_B_SPLINE_CURVE ( ( 1.000000000000000000, 0.9999810517417154765, 0.9999810517417154765, 1.000000000000000000 ) ) 
 REPRESENTATION_ITEM ( '' )  );
#1754 = ADVANCED_FACE ( 'NONE', ( #3049 ), #689, .F. ) ;
#1755 = CIRCLE ( 'NONE', #2175, 0.1249999999999996808 ) ;
#1756 = VERTEX_POINT ( 'NONE', #3471 ) ;
#1757 = PRESENTATION_STYLE_ASSIGNMENT (( #2134 ) ) ;
#1758 = CARTESIAN_POINT ( 'NONE',  ( -1.348204149309513822, 0.9999999999999995559, -4.804678019440738806E-15 ) ) ;
#1759 = AXIS2_PLACEMENT_3D ( 'NONE', #3468, #1462, #4675 ) ;
#1760 = CARTESIAN_POINT ( 'NONE',  ( 1.864248227513290557, 0.4527583773229743036, 0.4825000000000072564 ) ) ;
#1761 = ORIENTED_EDGE ( 'NONE', *, *, #4738, .T. ) ;
#1762 = CARTESIAN_POINT ( 'NONE',  ( -2.175277144828318576, 0.2985387878056247613, -0.8175000000000067768 ) ) ;
#1763 = ADVANCED_FACE ( 'NONE', ( #4701 ), #2300, .F. ) ;
#1764 = EDGE_CURVE ( 'NONE', #2108, #206, #325, .T. ) ;
#1765 = CARTESIAN_POINT ( 'NONE',  ( -1.499999999999995337, 0.5350000000000005862, -1.500000000000005995 ) ) ;
#1766 = VECTOR ( 'NONE', #2532, 1000.000000000000114 ) ;
#1767 = CIRCLE ( 'NONE', #4971, 0.2795237385026035359 ) ;
#1768 = CARTESIAN_POINT ( 'NONE',  ( -1.401507855905370414, 0.7150644756313452310, -1.499988631206601530 ) ) ;
#1769 = VERTEX_POINT ( 'NONE', #401 ) ;
#1770 = PLANE ( 'NONE',  #2459 ) ;
#1771 = FACE_OUTER_BOUND ( 'NONE', #3147, .T. ) ;
#1772 = ORIENTED_EDGE ( 'NONE', *, *, #1097, .F. ) ;
#1773 = DIRECTION ( 'NONE',  ( -1.000000000000000000, 0.000000000000000000, -3.491481338843133355E-15 ) ) ;
#1774 = AXIS2_PLACEMENT_3D ( 'NONE', #4605, #2483, #4902 ) ;
#1775 = CARTESIAN_POINT ( 'NONE',  ( -1.499999999999995559, 0.5350000000000005862, -1.400000000000005906 ) ) ;
#1776 = VECTOR ( 'NONE', #5127, 1000.000000000000000 ) ;
#1777 = CARTESIAN_POINT ( 'NONE',  ( -1.766236478227170448, 0.4354762614973970436, 0.4824999999999945444 ) ) ;
#1778 = ORIENTED_EDGE ( 'NONE', *, *, #2041, .F. ) ;
#1779 = AXIS2_PLACEMENT_3D ( 'NONE', #3401, #4238, #626 ) ;
#1780 = AXIS2_PLACEMENT_3D ( 'NONE', #3998, #3312, #4404 ) ;
#1781 = CARTESIAN_POINT ( 'NONE',  ( 1.401507855905368416, 0.5349355243686523265, 1.499988631206599310 ) ) ;
#1782 = VERTEX_POINT ( 'NONE', #799 ) ;
#1783 = AXIS2_PLACEMENT_3D ( 'NONE', #3916, #310, #284 ) ;
#1784 = AXIS2_PLACEMENT_3D ( 'NONE', #4444, #2454, #4850 ) ;
#1785 = EDGE_CURVE ( 'NONE', #3453, #1608, #1595, .T. ) ;
#1786 = ADVANCED_FACE ( 'NONE', ( #2019 ), #2408, .F. ) ;
#1787 = ORIENTED_EDGE ( 'NONE', *, *, #3275, .F. ) ;
#1788 = ORIENTED_EDGE ( 'NONE', *, *, #374, .F. ) ;
#1789 = PRESENTATION_STYLE_ASSIGNMENT (( #1388 ) ) ;
#1790 = EDGE_CURVE ( 'NONE', #5201, #1738, #3947, .T. ) ;
#1791 = STYLED_ITEM ( 'NONE', ( #2455 ), #490 ) ;
#1792 = DIRECTION ( 'NONE',  ( -1.000000000000000000, 0.000000000000000000, -3.491481338843133355E-15 ) ) ;
#1793 = CARTESIAN_POINT ( 'NONE',  ( -2.175277144828318576, 0.2985387878056247613, -0.8175000000000067768 ) ) ;
#1794 = ORIENTED_EDGE ( 'NONE', *, *, #1270, .F. ) ;
#1795 = EDGE_CURVE ( 'NONE', #4818, #570, #3032, .T. ) ;
#1796 = DIRECTION ( 'NONE',  ( 0.1736481776669312749, 0.9848077530122079093, 6.062893718482074749E-16 ) ) ;
#1797 = FACE_OUTER_BOUND ( 'NONE', #2847, .T. ) ;
#1798 = CARTESIAN_POINT ( 'NONE',  ( 1.499988631206598200, 0.5349355243686558792, -1.401507855905371525 ) ) ;
#1799 = CYLINDRICAL_SURFACE ( 'NONE', #1779, 0.09999999999999997780 ) ;
#1800 = FACE_OUTER_BOUND ( 'NONE', #1154, .T. ) ;
#1801 = EDGE_LOOP ( 'NONE', ( #974, #1559, #1027, #1399 ) ) ;
#1802 = EDGE_LOOP ( 'NONE', ( #1493, #2760, #1451, #4266 ) ) ;
#1803 = EDGE_CURVE ( 'NONE', #3840, #4637, #4004, .T. ) ;
#1804 = FACE_OUTER_BOUND ( 'NONE', #4494, .T. ) ;
#1805 = CLOSED_SHELL ( 'NONE', ( #2027, #1895, #2379, #1812, #1763, #1623, #4524, #4608, #3770, #229, #3132, #5161, #4474, #2405 ) ) ;
#1806 = CARTESIAN_POINT ( 'NONE',  ( 1.432114112427235630, 1.099999999999999645, 1.348204149309517152 ) ) ;
#1807 = ORIENTED_EDGE ( 'NONE', *, *, #1093, .T. ) ;
#1808 = CARTESIAN_POINT ( 'NONE',  ( 2.175277144828317688, 0.2985387878056247613, 1.132500000000008278 ) ) ;
#1809 = ORIENTED_EDGE ( 'NONE', *, *, #2492, .F. ) ;
#1810 = COLOUR_RGB ( '',0.8000000000000000444, 0.8078431372549019773, 0.8000000000000000444 ) ;
#1811 = FACE_OUTER_BOUND ( 'NONE', #572, .T. ) ;
#1812 = ADVANCED_FACE ( 'NONE', ( #2815 ), #4034, .F. ) ;
#1813 = ORIENTED_EDGE ( 'NONE', *, *, #4513, .T. ) ;
#1814 = ORIENTED_EDGE ( 'NONE', *, *, #4443, .F. ) ;
#1815 = EDGE_CURVE ( 'NONE', #3251, #5171, #4839, .T. ) ;
#1816 = EDGE_CURVE ( 'NONE', #1314, #2099, #3180, .T. ) ;
#1817 = DIRECTION ( 'NONE',  ( -1.000000000000000000, 1.232595164407830946E-32, -3.130080614681298281E-15 ) ) ;
#1818 = EDGE_CURVE ( 'NONE', #1608, #1611, #4784, .T. ) ;
#1819 = EDGE_CURVE ( 'NONE', #3525, #4885, #1174, .T. ) ;
#1820 = ORIENTED_EDGE ( 'NONE', *, *, #5063, .F. ) ;
#1821 = DIRECTION ( 'NONE',  ( 3.491481338843133355E-15, -0.000000000000000000, -1.000000000000000000 ) ) ;
#1822 = DIRECTION ( 'NONE',  ( 3.491481338843133355E-15, -0.000000000000000000, -1.000000000000000000 ) ) ;
#1823 = CARTESIAN_POINT ( 'NONE',  ( 2.175277144828325238, 0.2985387878056247613, -1.132499999999991847 ) ) ;
#1824 = ORIENTED_EDGE ( 'NONE', *, *, #3246, .F. ) ;
#1825 = LINE ( 'NONE', #3425, #4001 ) ;
#1826 = ORIENTED_EDGE ( 'NONE', *, *, #2304, .F. ) ;
#1827 = DIRECTION ( 'NONE',  ( 3.491481338843133355E-15, -0.000000000000000000, -1.000000000000000000 ) ) ;
#1828 = VERTEX_POINT ( 'NONE', #1573 ) ;
#1829 = AXIS2_PLACEMENT_3D ( 'NONE', #3624, #2462, #2860 ) ;
#1830 = CARTESIAN_POINT ( 'NONE',  ( -1.446684924610739165, 1.017364817766692742, 1.348204149309508049 ) ) ;
#1831 = DIRECTION ( 'NONE',  ( -1.000000000000000000, 0.000000000000000000, -3.469446951953622866E-15 ) ) ;
#1832 = ORIENTED_EDGE ( 'NONE', *, *, #3134, .T. ) ;
#1833 = EDGE_LOOP ( 'NONE', ( #4175, #3435 ) ) ;
#1834 = LINE ( 'NONE', #2648, #4703 ) ;
#1835 = AXIS2_PLACEMENT_3D ( 'NONE', #3560, #3507, #5143 ) ;
#1836 = EDGE_CURVE ( 'NONE', #3949, #4053, #718, .T. ) ;
#1837 = ORIENTED_EDGE ( 'NONE', *, *, #4177, .T. ) ;
#1838 = CARTESIAN_POINT ( 'NONE',  ( 0.7124999999999970246, 0.2500000000000004996, 0.8800000000000026690 ) ) ;
#1839 = VERTEX_POINT ( 'NONE', #3663 ) ;
#1840 = LINE ( 'NONE', #5048, #3635 ) ;
#1841 = DIRECTION ( 'NONE',  ( -1.000000000000000000, 0.000000000000000000, -3.491481338843133355E-15 ) ) ;
#1842 = ORIENTED_EDGE ( 'NONE', *, *, #4654, .F. ) ;
#1843 = EDGE_CURVE ( 'NONE', #1438, #2539, #4672, .T. ) ;
#1844 = ORIENTED_EDGE ( 'NONE', *, *, #1270, .T. ) ;
#1845 = PLANE ( 'NONE',  #5020 ) ;
#1846 = AXIS2_PLACEMENT_3D ( 'NONE', #2951, #2524, #79 ) ;
#1847 = ORIENTED_EDGE ( 'NONE', *, *, #1816, .T. ) ;
#1848 = UNCERTAINTY_MEASURE_WITH_UNIT (LENGTH_MEASURE( 1.000000000000000082E-05 ), #480, 'distance_accuracy_value', 'NONE');
#1849 = EDGE_LOOP ( 'NONE', ( #3700, #70, #4157, #1405 ) ) ;
#1850 = CARTESIAN_POINT ( 'NONE',  ( 1.766236478227167117, 0.4354762614973970436, 0.4825000000000069234 ) ) ;
#1851 = VECTOR ( 'NONE', #3189, 1000.000000000000000 ) ;
#1852 = CARTESIAN_POINT ( 'NONE',  ( 1.316588683777438984, 0.05333496734249233706, -1.415069459078654335 ) ) ;
#1853 = LINE ( 'NONE', #3433, #87 ) ;
#1854 = DIRECTION ( 'NONE',  ( 3.491481338843133355E-15, -0.000000000000000000, -1.000000000000000000 ) ) ;
#1855 = ORIENTED_EDGE ( 'NONE', *, *, #2837, .F. ) ;
#1856 = DIRECTION ( 'NONE',  ( 3.491481338843133355E-15, 0.000000000000000000, -1.000000000000000000 ) ) ;
#1857 = ORIENTED_EDGE ( 'NONE', *, *, #2265, .F. ) ;
#1858 = CIRCLE ( 'NONE', #2530, 0.1000000000000000472 ) ;
#1859 = EDGE_CURVE ( 'NONE', #3863, #1298, #378, .T. ) ;
#1860 = AXIS2_PLACEMENT_3D ( 'NONE', #2277, #3052, #3883 ) ;
#1861 = PLANE ( 'NONE',  #2794 ) ;
#1862 = VECTOR ( 'NONE', #4581, 1000.000000000000114 ) ;
#1863 = VERTEX_POINT ( 'NONE', #2786 ) ;
#1864 = PRODUCT_DEFINITION ( 'UNKNOWN', '', #2281, #1109 ) ;
#1865 = DIRECTION ( 'NONE',  ( 0.9975640502598246417, -0.06975647374411932111, 3.482976265782951478E-15 ) ) ;
#1866 = ORIENTED_EDGE ( 'NONE', *, *, #4443, .T. ) ;
#1867 = ADVANCED_FACE ( 'NONE', ( #2327 ), #3923, .T. ) ;
#1868 = AXIS2_PLACEMENT_3D ( 'NONE', #1793, #2715, #1522 ) ;
#1869 = EDGE_CURVE ( 'NONE', #4197, #5103, #1226, .T. ) ;
#1870 = AXIS2_PLACEMENT_3D ( 'NONE', #344, #3561, #1563 ) ;
#1871 = ORIENTED_EDGE ( 'NONE', *, *, #2201, .T. ) ;
#1872 = AXIS2_PLACEMENT_3D ( 'NONE', #839, #757, #2371 ) ;
#1873 = DIRECTION ( 'NONE',  ( 3.491481338843133355E-15, -0.000000000000000000, -1.000000000000000000 ) ) ;
#1874 = DIRECTION ( 'NONE',  ( 3.491481338843133355E-15, -0.000000000000000000, -1.000000000000000000 ) ) ;
#1875 = VERTEX_POINT ( 'NONE', #1993 ) ;
#1876 = CARTESIAN_POINT ( 'NONE',  ( -2.450000000000000622, 0.1795615290467685032, 0.1674999999999920997 ) ) ;
#1877 = DIRECTION ( 'NONE',  ( -1.000000000000000000, -0.000000000000000000, -3.202360759513665375E-15 ) ) ;
#1878 = ORIENTED_EDGE ( 'NONE', *, *, #1605, .T. ) ;
#1879 = DIRECTION ( 'NONE',  ( -0.1710878697460352649, -0.9702875252478139201, -0.1710878697460364584 ) ) ;
#1880 = ORIENTED_EDGE ( 'NONE', *, *, #3743, .T. ) ;
#1881 = EDGE_CURVE ( 'NONE', #2069, #3041, #4913, .T. ) ;
#1882 = APPLICATION_CONTEXT ( 'automotive_design' ) ;
#1883 = DIRECTION ( 'NONE',  ( 3.491481338843133355E-15, -0.000000000000000000, -1.000000000000000000 ) ) ;
#1884 = EDGE_CURVE ( 'NONE', #3307, #2573, #4137, .T. ) ;
#1885 = DIRECTION ( 'NONE',  ( -0.1710878697460363196, -0.9702875252478136980, 0.1710878697460352926 ) ) ;
#1886 = CARTESIAN_POINT ( 'NONE',  ( 1.500000000000002665, 0.5350000000000005862, -1.499999999999996669 ) ) ;
#1887 = DIRECTION ( 'NONE',  ( 0.000000000000000000, 1.000000000000000000, 0.000000000000000000 ) ) ;
#1888 = VERTEX_POINT ( 'NONE', #1286 ) ;
#1889 = EDGE_LOOP ( 'NONE', ( #2941, #4987, #4150, #1105, #2700, #1127 ) ) ;
#1890 = DIRECTION ( 'NONE',  ( 3.491481338843133355E-15, 0.000000000000000000, -1.000000000000000000 ) ) ;
#1891 = DIRECTION ( 'NONE',  ( 3.491481338843133355E-15, 0.000000000000000000, -1.000000000000000000 ) ) ;
#1892 = DIRECTION ( 'NONE',  ( 0.000000000000000000, -1.000000000000000000, 0.000000000000000000 ) ) ;
#1893 = ORIENTED_EDGE ( 'NONE', *, *, #3493, .T. ) ;
#1894 = CARTESIAN_POINT ( 'NONE',  ( 2.175277144828325238, 0.2985387878056247613, -1.132499999999991847 ) ) ;
#1895 = ADVANCED_FACE ( 'NONE', ( #532 ), #3688, .F. ) ;
#1896 = ORIENTED_EDGE ( 'NONE', *, *, #3278, .T. ) ;
#1897 = CARTESIAN_POINT ( 'NONE',  ( -1.766236478227168227, 0.4354762614973970436, -0.1675000000000054223 ) ) ;
#1898 = ADVANCED_FACE ( 'NONE', ( #2148 ), #3763, .T. ) ;
#1899 = CARTESIAN_POINT ( 'NONE',  ( -1.499999999999997780, 0.7150000000000005240, -0.8175000000000044453 ) ) ;
#1900 = AXIS2_PLACEMENT_3D ( 'NONE', #772, #4349, #2383 ) ;
#1901 = VERTEX_POINT ( 'NONE', #2925 ) ;
#1902 = DIRECTION ( 'NONE',  ( -3.491481338843133355E-15, 0.000000000000000000, 1.000000000000000000 ) ) ;
#1903 = ORIENTED_EDGE ( 'NONE', *, *, #4591, .T. ) ;
#1904 = LINE ( 'NONE', #268, #4093 ) ;
#1905 = CARTESIAN_POINT ( 'NONE',  ( -0.9999999999999970024, 0.9999999999999995559, -1.000000000000005329 ) ) ;
#1906 = DIRECTION ( 'NONE',  ( -0.1736481776669313026, 0.9848077530122079093, -6.062893718482075735E-16 ) ) ;
#1907 = VERTEX_POINT ( 'NONE', #1652 ) ;
#1908 = LINE ( 'NONE', #1536, #3692 ) ;
#1909 = ORIENTED_EDGE ( 'NONE', *, *, #2355, .T. ) ;
#1910 = CARTESIAN_POINT ( 'NONE',  ( 2.175277144828321685, 0.2985387878056247613, -0.1674999999999916556 ) ) ;
#1911 = ORIENTED_EDGE ( 'NONE', *, *, #3499, .F. ) ;
#1912 = CARTESIAN_POINT ( 'NONE',  ( -2.175277144828318576, 0.2985387878056247613, -0.8175000000000067768 ) ) ;
#1913 = DIRECTION ( 'NONE',  ( -0.1736481776669313026, -0.9848077530122079093, -6.062893718482075735E-16 ) ) ;
#1914 = EDGE_LOOP ( 'NONE', ( #2804, #4393, #2176, #2045 ) ) ;
#1915 = VECTOR ( 'NONE', #4198, 1000.000000000000000 ) ;
#1916 = DIRECTION ( 'NONE',  ( 3.491481338843133355E-15, -0.000000000000000000, -1.000000000000000000 ) ) ;
#1917 = DIRECTION ( 'NONE',  ( -1.000000000000000000, 4.072327652863561712E-16, -3.491481338843133355E-15 ) ) ;
#1918 = EDGE_CURVE ( 'NONE', #3733, #536, #4538, .T. ) ;
#1919 = CARTESIAN_POINT ( 'NONE',  ( 1.348204149309507605, 0.9999999999999995559, 1.348204149309516930 ) ) ;
#1920 = ORIENTED_EDGE ( 'NONE', *, *, #2044, .T. ) ;
#1921 = LINE ( 'NONE', #5133, #2962 ) ;
#1922 = EDGE_LOOP ( 'NONE', ( #4151, #1115, #3380, #3631 ) ) ;
#1923 = DIRECTION ( 'NONE',  ( 3.491481338843133355E-15, -0.000000000000000000, -1.000000000000000000 ) ) ;
#1924 = EDGE_CURVE ( 'NONE', #3758, #3836, #141, .T. ) ;
#1925 = ORIENTED_EDGE ( 'NONE', *, *, #3129, .T. ) ;
#1926 = PRESENTATION_LAYER_ASSIGNMENT (  '', '', ( #1171 ) ) ;
#1927 = DIRECTION ( 'NONE',  ( 0.000000000000000000, -1.000000000000000000, 0.000000000000000000 ) ) ;
#1928 = AXIS2_PLACEMENT_3D ( 'NONE', #4918, #831, #3745 ) ;
#1929 = LINE ( 'NONE', #3901, #539 ) ;
#1930 = EDGE_LOOP ( 'NONE', ( #1248, #1160, #2895, #4010 ) ) ;
#1931 = ORIENTED_EDGE ( 'NONE', *, *, #1635, .T. ) ;
#1932 = CARTESIAN_POINT ( 'NONE',  ( -1.766236478227172668, 0.5350000000000004752, 1.132499999999994511 ) ) ;
#1933 = CARTESIAN_POINT ( 'NONE',  ( 1.766236478227167117, 0.4354762614973970436, 0.4825000000000069234 ) ) ;
#1934 = CARTESIAN_POINT ( 'NONE',  ( 1.766236478227166007, 0.4354762614973970436, 0.8175000000000067768 ) ) ;
#1935 = DIRECTION ( 'NONE',  ( -3.614686131171031945E-15, 0.000000000000000000, 1.000000000000000000 ) ) ;
#1936 = CARTESIAN_POINT ( 'NONE',  ( 1.766236478227164897, 0.4354762614973970436, 1.132500000000006724 ) ) ;
#1937 = EDGE_LOOP ( 'NONE', ( #1486, #899, #3404, #4235 ) ) ;
#1938 = EDGE_CURVE ( 'NONE', #77, #3833, #2900, .T. ) ;
#1939 = DIRECTION ( 'NONE',  ( 0.1710878697460353204, 0.9702875252478136980, 0.1710878697460364029 ) ) ;
#1940 = EDGE_CURVE ( 'NONE', #3856, #522, #1748, .T. ) ;
#1941 = AXIS2_PLACEMENT_3D ( 'NONE', #4794, #3584, #1551 ) ;
#1942 = CIRCLE ( 'NONE', #256, 0.1000000000000000472 ) ;
#1943 = VECTOR ( 'NONE', #2706, 1000.000000000000000 ) ;
#1944 = ORIENTED_EDGE ( 'NONE', *, *, #1397, .T. ) ;
#1945 = SURFACE_SIDE_STYLE ('',( #2391 ) ) ;
#1946 = EDGE_CURVE ( 'NONE', #4036, #2793, #1329, .T. ) ;
#1947 = DIRECTION ( 'NONE',  ( 0.9848077530122077983, 0.1736481776669308863, 4.336808689942018525E-15 ) ) ;
#1948 = AXIS2_PLACEMENT_3D ( 'NONE', #571, #2893, #881 ) ;
#1949 = VECTOR ( 'NONE', #3563, 1000.000000000000000 ) ;
#1950 = DIRECTION ( 'NONE',  ( 2.168404344971007685E-15, 1.084202172485503842E-15, -1.000000000000000000 ) ) ;
#1951 = EDGE_CURVE ( 'NONE', #206, #765, #892, .T. ) ;
#1952 = DIRECTION ( 'NONE',  ( -1.000000000000000000, 0.000000000000000000, -3.490873299220224071E-15 ) ) ;
#1953 = CARTESIAN_POINT ( 'NONE',  ( -2.450000000000000622, 0.1795615290467685032, 0.1674999999999920997 ) ) ;
#1954 = EDGE_CURVE ( 'NONE', #3558, #4938, #4956, .T. ) ;
#1955 = DIRECTION ( 'NONE',  ( -1.000000000000000000, 0.000000000000000000, -3.491481338843133355E-15 ) ) ;
#1956 = ORIENTED_EDGE ( 'NONE', *, *, #3767, .F. ) ;
#1957 = CARTESIAN_POINT ( 'NONE',  ( 2.175277144828323017, 0.2985387878056247613, -0.4824999999999917133 ) ) ;
#1958 = VECTOR ( 'NONE', #1001, 1000.000000000000000 ) ;
#1959 = DIRECTION ( 'NONE',  ( 0.1736481776669291655, -0.9848077530122082424, 6.062893718482001780E-16 ) ) ;
#1960 = DIRECTION ( 'NONE',  ( -0.9975640502598247528, -0.06975647374411818313, -3.482976265782951873E-15 ) ) ;
#1961 = ORIENTED_EDGE ( 'NONE', *, *, #1954, .T. ) ;
#1962 = CARTESIAN_POINT ( 'NONE',  ( 1.446684924610736056, 0.2326351822333074526, -1.348204149309509603 ) ) ;
#1963 = ORIENTED_EDGE ( 'NONE', *, *, #2192, .F. ) ;
#1964 = FACE_OUTER_BOUND ( 'NONE', #3359, .T. ) ;
#1965 = LINE ( 'NONE', #3659, #1418 ) ;
#1966 = EDGE_LOOP ( 'NONE', ( #4006, #2681, #896, #3082 ) ) ;
#1967 = CARTESIAN_POINT ( 'NONE',  ( -2.077265395542197357, 0.2812566719800474457, -0.1675000000000065048 ) ) ;
#1968 = CYLINDRICAL_SURFACE ( 'NONE', #2162, 0.2795237385026033139 ) ;
#1969 = ORIENTED_EDGE ( 'NONE', *, *, #636, .T. ) ;
#1970 = DIRECTION ( 'NONE',  ( 1.000000000000000000, 0.000000000000000000, 3.491481338843133355E-15 ) ) ;
#1971 = CIRCLE ( 'NONE', #363, 0.09952373850260348709 ) ;
#1972 = EDGE_LOOP ( 'NONE', ( #2609, #3035, #219, #2264 ) ) ;
#1973 = VECTOR ( 'NONE', #989, 1000.000000000000000 ) ;
#1974 =( GEOMETRIC_REPRESENTATION_CONTEXT ( 3 ) GLOBAL_UNCERTAINTY_ASSIGNED_CONTEXT ( ( #3933 ) ) GLOBAL_UNIT_ASSIGNED_CONTEXT ( ( #4496, #3295, #661 ) ) REPRESENTATION_CONTEXT ( 'NONE', 'WORKASPACE' ) );
#1975 = CARTESIAN_POINT ( 'NONE',  ( 1.499988631206598200, 0.5349355243686558792, -1.401507855905371525 ) ) ;
#1976 = CYLINDRICAL_SURFACE ( 'NONE', #4279, 0.09999999999999997780 ) ;
#1977 = CYLINDRICAL_SURFACE ( 'NONE', #5170, 0.09952373850260391730 ) ;
#1978 = DIRECTION ( 'NONE',  ( -1.000000000000000000, 0.000000000000000000, -3.490873299220224071E-15 ) ) ;
#1979 = CARTESIAN_POINT ( 'NONE',  ( -2.041513623055490001, 0.4840150493030218048, 0.1674999999999935152 ) ) ;
#1980 = DIRECTION ( 'NONE',  ( 3.491481338843133355E-15, 0.000000000000000000, -1.000000000000000000 ) ) ;
#1981 = ORIENTED_EDGE ( 'NONE', *, *, #4401, .F. ) ;
#1982 = DIRECTION ( 'NONE',  ( 1.000000000000000000, 0.000000000000000000, 4.336808689942015369E-15 ) ) ;
#1983 = DIRECTION ( 'NONE',  ( 0.1710878697460353481, -0.9702875252478136980, 0.1710878697460364029 ) ) ;
#1984 = VECTOR ( 'NONE', #1854, 1000.000000000000000 ) ;
#1985 = CARTESIAN_POINT ( 'NONE',  ( 1.864248227513294109, 0.4527583773229743036, -0.4824999999999928235 ) ) ;
#1986 = ORIENTED_EDGE ( 'NONE', *, *, #1884, .T. ) ;
#1987 = LINE ( 'NONE', #349, #1146 ) ;
#1988 = EDGE_LOOP ( 'NONE', ( #1150, #5088, #3789, #3352 ) ) ;
#1989 = PLANE ( 'NONE',  #4718 ) ;
#1990 = DIRECTION ( 'NONE',  ( -1.000000000000000000, 0.000000000000000000, -3.490873299220221310E-15 ) ) ;
#1991 = CYLINDRICAL_SURFACE ( 'NONE', #4634, 0.09952373850260348709 ) ;
#1992 = ORIENTED_EDGE ( 'NONE', *, *, #2719, .F. ) ;
#1993 = CARTESIAN_POINT ( 'NONE',  ( 2.437443834726056302, 7.647873938942688573E-19, 0.8175000000000091083 ) ) ;
#1994 = CARTESIAN_POINT ( 'NONE',  ( -1.499999999999998890, 0.7150000000000005240, -0.4825000000000045919 ) ) ;
#1995 = ORIENTED_EDGE ( 'NONE', *, *, #4183, .T. ) ;
#1996 = EDGE_CURVE ( 'NONE', #4690, #3558, #3336, .T. ) ;
#1997 = AXIS2_PLACEMENT_3D ( 'NONE', #2098, #2172, #2520 ) ;
#1998 = ORIENTED_EDGE ( 'NONE', *, *, #2983, .T. ) ;
#1999 = LINE ( 'NONE', #3612, #761 ) ;
#2000 = CARTESIAN_POINT ( 'NONE',  ( 1.401507855905377742, 0.7150644756313446759, -1.499988631206592649 ) ) ;
#2001 = DIRECTION ( 'NONE',  ( -0.1736481776669313026, -0.9848077530122079093, -6.062893718482075735E-16 ) ) ;
#2002 = FACE_OUTER_BOUND ( 'NONE', #4042, .T. ) ;
#2003 = UNCERTAINTY_MEASURE_WITH_UNIT (LENGTH_MEASURE( 1.000000000000000082E-05 ), #4666, 'distance_accuracy_value', 'NONE');
#2004 = VERTEX_POINT ( 'NONE', #4936 ) ;
#2005 = PLANE ( 'NONE',  #4625 ) ;
#2006 = DIRECTION ( 'NONE',  ( 1.000000000000000000, 0.000000000000000000, 3.553083735007082256E-15 ) ) ;
#2007 = EDGE_CURVE ( 'NONE', #517, #2, #4156, .T. ) ;
#2008 = CARTESIAN_POINT ( 'NONE',  ( -4.317436063562286131E-15, 0.2500000000000004996, 1.348204149309512712 ) ) ;
#2009 = EDGE_CURVE ( 'NONE', #5103, #418, #3782, .T. ) ;
#2010 = DIRECTION ( 'NONE',  ( -4.336808689942016158E-15, 0.000000000000000000, 1.000000000000000000 ) ) ;
#2011 = PRESENTATION_STYLE_ASSIGNMENT (( #4749 ) ) ;
#2012 = CIRCLE ( 'NONE', #4613, 0.2795237385026035359 ) ;
#2013 = EDGE_LOOP ( 'NONE', ( #5150, #1098, #4433, #5200 ) ) ;
#2014 = DIRECTION ( 'NONE',  ( 0.000000000000000000, 1.000000000000000000, -0.000000000000000000 ) ) ;
#2015 = VERTEX_POINT ( 'NONE', #2469 ) ;
#2016 = FACE_OUTER_BOUND ( 'NONE', #771, .T. ) ;
#2017 = CARTESIAN_POINT ( 'NONE',  ( 2.155778554502609801, 0.01969595508119942329, -0.8174999999999917888 ) ) ;
#2018 = VECTOR ( 'NONE', #4812, 1000.000000000000000 ) ;
#2019 = FACE_OUTER_BOUND ( 'NONE', #630, .T. ) ;
#2020 = DIRECTION ( 'NONE',  ( 3.491481338843133355E-15, -0.000000000000000000, -1.000000000000000000 ) ) ;
#2021 = ORIENTED_EDGE ( 'NONE', *, *, #4022, .T. ) ;
#2022 = DIRECTION ( 'NONE',  ( 0.9975640502598247528, -0.06975647374411790558, 3.482976265782951873E-15 ) ) ;
#2023 = CARTESIAN_POINT ( 'NONE',  ( -2.168334719776551900, 0.1992574841279680098, 1.132499999999993179 ) ) ;
#2024 = VECTOR ( 'NONE', #189, 1000.000000000000000 ) ;
#2025 = ADVANCED_FACE ( 'NONE', ( #2593 ), #5096, .F. ) ;
#2026 = ORIENTED_EDGE ( 'NONE', *, *, #4607, .F. ) ;
#2027 = ADVANCED_FACE ( 'NONE', ( #4695 ), #4179, .F. ) ;
#2028 =( NAMED_UNIT ( * ) SI_UNIT ( $, .STERADIAN. ) SOLID_ANGLE_UNIT ( ) );
#2029 = CARTESIAN_POINT ( 'NONE',  ( -1.766236478227166007, 0.5350000000000004752, -0.8175000000000054445 ) ) ;
#2030 = AXIS2_PLACEMENT_3D ( 'NONE', #1124, #4388, #1917 ) ;
#2031 = CIRCLE ( 'NONE', #3464, 0.09999999999999997780 ) ;
#2032 = MECHANICAL_DESIGN_GEOMETRIC_PRESENTATION_REPRESENTATION (  '', ( #3637 ), #181 ) ;
#2033 = CARTESIAN_POINT ( 'NONE',  ( -2.450000000000003286, 0.1795615290467685032, 0.8174999999999920108 ) ) ;
#2034 = DIRECTION ( 'NONE',  ( 1.000000000000000000, 0.000000000000000000, 3.130080614681298281E-15 ) ) ;
#2035 = DIRECTION ( 'NONE',  ( 0.1736481776669291655, -0.9848077530122082424, 6.062893718482001780E-16 ) ) ;
#2036 = DIRECTION ( 'NONE',  ( -1.000000000000000000, 0.000000000000000000, -3.202360759513665375E-15 ) ) ;
#2037 = ORIENTED_EDGE ( 'NONE', *, *, #5046, .F. ) ;
#2038 = DIRECTION ( 'NONE',  ( -6.062893718482056014E-16, 0.9848077530122080203, 0.1736481776669307198 ) ) ;
#2039 = VECTOR ( 'NONE', #364, 1000.000000000000000 ) ;
#2040 = VECTOR ( 'NONE', #1533, 1000.000000000000114 ) ;
#2041 = EDGE_CURVE ( 'NONE', #2171, #794, #3013, .T. ) ;
#2042 = DIRECTION ( 'NONE',  ( 1.000000000000000000, 4.072327652863561712E-16, 3.491481338843133355E-15 ) ) ;
#2043 = ORIENTED_EDGE ( 'NONE', *, *, #1358, .F. ) ;
#2044 = EDGE_CURVE ( 'NONE', #1756, #5029, #3849, .T. ) ;
#2045 = ORIENTED_EDGE ( 'NONE', *, *, #150, .T. ) ;
#2046 = DIRECTION ( 'NONE',  ( -0.9975640502598247528, 0.06975647374411773904, -3.482976265782951873E-15 ) ) ;
#2047 = EDGE_CURVE ( 'NONE', #1069, #2788, #2242, .T. ) ;
#2048 = EDGE_CURVE ( 'NONE', #3100, #4734, #617, .T. ) ;
#2049 = CARTESIAN_POINT ( 'NONE',  ( 1.348204149309515154, 0.2500000000000005551, -1.348204149309509825 ) ) ;
#2050 = CARTESIAN_POINT ( 'NONE',  ( -0.9999999999999970024, 1.099999999999999645, -1.000000000000005329 ) ) ;
#2051 = ADVANCED_FACE ( 'NONE', ( #1457 ), #1381, .F. ) ;
#2052 = CARTESIAN_POINT ( 'NONE',  ( -0.7125000000000031308, 0.2500000000000006661, 0.8799999999999976730 ) ) ;
#2053 = LINE ( 'NONE', #4488, #3771 ) ;
#2054 = EDGE_LOOP ( 'NONE', ( #996, #1956, #355, #5070 ) ) ;
#2055 = DIRECTION ( 'NONE',  ( -1.000000000000000000, 0.000000000000000000, -3.491481338843133355E-15 ) ) ;
#2056 = ORIENTED_EDGE ( 'NONE', *, *, #2952, .T. ) ;
#2057 = CARTESIAN_POINT ( 'NONE',  ( 2.041513623055491333, 0.4840150493030218048, -0.4824999999999922129 ) ) ;
#2058 = EDGE_CURVE ( 'NONE', #177, #4423, #3982, .T. ) ;
#2059 = PRESENTATION_STYLE_ASSIGNMENT (( #897 ) ) ;
#2060 = PLANE ( 'NONE',  #3037 ) ;
#2061 = AXIS2_PLACEMENT_3D ( 'NONE', #4769, #3961, #5137 ) ;
#2062 = VERTEX_POINT ( 'NONE', #5067 ) ;
#2063 = FACE_OUTER_BOUND ( 'NONE', #1889, .T. ) ;
#2064 = ORIENTED_EDGE ( 'NONE', *, *, #3755, .T. ) ;
#2065 = LINE ( 'NONE', #3936, #4275 ) ;
#2066 = FACE_OUTER_BOUND ( 'NONE', #1165, .T. ) ;
#2067 = ORIENTED_EDGE ( 'NONE', *, *, #2355, .F. ) ;
#2068 = CARTESIAN_POINT ( 'NONE',  ( 1.499999999999994449, 0.7150000000000005240, 1.400000000000003686 ) ) ;
#2069 = VERTEX_POINT ( 'NONE', #4986 ) ;
#2070 = CARTESIAN_POINT ( 'NONE',  ( 1.766236478227171558, 0.4354762614973970436, -0.8174999999999930100 ) ) ;
#2071 = DIRECTION ( 'NONE',  ( 3.491481338843133355E-15, 0.000000000000000000, -1.000000000000000000 ) ) ;
#2072 = SURFACE_STYLE_USAGE ( .BOTH. , #4935 ) ;
#2073 = SURFACE_STYLE_FILL_AREA ( #2406 ) ;
#2074 = VECTOR ( 'NONE', #4861, 1000.000000000000000 ) ;
#2075 = DIRECTION ( 'NONE',  ( 0.1710878697460363196, -0.9702875252478136980, -0.1710878697460352926 ) ) ;
#2076 = DIRECTION ( 'NONE',  ( -1.000000000000000000, 0.000000000000000000, -3.491481338843133355E-15 ) ) ;
#2077 = ORIENTED_EDGE ( 'NONE', *, *, #865, .T. ) ;
#2078 = DIRECTION ( 'NONE',  ( -1.000000000000000000, 0.000000000000000000, -3.268171560266913581E-15 ) ) ;
#2079 = ORIENTED_EDGE ( 'NONE', *, *, #1401, .F. ) ;
#2080 = DIRECTION ( 'NONE',  ( -0.1736481776669313026, -0.9848077530122079093, -6.062893718482075735E-16 ) ) ;
#2081 = VECTOR ( 'NONE', #3606, 1000.000000000000000 ) ;
#2082 = FILL_AREA_STYLE_COLOUR ( '', #5065 ) ;
#2083 = ORIENTED_EDGE ( 'NONE', *, *, #375, .T. ) ;
#2084 = DIRECTION ( 'NONE',  ( -0.9848077530122080203, -0.1736481776669307198, -3.509619939009922799E-15 ) ) ;
#2085 = AXIS2_PLACEMENT_3D ( 'NONE', #2347, #2006, #4450 ) ;
#2086 = CARTESIAN_POINT ( 'NONE',  ( 1.499126327838413930, 0.5300451589536770980, -1.458688739809627100 ) ) ;
#2087 = DIRECTION ( 'NONE',  ( -0.9975640502598246417, 0.06975647374411932111, -3.482976265782951478E-15 ) ) ;
#2088 = EDGE_CURVE ( 'NONE', #1398, #658, #2616, .T. ) ;
#2089 = ORIENTED_EDGE ( 'NONE', *, *, #3952, .T. ) ;
#2090 = LINE ( 'NONE', #4933, #753 ) ;
#2091 = ORIENTED_EDGE ( 'NONE', *, *, #4059, .F. ) ;
#2092 = ADVANCED_FACE ( 'NONE', ( #4211 ), #682, .F. ) ;
#2093 = LINE ( 'NONE', #397, #1521 ) ;
#2094 = DIRECTION ( 'NONE',  ( -1.000000000000000000, 0.000000000000000000, -4.357562080355903444E-15 ) ) ;
#2095 = FACE_OUTER_BOUND ( 'NONE', #4077, .T. ) ;
#2096 = VECTOR ( 'NONE', #549, 1000.000000000000000 ) ;
#2097 = DIRECTION ( 'NONE',  ( 1.000000000000000000, 0.000000000000000000, 3.491481338843133355E-15 ) ) ;
#2098 = CARTESIAN_POINT ( 'NONE',  ( -1.404401861300141441, 0.5687130623165892462, -1.404401861300151655 ) ) ;
#2099 = VERTEX_POINT ( 'NONE', #2292 ) ;
#2100 = DIRECTION ( 'NONE',  ( -1.000000000000000000, 0.000000000000000000, -3.491481338843133355E-15 ) ) ;
#2101 = VECTOR ( 'NONE', #1877, 1000.000000000000000 ) ;
#2102 = CARTESIAN_POINT ( 'NONE',  ( -1.766236478227166007, 0.4354762614973970436, -0.8175000000000054445 ) ) ;
#2103 = VECTOR ( 'NONE', #2217, 1000.000000000000000 ) ;
#2104 = ORIENTED_EDGE ( 'NONE', *, *, #4515, .F. ) ;
#2105 = EDGE_CURVE ( 'NONE', #2928, #1246, #4601, .T. ) ;
#2106 = EDGE_CURVE ( 'NONE', #3506, #5014, #3075, .T. ) ;
#2107 = ADVANCED_FACE ( 'NONE', ( #2197 ), #5010, .T. ) ;
#2108 = VERTEX_POINT ( 'NONE', #217 ) ;
#2109 = FACE_OUTER_BOUND ( 'NONE', #1849, .T. ) ;
#2110 = EDGE_CURVE ( 'NONE', #1591, #5037, #977, .T. ) ;
#2111 = AXIS2_PLACEMENT_3D ( 'NONE', #4008, #1545, #692 ) ;
#2112 = CIRCLE ( 'NONE', #4119, 0.09952373850260391730 ) ;
#2113 = DIRECTION ( 'NONE',  ( -1.000000000000000000, 0.000000000000000000, -1.289625861630892189E-15 ) ) ;
#2114 = CARTESIAN_POINT ( 'NONE',  ( -1.401507855905381295, 0.5349355243686563233, 1.499988631206590872 ) ) ;
#2115 = VERTEX_POINT ( 'NONE', #1032 ) ;
#2116 = DIRECTION ( 'NONE',  ( -0.06975647374411932111, -0.9975640502598246417, -2.435534263410936221E-16 ) ) ;
#2117 = SPHERICAL_SURFACE ( 'NONE', #4813, 0.1000000000000000056 ) ;
#2118 = VECTOR ( 'NONE', #2447, 1000.000000000000000 ) ;
#2119 = ORIENTED_EDGE ( 'NONE', *, *, #4445, .F. ) ;
#2120 = AXIS2_PLACEMENT_3D ( 'NONE', #2534, #2960, #1695 ) ;
#2121 = EDGE_CURVE ( 'NONE', #4852, #2351, #2644, .T. ) ;
#2122 = DIRECTION ( 'NONE',  ( -0.000000000000000000, -1.000000000000000000, 0.000000000000000000 ) ) ;
#2123 = CARTESIAN_POINT ( 'NONE',  ( -2.437443834726060743, 7.647873938942688573E-19, 0.4824999999999922129 ) ) ;
#2124 = DIRECTION ( 'NONE',  ( -0.1710878697460364584, -0.9702875252478136980, 0.1710878697460352926 ) ) ;
#2125 = DIRECTION ( 'NONE',  ( 1.000000000000000000, 0.000000000000000000, 3.491481338843133355E-15 ) ) ;
#2126 = ORIENTED_EDGE ( 'NONE', *, *, #4236, .T. ) ;
#2127 = CARTESIAN_POINT ( 'NONE',  ( 2.449999999999998401, 0.1795615290467681424, 0.4825000000000093103 ) ) ;
#2128 = ORIENTED_EDGE ( 'NONE', *, *, #4901, .T. ) ;
#2129 = CIRCLE ( 'NONE', #2546, 0.2795237385026035359 ) ;
#2130 = ADVANCED_FACE ( 'NONE', ( #3462 ), #737, .F. ) ;
#2131 = FACE_OUTER_BOUND ( 'NONE', #3565, .T. ) ;
#2132 = DIRECTION ( 'NONE',  ( 3.491481338843133355E-15, 0.000000000000000000, -1.000000000000000000 ) ) ;
#2133 = ORIENTED_EDGE ( 'NONE', *, *, #888, .T. ) ;
#2134 = SURFACE_STYLE_USAGE ( .BOTH. , #437 ) ;
#2135 = EDGE_CURVE ( 'NONE', #3258, #624, #3498, .T. ) ;
#2136 = DIRECTION ( 'NONE',  ( 0.9848077530122079093, 0.1736481776669313026, 3.438437891990161861E-15 ) ) ;
#2137 = DIRECTION ( 'NONE',  ( 3.491481338843133355E-15, -0.000000000000000000, -1.000000000000000000 ) ) ;
#2138 =( NAMED_UNIT ( * ) SI_UNIT ( $, .STERADIAN. ) SOLID_ANGLE_UNIT ( ) );
#2139 = ORIENTED_EDGE ( 'NONE', *, *, #3499, .T. ) ;
#2140 = LINE ( 'NONE', #4078, #411 ) ;
#2141 = CARTESIAN_POINT ( 'NONE',  ( 1.499988631206590206, 0.7150644756313446759, 1.401507855905379518 ) ) ;
#2142 = DIRECTION ( 'NONE',  ( 1.000000000000000000, 0.000000000000000000, 3.268171560266927386E-15 ) ) ;
#2143 = ORIENTED_EDGE ( 'NONE', *, *, #4208, .T. ) ;
#2144 = VERTEX_POINT ( 'NONE', #4721 ) ;
#2145 = CARTESIAN_POINT ( 'NONE',  ( -1.500000000000001332, 0.7150000000000005240, 0.1674999999999954303 ) ) ;
#2146 = DIRECTION ( 'NONE',  ( 4.072327652863561712E-16, 1.000000000000000000, 1.421845600562798317E-30 ) ) ;
#2147 = EDGE_CURVE ( 'NONE', #192, #3504, #3564, .T. ) ;
#2148 = FACE_OUTER_BOUND ( 'NONE', #4518, .T. ) ;
#2149 = PLANE ( 'NONE',  #3007 ) ;
#2150 = ORIENTED_EDGE ( 'NONE', *, *, #1764, .F. ) ;
#2151 = CARTESIAN_POINT ( 'NONE',  ( -2.168334719776544794, 0.1992574841279680098, -0.8175000000000067768 ) ) ;
#2152 = LINE ( 'NONE', #3766, #4112 ) ;
#2153 = VECTOR ( 'NONE', #4750, 1000.000000000000000 ) ;
#2154 = VERTEX_POINT ( 'NONE', #2317 ) ;
#2155 = EDGE_CURVE ( 'NONE', #4753, #684, #1534, .T. ) ;
#2156 = SURFACE_SIDE_STYLE ('',( #537 ) ) ;
#2157 = FACE_OUTER_BOUND ( 'NONE', #2559, .T. ) ;
#2158 = ORIENTED_EDGE ( 'NONE', *, *, #2499, .T. ) ;
#2159 = PLANE ( 'NONE',  #2444 ) ;
#2160 = CARTESIAN_POINT ( 'NONE',  ( 1.499999999999994227, 0.7150000000000004130, 1.400502642445355495 ) ) ;
#2161 = FACE_OUTER_BOUND ( 'NONE', #4222, .T. ) ;
#2162 = AXIS2_PLACEMENT_3D ( 'NONE', #4972, #1365, #1391 ) ;
#2163 = ORIENTED_EDGE ( 'NONE', *, *, #5045, .F. ) ;
#2164 = AXIS2_PLACEMENT_3D ( 'NONE', #4341, #1566, #2729 ) ;
#2165 = ORIENTED_EDGE ( 'NONE', *, *, #1380, .T. ) ;
#2166 = EDGE_CURVE ( 'NONE', #212, #4551, #314, .T. ) ;
#2167 = EDGE_CURVE ( 'NONE', #1608, #4655, #1929, .T. ) ;
#2168 = FACE_OUTER_BOUND ( 'NONE', #640, .T. ) ;
#2169 = CARTESIAN_POINT ( 'NONE',  ( -1.499996210330395874, 0.5349785077156405944, 1.401005270604398723 ) ) ;
#2170 = DIRECTION ( 'NONE',  ( 0.06975647374411775292, 0.9975640502598247528, 2.435534263410881001E-16 ) ) ;
#2171 = VERTEX_POINT ( 'NONE', #1137 ) ;
#2172 = DIRECTION ( 'NONE',  ( -0.1710878697460352649, 0.9702875252478139201, -0.1710878697460364584 ) ) ;
#2173 = ORIENTED_EDGE ( 'NONE', *, *, #4354, .T. ) ;
#2174 = ORIENTED_EDGE ( 'NONE', *, *, #2797, .T. ) ;
#2175 = AXIS2_PLACEMENT_3D ( 'NONE', #2050, #2332, #3999 ) ;
#2176 = ORIENTED_EDGE ( 'NONE', *, *, #4575, .F. ) ;
#2177 = CIRCLE ( 'NONE', #5122, 0.1000000000000000472 ) ;
#2178 = CARTESIAN_POINT ( 'NONE',  ( 2.155778554502608468, 0.01969595508119942329, -0.4824999999999917688 ) ) ;
#2179 = DIRECTION ( 'NONE',  ( 3.491481338843133355E-15, -0.000000000000000000, -1.000000000000000000 ) ) ;
#2180 = EDGE_CURVE ( 'NONE', #455, #4921, #3919, .T. ) ;
#2181 = VECTOR ( 'NONE', #2845, 1000.000000000000000 ) ;
#2182 = DIRECTION ( 'NONE',  ( 1.000000000000000000, 0.000000000000000000, 3.491481338843133355E-15 ) ) ;
#2183 = LINE ( 'NONE', #4226, #3875 ) ;
#2184 = EDGE_LOOP ( 'NONE', ( #4120, #4761, #2335, #394 ) ) ;
#2185 = DIRECTION ( 'NONE',  ( 0.000000000000000000, 1.000000000000000000, 0.000000000000000000 ) ) ;
#2186 = DIRECTION ( 'NONE',  ( -1.000000000000000000, 0.000000000000000000, -4.336808689942015369E-15 ) ) ;
#2187 = AXIS2_PLACEMENT_3D ( 'NONE', #5102, #297, #3905 ) ;
#2188 = CARTESIAN_POINT ( 'NONE',  ( 2.175277144828317688, 0.2985387878056247613, 1.132500000000008278 ) ) ;
#2189 = LINE ( 'NONE', #4978, #4859 ) ;
#2190 = ORIENTED_EDGE ( 'NONE', *, *, #618, .F. ) ;
#2191 = EDGE_LOOP ( 'NONE', ( #4447, #1847, #3681, #4730 ) ) ;
#2192 = EDGE_CURVE ( 'NONE', #3094, #4665, #3175, .T. ) ;
#2193 = AXIS2_PLACEMENT_3D ( 'NONE', #482, #2864, #1126 ) ;
#2194 = DIRECTION ( 'NONE',  ( 0.000000000000000000, -1.000000000000000000, 0.000000000000000000 ) ) ;
#2195 = EDGE_CURVE ( 'NONE', #2994, #3759, #461, .T. ) ;
#2196 = VECTOR ( 'NONE', #3102, 1000.000000000000000 ) ;
#2197 = FACE_OUTER_BOUND ( 'NONE', #3351, .T. ) ;
#2198 = ORIENTED_EDGE ( 'NONE', *, *, #4437, .F. ) ;
#2199 = VECTOR ( 'NONE', #1646, 1000.000000000000000 ) ;
#2200 = EDGE_CURVE ( 'NONE', #1080, #4375, #4311, .T. ) ;
#2201 = EDGE_CURVE ( 'NONE', #3707, #1398, #972, .T. ) ;
#2202 = VERTEX_POINT ( 'NONE', #1024 ) ;
#2203 = EDGE_CURVE ( 'NONE', #2419, #1080, #3757, .T. ) ;
#2204 = DIRECTION ( 'NONE',  ( 3.491481338843133355E-15, -0.000000000000000000, -1.000000000000000000 ) ) ;
#2205 =( GEOMETRIC_REPRESENTATION_CONTEXT ( 3 ) GLOBAL_UNCERTAINTY_ASSIGNED_CONTEXT ( ( #1427 ) ) GLOBAL_UNIT_ASSIGNED_CONTEXT ( ( #2757, #345, #4374 ) ) REPRESENTATION_CONTEXT ( 'NONE', 'WORKASPACE' ) );
#2206 = ORIENTED_EDGE ( 'NONE', *, *, #129, .T. ) ;
#2207 = VERTEX_POINT ( 'NONE', #3800 ) ;
#2208 = FACE_OUTER_BOUND ( 'NONE', #3787, .T. ) ;
#2209 = ORIENTED_EDGE ( 'NONE', *, *, #1881, .F. ) ;
#2210 = PLANE ( 'NONE',  #2615 ) ;
#2211 = DIRECTION ( 'NONE',  ( 3.491481338843133355E-15, -0.000000000000000000, -1.000000000000000000 ) ) ;
#2212 = ORIENTED_EDGE ( 'NONE', *, *, #1008, .F. ) ;
#2213 = CARTESIAN_POINT ( 'NONE',  ( -0.8749999999999973355, 1.099999999999999645, -1.000000000000004885 ) ) ;
#2214 = ORIENTED_EDGE ( 'NONE', *, *, #3275, .T. ) ;
#2215 = UNCERTAINTY_MEASURE_WITH_UNIT (LENGTH_MEASURE( 1.000000000000000082E-05 ), #1283, 'distance_accuracy_value', 'NONE');
#2216 = EDGE_LOOP ( 'NONE', ( #3405, #3824, #3058, #541 ) ) ;
#2217 = DIRECTION ( 'NONE',  ( 3.491481338843133355E-15, -0.000000000000000000, -1.000000000000000000 ) ) ;
#2218 = CLOSED_SHELL ( 'NONE', ( #2243, #4886, #804, #2583, #5128, #4737 ) ) ;
#2219 = CARTESIAN_POINT ( 'NONE',  ( -1.499126327838416595, 0.7199548410463262327, 1.458688739809624879 ) ) ;
#2220 = VECTOR ( 'NONE', #4172, 1000.000000000000000 ) ;
#2221 = ORIENTED_EDGE ( 'NONE', *, *, #614, .F. ) ;
#2222 = DIRECTION ( 'NONE',  ( -1.000000000000000000, 0.000000000000000000, -3.491481338843133355E-15 ) ) ;
#2223 = ORIENTED_EDGE ( 'NONE', *, *, #1344, .F. ) ;
#2224 = CIRCLE ( 'NONE', #368, 0.2795237385026035359 ) ;
#2225 = ORIENTED_EDGE ( 'NONE', *, *, #4155, .F. ) ;
#2226 = LINE ( 'NONE', #4298, #2259 ) ;
#2227 = ORIENTED_EDGE ( 'NONE', *, *, #4901, .F. ) ;
#2228 = VECTOR ( 'NONE', #3739, 1000.000000000000000 ) ;
#2229 = DIRECTION ( 'NONE',  ( 3.563761483675500055E-15, 0.000000000000000000, -1.000000000000000000 ) ) ;
#2230 = EDGE_CURVE ( 'NONE', #3492, #192, #2585, .T. ) ;
#2231 = ORIENTED_EDGE ( 'NONE', *, *, #2009, .T. ) ;
#2232 = FACE_OUTER_BOUND ( 'NONE', #4025, .T. ) ;
#2233 = FACE_OUTER_BOUND ( 'NONE', #2191, .T. ) ;
#2234 = VERTEX_POINT ( 'NONE', #4662 ) ;
#2235 = DIRECTION ( 'NONE',  ( 0.9975640502598247528, 0.06975647374411790558, 3.482976265782951873E-15 ) ) ;
#2236 = EDGE_LOOP ( 'NONE', ( #3682, #1826, #1433, #2940 ) ) ;
#2237 = ORIENTED_EDGE ( 'NONE', *, *, #2201, .F. ) ;
#2238 = EDGE_CURVE ( 'NONE', #4852, #2749, #2636, .T. ) ;
#2239 = DIRECTION ( 'NONE',  ( -0.9975640502598246417, 0.06975647374411932111, -3.482976265782951478E-15 ) ) ;
#2240 = LINE ( 'NONE', #3872, #1280 ) ;
#2241 = DIRECTION ( 'NONE',  ( 0.06975647374411775292, 0.9975640502598247528, 2.435534263410881001E-16 ) ) ;
#2242 = LINE ( 'NONE', #1806, #1733 ) ;
#2243 = ADVANCED_FACE ( 'NONE', ( #4232 ), #191, .T. ) ;
#2244 = ORIENTED_EDGE ( 'NONE', *, *, #5013, .F. ) ;
#2245 = VERTEX_POINT ( 'NONE', #568 ) ;
#2246 = CARTESIAN_POINT ( 'NONE',  ( -1.766236478227169560, 0.7150000000000004130, 0.1674999999999944866 ) ) ;
#2247 = ORIENTED_EDGE ( 'NONE', *, *, #1737, .F. ) ;
#2248 = DIRECTION ( 'NONE',  ( -0.1710878697460366804, -0.9702875252478139201, 0.1710878697460354592 ) ) ;
#2249 = VERTEX_POINT ( 'NONE', #2213 ) ;
#2250 = MECHANICAL_DESIGN_GEOMETRIC_PRESENTATION_REPRESENTATION (  '', ( #828 ), #1075 ) ;
#2251 = EDGE_CURVE ( 'NONE', #582, #5204, #1546, .T. ) ;
#2252 = EDGE_CURVE ( 'NONE', #2793, #4751, #1373, .T. ) ;
#2253 = ORIENTED_EDGE ( 'NONE', *, *, #1147, .F. ) ;
#2254 = VECTOR ( 'NONE', #1140, 1000.000000000000114 ) ;
#2255 = ORIENTED_EDGE ( 'NONE', *, *, #3899, .T. ) ;
#2256 = FACE_OUTER_BOUND ( 'NONE', #1287, .T. ) ;
#2257 = ORIENTED_EDGE ( 'NONE', *, *, #618, .T. ) ;
#2258 = VERTEX_POINT ( 'NONE', #2557 ) ;
#2259 = VECTOR ( 'NONE', #1892, 1000.000000000000000 ) ;
#2260 = DIRECTION ( 'NONE',  ( -3.491481338843133355E-15, 0.000000000000000000, 1.000000000000000000 ) ) ;
#2261 = LINE ( 'NONE', #3487, #3042 ) ;
#2262 = PLANE ( 'NONE',  #491 ) ;
#2263 = CARTESIAN_POINT ( 'NONE',  ( -1.499988631206600864, 0.7150644756313485617, 1.401507855905369748 ) ) ;
#2264 = ORIENTED_EDGE ( 'NONE', *, *, #2671, .F. ) ;
#2265 = EDGE_CURVE ( 'NONE', #2521, #2709, #2189, .T. ) ;
#2266 = ORIENTED_EDGE ( 'NONE', *, *, #2279, .F. ) ;
#2267 = CIRCLE ( 'NONE', #1941, 0.2795237385026033139 ) ;
#2268 = CYLINDRICAL_SURFACE ( 'NONE', #2777, 0.09999999999999997780 ) ;
#2269 = CARTESIAN_POINT ( 'NONE',  ( -0.8749999999999973355, 0.9999999999999995559, -1.000000000000004885 ) ) ;
#2270 = AXIS2_PLACEMENT_3D ( 'NONE', #4674, #1890, #2784 ) ;
#2271 = VERTEX_POINT ( 'NONE', #2992 ) ;
#2272 = FACE_OUTER_BOUND ( 'NONE', #40, .T. ) ;
#2273 = ADVANCED_FACE ( 'NONE', ( #1800 ), #1845, .T. ) ;
#2274 = ORIENTED_EDGE ( 'NONE', *, *, #932, .T. ) ;
#2275 = CIRCLE ( 'NONE', #182, 0.2795237385026035359 ) ;
#2276 = CIRCLE ( 'NONE', #110, 0.09952373850260348709 ) ;
#2277 = CARTESIAN_POINT ( 'NONE',  ( 1.766236478227171558, 0.4354762614973970436, -0.8174999999999930100 ) ) ;
#2278 = EDGE_LOOP ( 'NONE', ( #1903, #2253, #3981, #729 ) ) ;
#2279 = EDGE_CURVE ( 'NONE', #4417, #2249, #2588, .T. ) ;
#2280 = CARTESIAN_POINT ( 'NONE',  ( -1.766236478227169560, 0.4354762614973970436, 0.1674999999999944866 ) ) ;
#2281 = PRODUCT_DEFINITION_FORMATION_WITH_SPECIFIED_SOURCE ( 'ANY', '', #4499, .NOT_KNOWN. ) ;
#2282 = DIRECTION ( 'NONE',  ( 0.1736481776669312749, 0.9848077530122079093, 6.062893718482074749E-16 ) ) ;
#2283 = EDGE_LOOP ( 'NONE', ( #1242, #1813, #5123, #1449, #1035, #2330, #2139, #5207, #4516, #3500, #1198, #1454 ) ) ;
#2284 = DIRECTION ( 'NONE',  ( -1.000000000000000000, 0.000000000000000000, -3.490873299220224071E-15 ) ) ;
#2285 =( BOUNDED_CURVE ( )  B_SPLINE_CURVE ( 3, ( #2000, #4416, #1153, #2772 ),
 .UNSPECIFIED., .F., .T. ) 
 B_SPLINE_CURVE_WITH_KNOTS ( ( 4, 4 ),
 ( 5.512866274278617418, 7.053504340080543500 ),
 .UNSPECIFIED. ) 
 CURVE ( )  GEOMETRIC_REPRESENTATION_ITEM ( )  RATIONAL_B_SPLINE_CURVE ( ( 1.000000000000000000, 0.8117923620232534443, 0.8117923620232534443, 1.000000000000000000 ) ) 
 REPRESENTATION_ITEM ( '' )  );
#2286 = ORIENTED_EDGE ( 'NONE', *, *, #1924, .F. ) ;
#2287 = DIRECTION ( 'NONE',  ( -3.491481338843133355E-15, 0.000000000000000000, 1.000000000000000000 ) ) ;
#2288 = ORIENTED_EDGE ( 'NONE', *, *, #4213, .T. ) ;
#2289 = SURFACE_STYLE_FILL_AREA ( #1028 ) ;
#2290 = CARTESIAN_POINT ( 'NONE',  ( 2.168334719776548347, 0.1992574841279675935, -0.1674999999999916833 ) ) ;
#2291 = CARTESIAN_POINT ( 'NONE',  ( -1.499988631206600642, 0.5349355243686525485, 1.401507855905369082 ) ) ;
#2292 = CARTESIAN_POINT ( 'NONE',  ( -0.7125000000000032419, 0.2500000000000006661, 0.8799999999999976730 ) ) ;
#2293 = ORIENTED_EDGE ( 'NONE', *, *, #4658, .T. ) ;
#2294 = VERTEX_POINT ( 'NONE', #1396 ) ;
#2295 = DIRECTION ( 'NONE',  ( 1.000000000000000000, -0.000000000000000000, 3.202360759513665375E-15 ) ) ;
#2296 = EDGE_CURVE ( 'NONE', #1438, #4680, #2608, .T. ) ;
#2297 = LINE ( 'NONE', #3514, #3279 ) ;
#2298 = CLOSED_SHELL ( 'NONE', ( #3698, #3539, #602, #2829, #1742, #4343, #2092, #3063, #66, #4103, #302, #3881, #3083, #1064 ) ) ;
#2299 = CYLINDRICAL_SURFACE ( 'NONE', #4383, 0.2795237385026035359 ) ;
#2300 = CYLINDRICAL_SURFACE ( 'NONE', #3938, 0.09952373850260348709 ) ;
#2301 = DIRECTION ( 'NONE',  ( 3.491481338843133355E-15, -0.000000000000000000, -1.000000000000000000 ) ) ;
#2302 = VERTEX_POINT ( 'NONE', #211 ) ;
#2303 = CARTESIAN_POINT ( 'NONE',  ( 1.401507855905368416, 0.7150644756313485617, 1.499988631206599310 ) ) ;
#2304 = EDGE_CURVE ( 'NONE', #4053, #3733, #1825, .T. ) ;
#2305 = ORIENTED_EDGE ( 'NONE', *, *, #693, .T. ) ;
#2306 = LINE ( 'NONE', #3911, #2910 ) ;
#2307 = DIRECTION ( 'NONE',  ( 0.06975647374411818313, -0.9975640502598247528, 2.435534263410895792E-16 ) ) ;
#2308 = AXIS2_PLACEMENT_3D ( 'NONE', #3088, #2698, #4618 ) ;
#2309 = EDGE_LOOP ( 'NONE', ( #5178, #3079, #4826, #5036 ) ) ;
#2310 = DIRECTION ( 'NONE',  ( 3.491481338843133355E-15, -0.000000000000000000, -1.000000000000000000 ) ) ;
#2311 = CARTESIAN_POINT ( 'NONE',  ( 1.500000000000002665, 0.7150000000000008571, -1.400502642445348389 ) ) ;
#2312 = LINE ( 'NONE', #2667, #859 ) ;
#2313 = DIRECTION ( 'NONE',  ( -0.9975640502598247528, -0.06975647374411818313, -3.482976265782951873E-15 ) ) ;
#2314 = VERTEX_POINT ( 'NONE', #283 ) ;
#2315 = PLANE ( 'NONE',  #1408 ) ;
#2316 = LINE ( 'NONE', #3848, #3708 ) ;
#2317 = CARTESIAN_POINT ( 'NONE',  ( -1.499999999999996669, 0.5350000000000005862, -1.132500000000004503 ) ) ;
#2318 = ORIENTED_EDGE ( 'NONE', *, *, #2329, .F. ) ;
#2319 = CARTESIAN_POINT ( 'NONE',  ( -1.500000000000005773, 0.7150000000000005240, 1.399999999999994804 ) ) ;
#2320 = EDGE_CURVE ( 'NONE', #2611, #1683, #3106, .T. ) ;
#2321 = ORIENTED_EDGE ( 'NONE', *, *, #2868, .F. ) ;
#2322 = EDGE_CURVE ( 'NONE', #1756, #4583, #2800, .T. ) ;
#2323 = PLANE ( 'NONE',  #2435 ) ;
#2324 = AXIS2_PLACEMENT_3D ( 'NONE', #4785, #1175, #2384 ) ;
#2325 = CARTESIAN_POINT ( 'NONE',  ( -1.348204149309508493, 0.2500000000000004441, -1.348204149309518263 ) ) ;
#2326 = ORIENTED_EDGE ( 'NONE', *, *, #138, .F. ) ;
#2327 = FACE_OUTER_BOUND ( 'NONE', #3607, .T. ) ;
#2328 = FACE_OUTER_BOUND ( 'NONE', #5176, .T. ) ;
#2329 = EDGE_CURVE ( 'NONE', #47, #4655, #1106, .T. ) ;
#2330 = ORIENTED_EDGE ( 'NONE', *, *, #1836, .T. ) ;
#2331 = VECTOR ( 'NONE', #1561, 1000.000000000000000 ) ;
#2332 = DIRECTION ( 'NONE',  ( 0.000000000000000000, 1.000000000000000000, 0.000000000000000000 ) ) ;
#2333 = CARTESIAN_POINT ( 'NONE',  ( 1.499988631206590206, 0.7150644756313446759, 1.401507855905379518 ) ) ;
#2334 = ADVANCED_FACE ( 'NONE', ( #1070 ), #4332, .T. ) ;
#2335 = ORIENTED_EDGE ( 'NONE', *, *, #1680, .F. ) ;
#2336 =( NAMED_UNIT ( * ) SI_UNIT ( $, .STERADIAN. ) SOLID_ANGLE_UNIT ( ) );
#2337 = DIRECTION ( 'NONE',  ( 3.491481338843133355E-15, -0.000000000000000000, -1.000000000000000000 ) ) ;
#2338 = CIRCLE ( 'NONE', #3098, 0.1249999999999996808 ) ;
#2339 = CARTESIAN_POINT ( 'NONE',  ( -0.7125000000000031308, 0.2500000000000004996, 0.8799999999999976730 ) ) ;
#2340 = DIRECTION ( 'NONE',  ( 3.491481338843133355E-15, 0.000000000000000000, -1.000000000000000000 ) ) ;
#2341 = CARTESIAN_POINT ( 'NONE',  ( -1.348204149309518707, 1.017364817766692742, 1.446684924610729173 ) ) ;
#2342 = CARTESIAN_POINT ( 'NONE',  ( -1.766236478227170448, 0.4354762614973970436, 0.4824999999999945444 ) ) ;
#2343 = VERTEX_POINT ( 'NONE', #5136 ) ;
#2344 = CIRCLE ( 'NONE', #2686, 0.09952373850260391730 ) ;
#2345 = DIRECTION ( 'NONE',  ( -1.000000000000000000, 0.000000000000000000, -3.491481338843133355E-15 ) ) ;
#2346 = AXIS2_PLACEMENT_3D ( 'NONE', #780, #358, #2848 ) ;
#2347 = CARTESIAN_POINT ( 'NONE',  ( 0.7124999999999970246, 2.514558455858448838, 0.8800000000000026690 ) ) ;
#2348 = FILL_AREA_STYLE_COLOUR ( '', #2712 ) ;
#2349 = CIRCLE ( 'NONE', #1687, 0.2795237385026035359 ) ;
#2350 = CARTESIAN_POINT ( 'NONE',  ( 2.175277144828318576, 0.2985387878056247613, 0.8175000000000082201 ) ) ;
#2351 = VERTEX_POINT ( 'NONE', #4740 ) ;
#2352 = DIRECTION ( 'NONE',  ( 1.000000000000000000, 0.000000000000000000, 2.168404344971007685E-15 ) ) ;
#2353 = EDGE_LOOP ( 'NONE', ( #1527, #652, #3868, #4707 ) ) ;
#2354 = CARTESIAN_POINT ( 'NONE',  ( 1.500000000000002665, 0.5350000000000005862, -1.499999999999996669 ) ) ;
#2355 = EDGE_CURVE ( 'NONE', #1782, #658, #3588, .T. ) ;
#2356 = CARTESIAN_POINT ( 'NONE',  ( -1.499126327838406825, 0.7199548410463243453, -1.458688739809636425 ) ) ;
#2357 = VECTOR ( 'NONE', #4167, 1000.000000000000000 ) ;
#2358 = CARTESIAN_POINT ( 'NONE',  ( -2.175277144828323017, 0.2985387878056247613, 0.4824999999999931566 ) ) ;
#2359 = EDGE_LOOP ( 'NONE', ( #2274, #4624, #3825, #254 ) ) ;
#2360 = DIRECTION ( 'NONE',  ( 0.1710878697460369580, -0.9702875252478139201, -0.1710878697460354592 ) ) ;
#2361 = VECTOR ( 'NONE', #2861, 1000.000000000000000 ) ;
#2362 = AXIS2_PLACEMENT_3D ( 'NONE', #4732, #2360, #4355 ) ;
#2363 = VECTOR ( 'NONE', #4929, 1000.000000000000000 ) ;
#2364 = DIRECTION ( 'NONE',  ( -3.491481338843133355E-15, 0.000000000000000000, 1.000000000000000000 ) ) ;
#2365 = VERTEX_POINT ( 'NONE', #5167 ) ;
#2366 = CARTESIAN_POINT ( 'NONE',  ( 1.499999999999994449, 0.7150000000000005240, 1.400000000000003686 ) ) ;
#2367 = LINE ( 'NONE', #4793, #941 ) ;
#2368 = ORIENTED_EDGE ( 'NONE', *, *, #4059, .T. ) ;
#2369 = DIRECTION ( 'NONE',  ( 0.06975647374411760027, -0.9975640502598248638, 2.435534263410876071E-16 ) ) ;
#2370 = DIRECTION ( 'NONE',  ( 0.9975640502598247528, 0.06975647374411790558, 3.482976265782951873E-15 ) ) ;
#2371 = DIRECTION ( 'NONE',  ( 1.000000000000000000, 0.000000000000000000, 3.491481338843133355E-15 ) ) ;
#2372 = DIRECTION ( 'NONE',  ( 1.000000000000000000, 0.000000000000000000, 3.491481338843133355E-15 ) ) ;
#2373 = VERTEX_POINT ( 'NONE', #4281 ) ;
#2374 = DIRECTION ( 'NONE',  ( -3.153709703911121268E-15, -0.1736481776669307198, 0.9848077530122080203 ) ) ;
#2375 = AXIS2_PLACEMENT_3D ( 'NONE', #4694, #3874, #3827 ) ;
#2376 =( GEOMETRIC_REPRESENTATION_CONTEXT ( 3 ) GLOBAL_UNCERTAINTY_ASSIGNED_CONTEXT ( ( #2691 ) ) GLOBAL_UNIT_ASSIGNED_CONTEXT ( ( #1667, #922, #874 ) ) REPRESENTATION_CONTEXT ( 'NONE', 'WORKASPACE' ) );
#2377 = ORIENTED_EDGE ( 'NONE', *, *, #1818, .F. ) ;
#2378 = DIRECTION ( 'NONE',  ( -1.000000000000000000, 0.000000000000000000, -3.268171560266927386E-15 ) ) ;
#2379 = ADVANCED_FACE ( 'NONE', ( #2256 ), #1582, .T. ) ;
#2380 = ORIENTED_EDGE ( 'NONE', *, *, #1235, .F. ) ;
#2381 = CARTESIAN_POINT ( 'NONE',  ( -1.400502642445346391, 0.5350000000000002531, -1.500000000000005551 ) ) ;
#2382 = ORIENTED_EDGE ( 'NONE', *, *, #374, .T. ) ;
#2383 = DIRECTION ( 'NONE',  ( -1.000000000000000000, 0.000000000000000000, -3.490873299220224071E-15 ) ) ;
#2384 = DIRECTION ( 'NONE',  ( -3.130080614681299464E-15, 0.000000000000000000, 1.000000000000000000 ) ) ;
#2385 = ORIENTED_EDGE ( 'NONE', *, *, #2048, .T. ) ;
#2386 = CARTESIAN_POINT ( 'NONE',  ( 0.7124999999999970246, 0.1500000000000004940, 0.8800000000000026690 ) ) ;
#2387 = AXIS2_PLACEMENT_3D ( 'NONE', #2851, #326, #1913 ) ;
#2388 = ORIENTED_EDGE ( 'NONE', *, *, #3048, .F. ) ;
#2389 = DIRECTION ( 'NONE',  ( 1.000000000000000000, -4.072327652863561712E-16, 3.491481338843133355E-15 ) ) ;
#2390 = ADVANCED_FACE ( 'NONE', ( #2722 ), #676, .F. ) ;
#2391 = SURFACE_STYLE_FILL_AREA ( #4328 ) ;
#2392 = DIRECTION ( 'NONE',  ( -3.491481338843133355E-15, 0.000000000000000000, 1.000000000000000000 ) ) ;
#2393 = ORIENTED_EDGE ( 'NONE', *, *, #688, .T. ) ;
#2394 = CARTESIAN_POINT ( 'NONE',  ( 1.499996210330393431, 0.7150214922843569632, -1.401005270604402053 ) ) ;
#2395 = CYLINDRICAL_SURFACE ( 'NONE', #4389, 0.2795237385026035359 ) ;
#2396 = DIRECTION ( 'NONE',  ( -1.000000000000000000, 0.000000000000000000, -3.878748110244690170E-15 ) ) ;
#2397 = ORIENTED_EDGE ( 'NONE', *, *, #3520, .F. ) ;
#2398 = CARTESIAN_POINT ( 'NONE',  ( -1.864248227513294998, 0.4527583773229743036, 0.8174999999999941203 ) ) ;
#2399 = CARTESIAN_POINT ( 'NONE',  ( 1.502882636601361233, 0.6986517554501049387, 1.404401861300150323 ) ) ;
#2400 = VECTOR ( 'NONE', #4588, 1000.000000000000000 ) ;
#2401 = CARTESIAN_POINT ( 'NONE',  ( 1.500000000000001332, 0.5350000000000005862, -0.1674999999999940148 ) ) ;
#2402 = ORIENTED_EDGE ( 'NONE', *, *, #3, .F. ) ;
#2403 = DIRECTION ( 'NONE',  ( 3.491481338843133355E-15, -0.000000000000000000, -1.000000000000000000 ) ) ;
#2404 = ORIENTED_EDGE ( 'NONE', *, *, #4685, .T. ) ;
#2405 = ADVANCED_FACE ( 'NONE', ( #730 ), #1130, .F. ) ;
#2406 = FILL_AREA_STYLE ('',( #2467 ) ) ;
#2407 = DIRECTION ( 'NONE',  ( -1.000000000000000000, 0.000000000000000000, -3.491481338843133355E-15 ) ) ;
#2408 = CYLINDRICAL_SURFACE ( 'NONE', #4881, 0.09952373850260348709 ) ;
#2409 = DIRECTION ( 'NONE',  ( 0.1736481776669312749, 0.9848077530122079093, 6.062893718482074749E-16 ) ) ;
#2410 = ORIENTED_EDGE ( 'NONE', *, *, #3528, .F. ) ;
#2411 = LINE ( 'NONE', #3184, #3857 ) ;
#2412 = LINE ( 'NONE', #3951, #2705 ) ;
#2413 = AXIS2_PLACEMENT_3D ( 'NONE', #4997, #745, #3948 ) ;
#2414 = AXIS2_PLACEMENT_3D ( 'NONE', #4797, #1189, #4305 ) ;
#2415 = EDGE_LOOP ( 'NONE', ( #2572, #4248, #3280, #3859 ) ) ;
#2416 = CARTESIAN_POINT ( 'NONE',  ( 1.400502642445354162, 0.5350000000000006972, -1.499999999999996669 ) ) ;
#2417 = CARTESIAN_POINT ( 'NONE',  ( -1.500000000000000000, 0.7150000000000005240, -0.1675000000000044786 ) ) ;
#2418 = EDGE_CURVE ( 'NONE', #4551, #4622, #3183, .T. ) ;
#2419 = VERTEX_POINT ( 'NONE', #3864 ) ;
#2420 = DIRECTION ( 'NONE',  ( -3.130080614681298281E-15, 0.000000000000000000, 1.000000000000000000 ) ) ;
#2421 = EDGE_CURVE ( 'NONE', #4938, #2783, #263, .T. ) ;
#2422 = DIRECTION ( 'NONE',  ( -3.491481338843133355E-15, 0.000000000000000000, 1.000000000000000000 ) ) ;
#2423 = ORIENTED_EDGE ( 'NONE', *, *, #4600, .T. ) ;
#2424 = CARTESIAN_POINT ( 'NONE',  ( 2.077265395542194248, 0.2812566719800473902, 0.8175000000000078870 ) ) ;
#2425 = CARTESIAN_POINT ( 'NONE',  ( -2.175277144828323017, 0.2985387878056247613, 0.4824999999999931566 ) ) ;
#2426 = DIRECTION ( 'NONE',  ( -3.202360759513662219E-15, 0.000000000000000000, 1.000000000000000000 ) ) ;
#2427 = CARTESIAN_POINT ( 'NONE',  ( 1.766236478227171558, 0.5350000000000004752, -0.8174999999999930100 ) ) ;
#2428 = AXIS2_PLACEMENT_3D ( 'NONE', #2827, #1639, #1982 ) ;
#2429 = ORIENTED_EDGE ( 'NONE', *, *, #4715, .F. ) ;
#2430 = CARTESIAN_POINT ( 'NONE',  ( -1.499999999999996669, 0.7150000000000005240, -1.132500000000004503 ) ) ;
#2431 = DIRECTION ( 'NONE',  ( -1.000000000000000000, 0.000000000000000000, -3.540519190289171499E-15 ) ) ;
#2432 = ORIENTED_EDGE ( 'NONE', *, *, #4531, .F. ) ;
#2433 = CARTESIAN_POINT ( 'NONE',  ( 2.449999999999996625, 0.1795615290467681424, 1.132500000000009166 ) ) ;
#2434 = LINE ( 'NONE', #3684, #4099 ) ;
#2435 = AXIS2_PLACEMENT_3D ( 'NONE', #3568, #3602, #319 ) ;
#2436 = CARTESIAN_POINT ( 'NONE',  ( -1.500000000000002442, 0.7150000000000005240, 0.4824999999999954881 ) ) ;
#2437 = LINE ( 'NONE', #4033, #3456 ) ;
#2438 = EDGE_CURVE ( 'NONE', #3496, #3517, #911, .T. ) ;
#2439 = DIRECTION ( 'NONE',  ( -4.336808689942018525E-15, 0.1736481776669308863, 0.9848077530122077983 ) ) ;
#2440 = DIRECTION ( 'NONE',  ( -1.000000000000000000, 0.000000000000000000, -3.490873299220221310E-15 ) ) ;
#2441 = ORIENTED_EDGE ( 'NONE', *, *, #2658, .T. ) ;
#2442 = CARTESIAN_POINT ( 'NONE',  ( 1.864248227513290557, 0.4527583773229743036, 0.4825000000000072564 ) ) ;
#2443 = FACE_OUTER_BOUND ( 'NONE', #5184, .T. ) ;
#2444 = AXIS2_PLACEMENT_3D ( 'NONE', #495, #4553, #2482 ) ;
#2445 = STYLED_ITEM ( 'NONE', ( #2011 ), #4621 ) ;
#2446 = ORIENTED_EDGE ( 'NONE', *, *, #3746, .F. ) ;
#2447 = DIRECTION ( 'NONE',  ( -2.840960035351830695E-15, -1.749755013151209327E-32, 1.000000000000000000 ) ) ;
#2448 = CIRCLE ( 'NONE', #105, 0.09952373850260348709 ) ;
#2449 = FILL_AREA_STYLE_COLOUR ( '', #2785 ) ;
#2450 = CARTESIAN_POINT ( 'NONE',  ( -1.500000000000004663, 0.7150000000000005240, 1.132499999999995399 ) ) ;
#2451 = DIRECTION ( 'NONE',  ( 0.1710878697460364584, -0.9702875252478136980, -0.1710878697460352926 ) ) ;
#2452 = AXIS2_PLACEMENT_3D ( 'NONE', #1249, #4057, #71 ) ;
#2453 = ORIENTED_EDGE ( 'NONE', *, *, #1843, .F. ) ;
#2454 = DIRECTION ( 'NONE',  ( 1.000000000000000000, 0.000000000000000000, 3.202360759513665375E-15 ) ) ;
#2455 = PRESENTATION_STYLE_ASSIGNMENT (( #62 ) ) ;
#2456 = VERTEX_POINT ( 'NONE', #1476 ) ;
#2457 = CYLINDRICAL_SURFACE ( 'NONE', #2428, 0.1000000000000000472 ) ;
#2458 = AXIS2_PLACEMENT_3D ( 'NONE', #612, #1841, #4252 ) ;
#2459 = AXIS2_PLACEMENT_3D ( 'NONE', #3381, #2116, #1375 ) ;
#2460 = PLANE ( 'NONE',  #4893 ) ;
#2461 = ORIENTED_EDGE ( 'NONE', *, *, #984, .F. ) ;
#2462 = DIRECTION ( 'NONE',  ( 3.491481338843133355E-15, -0.000000000000000000, -1.000000000000000000 ) ) ;
#2463 = CYLINDRICAL_SURFACE ( 'NONE', #5050, 0.1249999999999996808 ) ;
#2464 = ORIENTED_EDGE ( 'NONE', *, *, #1790, .F. ) ;
#2465 = DIRECTION ( 'NONE',  ( 0.9975640502598247528, -0.06975647374411790558, 3.482976265782951873E-15 ) ) ;
#2466 = FILL_AREA_STYLE_COLOUR ( '', #3360 ) ;
#2467 = FILL_AREA_STYLE_COLOUR ( '', #1095 ) ;
#2468 = DIRECTION ( 'NONE',  ( 3.491481338843133355E-15, -0.000000000000000000, -1.000000000000000000 ) ) ;
#2469 = CARTESIAN_POINT ( 'NONE',  ( -1.446684924610738943, 0.2326351822333073971, 1.348204149309507827 ) ) ;
#2470 = CARTESIAN_POINT ( 'NONE',  ( 2.450000000000003286, 0.1795615290467681424, -0.8174999999999906786 ) ) ;
#2471 = ORIENTED_EDGE ( 'NONE', *, *, #1250, .T. ) ;
#2472 = DIRECTION ( 'NONE',  ( 3.491481338843133355E-15, -0.000000000000000000, -1.000000000000000000 ) ) ;
#2473 = ORIENTED_EDGE ( 'NONE', *, *, #3449, .T. ) ;
#2474 = CYLINDRICAL_SURFACE ( 'NONE', #515, 0.09999999999999997780 ) ;
#2475 =( LENGTH_UNIT ( ) NAMED_UNIT ( * ) SI_UNIT ( .MILLI., .METRE. ) );
#2476 = AXIS2_PLACEMENT_3D ( 'NONE', #386, #1129, #2001 ) ;
#2477 = EDGE_CURVE ( 'NONE', #168, #2611, #5112, .T. ) ;
#2478 = CARTESIAN_POINT ( 'NONE',  ( 1.348204149309507383, 1.017364817766692742, 1.446684924610737832 ) ) ;
#2479 = LINE ( 'NONE', #4870, #352 ) ;
#2480 = FILL_AREA_STYLE ('',( #2082 ) ) ;
#2481 = ORIENTED_EDGE ( 'NONE', *, *, #3343, .T. ) ;
#2482 = DIRECTION ( 'NONE',  ( 0.1736481776669291655, -0.9848077530122082424, 6.062893718482001780E-16 ) ) ;
#2483 = DIRECTION ( 'NONE',  ( 0.000000000000000000, 1.000000000000000000, 0.000000000000000000 ) ) ;
#2484 = CARTESIAN_POINT ( 'NONE',  ( -2.175277144828325238, 0.2985387878056247613, 1.132499999999993179 ) ) ;
#2485 = EDGE_LOOP ( 'NONE', ( #4645, #958, #5157, #738 ) ) ;
#2486 = CARTESIAN_POINT ( 'NONE',  ( 1.500000000000002442, 0.7150000000000005240, -1.399999999999996581 ) ) ;
#2487 = ORIENTED_EDGE ( 'NONE', *, *, #723, .T. ) ;
#2488 = CARTESIAN_POINT ( 'NONE',  ( 0.7124999999999970246, 0.2500000000000006661, 0.8800000000000026690 ) ) ;
#2489 = DIRECTION ( 'NONE',  ( -1.000000000000000000, -0.000000000000000000, -3.130080614681298281E-15 ) ) ;
#2490 = DIRECTION ( 'NONE',  ( -3.563761483675500055E-15, -0.000000000000000000, 1.000000000000000000 ) ) ;
#2491 = SPHERICAL_SURFACE ( 'NONE', #2193, 0.1000000000000000056 ) ;
#2492 = EDGE_CURVE ( 'NONE', #2302, #3251, #1155, .T. ) ;
#2493 = CARTESIAN_POINT ( 'NONE',  ( -1.766236478227166007, 0.7150000000000004130, -0.8175000000000054445 ) ) ;
#2494 = ADVANCED_FACE ( 'NONE', ( #4366 ), #5086, .F. ) ;
#2495 = VERTEX_POINT ( 'NONE', #4803 ) ;
#2496 = DIRECTION ( 'NONE',  ( -4.072327652863561712E-16, 1.000000000000000000, -1.421845600562798317E-30 ) ) ;
#2497 = ORIENTED_EDGE ( 'NONE', *, *, #5160, .T. ) ;
#2498 = CARTESIAN_POINT ( 'NONE',  ( 2.155778554502604916, 0.01969595508119942329, 0.4825000000000082556 ) ) ;
#2499 = EDGE_CURVE ( 'NONE', #3968, #1183, #2622, .T. ) ;
#2500 = VERTEX_POINT ( 'NONE', #3144 ) ;
#2501 = EDGE_CURVE ( 'NONE', #3768, #356, #790, .T. ) ;
#2502 = CARTESIAN_POINT ( 'NONE',  ( -1.500000000000005773, 0.7150000000000005240, 1.399999999999994804 ) ) ;
#2503 = EDGE_CURVE ( 'NONE', #2883, #272, #4338, .T. ) ;
#2504 = VECTOR ( 'NONE', #3396, 1000.000000000000000 ) ;
#2505 = PLANE ( 'NONE',  #695 ) ;
#2506 = DIRECTION ( 'NONE',  ( 1.000000000000000000, 0.000000000000000000, 3.491481338843133355E-15 ) ) ;
#2507 = APPLICATION_PROTOCOL_DEFINITION ( 'draft international standard', 'automotive_design', 1998, #1882 ) ;
#2508 = VERTEX_POINT ( 'NONE', #367 ) ;
#2509 = DIRECTION ( 'NONE',  ( 0.1736481776669307198, -0.9848077530122080203, 6.062893718482056014E-16 ) ) ;
#2510 = AXIS2_PLACEMENT_3D ( 'NONE', #3960, #3194, #1952 ) ;
#2511 = CARTESIAN_POINT ( 'NONE',  ( 1.348204149309515154, 0.2500000000000004996, -1.348204149309509825 ) ) ;
#2512 = EDGE_LOOP ( 'NONE', ( #3598, #3844, #2782, #2531 ) ) ;
#2513 = DIRECTION ( 'NONE',  ( -4.072327652863561712E-16, 1.000000000000000000, -1.421845600562798317E-30 ) ) ;
#2514 = ORIENTED_EDGE ( 'NONE', *, *, #4738, .F. ) ;
#2515 = CARTESIAN_POINT ( 'NONE',  ( 1.348204149309511601, 0.9999999999999995559, 3.830194107683835034E-15 ) ) ;
#2516 = LINE ( 'NONE', #505, #4269 ) ;
#2517 = CARTESIAN_POINT ( 'NONE',  ( -1.348204149309518485, 0.2500000000000004996, 1.348204149309508271 ) ) ;
#2518 = CARTESIAN_POINT ( 'NONE',  ( -2.437443834726058967, 7.647873938942688573E-19, -0.1675000000000077538 ) ) ;
#2519 = CARTESIAN_POINT ( 'NONE',  ( -2.175277144828325238, 0.2985387878056247613, 1.132499999999993179 ) ) ;
#2520 = DIRECTION ( 'NONE',  ( -0.9848077530122077983, -0.1736481776669308863, -4.336808689942018525E-15 ) ) ;
#2521 = VERTEX_POINT ( 'NONE', #3486 ) ;
#2522 = EDGE_CURVE ( 'NONE', #2957, #3525, #2808, .T. ) ;
#2523 = VECTOR ( 'NONE', #3315, 1000.000000000000000 ) ;
#2524 = DIRECTION ( 'NONE',  ( 3.491481338843133355E-15, -0.000000000000000000, -1.000000000000000000 ) ) ;
#2525 = CIRCLE ( 'NONE', #1507, 0.09952373850260391730 ) ;
#2526 = ORIENTED_EDGE ( 'NONE', *, *, #4600, .F. ) ;
#2527 = VECTOR ( 'NONE', #3976, 1000.000000000000000 ) ;
#2528 = DIRECTION ( 'NONE',  ( 3.491481338843133355E-15, -0.000000000000000000, -1.000000000000000000 ) ) ;
#2529 = LINE ( 'NONE', #4477, #3667 ) ;
#2530 = AXIS2_PLACEMENT_3D ( 'NONE', #2511, #2113, #1950 ) ;
#2531 = ORIENTED_EDGE ( 'NONE', *, *, #2743, .T. ) ;
#2532 = DIRECTION ( 'NONE',  ( -0.9975640502598247528, -0.06975647374411818313, -3.482976265782951873E-15 ) ) ;
#2533 = FACE_OUTER_BOUND ( 'NONE', #4833, .T. ) ;
#2534 = CARTESIAN_POINT ( 'NONE',  ( 0.000000000000000000, 0.1500000000000004940, 0.000000000000000000 ) ) ;
#2535 = VECTOR ( 'NONE', #925, 1000.000000000000000 ) ;
#2536 = VECTOR ( 'NONE', #885, 1000.000000000000000 ) ;
#2537 = CARTESIAN_POINT ( 'NONE',  ( 2.155778554502602695, 0.01969595508119942329, 1.132500000000008278 ) ) ;
#2538 = EDGE_LOOP ( 'NONE', ( #2206, #3702, #3341, #118 ) ) ;
#2539 = VERTEX_POINT ( 'NONE', #2753 ) ;
#2540 = AXIS2_PLACEMENT_3D ( 'NONE', #3104, #1102, #5110 ) ;
#2541 = CARTESIAN_POINT ( 'NONE',  ( 1.348204149309515154, 0.2500000000000004996, -1.348204149309509825 ) ) ;
#2542 = EDGE_CURVE ( 'NONE', #3158, #100, #1904, .T. ) ;
#2543 = CARTESIAN_POINT ( 'NONE',  ( 1.404401861300148546, 0.6986517554501049387, -1.502882636601363453 ) ) ;
#2544 = FACE_OUTER_BOUND ( 'NONE', #1922, .T. ) ;
#2545 = ORIENTED_EDGE ( 'NONE', *, *, #4293, .F. ) ;
#2546 = AXIS2_PLACEMENT_3D ( 'NONE', #3141, #4742, #731 ) ;
#2547 = DIRECTION ( 'NONE',  ( -0.9975640502598247528, -0.06975647374411818313, -3.482976265782951873E-15 ) ) ;
#2548 = LINE ( 'NONE', #4542, #1425 ) ;
#2549 = CIRCLE ( 'NONE', #3650, 0.2795237385026035359 ) ;
#2550 = ORIENTED_EDGE ( 'NONE', *, *, #1062, .F. ) ;
#2551 = EDGE_CURVE ( 'NONE', #1228, #3768, #3966, .T. ) ;
#2552 = EDGE_CURVE ( 'NONE', #2015, #947, #3171, .T. ) ;
#2553 = ORIENTED_EDGE ( 'NONE', *, *, #4930, .F. ) ;
#2554 = CARTESIAN_POINT ( 'NONE',  ( -1.499999999999995337, 0.7150000000000008571, -1.400502642445357493 ) ) ;
#2555 = FACE_OUTER_BOUND ( 'NONE', #867, .T. ) ;
#2556 = CARTESIAN_POINT ( 'NONE',  ( -1.766236478227170448, 0.4354762614973970436, 0.4824999999999945444 ) ) ;
#2557 = CARTESIAN_POINT ( 'NONE',  ( 1.500000000000002442, 0.7150000000000005240, -1.399999999999996581 ) ) ;
#2558 = ORIENTED_EDGE ( 'NONE', *, *, #3020, .T. ) ;
#2559 = EDGE_LOOP ( 'NONE', ( #4805, #5139, #5162, #1515 ) ) ;
#2560 = CARTESIAN_POINT ( 'NONE',  ( -2.175277144828321685, 0.2985387878056247613, 0.1674999999999930711 ) ) ;
#2561 = CARTESIAN_POINT ( 'NONE',  ( 2.168334719776547459, 0.1992574841279679820, 0.1675000000000082256 ) ) ;
#2562 = LINE ( 'NONE', #2123, #180 ) ;
#2563 = DIRECTION ( 'NONE',  ( -3.553083735007082256E-15, 0.000000000000000000, 1.000000000000000000 ) ) ;
#2564 = VERTEX_POINT ( 'NONE', #5197 ) ;
#2565 = CARTESIAN_POINT ( 'NONE',  ( 2.449999999999999734, 0.1795615290467681424, 0.1675000000000092248 ) ) ;
#2566 = ADVANCED_FACE ( 'NONE', ( #1482 ), #1506, .F. ) ;
#2567 = EDGE_CURVE ( 'NONE', #2999, #4637, #814, .T. ) ;
#2568 = ORIENTED_EDGE ( 'NONE', *, *, #3426, .F. ) ;
#2569 = CARTESIAN_POINT ( 'NONE',  ( -1.500000000000005995, 0.7150000000000005240, 1.499999999999994893 ) ) ;
#2570 = VECTOR ( 'NONE', #5182, 1000.000000000000114 ) ;
#2571 = EDGE_CURVE ( 'NONE', #2302, #938, #2695, .T. ) ;
#2572 = ORIENTED_EDGE ( 'NONE', *, *, #2719, .T. ) ;
#2573 = VERTEX_POINT ( 'NONE', #5116 ) ;
#2574 = SURFACE_SIDE_STYLE ('',( #4652 ) ) ;
#2575 = ADVANCED_FACE ( 'NONE', ( #4373 ), #3112, .F. ) ;
#2576 = DIRECTION ( 'NONE',  ( -1.000000000000000000, 0.000000000000000000, -3.878748110244690170E-15 ) ) ;
#2577 = ORIENTED_EDGE ( 'NONE', *, *, #4603, .F. ) ;
#2578 = CARTESIAN_POINT ( 'NONE',  ( -0.7124999999999969136, 0.1500000000000004940, -0.8800000000000024469 ) ) ;
#2579 = CARTESIAN_POINT ( 'NONE',  ( -1.404401861300151655, 0.5687130623165892462, 1.404401861300140997 ) ) ;
#2580 = ADVANCED_FACE ( 'NONE', ( #2726 ), #2315, .F. ) ;
#2581 = DIRECTION ( 'NONE',  ( 0.1710878697460364584, 0.9702875252478136980, -0.1710878697460352649 ) ) ;
#2582 = CARTESIAN_POINT ( 'NONE',  ( 2.175277144828324349, 0.2985387878056247613, -0.8174999999999916778 ) ) ;
#2583 = ADVANCED_FACE ( 'NONE', ( #3534 ), #1532, .T. ) ;
#2584 = EDGE_CURVE ( 'NONE', #4314, #77, #815, .T. ) ;
#2585 = LINE ( 'NONE', #4582, #2767 ) ;
#2586 = EDGE_CURVE ( 'NONE', #4163, #3604, #4868, .T. ) ;
#2587 = VERTEX_POINT ( 'NONE', #1472 ) ;
#2588 = CIRCLE ( 'NONE', #4777, 0.1249999999999996808 ) ;
#2589 = VERTEX_POINT ( 'NONE', #1067 ) ;
#2590 = LINE ( 'NONE', #573, #1607 ) ;
#2591 = DIRECTION ( 'NONE',  ( -1.000000000000000000, 0.000000000000000000, -4.336808689942015369E-15 ) ) ;
#2592 =( BOUNDED_CURVE ( )  B_SPLINE_CURVE ( 3, ( #4754, #4346, #2381, #5071 ),
 .UNSPECIFIED., .F., .T. ) 
 B_SPLINE_CURVE_WITH_KNOTS ( ( 4, 4 ),
 ( 3.126513523093313651, 3.141592653589798445 ),
 .UNSPECIFIED. ) 
 CURVE ( )  GEOMETRIC_REPRESENTATION_ITEM ( )  RATIONAL_B_SPLINE_CURVE ( ( 1.000000000000000000, 0.9999810517417155875, 0.9999810517417155875, 1.000000000000000000 ) ) 
 REPRESENTATION_ITEM ( '' )  );
#2593 = FACE_OUTER_BOUND ( 'NONE', #1688, .T. ) ;
#2594 = ORIENTED_EDGE ( 'NONE', *, *, #614, .T. ) ;
#2595 = ORIENTED_EDGE ( 'NONE', *, *, #1100, .F. ) ;
#2596 = CARTESIAN_POINT ( 'NONE',  ( -2.168334719776548347, 0.1992574841279680098, 0.1674999999999930989 ) ) ;
#2597 = EDGE_CURVE ( 'NONE', #4159, #2988, #1229, .T. ) ;
#2598 = ORIENTED_EDGE ( 'NONE', *, *, #4541, .T. ) ;
#2599 = ORIENTED_EDGE ( 'NONE', *, *, #4910, .T. ) ;
#2600 = VECTOR ( 'NONE', #2904, 1000.000000000000114 ) ;
#2601 = AXIS2_PLACEMENT_3D ( 'NONE', #4154, #4237, #3061 ) ;
#2602 = CARTESIAN_POINT ( 'NONE',  ( -1.766236478227172668, 0.4354762614973970436, 1.132499999999994511 ) ) ;
#2603 = ADVANCED_FACE ( 'NONE', ( #830 ), #3838, .T. ) ;
#2604 = ORIENTED_EDGE ( 'NONE', *, *, #3788, .F. ) ;
#2605 = DIRECTION ( 'NONE',  ( -3.491481338843133355E-15, 0.000000000000000000, 1.000000000000000000 ) ) ;
#2606 = VECTOR ( 'NONE', #4815, 1000.000000000000000 ) ;
#2607 = ORIENTED_EDGE ( 'NONE', *, *, #2058, .F. ) ;
#2608 = LINE ( 'NONE', #3823, #556 ) ;
#2609 = ORIENTED_EDGE ( 'NONE', *, *, #291, .F. ) ;
#2610 = FACE_OUTER_BOUND ( 'NONE', #5115, .T. ) ;
#2611 = VERTEX_POINT ( 'NONE', #2844 ) ;
#2612 = AXIS2_PLACEMENT_3D ( 'NONE', #653, #1170, #4782 ) ;
#2613 = LINE ( 'NONE', #3780, #2103 ) ;
#2614 = CARTESIAN_POINT ( 'NONE',  ( -2.077265395542195137, 0.2812566719800474457, -0.8175000000000064437 ) ) ;
#2615 = AXIS2_PLACEMENT_3D ( 'NONE', #2685, #3006, #4657 ) ;
#2616 = LINE ( 'NONE', #3806, #2400 ) ;
#2617 = ORIENTED_EDGE ( 'NONE', *, *, #943, .T. ) ;
#2618 = VECTOR ( 'NONE', #4270, 1000.000000000000000 ) ;
#2619 = ORIENTED_EDGE ( 'NONE', *, *, #3520, .T. ) ;
#2620 = LINE ( 'NONE', #4218, #1077 ) ;
#2621 = AXIS2_PLACEMENT_3D ( 'NONE', #3967, #846, #393 ) ;
#2622 =( BOUNDED_CURVE ( )  B_SPLINE_CURVE ( 3, ( #4773, #1162, #764, #1135 ),
 .UNSPECIFIED., .F., .T. ) 
 B_SPLINE_CURVE_WITH_KNOTS ( ( 4, 4 ),
 ( 3.141592653589792228, 3.156671784086281463 ),
 .UNSPECIFIED. ) 
 CURVE ( )  GEOMETRIC_REPRESENTATION_ITEM ( )  RATIONAL_B_SPLINE_CURVE ( ( 1.000000000000000000, 0.9999810517417154765, 0.9999810517417154765, 1.000000000000000000 ) ) 
 REPRESENTATION_ITEM ( '' )  );
#2623 = VERTEX_POINT ( 'NONE', #381 ) ;
#2624 = ORIENTED_EDGE ( 'NONE', *, *, #2597, .T. ) ;
#2625 = VECTOR ( 'NONE', #4478, 1000.000000000000000 ) ;
#2626 = VECTOR ( 'NONE', #2282, 1000.000000000000114 ) ;
#2627 = CARTESIAN_POINT ( 'NONE',  ( -1.500000000000004663, 0.7150000000000005240, 1.132499999999995399 ) ) ;
#2628 = DIRECTION ( 'NONE',  ( 3.491481338843133355E-15, -0.000000000000000000, -1.000000000000000000 ) ) ;
#2629 = VERTEX_POINT ( 'NONE', #4434 ) ;
#2630 = DIRECTION ( 'NONE',  ( -1.000000000000000000, 0.000000000000000000, -3.491481338843133355E-15 ) ) ;
#2631 = CARTESIAN_POINT ( 'NONE',  ( 2.175277144828321685, 0.2985387878056247613, -0.1674999999999916556 ) ) ;
#2632 = EDGE_CURVE ( 'NONE', #4083, #3276, #2411, .T. ) ;
#2633 = DIRECTION ( 'NONE',  ( 1.000000000000000000, 4.072327652863561712E-16, 3.491481338843133355E-15 ) ) ;
#2634 = EDGE_CURVE ( 'NONE', #3968, #847, #4254, .T. ) ;
#2635 = ORIENTED_EDGE ( 'NONE', *, *, #3962, .F. ) ;
#2636 = LINE ( 'NONE', #4171, #982 ) ;
#2637 = ORIENTED_EDGE ( 'NONE', *, *, #557, .T. ) ;
#2638 = UNCERTAINTY_MEASURE_WITH_UNIT (LENGTH_MEASURE( 1.000000000000000082E-05 ), #3984, 'distance_accuracy_value', 'NONE');
#2639 = ORIENTED_EDGE ( 'NONE', *, *, #4058, .T. ) ;
#2640 = LINE ( 'NONE', #1000, #5038 ) ;
#2641 = VECTOR ( 'NONE', #3555, 1000.000000000000000 ) ;
#2642 = CARTESIAN_POINT ( 'NONE',  ( 1.766236478227167117, 0.7150000000000005240, 0.4825000000000069234 ) ) ;
#2643 = PLANE ( 'NONE',  #5033 ) ;
#2644 = LINE ( 'NONE', #4241, #1984 ) ;
#2645 = ORIENTED_EDGE ( 'NONE', *, *, #945, .F. ) ;
#2646 = ORIENTED_EDGE ( 'NONE', *, *, #1946, .T. ) ;
#2647 = VECTOR ( 'NONE', #5076, 1000.000000000000114 ) ;
#2648 = CARTESIAN_POINT ( 'NONE',  ( -1.446684924610739165, 0.2326351822333073971, 1.432114112427235852 ) ) ;
#2649 = EDGE_CURVE ( 'NONE', #4540, #407, #4007, .T. ) ;
#2650 = CARTESIAN_POINT ( 'NONE',  ( -2.041513623055486448, 0.4840150493030218048, -0.8175000000000063327 ) ) ;
#2651 = EDGE_LOOP ( 'NONE', ( #488, #2669 ) ) ;
#2652 = ADVANCED_FACE ( 'NONE', ( #4887 ), #939, .F. ) ;
#2653 = ORIENTED_EDGE ( 'NONE', *, *, #215, .F. ) ;
#2654 =( LENGTH_UNIT ( ) NAMED_UNIT ( * ) SI_UNIT ( .MILLI., .METRE. ) );
#2655 = VECTOR ( 'NONE', #861, 1000.000000000000000 ) ;
#2656 = CARTESIAN_POINT ( 'NONE',  ( 2.041513623055486448, 0.4840150493030218048, 0.8175000000000077760 ) ) ;
#2657 =( BOUNDED_CURVE ( )  B_SPLINE_CURVE ( 3, ( #5028, #4664, #1048, #4638 ),
 .UNSPECIFIED., .F., .T. ) 
 B_SPLINE_CURVE_WITH_KNOTS ( ( 4, 4 ),
 ( 5.512866274278610312, 7.053504340080553270 ),
 .UNSPECIFIED. ) 
 CURVE ( )  GEOMETRIC_REPRESENTATION_ITEM ( )  RATIONAL_B_SPLINE_CURVE ( ( 1.000000000000000000, 0.8117923620232494475, 0.8117923620232494475, 1.000000000000000000 ) ) 
 REPRESENTATION_ITEM ( '' )  );
#2658 = EDGE_CURVE ( 'NONE', #77, #4945, #158, .T. ) ;
#2659 = DIRECTION ( 'NONE',  ( -0.9975640502598247528, -0.06975647374411818313, -3.482976265782951873E-15 ) ) ;
#2660 = EDGE_LOOP ( 'NONE', ( #4312, #3716, #2759, #4744 ) ) ;
#2661 = PLANE ( 'NONE',  #5173 ) ;
#2662 = CARTESIAN_POINT ( 'NONE',  ( 1.766236478227169560, 0.7150000000000005240, -0.1674999999999930711 ) ) ;
#2663 = DIRECTION ( 'NONE',  ( 1.000000000000000000, 0.000000000000000000, 3.878748110244690170E-15 ) ) ;
#2664 = PRODUCT_RELATED_PRODUCT_CATEGORY ( 'part', '', ( #4499 ) ) ;
#2665 = ORIENTED_EDGE ( 'NONE', *, *, #557, .F. ) ;
#2666 = ORIENTED_EDGE ( 'NONE', *, *, #1211, .T. ) ;
#2667 = CARTESIAN_POINT ( 'NONE',  ( -1.864248227513291667, 0.4527583773229743036, -0.1675000000000057554 ) ) ;
#2668 = DIRECTION ( 'NONE',  ( -0.9848077530122080203, 0.1736481776669307198, -3.509619939009922799E-15 ) ) ;
#2669 = ORIENTED_EDGE ( 'NONE', *, *, #2279, .T. ) ;
#2670 = CARTESIAN_POINT ( 'NONE',  ( 1.404401861300140331, 0.6812869376834118640, 1.404401861300150101 ) ) ;
#2671 = EDGE_CURVE ( 'NONE', #1177, #3105, #3289, .T. ) ;
#2672 = DIRECTION ( 'NONE',  ( -3.614686131171031945E-15, 0.000000000000000000, 1.000000000000000000 ) ) ;
#2673 = FACE_BOUND ( 'NONE', #1972, .T. ) ;
#2674 = CARTESIAN_POINT ( 'NONE',  ( -1.499999999999997780, 0.7150000000000005240, -0.8175000000000044453 ) ) ;
#2675 = VERTEX_POINT ( 'NONE', #1289 ) ;
#2676 = ORIENTED_EDGE ( 'NONE', *, *, #4993, .T. ) ;
#2677 = CARTESIAN_POINT ( 'NONE',  ( 1.432114112427235186, 0.2326351822333074248, 1.446684924610737832 ) ) ;
#2678 = CARTESIAN_POINT ( 'NONE',  ( -1.864248227513294109, 0.4527583773229743036, 0.4824999999999942113 ) ) ;
#2679 = EDGE_LOOP ( 'NONE', ( #1410, #1788, #1911, #68 ) ) ;
#2680 = EDGE_CURVE ( 'NONE', #3492, #4509, #3693, .T. ) ;
#2681 = ORIENTED_EDGE ( 'NONE', *, *, #4356, .F. ) ;
#2682 = CARTESIAN_POINT ( 'NONE',  ( -2.155778554502609801, 0.01969595508119936778, 0.8174999999999931211 ) ) ;
#2683 = CIRCLE ( 'NONE', #80, 0.09952373850260348709 ) ;
#2684 = VERTEX_POINT ( 'NONE', #1731 ) ;
#2685 = CARTESIAN_POINT ( 'NONE',  ( -2.450000000000001954, 0.1795615290467685032, 0.4824999999999921574 ) ) ;
#2686 = AXIS2_PLACEMENT_3D ( 'NONE', #1910, #3944, #4699 ) ;
#2687 = ORIENTED_EDGE ( 'NONE', *, *, #172, .T. ) ;
#2688 = CARTESIAN_POINT ( 'NONE',  ( -1.766236478227168227, 0.5350000000000004752, -0.1675000000000054223 ) ) ;
#2689 = EDGE_CURVE ( 'NONE', #1907, #5195, #3021, .T. ) ;
#2690 = VERTEX_POINT ( 'NONE', #3361 ) ;
#2691 = UNCERTAINTY_MEASURE_WITH_UNIT (LENGTH_MEASURE( 1.000000000000000082E-05 ), #1667, 'distance_accuracy_value', 'NONE');
#2692 = EDGE_LOOP ( 'NONE', ( #2021, #1504, #894, #4854 ) ) ;
#2693 = CARTESIAN_POINT ( 'NONE',  ( -2.449999999999999734, 0.1795615290467685032, -0.1675000000000078093 ) ) ;
#2694 = CIRCLE ( 'NONE', #3291, 0.09952373850260391730 ) ;
#2695 = LINE ( 'NONE', #4691, #2331 ) ;
#2696 = CARTESIAN_POINT ( 'NONE',  ( 1.766236478227167117, 0.5350000000000004752, 0.4825000000000069234 ) ) ;
#2697 = CARTESIAN_POINT ( 'NONE',  ( 2.168334719776543906, 0.1992574841279675935, 1.132500000000008278 ) ) ;
#2698 = DIRECTION ( 'NONE',  ( 1.000000000000000000, 0.000000000000000000, 3.491481338843133355E-15 ) ) ;
#2699 = ORIENTED_EDGE ( 'NONE', *, *, #2972, .T. ) ;
#2700 = ORIENTED_EDGE ( 'NONE', *, *, #3048, .T. ) ;
#2701 = AXIS2_PLACEMENT_3D ( 'NONE', #4775, #3993, #2010 ) ;
#2702 = EDGE_CURVE ( 'NONE', #765, #2144, #107, .T. ) ;
#2703 = VECTOR ( 'NONE', #2769, 1000.000000000000000 ) ;
#2704 = ADVANCED_FACE ( 'NONE', ( #2131 ), #4961, .F. ) ;
#2705 = VECTOR ( 'NONE', #3979, 1000.000000000000000 ) ;
#2706 = DIRECTION ( 'NONE',  ( 3.491481338843133355E-15, -0.000000000000000000, -1.000000000000000000 ) ) ;
#2707 = AXIS2_PLACEMENT_3D ( 'NONE', #2515, #528, #121 ) ;
#2708 = EDGE_LOOP ( 'NONE', ( #371, #1059, #767, #596 ) ) ;
#2709 = VERTEX_POINT ( 'NONE', #4491 ) ;
#2710 = AXIS2_PLACEMENT_3D ( 'NONE', #1293, #2506, #873 ) ;
#2711 = VECTOR ( 'NONE', #4307, 1000.000000000000000 ) ;
#2712 = COLOUR_RGB ( '',0.8000000000000000444, 0.8078431372549019773, 0.8000000000000000444 ) ;
#2713 = PRESENTATION_STYLE_ASSIGNMENT (( #1223 ) ) ;
#2714 = FACE_OUTER_BOUND ( 'NONE', #353, .T. ) ;
#2715 = DIRECTION ( 'NONE',  ( 3.491481338843133355E-15, -0.000000000000000000, -1.000000000000000000 ) ) ;
#2716 = ORIENTED_EDGE ( 'NONE', *, *, #3226, .T. ) ;
#2717 = CARTESIAN_POINT ( 'NONE',  ( 2.077265395542200910, 0.2812566719800473902, -1.132499999999992291 ) ) ;
#2718 = DIRECTION ( 'NONE',  ( 3.491481338843133355E-15, -0.000000000000000000, -1.000000000000000000 ) ) ;
#2719 = EDGE_CURVE ( 'NONE', #4957, #100, #3620, .T. ) ;
#2720 = EDGE_CURVE ( 'NONE', #2108, #3392, #866, .T. ) ;
#2721 = ORIENTED_EDGE ( 'NONE', *, *, #4915, .T. ) ;
#2722 = FACE_OUTER_BOUND ( 'NONE', #4017, .T. ) ;
#2723 = LINE ( 'NONE', #3616, #1547 ) ;
#2724 = PLANE ( 'NONE',  #586 ) ;
#2725 = VERTEX_POINT ( 'NONE', #4940 ) ;
#2726 = FACE_OUTER_BOUND ( 'NONE', #4688, .T. ) ;
#2727 = EDGE_CURVE ( 'NONE', #2495, #4808, #1258, .T. ) ;
#2728 = FACE_OUTER_BOUND ( 'NONE', #1138, .T. ) ;
#2729 = DIRECTION ( 'NONE',  ( -4.336808689942015369E-15, 0.000000000000000000, 1.000000000000000000 ) ) ;
#2730 = ORIENTED_EDGE ( 'NONE', *, *, #2320, .T. ) ;
#2731 = ORIENTED_EDGE ( 'NONE', *, *, #1938, .T. ) ;
#2732 = CARTESIAN_POINT ( 'NONE',  ( 2.041513623055493554, 0.4840150493030218048, -1.132499999999992291 ) ) ;
#2733 = VECTOR ( 'NONE', #2775, 1000.000000000000114 ) ;
#2734 = DIRECTION ( 'NONE',  ( -1.000000000000000000, 0.000000000000000000, -3.268171560266927386E-15 ) ) ;
#2735 = DIRECTION ( 'NONE',  ( 0.1736481776669312749, 0.9848077530122079093, 6.062893718482074749E-16 ) ) ;
#2736 = ORIENTED_EDGE ( 'NONE', *, *, #1795, .F. ) ;
#2737 = CARTESIAN_POINT ( 'NONE',  ( -2.450000000000004174, 0.1795615290467685032, 1.132499999999992291 ) ) ;
#2738 = SPHERICAL_SURFACE ( 'NONE', #3297, 0.1000000000000000056 ) ;
#2739 = ADVANCED_FACE ( 'NONE', ( #4917 ), #4865, .F. ) ;
#2740 = ORIENTED_EDGE ( 'NONE', *, *, #1954, .F. ) ;
#2741 = CARTESIAN_POINT ( 'NONE',  ( 1.499999999999996669, 0.7150000000000005240, 1.132500000000005835 ) ) ;
#2742 = CARTESIAN_POINT ( 'NONE',  ( -2.041513623055485560, 0.4840150493030218048, -1.132500000000006501 ) ) ;
#2743 = EDGE_CURVE ( 'NONE', #407, #3258, #4465, .T. ) ;
#2744 = ORIENTED_EDGE ( 'NONE', *, *, #1803, .F. ) ;
#2745 = DIRECTION ( 'NONE',  ( 3.491481338843133355E-15, -0.000000000000000000, -1.000000000000000000 ) ) ;
#2746 = CARTESIAN_POINT ( 'NONE',  ( -1.766236478227172668, 0.7150000000000004130, 1.132499999999994511 ) ) ;
#2747 = DIRECTION ( 'NONE',  ( 3.491481338843133355E-15, 0.000000000000000000, -1.000000000000000000 ) ) ;
#2748 = FACE_OUTER_BOUND ( 'NONE', #432, .T. ) ;
#2749 = VERTEX_POINT ( 'NONE', #78 ) ;
#2750 = DIRECTION ( 'NONE',  ( -3.491481338843133355E-15, 0.000000000000000000, 1.000000000000000000 ) ) ;
#2751 = ADVANCED_FACE ( 'NONE', ( #916 ), #1685, .F. ) ;
#2752 = ADVANCED_FACE ( 'NONE', ( #1811 ), #175, .T. ) ;
#2753 = CARTESIAN_POINT ( 'NONE',  ( -2.168334719776549679, 0.1992574841279680098, 0.4824999999999931566 ) ) ;
#2754 = CYLINDRICAL_SURFACE ( 'NONE', #584, 0.1000000000000000472 ) ;
#2755 = EDGE_CURVE ( 'NONE', #4877, #212, #4648, .T. ) ;
#2756 = ADVANCED_FACE ( 'NONE', ( #579 ), #2268, .T. ) ;
#2757 =( LENGTH_UNIT ( ) NAMED_UNIT ( * ) SI_UNIT ( .MILLI., .METRE. ) );
#2758 = DIRECTION ( 'NONE',  ( 1.000000000000000000, -4.072327652863561712E-16, 3.491481338843133355E-15 ) ) ;
#2759 = ORIENTED_EDGE ( 'NONE', *, *, #868, .F. ) ;
#2760 = ORIENTED_EDGE ( 'NONE', *, *, #3430, .F. ) ;
#2761 = DIRECTION ( 'NONE',  ( 1.000000000000000000, 0.000000000000000000, 3.490873299220221310E-15 ) ) ;
#2762 = CARTESIAN_POINT ( 'NONE',  ( -1.401507855905380850, 0.7150644756313447870, 1.499988631206590650 ) ) ;
#2763 = AXIS2_PLACEMENT_3D ( 'NONE', #3436, #766, #2352 ) ;
#2764 = DIRECTION ( 'NONE',  ( -1.000000000000000000, 0.000000000000000000, -3.491481338843133355E-15 ) ) ;
#2765 = CARTESIAN_POINT ( 'NONE',  ( -1.864248227513288336, 0.4527583773229743036, -1.132500000000005835 ) ) ;
#2766 = ORIENTED_EDGE ( 'NONE', *, *, #5144, .T. ) ;
#2767 = VECTOR ( 'NONE', #3009, 1000.000000000000000 ) ;
#2768 = ORIENTED_EDGE ( 'NONE', *, *, #2567, .T. ) ;
#2769 = DIRECTION ( 'NONE',  ( 2.840960035351830695E-15, -1.749755013151209327E-32, -1.000000000000000000 ) ) ;
#2770 = CARTESIAN_POINT ( 'NONE',  ( -1.500000000000000000, 0.5350000000000005862, -0.1675000000000044786 ) ) ;
#2771 = CIRCLE ( 'NONE', #487, 0.09952373850260348709 ) ;
#2772 = CARTESIAN_POINT ( 'NONE',  ( 1.499988631206598200, 0.7150644756313453421, -1.401507855905372635 ) ) ;
#2773 = CARTESIAN_POINT ( 'NONE',  ( 2.077265395542196469, 0.2812566719800473902, 0.1675000000000079203 ) ) ;
#2774 = CARTESIAN_POINT ( 'NONE',  ( 1.766236478227170448, 0.4354762614973970436, -0.4824999999999931566 ) ) ;
#2775 = DIRECTION ( 'NONE',  ( 0.06975647374411775292, 0.9975640502598247528, 2.435534263410881001E-16 ) ) ;
#2776 = VERTEX_POINT ( 'NONE', #3390 ) ;
#2777 = AXIS2_PLACEMENT_3D ( 'NONE', #3880, #3832, #4160 ) ;
#2778 = FACE_OUTER_BOUND ( 'NONE', #4114, .T. ) ;
#2779 = AXIS2_PLACEMENT_3D ( 'NONE', #1905, #3508, #1508 ) ;
#2780 = DIRECTION ( 'NONE',  ( -0.1710878697460364584, 0.9702875252478136980, 0.1710878697460352649 ) ) ;
#2781 = AXIS2_PLACEMENT_3D ( 'NONE', #4206, #242, #3457 ) ;
#2782 = ORIENTED_EDGE ( 'NONE', *, *, #458, .F. ) ;
#2783 = VERTEX_POINT ( 'NONE', #555 ) ;
#2784 = DIRECTION ( 'NONE',  ( -1.000000000000000000, 0.000000000000000000, -4.357562080355903444E-15 ) ) ;
#2785 = COLOUR_RGB ( '',0.8000000000000000444, 0.8078431372549019773, 0.8000000000000000444 ) ;
#2786 = CARTESIAN_POINT ( 'NONE',  ( 1.399999999999994138, 0.7150000000000005240, 1.500000000000004219 ) ) ;
#2787 = EDGE_CURVE ( 'NONE', #4163, #1683, #4989, .T. ) ;
#2788 = VERTEX_POINT ( 'NONE', #1385 ) ;
#2789 = CARTESIAN_POINT ( 'NONE',  ( 1.348204149309511379, 0.2500000000000004996, 3.830194107683834245E-15 ) ) ;
#2790 = AXIS2_PLACEMENT_3D ( 'NONE', #678, #3557, #2372 ) ;
#2791 = AXIS2_PLACEMENT_3D ( 'NONE', #1919, #3131, #3661 ) ;
#2792 = AXIS2_PLACEMENT_3D ( 'NONE', #749, #2364, #489 ) ;
#2793 = VERTEX_POINT ( 'NONE', #3000 ) ;
#2794 = AXIS2_PLACEMENT_3D ( 'NONE', #656, #4757, #1436 ) ;
#2795 = CARTESIAN_POINT ( 'NONE',  ( 1.401005270604407160, 0.5349785077156444801, -1.499996210330387658 ) ) ;
#2796 = CARTESIAN_POINT ( 'NONE',  ( 1.348204149309507383, 0.2500000000000005551, 1.348204149309516708 ) ) ;
#2797 = EDGE_CURVE ( 'NONE', #4557, #4957, #2620, .T. ) ;
#2798 = CARTESIAN_POINT ( 'NONE',  ( 1.500000000000000000, 0.5350000000000005862, 0.1675000000000058942 ) ) ;
#2799 = PLANE ( 'NONE',  #2476 ) ;
#2800 = LINE ( 'NONE', #2688, #305 ) ;
#2801 = PLANE ( 'NONE',  #3973 ) ;
#2802 = AXIS2_PLACEMENT_3D ( 'NONE', #4419, #810, #2035 ) ;
#2803 = LINE ( 'NONE', #412, #4131 ) ;
#2804 = ORIENTED_EDGE ( 'NONE', *, *, #3853, .T. ) ;
#2805 = EDGE_CURVE ( 'NONE', #992, #168, #3809, .T. ) ;
#2806 = DIRECTION ( 'NONE',  ( 0.9975640502598247528, 0.06975647374411818313, 3.482976265782951873E-15 ) ) ;
#2807 = EDGE_CURVE ( 'NONE', #3066, #2015, #1834, .T. ) ;
#2808 = LINE ( 'NONE', #286, #1244 ) ;
#2809 = CARTESIAN_POINT ( 'NONE',  ( -2.168334719776546127, 0.1992574841279680098, -0.4825000000000069234 ) ) ;
#2810 = EDGE_LOOP ( 'NONE', ( #4348, #1778, #2948, #552 ) ) ;
#2811 = CARTESIAN_POINT ( 'NONE',  ( 1.500000000000001332, 0.7150000000000005240, -0.1674999999999940148 ) ) ;
#2812 = ORIENTED_EDGE ( 'NONE', *, *, #4692, .F. ) ;
#2813 = DIRECTION ( 'NONE',  ( 3.491481338843133355E-15, -0.000000000000000000, -1.000000000000000000 ) ) ;
#2814 = ORIENTED_EDGE ( 'NONE', *, *, #2787, .F. ) ;
#2815 = FACE_OUTER_BOUND ( 'NONE', #2359, .T. ) ;
#2816 = ORIENTED_EDGE ( 'NONE', *, *, #2166, .F. ) ;
#2817 = EDGE_CURVE ( 'NONE', #578, #847, #3162, .T. ) ;
#2818 = CARTESIAN_POINT ( 'NONE',  ( -1.766236478227171558, 0.4354762614973970436, 0.8174999999999944533 ) ) ;
#2819 = ADVANCED_FACE ( 'NONE', ( #3972 ), #373, .T. ) ;
#2820 = ORIENTED_EDGE ( 'NONE', *, *, #5084, .F. ) ;
#2821 = CARTESIAN_POINT ( 'NONE',  ( 1.499999999999996669, 0.5350000000000005862, 1.132500000000005835 ) ) ;
#2822 = DIRECTION ( 'NONE',  ( -1.000000000000000000, 0.000000000000000000, -3.491481338843133355E-15 ) ) ;
#2823 = CARTESIAN_POINT ( 'NONE',  ( -1.400000000000005240, 0.7150000000000005240, 1.499999999999995115 ) ) ;
#2824 = CARTESIAN_POINT ( 'NONE',  ( 1.766236478227167117, 0.4354762614973970436, 0.4825000000000069234 ) ) ;
#2825 = PLANE ( 'NONE',  #2802 ) ;
#2826 = ORIENTED_EDGE ( 'NONE', *, *, #2889, .F. ) ;
#2827 = CARTESIAN_POINT ( 'NONE',  ( -1.400000000000005018, 0.7150000000000005240, 1.399999999999995026 ) ) ;
#2828 = VECTOR ( 'NONE', #4319, 1000.000000000000000 ) ;
#2829 = ADVANCED_FACE ( 'NONE', ( #4756 ), #2323, .F. ) ;
#2830 = EDGE_LOOP ( 'NONE', ( #1578, #3537, #1168, #960 ) ) ;
#2831 = CARTESIAN_POINT ( 'NONE',  ( 1.500000000000000000, 0.5350000000000005862, 0.1675000000000058942 ) ) ;
#2832 = DIRECTION ( 'NONE',  ( 1.000000000000000000, 0.000000000000000000, 3.491481338843133355E-15 ) ) ;
#2833 = ORIENTED_EDGE ( 'NONE', *, *, #2755, .T. ) ;
#2834 = LINE ( 'NONE', #4510, #3546 ) ;
#2835 = DIRECTION ( 'NONE',  ( 1.000000000000000000, 0.000000000000000000, 3.268171560266927386E-15 ) ) ;
#2836 =( NAMED_UNIT ( * ) SI_UNIT ( $, .STERADIAN. ) SOLID_ANGLE_UNIT ( ) );
#2837 = EDGE_CURVE ( 'NONE', #3949, #5073, #686, .T. ) ;
#2838 = CARTESIAN_POINT ( 'NONE',  ( 2.437443834726062075, 7.647873938942688573E-19, -0.8174999999999907896 ) ) ;
#2839 = DIRECTION ( 'NONE',  ( 0.9848077530122079093, -0.1736481776669311639, 3.438437891990161467E-15 ) ) ;
#2840 = ORIENTED_EDGE ( 'NONE', *, *, #4755, .T. ) ;
#2841 = CARTESIAN_POINT ( 'NONE',  ( -1.348204149309508715, 0.9999999999999995559, -1.348204149309518485 ) ) ;
#2842 =( BOUNDED_CURVE ( )  B_SPLINE_CURVE ( 3, ( #2114, #1422, #3423, #5002 ),
 .UNSPECIFIED., .F., .T. ) 
 B_SPLINE_CURVE_WITH_KNOTS ( ( 4, 4 ),
 ( 5.512866274278621859, 7.053504340080557711 ),
 .UNSPECIFIED. ) 
 CURVE ( )  GEOMETRIC_REPRESENTATION_ITEM ( )  RATIONAL_B_SPLINE_CURVE ( ( 1.000000000000000000, 0.8117923620232512238, 0.8117923620232512238, 1.000000000000000000 ) ) 
 REPRESENTATION_ITEM ( '' )  );
#2843 = EDGE_LOOP ( 'NONE', ( #1056, #1814, #4686, #3451 ) ) ;
#2844 = CARTESIAN_POINT ( 'NONE',  ( -2.437443834726059411, 7.647873938942688573E-19, 0.1674999999999921552 ) ) ;
#2845 = DIRECTION ( 'NONE',  ( 3.614686131171031945E-15, 0.000000000000000000, -1.000000000000000000 ) ) ;
#2846 = VECTOR ( 'NONE', #235, 1000.000000000000000 ) ;
#2847 = EDGE_LOOP ( 'NONE', ( #3338, #249, #14, #2969 ) ) ;
#2848 = DIRECTION ( 'NONE',  ( 3.491481338843133355E-15, 0.000000000000000000, -1.000000000000000000 ) ) ;
#2849 = LINE ( 'NONE', #2450, #3377 ) ;
#2850 = ORIENTED_EDGE ( 'NONE', *, *, #1358, .T. ) ;
#2851 = CARTESIAN_POINT ( 'NONE',  ( -1.864248227513296108, 0.4527583773229743036, 1.132499999999994289 ) ) ;
#2852 = FACE_OUTER_BOUND ( 'NONE', #589, .T. ) ;
#2853 = DIRECTION ( 'NONE',  ( 0.000000000000000000, 0.000000000000000000, 1.000000000000000000 ) ) ;
#2854 = ORIENTED_EDGE ( 'NONE', *, *, #3358, .F. ) ;
#2855 = CARTESIAN_POINT ( 'NONE',  ( 1.348204149309507605, 0.9999999999999995559, 1.348204149309516930 ) ) ;
#2856 = DIRECTION ( 'NONE',  ( -3.491481338843133355E-15, 0.000000000000000000, 1.000000000000000000 ) ) ;
#2857 = CARTESIAN_POINT ( 'NONE',  ( -2.175277144828317688, 0.2985387878056247613, -1.132500000000006946 ) ) ;
#2858 = EDGE_CURVE ( 'NONE', #2508, #2675, #25, .T. ) ;
#2859 = EDGE_LOOP ( 'NONE', ( #2393, #2326, #2920, #1925 ) ) ;
#2860 = DIRECTION ( 'NONE',  ( -1.000000000000000000, 0.000000000000000000, -3.540519190289171499E-15 ) ) ;
#2861 = DIRECTION ( 'NONE',  ( -1.000000000000000000, -0.000000000000000000, -3.202360759513665375E-15 ) ) ;
#2862 = VERTEX_POINT ( 'NONE', #351 ) ;
#2863 = DIRECTION ( 'NONE',  ( -1.000000000000000000, 0.000000000000000000, -3.491481338843133355E-15 ) ) ;
#2864 = DIRECTION ( 'NONE',  ( 0.000000000000000000, 1.000000000000000000, 0.000000000000000000 ) ) ;
#2865 = DIRECTION ( 'NONE',  ( -1.000000000000000000, 0.000000000000000000, -3.491481338843133355E-15 ) ) ;
#2866 = DIRECTION ( 'NONE',  ( -0.000000000000000000, -1.000000000000000000, 0.000000000000000000 ) ) ;
#2867 = ORIENTED_EDGE ( 'NONE', *, *, #1716, .F. ) ;
#2868 = EDGE_CURVE ( 'NONE', #4294, #2776, #1201, .T. ) ;
#2869 = DIRECTION ( 'NONE',  ( -1.000000000000000000, 0.000000000000000000, -3.469446951953622866E-15 ) ) ;
#2870 = DIRECTION ( 'NONE',  ( 3.491481338843133355E-15, -0.000000000000000000, -1.000000000000000000 ) ) ;
#2871 = VECTOR ( 'NONE', #4481, 1000.000000000000000 ) ;
#2872 = ORIENTED_EDGE ( 'NONE', *, *, #2903, .T. ) ;
#2873 = VECTOR ( 'NONE', #2659, 1000.000000000000114 ) ;
#2874 = FILL_AREA_STYLE_COLOUR ( '', #1810 ) ;
#2875 = LINE ( 'NONE', #1736, #1606 ) ;
#2876 = CARTESIAN_POINT ( 'NONE',  ( 1.766236478227167117, 0.7150000000000005240, 0.4825000000000069234 ) ) ;
#2877 = AXIS2_PLACEMENT_3D ( 'NONE', #3319, #3769, #4574 ) ;
#2878 = STYLED_ITEM ( 'NONE', ( #5180 ), #4762 ) ;
#2879 = CIRCLE ( 'NONE', #1780, 0.09952373850260348709 ) ;
#2880 = DIRECTION ( 'NONE',  ( 6.062893718482056014E-16, -0.9848077530122080203, -0.1736481776669307198 ) ) ;
#2881 = LINE ( 'NONE', #1269, #2625 ) ;
#2882 = SHAPE_DEFINITION_REPRESENTATION ( #503, #490 ) ;
#2883 = VERTEX_POINT ( 'NONE', #1621 ) ;
#2884 = CARTESIAN_POINT ( 'NONE',  ( -2.041513623055486448, 0.4840150493030218048, -0.8175000000000063327 ) ) ;
#2885 = VECTOR ( 'NONE', #3530, 999.9999999999998863 ) ;
#2886 = PRESENTATION_LAYER_ASSIGNMENT (  '', '', ( #2445 ) ) ;
#2887 = EDGE_CURVE ( 'NONE', #3768, #4314, #2344, .T. ) ;
#2888 = DIRECTION ( 'NONE',  ( 3.491481338843133355E-15, -0.000000000000000000, -1.000000000000000000 ) ) ;
#2889 = EDGE_CURVE ( 'NONE', #2587, #2004, #296, .T. ) ;
#2890 = DIRECTION ( 'NONE',  ( -0.9848077530122082424, -0.1736481776669291655, -3.438437891990162256E-15 ) ) ;
#2891 = CARTESIAN_POINT ( 'NONE',  ( -1.766236478227172668, 0.4354762614973970436, 1.132499999999994511 ) ) ;
#2892 = ORIENTED_EDGE ( 'NONE', *, *, #2105, .T. ) ;
#2893 = DIRECTION ( 'NONE',  ( 1.000000000000000000, -2.168404344971008474E-15, 3.873829529946988709E-15 ) ) ;
#2894 = PLANE ( 'NONE',  #4629 ) ;
#2895 = ORIENTED_EDGE ( 'NONE', *, *, #2887, .F. ) ;
#2896 = LINE ( 'NONE', #4084, #4469 ) ;
#2897 = FACE_OUTER_BOUND ( 'NONE', #3567, .T. ) ;
#2898 = EDGE_CURVE ( 'NONE', #2902, #3506, #2297, .T. ) ;
#2899 = EDGE_CURVE ( 'NONE', #1705, #2690, #4347, .T. ) ;
#2900 = LINE ( 'NONE', #912, #2228 ) ;
#2901 = CARTESIAN_POINT ( 'NONE',  ( -2.175277144828320797, 0.2985387878056247613, -0.1675000000000068379 ) ) ;
#2902 = VERTEX_POINT ( 'NONE', #3121 ) ;
#2903 = EDGE_CURVE ( 'NONE', #3094, #1228, #3543, .T. ) ;
#2904 = DIRECTION ( 'NONE',  ( 0.1736481776669312749, -0.9848077530122079093, 6.062893718482074749E-16 ) ) ;
#2905 = PLANE ( 'NONE',  #5124 ) ;
#2906 = EDGE_LOOP ( 'NONE', ( #2967, #1857, #4903, #5012 ) ) ;
#2907 = CARTESIAN_POINT ( 'NONE',  ( 1.900000000000000799, 0.2500000000000000555, -0.1674999999999925993 ) ) ;
#2908 = CARTESIAN_POINT ( 'NONE',  ( -2.449999999999996625, 0.1795615290467685032, -1.132500000000007834 ) ) ;
#2909 = AXIS2_PLACEMENT_3D ( 'NONE', #1238, #5191, #3193 ) ;
#2910 = VECTOR ( 'NONE', #1796, 1000.000000000000114 ) ;
#2911 = CARTESIAN_POINT ( 'NONE',  ( -1.766236478227170448, 0.5350000000000004752, 0.4824999999999945444 ) ) ;
#2912 = ORIENTED_EDGE ( 'NONE', *, *, #1116, .T. ) ;
#2913 = CARTESIAN_POINT ( 'NONE',  ( -2.449999999999997513, 0.1795615290467685032, -0.8175000000000077760 ) ) ;
#2914 = CARTESIAN_POINT ( 'NONE',  ( 2.155778554502610689, 0.01969595508119942329, -1.132499999999991847 ) ) ;
#2915 = CARTESIAN_POINT ( 'NONE',  ( 1.499988631206598200, 0.5349355243686558792, -1.401507855905371525 ) ) ;
#2916 = CARTESIAN_POINT ( 'NONE',  ( 0.7125000000000031308, 0.1500000000000004940, -0.8799999999999974509 ) ) ;
#2917 = ORIENTED_EDGE ( 'NONE', *, *, #4079, .T. ) ;
#2918 = DIRECTION ( 'NONE',  ( 1.000000000000000000, -4.072327652863561712E-16, 3.491481338843133355E-15 ) ) ;
#2919 = DIRECTION ( 'NONE',  ( 0.000000000000000000, 1.000000000000000000, 0.000000000000000000 ) ) ;
#2920 = ORIENTED_EDGE ( 'NONE', *, *, #4513, .F. ) ;
#2921 = LINE ( 'NONE', #3234, #2536 ) ;
#2922 = VECTOR ( 'NONE', #1681, 1000.000000000000114 ) ;
#2923 = SURFACE_STYLE_USAGE ( .BOTH. , #4836 ) ;
#2924 = LINE ( 'NONE', #301, #1274 ) ;
#2925 = CARTESIAN_POINT ( 'NONE',  ( -2.077265395542195137, 0.2812566719800474457, -0.8175000000000064437 ) ) ;
#2926 = VERTEX_POINT ( 'NONE', #1118 ) ;
#2927 = FACE_OUTER_BOUND ( 'NONE', #1597, .T. ) ;
#2928 = VERTEX_POINT ( 'NONE', #2762 ) ;
#2929 = CARTESIAN_POINT ( 'NONE',  ( 2.175277144828319464, 0.2985387878056247613, 0.4825000000000083111 ) ) ;
#2930 = CARTESIAN_POINT ( 'NONE',  ( 1.348204149309515376, 1.099999999999999645, -1.348204149309510269 ) ) ;
#2931 = ORIENTED_EDGE ( 'NONE', *, *, #2477, .F. ) ;
#2932 = LINE ( 'NONE', #4525, #583 ) ;
#2933 = VECTOR ( 'NONE', #4088, 1000.000000000000000 ) ;
#2934 = MANIFOLD_SOLID_BREP ( 'Body-Move/Copy1[6]', #2218 ) ;
#2935 = ORIENTED_EDGE ( 'NONE', *, *, #1076, .T. ) ;
#2936 = CARTESIAN_POINT ( 'NONE',  ( -2.437443834726062963, 7.647873938942688573E-19, 1.132499999999992291 ) ) ;
#2937 = EDGE_CURVE ( 'NONE', #455, #1069, #1965, .T. ) ;
#2938 = DIRECTION ( 'NONE',  ( -0.1736481776669311639, -0.9848077530122079093, -6.062893718482070805E-16 ) ) ;
#2939 = DIRECTION ( 'NONE',  ( 0.9975640502598247528, 0.06975647374411790558, 3.482976265782951873E-15 ) ) ;
#2940 = ORIENTED_EDGE ( 'NONE', *, *, #2837, .T. ) ;
#2941 = ORIENTED_EDGE ( 'NONE', *, *, #1881, .T. ) ;
#2942 = DIRECTION ( 'NONE',  ( 1.000000000000000000, 0.000000000000000000, 4.336808689942015369E-15 ) ) ;
#2943 = DIRECTION ( 'NONE',  ( -1.000000000000000000, 0.000000000000000000, -1.289625861630887653E-15 ) ) ;
#2944 = AXIS2_PLACEMENT_3D ( 'NONE', #4136, #2146, #955 ) ;
#2945 = CARTESIAN_POINT ( 'NONE',  ( 2.449999999999998401, 0.1795615290467681424, 0.4825000000000093103 ) ) ;
#2946 = ORIENTED_EDGE ( 'NONE', *, *, #888, .F. ) ;
#2947 = LINE ( 'NONE', #2565, #812 ) ;
#2948 = ORIENTED_EDGE ( 'NONE', *, *, #4685, .F. ) ;
#2949 = AXIS2_PLACEMENT_3D ( 'NONE', #2425, #2856, #5082 ) ;
#2950 = CARTESIAN_POINT ( 'NONE',  ( -0.9999999999999970024, 0.9999999999999995559, -1.000000000000005329 ) ) ;
#2951 = CARTESIAN_POINT ( 'NONE',  ( -2.175277144828320797, 0.2985387878056247613, -0.1675000000000068379 ) ) ;
#2952 = EDGE_CURVE ( 'NONE', #1705, #1712, #2177, .T. ) ;
#2953 = ORIENTED_EDGE ( 'NONE', *, *, #3516, .F. ) ;
#2954 = CIRCLE ( 'NONE', #3627, 0.09999999999999997780 ) ;
#2955 = DIRECTION ( 'NONE',  ( 3.553083735007082256E-15, 0.000000000000000000, -1.000000000000000000 ) ) ;
#2956 = VECTOR ( 'NONE', #4364, 1000.000000000000114 ) ;
#2957 = VERTEX_POINT ( 'NONE', #4459 ) ;
#2958 = LINE ( 'NONE', #4928, #2357 ) ;
#2959 = FACE_OUTER_BOUND ( 'NONE', #1600, .T. ) ;
#2960 = DIRECTION ( 'NONE',  ( 0.000000000000000000, -1.000000000000000000, 0.000000000000000000 ) ) ;
#2961 = AXIS2_PLACEMENT_3D ( 'NONE', #3479, #990, #1020 ) ;
#2962 = VECTOR ( 'NONE', #2337, 1000.000000000000000 ) ;
#2963 = AXIS2_PLACEMENT_3D ( 'NONE', #2433, #2046, #3656 ) ;
#2964 = DIRECTION ( 'NONE',  ( 1.000000000000000000, 0.000000000000000000, 3.268171560266913581E-15 ) ) ;
#2965 = ADVANCED_FACE ( 'NONE', ( #2095 ), #104, .F. ) ;
#2966 = CARTESIAN_POINT ( 'NONE',  ( -2.155778554502608468, 0.01969595508119942329, 0.4824999999999932121 ) ) ;
#2967 = ORIENTED_EDGE ( 'NONE', *, *, #3426, .T. ) ;
#2968 = AXIS2_PLACEMENT_3D ( 'NONE', #3109, #1530, #3142 ) ;
#2969 = ORIENTED_EDGE ( 'NONE', *, *, #2121, .T. ) ;
#2970 = AXIS2_PLACEMENT_3D ( 'NONE', #5093, #1052, #4693 ) ;
#2971 = MANIFOLD_SOLID_BREP ( 'Body-Move/Copy1[1]', #4916 ) ;
#2972 = EDGE_CURVE ( 'NONE', #2249, #3777, #2640, .T. ) ;
#2973 = PLANE ( 'NONE',  #2944 ) ;
#2974 = CARTESIAN_POINT ( 'NONE',  ( -1.900000000000001910, 0.2500000000000000000, 0.4824999999999941003 ) ) ;
#2975 = ORIENTED_EDGE ( 'NONE', *, *, #4217, .T. ) ;
#2976 = CARTESIAN_POINT ( 'NONE',  ( 2.175277144828317688, 0.2985387878056247613, 1.132500000000008278 ) ) ;
#2977 = ORIENTED_EDGE ( 'NONE', *, *, #5092, .F. ) ;
#2978 = DIRECTION ( 'NONE',  ( 1.000000000000000000, 0.000000000000000000, 3.490873299220224071E-15 ) ) ;
#2979 = ADVANCED_FACE ( 'NONE', ( #1677 ), #3826, .F. ) ;
#2980 = ORIENTED_EDGE ( 'NONE', *, *, #3420, .T. ) ;
#2981 = ORIENTED_EDGE ( 'NONE', *, *, #2499, .F. ) ;
#2982 = EDGE_CURVE ( 'NONE', #2, #794, #4586, .T. ) ;
#2983 = EDGE_CURVE ( 'NONE', #913, #1674, #2613, .T. ) ;
#2984 =( NAMED_UNIT ( * ) PLANE_ANGLE_UNIT ( ) SI_UNIT ( $, .RADIAN. ) );
#2985 = CARTESIAN_POINT ( 'NONE',  ( -1.500000000000004663, 0.7150000000000005240, 1.132499999999995399 ) ) ;
#2986 = EDGE_CURVE ( 'NONE', #3940, #2365, #1400, .T. ) ;
#2987 = FACE_OUTER_BOUND ( 'NONE', #3922, .T. ) ;
#2988 = VERTEX_POINT ( 'NONE', #4667 ) ;
#2989 = CARTESIAN_POINT ( 'NONE',  ( -1.348204149309518263, 0.2500000000000004996, 1.348204149309508049 ) ) ;
#2990 = AXIS2_PLACEMENT_3D ( 'NONE', #2602, #3924, #2182 ) ;
#2991 = CARTESIAN_POINT ( 'NONE',  ( 1.499999999999994449, 0.7150000000000005240, 1.400000000000003686 ) ) ;
#2992 = CARTESIAN_POINT ( 'NONE',  ( -1.446684924610729617, 1.017364817766692742, -1.348204149309518707 ) ) ;
#2993 = ORIENTED_EDGE ( 'NONE', *, *, #3246, .T. ) ;
#2994 = VERTEX_POINT ( 'NONE', #1775 ) ;
#2995 = ADVANCED_FACE ( 'NONE', ( #1804 ), #3845, .T. ) ;
#2996 = DIRECTION ( 'NONE',  ( -3.491481338843133355E-15, 0.000000000000000000, 1.000000000000000000 ) ) ;
#2997 = ORIENTED_EDGE ( 'NONE', *, *, #5126, .F. ) ;
#2998 = DIRECTION ( 'NONE',  ( -1.000000000000000000, 0.000000000000000000, -3.491481338843133355E-15 ) ) ;
#2999 = VERTEX_POINT ( 'NONE', #3431 ) ;
#3000 = CARTESIAN_POINT ( 'NONE',  ( 1.499999999999998890, 0.5350000000000005862, 0.4825000000000059797 ) ) ;
#3001 = VECTOR ( 'NONE', #1935, 1000.000000000000000 ) ;
#3002 = ORIENTED_EDGE ( 'NONE', *, *, #2009, .F. ) ;
#3003 = ORIENTED_EDGE ( 'NONE', *, *, #3528, .T. ) ;
#3004 = LINE ( 'NONE', #588, #2504 ) ;
#3005 = ORIENTED_EDGE ( 'NONE', *, *, #1640, .T. ) ;
#3006 = DIRECTION ( 'NONE',  ( 0.9975640502598248638, 0.06975647374411760027, 3.482976265782951873E-15 ) ) ;
#3007 = AXIS2_PLACEMENT_3D ( 'NONE', #4517, #4590, #4620 ) ;
#3008 = CARTESIAN_POINT ( 'NONE',  ( 1.348204149309507383, 0.1500000000000004940, 1.348204149309516930 ) ) ;
#3009 = DIRECTION ( 'NONE',  ( 3.491481338843133355E-15, -0.000000000000000000, -1.000000000000000000 ) ) ;
#3010 = ORIENTED_EDGE ( 'NONE', *, *, #4910, .F. ) ;
#3011 = ORIENTED_EDGE ( 'NONE', *, *, #2898, .F. ) ;
#3012 = CARTESIAN_POINT ( 'NONE',  ( -2.041513623055485560, 0.4840150493030218048, -1.132500000000006501 ) ) ;
#3013 = LINE ( 'NONE', #3876, #1045 ) ;
#3014 = ORIENTED_EDGE ( 'NONE', *, *, #1727, .F. ) ;
#3015 = DIRECTION ( 'NONE',  ( -3.491481338843133355E-15, 0.000000000000000000, 1.000000000000000000 ) ) ;
#3016 = ORIENTED_EDGE ( 'NONE', *, *, #3586, .F. ) ;
#3017 = VECTOR ( 'NONE', #3522, 999.9999999999998863 ) ;
#3018 = ORIENTED_EDGE ( 'NONE', *, *, #1553, .T. ) ;
#3019 = ORIENTED_EDGE ( 'NONE', *, *, #2421, .T. ) ;
#3020 = EDGE_CURVE ( 'NONE', #2573, #4879, #2349, .T. ) ;
#3021 = CIRCLE ( 'NONE', #4789, 0.09952373850260348709 ) ;
#3022 = CIRCLE ( 'NONE', #2779, 0.1249999999999996808 ) ;
#3023 = EDGE_CURVE ( 'NONE', #3090, #2343, #3526, .T. ) ;
#3024 = CARTESIAN_POINT ( 'NONE',  ( -2.155778554502610689, 0.01969595508119942329, 1.132499999999993179 ) ) ;
#3025 = FACE_OUTER_BOUND ( 'NONE', #2485, .T. ) ;
#3026 = CIRCLE ( 'NONE', #1260, 0.2795237385026035359 ) ;
#3027 = CARTESIAN_POINT ( 'NONE',  ( -2.168334719776551012, 0.1992574841279680098, 0.8174999999999930100 ) ) ;
#3028 = CARTESIAN_POINT ( 'NONE',  ( 1.766236478227168227, 0.4354762614973970436, 0.1675000000000068379 ) ) ;
#3029 = EDGE_LOOP ( 'NONE', ( #4503, #3783, #2104, #1701 ) ) ;
#3030 = CARTESIAN_POINT ( 'NONE',  ( -1.348204149309518485, 1.099999999999999645, 1.348204149309508271 ) ) ;
#3031 = CARTESIAN_POINT ( 'NONE',  ( -1.766236478227168227, 0.4354762614973970436, -0.1675000000000054223 ) ) ;
#3032 = CIRCLE ( 'NONE', #251, 0.09999999999999997780 ) ;
#3033 = ORIENTED_EDGE ( 'NONE', *, *, #710, .F. ) ;
#3034 = ORIENTED_EDGE ( 'NONE', *, *, #2658, .F. ) ;
#3035 = ORIENTED_EDGE ( 'NONE', *, *, #3137, .F. ) ;
#3036 = EDGE_CURVE ( 'NONE', #4083, #238, #3026, .T. ) ;
#3037 = AXIS2_PLACEMENT_3D ( 'NONE', #869, #1662, #1713 ) ;
#3038 = ADVANCED_FACE ( 'NONE', ( #4178 ), #647, .T. ) ;
#3039 = AXIS2_PLACEMENT_3D ( 'NONE', #3422, #2307, #1447 ) ;
#3040 = DIRECTION ( 'NONE',  ( -4.336808689942016158E-15, 0.000000000000000000, 1.000000000000000000 ) ) ;
#3041 = VERTEX_POINT ( 'NONE', #5008 ) ;
#3042 = VECTOR ( 'NONE', #3847, 1000.000000000000000 ) ;
#3043 = ORIENTED_EDGE ( 'NONE', *, *, #316, .F. ) ;
#3044 = EDGE_CURVE ( 'NONE', #3604, #1428, #598, .T. ) ;
#3045 = EDGE_CURVE ( 'NONE', #2521, #4083, #165, .T. ) ;
#3046 = CARTESIAN_POINT ( 'NONE',  ( -1.348204149309508493, 1.017364817766692742, -1.446684924610739165 ) ) ;
#3047 = ORIENTED_EDGE ( 'NONE', *, *, #2552, .T. ) ;
#3048 = EDGE_CURVE ( 'NONE', #5204, #4921, #550, .T. ) ;
#3049 = FACE_OUTER_BOUND ( 'NONE', #715, .T. ) ;
#3050 = ORIENTED_EDGE ( 'NONE', *, *, #954, .T. ) ;
#3051 = FACE_OUTER_BOUND ( 'NONE', #4767, .T. ) ;
#3052 = DIRECTION ( 'NONE',  ( 3.491481338843133355E-15, -0.000000000000000000, -1.000000000000000000 ) ) ;
#3053 = ORIENTED_EDGE ( 'NONE', *, *, #2567, .F. ) ;
#3054 = CARTESIAN_POINT ( 'NONE',  ( -2.168334719776547459, 0.1992574841279680098, -0.1675000000000068101 ) ) ;
#3055 = EDGE_CURVE ( 'NONE', #2202, #2108, #5032, .T. ) ;
#3056 = ORIENTED_EDGE ( 'NONE', *, *, #1815, .F. ) ;
#3057 = LINE ( 'NONE', #1071, #2101 ) ;
#3058 = ORIENTED_EDGE ( 'NONE', *, *, #3755, .F. ) ;
#3059 = PLANE ( 'NONE',  #1360 ) ;
#3060 = EDGE_LOOP ( 'NONE', ( #4671, #725, #967, #2917 ) ) ;
#3061 = DIRECTION ( 'NONE',  ( 0.1736481776669311639, 0.9848077530122079093, 6.062893718482070805E-16 ) ) ;
#3062 = VECTOR ( 'NONE', #4418, 1000.000000000000000 ) ;
#3063 = ADVANCED_FACE ( 'NONE', ( #3354 ), #4955, .F. ) ;
#3064 = FACE_OUTER_BOUND ( 'NONE', #2184, .T. ) ;
#3065 = CARTESIAN_POINT ( 'NONE',  ( 2.450000000000000622, 0.1795615290467681424, -0.1674999999999906841 ) ) ;
#3066 = VERTEX_POINT ( 'NONE', #4984 ) ;
#3067 = DIRECTION ( 'NONE',  ( 1.000000000000000000, 4.072327652863561712E-16, 3.491481338843133355E-15 ) ) ;
#3068 = ORIENTED_EDGE ( 'NONE', *, *, #1940, .T. ) ;
#3069 = DIRECTION ( 'NONE',  ( -3.491481338843133355E-15, 0.000000000000000000, 1.000000000000000000 ) ) ;
#3070 = DIRECTION ( 'NONE',  ( 0.9975640502598247528, 0.06975647374411818313, 3.482976265782951873E-15 ) ) ;
#3071 = ORIENTED_EDGE ( 'NONE', *, *, #4183, .F. ) ;
#3072 = DIRECTION ( 'NONE',  ( -1.000000000000000000, 0.000000000000000000, -3.469446951953622866E-15 ) ) ;
#3073 = ORIENTED_EDGE ( 'NONE', *, *, #3118, .F. ) ;
#3074 = DIRECTION ( 'NONE',  ( 3.491481338843133355E-15, -0.000000000000000000, -1.000000000000000000 ) ) ;
#3075 = CIRCLE ( 'NONE', #798, 0.1249999999999996808 ) ;
#3076 = CARTESIAN_POINT ( 'NONE',  ( 1.499999999999998890, 0.7150000000000005240, 0.4825000000000059797 ) ) ;
#3077 = EDGE_LOOP ( 'NONE', ( #1794, #133, #5090, #3011 ) ) ;
#3078 = CARTESIAN_POINT ( 'NONE',  ( 2.077265395542195581, 0.2812566719800473902, 0.4825000000000079781 ) ) ;
#3079 = ORIENTED_EDGE ( 'NONE', *, *, #1125, .T. ) ;
#3080 = CARTESIAN_POINT ( 'NONE',  ( -1.766236478227172668, 0.4354762614973970436, 1.132499999999994511 ) ) ;
#3081 = ORIENTED_EDGE ( 'NONE', *, *, #2720, .T. ) ;
#3082 = ORIENTED_EDGE ( 'NONE', *, *, #4647, .T. ) ;
#3083 = ADVANCED_FACE ( 'NONE', ( #2168 ), #1378, .F. ) ;
#3084 = CARTESIAN_POINT ( 'NONE',  ( 2.168334719776551012, 0.1992574841279679820, -0.8174999999999916778 ) ) ;
#3085 = DIRECTION ( 'NONE',  ( -3.491481338843133355E-15, 0.000000000000000000, 1.000000000000000000 ) ) ;
#3086 = VECTOR ( 'NONE', #2409, 1000.000000000000114 ) ;
#3087 = CARTESIAN_POINT ( 'NONE',  ( -2.041513623055487781, 0.4840150493030218048, -0.4825000000000064238 ) ) ;
#3088 = CARTESIAN_POINT ( 'NONE',  ( 1.348204149309507383, 0.2500000000000004996, 1.348204149309516930 ) ) ;
#3089 = ORIENTED_EDGE ( 'NONE', *, *, #387, .T. ) ;
#3090 = VERTEX_POINT ( 'NONE', #2930 ) ;
#3091 = DIRECTION ( 'NONE',  ( 0.06975647374411775292, 0.9975640502598247528, 2.435534263410881001E-16 ) ) ;
#3092 = CARTESIAN_POINT ( 'NONE',  ( -0.7125000000000031308, 0.1500000000000004940, 0.8799999999999976730 ) ) ;
#3093 = CARTESIAN_POINT ( 'NONE',  ( 1.766236478227166007, 0.5350000000000004752, 0.8175000000000067768 ) ) ;
#3094 = VERTEX_POINT ( 'NONE', #4888 ) ;
#3095 = PLANE ( 'NONE',  #4700 ) ;
#3096 = EDGE_CURVE ( 'NONE', #2783, #4690, #2548, .T. ) ;
#3097 = EDGE_CURVE ( 'NONE', #5037, #1177, #2152, .T. ) ;
#3098 = AXIS2_PLACEMENT_3D ( 'NONE', #1676, #3711, #4032 ) ;
#3099 = VECTOR ( 'NONE', #3266, 1000.000000000000114 ) ;
#3100 = VERTEX_POINT ( 'NONE', #3669 ) ;
#3101 = CARTESIAN_POINT ( 'NONE',  ( -1.499999999999995559, 0.7150000000000005240, -1.400000000000005906 ) ) ;
#3102 = DIRECTION ( 'NONE',  ( -1.000000000000000000, 0.000000000000000000, -3.491481338843133355E-15 ) ) ;
#3103 = VECTOR ( 'NONE', #1434, 1000.000000000000114 ) ;
#3104 = CARTESIAN_POINT ( 'NONE',  ( 2.155778554502609801, 0.01969595508119942329, -0.8174999999999917888 ) ) ;
#3105 = VERTEX_POINT ( 'NONE', #3267 ) ;
#3106 = LINE ( 'NONE', #3554, #4431 ) ;
#3107 = DIRECTION ( 'NONE',  ( 1.000000000000000000, 0.000000000000000000, 4.336808689942015369E-15 ) ) ;
#3108 = UNCERTAINTY_MEASURE_WITH_UNIT (LENGTH_MEASURE( 1.000000000000000082E-05 ), #691, 'distance_accuracy_value', 'NONE');
#3109 = CARTESIAN_POINT ( 'NONE',  ( 1.766236478227164897, 0.4354762614973970436, 1.132500000000006724 ) ) ;
#3110 = ORIENTED_EDGE ( 'NONE', *, *, #3271, .F. ) ;
#3111 = AXIS2_PLACEMENT_3D ( 'NONE', #2989, #134, #3703 ) ;
#3112 = CYLINDRICAL_SURFACE ( 'NONE', #726, 0.09952373850260391730 ) ;
#3113 = ADVANCED_FACE ( 'NONE', ( #4492 ), #3695, .F. ) ;
#3114 = CARTESIAN_POINT ( 'NONE',  ( 1.864248227513289446, 0.4527583773229743036, 0.8175000000000071099 ) ) ;
#3115 = CARTESIAN_POINT ( 'NONE',  ( -1.499996210330386326, 0.5349785077156442581, -1.401005270604410047 ) ) ;
#3116 = VERTEX_POINT ( 'NONE', #56 ) ;
#3117 = ORIENTED_EDGE ( 'NONE', *, *, #2110, .F. ) ;
#3118 = EDGE_CURVE ( 'NONE', #913, #3094, #535, .T. ) ;
#3119 = DIRECTION ( 'NONE',  ( 3.491481338843133355E-15, -0.000000000000000000, -1.000000000000000000 ) ) ;
#3120 = AXIS2_PLACEMENT_3D ( 'NONE', #4073, #5179, #5151 ) ;
#3121 = CARTESIAN_POINT ( 'NONE',  ( -1.124999999999996669, 0.9999999999999995559, -1.000000000000005551 ) ) ;
#3122 = VECTOR ( 'NONE', #112, 1000.000000000000114 ) ;
#3123 = CARTESIAN_POINT ( 'NONE',  ( 2.175277144828319464, 0.2985387878056247613, 0.4825000000000083111 ) ) ;
#3124 = VECTOR ( 'NONE', #1885, 1000.000000000000114 ) ;
#3125 = VECTOR ( 'NONE', #3091, 1000.000000000000114 ) ;
#3126 = VERTEX_POINT ( 'NONE', #3290 ) ;
#3127 = CIRCLE ( 'NONE', #1948, 0.09999999999999999167 ) ;
#3128 = VECTOR ( 'NONE', #3306, 1000.000000000000114 ) ;
#3129 = EDGE_CURVE ( 'NONE', #2115, #4885, #4091, .T. ) ;
#3130 = FACE_OUTER_BOUND ( 'NONE', #2353, .T. ) ;
#3131 = DIRECTION ( 'NONE',  ( 3.491481338843133355E-15, -0.000000000000000000, -1.000000000000000000 ) ) ;
#3132 = ADVANCED_FACE ( 'NONE', ( #1657 ), #1259, .F. ) ;
#3133 = EDGE_CURVE ( 'NONE', #2373, #1423, #2525, .T. ) ;
#3134 = EDGE_CURVE ( 'NONE', #1005, #414, #1333, .T. ) ;
#3135 = ORIENTED_EDGE ( 'NONE', *, *, #2689, .T. ) ;
#3136 = SURFACE_STYLE_USAGE ( .BOTH. , #1945 ) ;
#3137 = EDGE_CURVE ( 'NONE', #2623, #1567, #1751, .T. ) ;
#3138 = CARTESIAN_POINT ( 'NONE',  ( -0.8749999999999973355, 1.099999999999999645, -1.000000000000004885 ) ) ;
#3139 = DIRECTION ( 'NONE',  ( 1.000000000000000000, 4.072327652863561712E-16, 3.491481338843133355E-15 ) ) ;
#3140 = PLANE ( 'NONE',  #1720 ) ;
#3141 = CARTESIAN_POINT ( 'NONE',  ( -2.175277144828320797, 0.2985387878056247613, -0.1675000000000068379 ) ) ;
#3142 = DIRECTION ( 'NONE',  ( -1.000000000000000000, 0.000000000000000000, -3.878748110244690170E-15 ) ) ;
#3143 = ORIENTED_EDGE ( 'NONE', *, *, #4236, .F. ) ;
#3144 = CARTESIAN_POINT ( 'NONE',  ( -1.766236478227170448, 0.7150000000000004130, 0.4824999999999945444 ) ) ;
#3145 = FACE_OUTER_BOUND ( 'NONE', #2538, .T. ) ;
#3146 = DIRECTION ( 'NONE',  ( 3.491481338843133355E-15, -0.000000000000000000, -1.000000000000000000 ) ) ;
#3147 = EDGE_LOOP ( 'NONE', ( #128, #5097, #4441, #4567 ) ) ;
#3148 = ADVANCED_FACE ( 'NONE', ( #917 ), #2905, .F. ) ;
#3149 = ORIENTED_EDGE ( 'NONE', *, *, #603, .T. ) ;
#3150 = CARTESIAN_POINT ( 'NONE',  ( 1.864248227513296108, 0.4527583773229743036, -1.132499999999992957 ) ) ;
#3151 = DIRECTION ( 'NONE',  ( 0.1736481776669312749, 0.9848077530122079093, 6.062893718482074749E-16 ) ) ;
#3152 = CLOSED_SHELL ( 'NONE', ( #1096, #151, #4816, #230, #4990, #2751, #1317, #673, #2652, #827, #2819, #2580, #520, #278 ) ) ;
#3153 = CARTESIAN_POINT ( 'NONE',  ( -2.155778554502610689, 0.01969595508119942329, 1.132499999999993179 ) ) ;
#3154 = VECTOR ( 'NONE', #3393, 1000.000000000000000 ) ;
#3155 = ORIENTED_EDGE ( 'NONE', *, *, #2720, .F. ) ;
#3156 = DIRECTION ( 'NONE',  ( 3.491481338843133355E-15, -0.000000000000000000, -1.000000000000000000 ) ) ;
#3157 = EDGE_CURVE ( 'NONE', #4753, #3758, #1732, .T. ) ;
#3158 = VERTEX_POINT ( 'NONE', #3316 ) ;
#3159 = PRESENTATION_STYLE_ASSIGNMENT (( #3136 ) ) ;
#3160 = CARTESIAN_POINT ( 'NONE',  ( 1.401507855905368416, 0.7150644756313485617, 1.499988631206599310 ) ) ;
#3161 = LINE ( 'NONE', #3956, #3946 ) ;
#3162 =( BOUNDED_CURVE ( )  B_SPLINE_CURVE ( 3, ( #4296, #4379, #769, #740 ),
 .UNSPECIFIED., .F., .T. ) 
 B_SPLINE_CURVE_WITH_KNOTS ( ( 4, 4 ),
 ( 3.126513523093319868, 3.141592653589792228 ),
 .UNSPECIFIED. ) 
 CURVE ( )  GEOMETRIC_REPRESENTATION_ITEM ( )  RATIONAL_B_SPLINE_CURVE ( ( 1.000000000000000000, 0.9999810517417155875, 0.9999810517417155875, 1.000000000000000000 ) ) 
 REPRESENTATION_ITEM ( '' )  );
#3163 = CARTESIAN_POINT ( 'NONE',  ( 2.175277144828321685, 0.2985387878056247613, -0.1674999999999916556 ) ) ;
#3164 = DIRECTION ( 'NONE',  ( -1.000000000000000000, 0.000000000000000000, -3.268171560266927386E-15 ) ) ;
#3165 = LINE ( 'NONE', #2746, #3569 ) ;
#3166 = DIRECTION ( 'NONE',  ( 0.000000000000000000, 1.000000000000000000, 0.000000000000000000 ) ) ;
#3167 = UNCERTAINTY_MEASURE_WITH_UNIT (LENGTH_MEASURE( 1.000000000000000082E-05 ), #2654, 'distance_accuracy_value', 'NONE');
#3168 = CARTESIAN_POINT ( 'NONE',  ( 2.155778554502602695, 0.01969595508119942329, 1.132500000000008278 ) ) ;
#3169 = ORIENTED_EDGE ( 'NONE', *, *, #2106, .T. ) ;
#3170 = CARTESIAN_POINT ( 'NONE',  ( -1.766236478227172668, 0.4354762614973970436, 1.132499999999994511 ) ) ;
#3171 = LINE ( 'NONE', #5091, #4599 ) ;
#3172 = EDGE_CURVE ( 'NONE', #4770, #938, #4184, .T. ) ;
#3173 = FACE_OUTER_BOUND ( 'NONE', #792, .T. ) ;
#3174 = CARTESIAN_POINT ( 'NONE',  ( -1.864248227513292999, 0.4527583773229743036, 0.1674999999999941536 ) ) ;
#3175 = LINE ( 'NONE', #4778, #4340 ) ;
#3176 = ORIENTED_EDGE ( 'NONE', *, *, #4498, .T. ) ;
#3177 = ORIENTED_EDGE ( 'NONE', *, *, #2492, .T. ) ;
#3178 =( BOUNDED_CURVE ( )  B_SPLINE_CURVE ( 3, ( #4587, #3736, #1350, #3335 ),
 .UNSPECIFIED., .F., .F. ) 
 B_SPLINE_CURVE_WITH_KNOTS ( ( 4, 4 ),
 ( 6.268106176683105879, 6.283185307179586232 ),
 .UNSPECIFIED. ) 
 CURVE ( )  GEOMETRIC_REPRESENTATION_ITEM ( )  RATIONAL_B_SPLINE_CURVE ( ( 1.000000000000000000, 0.9999810517417155875, 0.9999810517417155875, 1.000000000000000000 ) ) 
 REPRESENTATION_ITEM ( '' )  );
#3179 = AXIS2_PLACEMENT_3D ( 'NONE', #2841, #4463, #4386 ) ;
#3180 = LINE ( 'NONE', #2052, #3001 ) ;
#3181 = CYLINDRICAL_SURFACE ( 'NONE', #2324, 0.1000000000000000472 ) ;
#3182 = ORIENTED_EDGE ( 'NONE', *, *, #3746, .T. ) ;
#3183 = CIRCLE ( 'NONE', #1670, 0.09952373850260348709 ) ;
#3184 = CARTESIAN_POINT ( 'NONE',  ( -2.155778554502603583, 0.01969595508119936778, -0.8175000000000066658 ) ) ;
#3185 = CARTESIAN_POINT ( 'NONE',  ( 1.499988631206589984, 0.5349355243686564343, 1.401507855905379740 ) ) ;
#3186 = ADVANCED_FACE ( 'NONE', ( #2443 ), #4037, .T. ) ;
#3187 = ORIENTED_EDGE ( 'NONE', *, *, #1819, .F. ) ;
#3188 = ADVANCED_FACE ( 'NONE', ( #4219 ), #4569, .T. ) ;
#3189 = DIRECTION ( 'NONE',  ( 3.491481338843133355E-15, -0.000000000000000000, -1.000000000000000000 ) ) ;
#3190 = LINE ( 'NONE', #3552, #1520 ) ;
#3191 = AXIS2_PLACEMENT_3D ( 'NONE', #4802, #4449, #813 ) ;
#3192 = DIRECTION ( 'NONE',  ( 1.000000000000000000, 0.000000000000000000, 3.490873299220224071E-15 ) ) ;
#3193 = DIRECTION ( 'NONE',  ( -0.9975640502598247528, 0.06975647374411789170, -3.482976265782951873E-15 ) ) ;
#3194 = DIRECTION ( 'NONE',  ( 3.491481338843133355E-15, -0.000000000000000000, -1.000000000000000000 ) ) ;
#3195 = CARTESIAN_POINT ( 'NONE',  ( -2.175277144828323017, 0.2985387878056247613, 0.4824999999999931566 ) ) ;
#3196 = CARTESIAN_POINT ( 'NONE',  ( 1.899999999999999467, 0.2500000000000000555, 0.1675000000000073097 ) ) ;
#3197 = ORIENTED_EDGE ( 'NONE', *, *, #3203, .T. ) ;
#3198 = DIRECTION ( 'NONE',  ( 1.000000000000000000, 0.000000000000000000, 4.357562080355903444E-15 ) ) ;
#3199 =( BOUNDED_CURVE ( )  B_SPLINE_CURVE ( 3, ( #4791, #2416, #2795, #408 ),
 .UNSPECIFIED., .F., .T. ) 
 B_SPLINE_CURVE_WITH_KNOTS ( ( 4, 4 ),
 ( 3.141592653589792228, 3.156671784086273025 ),
 .UNSPECIFIED. ) 
 CURVE ( )  GEOMETRIC_REPRESENTATION_ITEM ( )  RATIONAL_B_SPLINE_CURVE ( ( 1.000000000000000000, 0.9999810517417155875, 0.9999810517417155875, 1.000000000000000000 ) ) 
 REPRESENTATION_ITEM ( '' )  );
#3200 = CARTESIAN_POINT ( 'NONE',  ( 2.041513623055490001, 0.4840150493030217493, -0.1674999999999921274 ) ) ;
#3201 = DIRECTION ( 'NONE',  ( -0.9975640502598247528, -0.06975647374411818313, -3.482976265782951873E-15 ) ) ;
#3202 = ORIENTED_EDGE ( 'NONE', *, *, #4564, .T. ) ;
#3203 = EDGE_CURVE ( 'NONE', #570, #2589, #1942, .T. ) ;
#3204 = EDGE_LOOP ( 'NONE', ( #820, #3233, #478, #4992, #4864, #3822 ) ) ;
#3205 = DIRECTION ( 'NONE',  ( 0.9975640502598247528, -0.06975647374411790558, 3.482976265782951873E-15 ) ) ;
#3206 = AXIS2_PLACEMENT_3D ( 'NONE', #431, #2839, #4729 ) ;
#3207 = ADVANCED_FACE ( 'NONE', ( #2959 ), #969, .T. ) ;
#3208 = DIRECTION ( 'NONE',  ( 3.491481338843133355E-15, -0.000000000000000000, -1.000000000000000000 ) ) ;
#3209 = ORIENTED_EDGE ( 'NONE', *, *, #3810, .F. ) ;
#3210 = DIRECTION ( 'NONE',  ( 3.491481338843133355E-15, -0.000000000000000000, -1.000000000000000000 ) ) ;
#3211 = AXIS2_PLACEMENT_3D ( 'NONE', #4981, #1376, #227 ) ;
#3212 = CARTESIAN_POINT ( 'NONE',  ( 2.041513623055485560, 0.4840150493030218048, 1.132500000000007834 ) ) ;
#3213 = ORIENTED_EDGE ( 'NONE', *, *, #4654, .T. ) ;
#3214 = DIRECTION ( 'NONE',  ( 1.000000000000000000, -0.000000000000000000, 3.202360759513665375E-15 ) ) ;
#3215 = FACE_OUTER_BOUND ( 'NONE', #4087, .T. ) ;
#3216 = CIRCLE ( 'NONE', #4194, 0.2795237385026035359 ) ;
#3217 = AXIS2_PLACEMENT_3D ( 'NONE', #1325, #4204, #3779 ) ;
#3218 = VECTOR ( 'NONE', #2313, 1000.000000000000114 ) ;
#3219 = EDGE_LOOP ( 'NONE', ( #4200, #1668, #60, #3879 ) ) ;
#3220 = VECTOR ( 'NONE', #2042, 1000.000000000000000 ) ;
#3221 = CARTESIAN_POINT ( 'NONE',  ( -2.175277144828319464, 0.2985387878056247613, -0.4825000000000069234 ) ) ;
#3222 = DIRECTION ( 'NONE',  ( -1.000000000000000000, 0.000000000000000000, -3.491481338843133355E-15 ) ) ;
#3223 = CARTESIAN_POINT ( 'NONE',  ( 1.864248227513294998, 0.4527583773229743036, -0.8174999999999926770 ) ) ;
#3224 = FACE_OUTER_BOUND ( 'NONE', #880, .T. ) ;
#3225 = DIRECTION ( 'NONE',  ( 0.9975640502598247528, -0.06975647374411790558, 3.482976265782951873E-15 ) ) ;
#3226 = EDGE_CURVE ( 'NONE', #414, #3496, #4554, .T. ) ;
#3227 = ORIENTED_EDGE ( 'NONE', *, *, #3133, .T. ) ;
#3228 = CARTESIAN_POINT ( 'NONE',  ( 2.041513623055491333, 0.4840150493030217493, -0.4824999999999922129 ) ) ;
#3229 = CARTESIAN_POINT ( 'NONE',  ( -1.766236478227167117, 0.5350000000000004752, -0.4825000000000054801 ) ) ;
#3230 = ORIENTED_EDGE ( 'NONE', *, *, #3097, .T. ) ;
#3231 = CARTESIAN_POINT ( 'NONE',  ( 2.450000000000000622, 0.1795615290467681424, -0.1674999999999906841 ) ) ;
#3232 = PLANE ( 'NONE',  #3943 ) ;
#3233 = ORIENTED_EDGE ( 'NONE', *, *, #5104, .T. ) ;
#3234 = CARTESIAN_POINT ( 'NONE',  ( 2.437443834726055414, 7.647873938942688573E-19, 1.132500000000009166 ) ) ;
#3235 = ADVANCED_FACE ( 'NONE', ( #2533 ), #4147, .F. ) ;
#3236 = CARTESIAN_POINT ( 'NONE',  ( 1.348204149309515154, 0.2326351822333074248, -1.446684924610730505 ) ) ;
#3237 = CARTESIAN_POINT ( 'NONE',  ( -2.155778554502603583, 0.01969595508119936778, -0.8175000000000066658 ) ) ;
#3238 = CARTESIAN_POINT ( 'NONE',  ( 1.499999999999997780, 0.5350000000000005862, 0.8175000000000057776 ) ) ;
#3239 = DIRECTION ( 'NONE',  ( -3.563761483675500055E-15, 0.000000000000000000, 1.000000000000000000 ) ) ;
#3240 = ORIENTED_EDGE ( 'NONE', *, *, #4414, .F. ) ;
#3241 = LINE ( 'NONE', #4788, #1352 ) ;
#3242 = ORIENTED_EDGE ( 'NONE', *, *, #4591, .F. ) ;
#3243 = CARTESIAN_POINT ( 'NONE',  ( -1.766236478227168227, 0.7150000000000004130, -0.1675000000000054223 ) ) ;
#3244 = DIRECTION ( 'NONE',  ( 3.491481338843133355E-15, -0.000000000000000000, -1.000000000000000000 ) ) ;
#3245 = CARTESIAN_POINT ( 'NONE',  ( 1.766236478227171558, 0.7150000000000005240, -0.8174999999999930100 ) ) ;
#3246 = EDGE_CURVE ( 'NONE', #4630, #4375, #4632, .T. ) ;
#3247 = CARTESIAN_POINT ( 'NONE',  ( 1.499999999999997780, 0.7150000000000005240, 0.8175000000000057776 ) ) ;
#3248 = LINE ( 'NONE', #1156, #2733 ) ;
#3249 = PLANE ( 'NONE',  #5064 ) ;
#3250 = DIRECTION ( 'NONE',  ( -4.072327652863561712E-16, 1.000000000000000000, -1.421845600562798317E-30 ) ) ;
#3251 = VERTEX_POINT ( 'NONE', #5024 ) ;
#3252 = CARTESIAN_POINT ( 'NONE',  ( -1.500000000000000000, 0.5350000000000005862, -0.1675000000000044786 ) ) ;
#3253 = VECTOR ( 'NONE', #2563, 1000.000000000000000 ) ;
#3254 = ADVANCED_FACE ( 'NONE', ( #232 ), #5052, .T. ) ;
#3255 = ORIENTED_EDGE ( 'NONE', *, *, #2200, .T. ) ;
#3256 = CARTESIAN_POINT ( 'NONE',  ( 1.401507855905368416, 0.5349355243686523265, 1.499988631206599310 ) ) ;
#3257 = FACE_OUTER_BOUND ( 'NONE', #2830, .T. ) ;
#3258 = VERTEX_POINT ( 'NONE', #4278 ) ;
#3259 = CARTESIAN_POINT ( 'NONE',  ( 1.500000000000003553, 0.5350000000000005862, -0.8174999999999940092 ) ) ;
#3260 = FACE_OUTER_BOUND ( 'NONE', #5051, .T. ) ;
#3261 = CYLINDRICAL_SURFACE ( 'NONE', #4468, 0.09952373850260348709 ) ;
#3262 = DIRECTION ( 'NONE',  ( 3.491481338843133355E-15, -0.000000000000000000, -1.000000000000000000 ) ) ;
#3263 = ORIENTED_EDGE ( 'NONE', *, *, #4250, .F. ) ;
#3264 = CARTESIAN_POINT ( 'NONE',  ( -1.499999999999995337, 0.5350000000000005862, -1.500000000000005995 ) ) ;
#3265 = ORIENTED_EDGE ( 'NONE', *, *, #3810, .T. ) ;
#3266 = DIRECTION ( 'NONE',  ( 0.1736481776669312749, -0.9848077530122079093, 6.062893718482074749E-16 ) ) ;
#3267 = CARTESIAN_POINT ( 'NONE',  ( 0.7124999999999970246, 0.1500000000000004940, 0.8800000000000026690 ) ) ;
#3268 = AXIS2_PLACEMENT_3D ( 'NONE', #1555, #1902, #3505 ) ;
#3269 = VERTEX_POINT ( 'NONE', #5107 ) ;
#3270 = ADVANCED_FACE ( 'NONE', ( #669 ), #2210, .F. ) ;
#3271 = EDGE_CURVE ( 'NONE', #4945, #4663, #1101, .T. ) ;
#3272 = LINE ( 'NONE', #4867, #4889 ) ;
#3273 = DIRECTION ( 'NONE',  ( 0.1736481776669312749, 0.9848077530122079093, 6.062893718482074749E-16 ) ) ;
#3274 = DIRECTION ( 'NONE',  ( -1.000000000000000000, -4.072327652863561712E-16, -3.491481338843133355E-15 ) ) ;
#3275 = EDGE_CURVE ( 'NONE', #3517, #483, #280, .T. ) ;
#3276 = VERTEX_POINT ( 'NONE', #1068 ) ;
#3277 = DIRECTION ( 'NONE',  ( -0.1736481776669311639, -0.9848077530122079093, -6.062893718482070805E-16 ) ) ;
#3278 = EDGE_CURVE ( 'NONE', #4291, #1782, #5140, .T. ) ;
#3279 = VECTOR ( 'NONE', #4726, 1000.000000000000000 ) ;
#3280 = ORIENTED_EDGE ( 'NONE', *, *, #3644, .F. ) ;
#3281 = EDGE_LOOP ( 'NONE', ( #3364, #1855, #2079, #3954 ) ) ;
#3282 = CARTESIAN_POINT ( 'NONE',  ( 1.401005270604398056, 0.7150214922843606269, 1.499996210330394319 ) ) ;
#3283 = DIRECTION ( 'NONE',  ( -0.06975647374411760027, 0.9975640502598248638, -2.435534263410876071E-16 ) ) ;
#3284 = VECTOR ( 'NONE', #4262, 1000.000000000000000 ) ;
#3285 = CARTESIAN_POINT ( 'NONE',  ( 0.7124999999999970246, 0.1500000000000004940, 0.8800000000000026690 ) ) ;
#3286 = ORIENTED_EDGE ( 'NONE', *, *, #2195, .F. ) ;
#3287 = DIRECTION ( 'NONE',  ( -1.000000000000000000, -4.072327652863561712E-16, -3.491481338843133355E-15 ) ) ;
#3288 = EDGE_LOOP ( 'NONE', ( #2165, #701, #995, #1357 ) ) ;
#3289 = LINE ( 'NONE', #4520, #4273 ) ;
#3290 = CARTESIAN_POINT ( 'NONE',  ( -2.168334719776551012, 0.1992574841279680098, 0.8174999999999930100 ) ) ;
#3291 = AXIS2_PLACEMENT_3D ( 'NONE', #1957, #3992, #4019 ) ;
#3292 = ORIENTED_EDGE ( 'NONE', *, *, #507, .F. ) ;
#3293 = CARTESIAN_POINT ( 'NONE',  ( 2.041513623055487781, 0.4840150493030218048, 0.4825000000000078115 ) ) ;
#3294 = AXIS2_PLACEMENT_3D ( 'NONE', #4315, #3069, #2761 ) ;
#3295 =( NAMED_UNIT ( * ) PLANE_ANGLE_UNIT ( ) SI_UNIT ( $, .RADIAN. ) );
#3296 = ADVANCED_FACE ( 'NONE', ( #1473 ), #698, .F. ) ;
#3297 = AXIS2_PLACEMENT_3D ( 'NONE', #722, #3926, #1144 ) ;
#3298 = VECTOR ( 'NONE', #5072, 1000.000000000000000 ) ;
#3299 = ADVANCED_FACE ( 'NONE', ( #1797 ), #1394, .F. ) ;
#3300 = EDGE_CURVE ( 'NONE', #3856, #913, #3216, .T. ) ;
#3301 = DIRECTION ( 'NONE',  ( 3.202360759513665375E-15, 0.000000000000000000, -1.000000000000000000 ) ) ;
#3302 = ORIENTED_EDGE ( 'NONE', *, *, #590, .T. ) ;
#3303 = DIRECTION ( 'NONE',  ( 1.000000000000000000, 0.000000000000000000, 3.491481338843133355E-15 ) ) ;
#3304 = DIRECTION ( 'NONE',  ( 3.491481338843133750E-15, 0.000000000000000000, -1.000000000000000000 ) ) ;
#3305 = LINE ( 'NONE', #1371, #1862 ) ;
#3306 = DIRECTION ( 'NONE',  ( -0.1710878697460352094, 0.9702875252478136980, -0.1710878697460364029 ) ) ;
#3307 = VERTEX_POINT ( 'NONE', #3078 ) ;
#3308 = CARTESIAN_POINT ( 'NONE',  ( -1.499999999999996669, 0.7150000000000005240, -1.132500000000004503 ) ) ;
#3309 = VECTOR ( 'NONE', #3225, 1000.000000000000114 ) ;
#3310 = CARTESIAN_POINT ( 'NONE',  ( 1.348204149309515376, 0.9999999999999995559, -1.348204149309510047 ) ) ;
#3311 = ORIENTED_EDGE ( 'NONE', *, *, #877, .T. ) ;
#3312 = DIRECTION ( 'NONE',  ( 3.491481338843133355E-15, -0.000000000000000000, -1.000000000000000000 ) ) ;
#3313 = PLANE ( 'NONE',  #4013 ) ;
#3314 = VERTEX_POINT ( 'NONE', #3160 ) ;
#3315 = DIRECTION ( 'NONE',  ( 0.000000000000000000, 1.000000000000000000, 0.000000000000000000 ) ) ;
#3316 = CARTESIAN_POINT ( 'NONE',  ( -2.041513623055491333, 0.4840150493030218048, 0.4824999999999936007 ) ) ;
#3317 = ORIENTED_EDGE ( 'NONE', *, *, #4844, .T. ) ;
#3318 = EDGE_CURVE ( 'NONE', #4166, #930, #3715, .T. ) ;
#3319 = CARTESIAN_POINT ( 'NONE',  ( 2.175277144828323017, 0.2985387878056247613, -0.4824999999999917133 ) ) ;
#3320 = AXIS2_PLACEMENT_3D ( 'NONE', #3195, #4015, #4798 ) ;
#3321 = CARTESIAN_POINT ( 'NONE',  ( 1.500000000000002665, 0.7150000000000005240, -1.499999999999996669 ) ) ;
#3322 = CIRCLE ( 'NONE', #4747, 0.09952373850260391730 ) ;
#3323 = CARTESIAN_POINT ( 'NONE',  ( -1.499988631206591094, 0.5349355243686562122, -1.401507855905380406 ) ) ;
#3324 = ORIENTED_EDGE ( 'NONE', *, *, #3754, .T. ) ;
#3325 = CARTESIAN_POINT ( 'NONE',  ( -1.499999999999995559, 0.7150000000000005240, -1.400000000000005906 ) ) ;
#3326 = LINE ( 'NONE', #4555, #2363 ) ;
#3327 = ORIENTED_EDGE ( 'NONE', *, *, #1169, .T. ) ;
#3328 = CARTESIAN_POINT ( 'NONE',  ( 0.7124999999999970246, 0.2500000000000004996, 0.8800000000000026690 ) ) ;
#3329 = ORIENTED_EDGE ( 'NONE', *, *, #316, .T. ) ;
#3330 = CARTESIAN_POINT ( 'NONE',  ( -0.9999999999999970024, 0.9999999999999995559, -1.000000000000005329 ) ) ;
#3331 = AXIS2_PLACEMENT_3D ( 'NONE', #3547, #4385, #2764 ) ;
#3332 = ADVANCED_FACE ( 'NONE', ( #4012 ), #4765, .T. ) ;
#3333 = LINE ( 'NONE', #4153, #2096 ) ;
#3334 =( NAMED_UNIT ( * ) PLANE_ANGLE_UNIT ( ) SI_UNIT ( $, .RADIAN. ) );
#3335 = CARTESIAN_POINT ( 'NONE',  ( 1.400000000000002576, 0.7150000000000005240, -1.499999999999996669 ) ) ;
#3336 = LINE ( 'NONE', #4565, #3253 ) ;
#3337 = PLANE ( 'NONE',  #4939 ) ;
#3338 = ORIENTED_EDGE ( 'NONE', *, *, #3477, .T. ) ;
#3339 = DIRECTION ( 'NONE',  ( 3.491481338843133355E-15, 0.000000000000000000, -1.000000000000000000 ) ) ;
#3340 = DIRECTION ( 'NONE',  ( -0.000000000000000000, -1.000000000000000000, 0.000000000000000000 ) ) ;
#3341 = ORIENTED_EDGE ( 'NONE', *, *, #3045, .F. ) ;
#3342 = CARTESIAN_POINT ( 'NONE',  ( 1.766236478227170448, 0.4354762614973970436, -0.4824999999999931566 ) ) ;
#3343 = EDGE_CURVE ( 'NONE', #3851, #3812, #1999, .T. ) ;
#3344 = VECTOR ( 'NONE', #4454, 1000.000000000000000 ) ;
#3345 = VECTOR ( 'NONE', #4636, 1000.000000000000114 ) ;
#3346 = LINE ( 'NONE', #921, #1103 ) ;
#3347 = EDGE_LOOP ( 'NONE', ( #513, #1445, #1272, #5118 ) ) ;
#3348 = CARTESIAN_POINT ( 'NONE',  ( 2.155778554502608468, 0.01969595508119942329, -0.4824999999999917688 ) ) ;
#3349 = LINE ( 'NONE', #2966, #587 ) ;
#3350 = CARTESIAN_POINT ( 'NONE',  ( 2.077265395542200022, 0.2812566719800473902, -0.8174999999999918998 ) ) ;
#3351 = EDGE_LOOP ( 'NONE', ( #152, #2676, #5044 ) ) ;
#3352 = ORIENTED_EDGE ( 'NONE', *, *, #4912, .F. ) ;
#3353 = CYLINDRICAL_SURFACE ( 'NONE', #5208, 0.1000000000000000472 ) ;
#3354 = FACE_OUTER_BOUND ( 'NONE', #1206, .T. ) ;
#3355 = EDGE_CURVE ( 'NONE', #1549, #1497, #1630, .T. ) ;
#3356 = VERTEX_POINT ( 'NONE', #3245 ) ;
#3357 = CARTESIAN_POINT ( 'NONE',  ( 1.766236478227167117, 0.4354762614973970436, 0.4825000000000069234 ) ) ;
#3358 = EDGE_CURVE ( 'NONE', #3392, #746, #2849, .T. ) ;
#3359 = EDGE_LOOP ( 'NONE', ( #3740, #1963, #3073, #1998 ) ) ;
#3360 = COLOUR_RGB ( '',0.8000000000000000444, 0.8078431372549019773, 0.8000000000000000444 ) ;
#3361 = CARTESIAN_POINT ( 'NONE',  ( -1.348204149309508715, 0.1500000000000004940, -1.348204149309518263 ) ) ;
#3362 =( BOUNDED_CURVE ( )  B_SPLINE_CURVE ( 3, ( #9, #2311, #2394, #3988 ),
 .UNSPECIFIED., .F., .T. ) 
 B_SPLINE_CURVE_WITH_KNOTS ( ( 4, 4 ),
 ( 6.725556903808230102E-16, 0.01507913049649031723 ),
 .UNSPECIFIED. ) 
 CURVE ( )  GEOMETRIC_REPRESENTATION_ITEM ( )  RATIONAL_B_SPLINE_CURVE ( ( 1.000000000000000000, 0.9999810517417154765, 0.9999810517417154765, 1.000000000000000000 ) ) 
 REPRESENTATION_ITEM ( '' )  );
#3363 = ORIENTED_EDGE ( 'NONE', *, *, #164, .T. ) ;
#3364 = ORIENTED_EDGE ( 'NONE', *, *, #5198, .T. ) ;
#3365 = AXIS2_PLACEMENT_3D ( 'NONE', #4550, #222, #3072 ) ;
#3366 =( NAMED_UNIT ( * ) SI_UNIT ( $, .STERADIAN. ) SOLID_ANGLE_UNIT ( ) );
#3367 = DIRECTION ( 'NONE',  ( 1.000000000000000000, 0.000000000000000000, 3.563761483675499266E-15 ) ) ;
#3368 = MECHANICAL_DESIGN_GEOMETRIC_PRESENTATION_REPRESENTATION (  '', ( #2445 ), #2205 ) ;
#3369 = PLANE ( 'NONE',  #2387 ) ;
#3370 = ADVANCED_FACE ( 'NONE', ( #2157 ), #3724, .T. ) ;
#3371 = VECTOR ( 'NONE', #1632, 1000.000000000000000 ) ;
#3372 =( BOUNDED_CURVE ( )  B_SPLINE_CURVE ( 3, ( #2141, #117, #2160, #2991 ),
 .UNSPECIFIED., .F., .F. ) 
 B_SPLINE_CURVE_WITH_KNOTS ( ( 4, 4 ),
 ( 6.268106176683099662, 6.283185307179586232 ),
 .UNSPECIFIED. ) 
 CURVE ( )  GEOMETRIC_REPRESENTATION_ITEM ( )  RATIONAL_B_SPLINE_CURVE ( ( 1.000000000000000000, 0.9999810517417155875, 0.9999810517417155875, 1.000000000000000000 ) ) 
 REPRESENTATION_ITEM ( '' )  );
#3373 = ORIENTED_EDGE ( 'NONE', *, *, #2903, .F. ) ;
#3374 = DIRECTION ( 'NONE',  ( -1.000000000000000000, 0.000000000000000000, -3.268171560266927386E-15 ) ) ;
#3375 = DIRECTION ( 'NONE',  ( -0.9848077530122082424, -0.1736481776669291655, -3.438437891990162256E-15 ) ) ;
#3376 = STYLED_ITEM ( 'NONE', ( #1757 ), #1148 ) ;
#3377 = VECTOR ( 'NONE', #1524, 1000.000000000000000 ) ;
#3378 = VECTOR ( 'NONE', #5153, 1000.000000000000000 ) ;
#3379 = CIRCLE ( 'NONE', #2270, 0.09952373850260348709 ) ;
#3380 = ORIENTED_EDGE ( 'NONE', *, *, #4993, .F. ) ;
#3381 = CARTESIAN_POINT ( 'NONE',  ( 2.168334719776546127, 0.1992574841279679820, 0.4825000000000083111 ) ) ;
#3382 = CYLINDRICAL_SURFACE ( 'NONE', #3211, 0.09952373850260348709 ) ;
#3383 = VECTOR ( 'NONE', #1503, 1000.000000000000114 ) ;
#3384 = EDGE_LOOP ( 'NONE', ( #2143, #2481, #1995, #3177, #3653, #3202, #4128, #402, #247, #4066, #1133, #1920 ) ) ;
#3385 = AXIS2_PLACEMENT_3D ( 'NONE', #2891, #1672, #4149 ) ;
#3386 = CARTESIAN_POINT ( 'NONE',  ( 2.168334719776548347, 0.1992574841279679820, -0.1674999999999916833 ) ) ;
#3387 = CARTESIAN_POINT ( 'NONE',  ( -1.401507855905380850, 0.7150644756313447870, 1.499988631206590650 ) ) ;
#3388 = ORIENTED_EDGE ( 'NONE', *, *, #3318, .F. ) ;
#3389 = ORIENTED_EDGE ( 'NONE', *, *, #3023, .F. ) ;
#3390 = CARTESIAN_POINT ( 'NONE',  ( 2.168334719776551900, 0.1992574841279675935, -1.132499999999991847 ) ) ;
#3391 = ORIENTED_EDGE ( 'NONE', *, *, #4853, .T. ) ;
#3392 = VERTEX_POINT ( 'NONE', #2985 ) ;
#3393 = DIRECTION ( 'NONE',  ( 3.491481338843133355E-15, -0.000000000000000000, -1.000000000000000000 ) ) ;
#3394 = CARTESIAN_POINT ( 'NONE',  ( 2.450000000000003286, 0.1795615290467681424, -0.8174999999999906786 ) ) ;
#3395 = DIRECTION ( 'NONE',  ( 3.491481338843133355E-15, -0.000000000000000000, -1.000000000000000000 ) ) ;
#3396 = DIRECTION ( 'NONE',  ( 1.000000000000000000, -0.000000000000000000, 3.491481338843133355E-15 ) ) ;
#3397 = ORIENTED_EDGE ( 'NONE', *, *, #1253, .F. ) ;
#3398 = EDGE_CURVE ( 'NONE', #522, #1674, #1519, .T. ) ;
#3399 = VECTOR ( 'NONE', #185, 1000.000000000000000 ) ;
#3400 = CARTESIAN_POINT ( 'NONE',  ( -1.864248227513290557, 0.4527583773229743036, -0.4825000000000058131 ) ) ;
#3401 = CARTESIAN_POINT ( 'NONE',  ( 1.404401861300148324, 0.5687130623165892462, -1.404401861300142773 ) ) ;
#3402 = DIRECTION ( 'NONE',  ( 0.1736481776669307198, 0.9848077530122080203, 6.062893718482056014E-16 ) ) ;
#3403 = STYLED_ITEM ( 'NONE', ( #2059 ), #1173 ) ;
#3404 = ORIENTED_EDGE ( 'NONE', *, *, #4217, .F. ) ;
#3405 = ORIENTED_EDGE ( 'NONE', *, *, #3137, .T. ) ;
#3406 = DIRECTION ( 'NONE',  ( 0.9848077530122077983, 0.1736481776669308863, 4.336808689942018525E-15 ) ) ;
#3407 = EDGE_CURVE ( 'NONE', #3759, #3066, #85, .T. ) ;
#3408 = DIRECTION ( 'NONE',  ( 1.000000000000000000, 1.232595164407830946E-32, 3.130080614681298281E-15 ) ) ;
#3409 = CARTESIAN_POINT ( 'NONE',  ( -1.766236478227164897, 0.4354762614973970436, -1.132500000000005391 ) ) ;
#3410 = ORIENTED_EDGE ( 'NONE', *, *, #4996, .F. ) ;
#3411 = FACE_OUTER_BOUND ( 'NONE', #2512, .T. ) ;
#3412 = ORIENTED_EDGE ( 'NONE', *, *, #1062, .T. ) ;
#3413 = DIRECTION ( 'NONE',  ( 0.06975647374411789170, 0.9975640502598247528, 2.435534263410885439E-16 ) ) ;
#3414 = ORIENTED_EDGE ( 'NONE', *, *, #2899, .F. ) ;
#3415 = ORIENTED_EDGE ( 'NONE', *, *, #400, .F. ) ;
#3416 = CARTESIAN_POINT ( 'NONE',  ( -0.9999999999999970024, 0.9999999999999995559, -1.000000000000005329 ) ) ;
#3417 = CYLINDRICAL_SURFACE ( 'NONE', #1602, 0.1249999999999996808 ) ;
#3418 = ADVANCED_FACE ( 'NONE', ( #438 ), #2060, .F. ) ;
#3419 = LINE ( 'NONE', #1415, #3399 ) ;
#3420 = EDGE_CURVE ( 'NONE', #4665, #2245, #3272, .T. ) ;
#3421 = ORIENTED_EDGE ( 'NONE', *, *, #5126, .T. ) ;
#3422 = CARTESIAN_POINT ( 'NONE',  ( -2.168334719776549679, 0.1992574841279680098, 0.4824999999999931566 ) ) ;
#3423 = CARTESIAN_POINT ( 'NONE',  ( -1.499126327838416817, 0.5300451589536745445, 1.458688739809624879 ) ) ;
#3424 = EDGE_LOOP ( 'NONE', ( #4234, #3010, #459, #1081 ) ) ;
#3425 = CARTESIAN_POINT ( 'NONE',  ( 2.437443834726062075, 7.647873938942688573E-19, -0.8174999999999907896 ) ) ;
#3426 = EDGE_CURVE ( 'NONE', #3504, #2709, #4895, .T. ) ;
#3427 = ORIENTED_EDGE ( 'NONE', *, *, #3788, .T. ) ;
#3428 = AXIS2_PLACEMENT_3D ( 'NONE', #702, #337, #2284 ) ;
#3429 = ORIENTED_EDGE ( 'NONE', *, *, #4758, .F. ) ;
#3430 = EDGE_CURVE ( 'NONE', #2234, #3525, #2875, .T. ) ;
#3431 = CARTESIAN_POINT ( 'NONE',  ( 1.766236478227172668, 0.5350000000000004752, -1.132499999999993401 ) ) ;
#3432 = EDGE_CURVE ( 'NONE', #2069, #3090, #1700, .T. ) ;
#3433 = CARTESIAN_POINT ( 'NONE',  ( 1.348204149309515598, 1.099999999999999645, -1.432114112427238073 ) ) ;
#3434 = CARTESIAN_POINT ( 'NONE',  ( 0.7125000000000031308, 0.2500000000000004996, -0.8799999999999974509 ) ) ;
#3435 = ORIENTED_EDGE ( 'NONE', *, *, #976, .F. ) ;
#3436 = CARTESIAN_POINT ( 'NONE',  ( 1.348204149309507383, 0.2500000000000004996, 1.348204149309516930 ) ) ;
#3437 = VERTEX_POINT ( 'NONE', #2502 ) ;
#3438 = CIRCLE ( 'NONE', #3704, 0.09952373850260348709 ) ;
#3439 = CARTESIAN_POINT ( 'NONE',  ( -1.458688739809625989, 0.7199548410463243453, -1.499126327838417039 ) ) ;
#3440 = ORIENTED_EDGE ( 'NONE', *, *, #2047, .T. ) ;
#3441 = DIRECTION ( 'NONE',  ( -0.9848077530122077983, 0.1736481776669308863, -6.505213034913028182E-15 ) ) ;
#3442 = EDGE_LOOP ( 'NONE', ( #3817, #713, #1575, #3991 ) ) ;
#3443 =( GEOMETRIC_REPRESENTATION_CONTEXT ( 3 ) GLOBAL_UNCERTAINTY_ASSIGNED_CONTEXT ( ( #1848 ) ) GLOBAL_UNIT_ASSIGNED_CONTEXT ( ( #480, #3334, #2836 ) ) REPRESENTATION_CONTEXT ( 'NONE', 'WORKASPACE' ) );
#3444 = VECTOR ( 'NONE', #5095, 1000.000000000000000 ) ;
#3445 = CARTESIAN_POINT ( 'NONE',  ( 2.437443834726058967, 7.647873938942688573E-19, 0.1675000000000091693 ) ) ;
#3446 = VECTOR ( 'NONE', #625, 1000.000000000000000 ) ;
#3447 = LINE ( 'NONE', #3076, #845 ) ;
#3448 = EDGE_LOOP ( 'NONE', ( #1374, #2150, #266, #3834 ) ) ;
#3449 = EDGE_CURVE ( 'NONE', #2793, #4277, #2932, .T. ) ;
#3450 = PLANE ( 'NONE',  #1526 ) ;
#3451 = ORIENTED_EDGE ( 'NONE', *, *, #3679, .T. ) ;
#3452 = DIRECTION ( 'NONE',  ( 0.000000000000000000, 1.000000000000000000, 0.000000000000000000 ) ) ;
#3453 = VERTEX_POINT ( 'NONE', #3749 ) ;
#3454 = ORIENTED_EDGE ( 'NONE', *, *, #2858, .T. ) ;
#3455 = SURFACE_SIDE_STYLE ('',( #2289 ) ) ;
#3456 = VECTOR ( 'NONE', #4062, 1000.000000000000000 ) ;
#3457 = DIRECTION ( 'NONE',  ( 1.000000000000000000, 0.000000000000000000, 3.491481338843133355E-15 ) ) ;
#3458 = CARTESIAN_POINT ( 'NONE',  ( -1.499999999999997780, 0.7150000000000005240, -0.8175000000000044453 ) ) ;
#3459 = CARTESIAN_POINT ( 'NONE',  ( -2.449999999999999734, 0.1795615290467685032, -0.1675000000000078093 ) ) ;
#3460 = DIRECTION ( 'NONE',  ( 3.491481338843133355E-15, 0.000000000000000000, -1.000000000000000000 ) ) ;
#3461 = AXIS2_PLACEMENT_3D ( 'NONE', #4106, #4402, #4905 ) ;
#3462 = FACE_OUTER_BOUND ( 'NONE', #3347, .T. ) ;
#3463 = EDGE_LOOP ( 'NONE', ( #4145, #1416, #3071, #3324 ) ) ;
#3464 = AXIS2_PLACEMENT_3D ( 'NONE', #2796, #4363, #3583 ) ;
#3465 = CARTESIAN_POINT ( 'NONE',  ( 1.900000000000001910, 0.2500000000000000555, -0.4824999999999927125 ) ) ;
#3466 = ORIENTED_EDGE ( 'NONE', *, *, #3157, .F. ) ;
#3467 = CARTESIAN_POINT ( 'NONE',  ( -1.124999999999996669, 1.099999999999999645, -1.000000000000005551 ) ) ;
#3468 = CARTESIAN_POINT ( 'NONE',  ( -1.348204149309518263, 0.2500000000000004996, 1.348204149309508049 ) ) ;
#3469 = CARTESIAN_POINT ( 'NONE',  ( -0.7125000000000031308, 2.514558455858448838, 0.8799999999999976730 ) ) ;
#3470 = ORIENTED_EDGE ( 'NONE', *, *, #375, .F. ) ;
#3471 = CARTESIAN_POINT ( 'NONE',  ( -1.766236478227168227, 0.5350000000000004752, -0.1675000000000054223 ) ) ;
#3472 = AXIS2_PLACEMENT_3D ( 'NONE', #1215, #2422, #1191 ) ;
#3473 = ORIENTED_EDGE ( 'NONE', *, *, #253, .T. ) ;
#3474 = LINE ( 'NONE', #2178, #2647 ) ;
#3475 = CARTESIAN_POINT ( 'NONE',  ( -2.449999999999996625, 0.1795615290467685032, -1.132500000000007834 ) ) ;
#3476 = DIRECTION ( 'NONE',  ( 1.000000000000000000, 4.072327652863561712E-16, 3.491481338843133355E-15 ) ) ;
#3477 = EDGE_CURVE ( 'NONE', #2351, #641, #130, .T. ) ;
#3478 = ORIENTED_EDGE ( 'NONE', *, *, #3407, .T. ) ;
#3479 = CARTESIAN_POINT ( 'NONE',  ( -2.155778554502606248, 0.01969595508119942329, -0.1675000000000067824 ) ) ;
#3480 = VERTEX_POINT ( 'NONE', #1468 ) ;
#3481 = CARTESIAN_POINT ( 'NONE',  ( -2.041513623055489113, 0.4840150493030218048, -0.1675000000000063660 ) ) ;
#3482 = EDGE_LOOP ( 'NONE', ( #2089, #2867, #1721, #2305 ) ) ;
#3483 = DIRECTION ( 'NONE',  ( 0.9848077530122077983, -0.1736481776669308863, 4.336808689942018525E-15 ) ) ;
#3484 = CARTESIAN_POINT ( 'NONE',  ( -1.766236478227170448, 0.4354762614973970436, 0.4824999999999945444 ) ) ;
#3485 = ORIENTED_EDGE ( 'NONE', *, *, #1489, .T. ) ;
#3486 = CARTESIAN_POINT ( 'NONE',  ( -2.437443834726056302, 7.647873938942688573E-19, -0.8175000000000076650 ) ) ;
#3487 = CARTESIAN_POINT ( 'NONE',  ( -1.446684924610729395, 1.017364817766692742, -1.432114112427246733 ) ) ;
#3488 = CARTESIAN_POINT ( 'NONE',  ( 1.500000000000003553, 0.7150000000000005240, -0.8174999999999940092 ) ) ;
#3489 = CARTESIAN_POINT ( 'NONE',  ( -1.458688739809636203, 0.7199548410463262327, 1.499126327838405937 ) ) ;
#3490 = ORIENTED_EDGE ( 'NONE', *, *, #439, .F. ) ;
#3491 = ADVANCED_FACE ( 'NONE', ( #662 ), #5018, .T. ) ;
#3492 = VERTEX_POINT ( 'NONE', #277 ) ;
#3493 = EDGE_CURVE ( 'NONE', #2902, #4979, #850, .T. ) ;
#3494 = DIRECTION ( 'NONE',  ( -1.000000000000000000, 0.000000000000000000, -3.268171560266927386E-15 ) ) ;
#3495 = PLANE ( 'NONE',  #838 ) ;
#3496 = VERTEX_POINT ( 'NONE', #2656 ) ;
#3497 = DIRECTION ( 'NONE',  ( -1.000000000000000000, 4.072327652863561712E-16, -3.491481338843133355E-15 ) ) ;
#3498 = CIRCLE ( 'NONE', #3761, 0.2795237385026035359 ) ;
#3499 = EDGE_CURVE ( 'NONE', #4053, #643, #203, .T. ) ;
#3500 = ORIENTED_EDGE ( 'NONE', *, *, #1491, .T. ) ;
#3501 = CARTESIAN_POINT ( 'NONE',  ( 1.499999999999994227, 0.7150000000000005240, 1.500000000000004441 ) ) ;
#3502 = LINE ( 'NONE', #5025, #4549 ) ;
#3503 = EDGE_CURVE ( 'NONE', #4808, #774, #226, .T. ) ;
#3504 = VERTEX_POINT ( 'NONE', #3475 ) ;
#3505 = DIRECTION ( 'NONE',  ( 1.000000000000000000, 0.000000000000000000, 3.491481338843133355E-15 ) ) ;
#3506 = VERTEX_POINT ( 'NONE', #987 ) ;
#3507 = DIRECTION ( 'NONE',  ( 3.491481338843133355E-15, 0.000000000000000000, -1.000000000000000000 ) ) ;
#3508 = DIRECTION ( 'NONE',  ( 0.000000000000000000, 1.000000000000000000, 0.000000000000000000 ) ) ;
#3509 = VECTOR ( 'NONE', #3139, 1000.000000000000000 ) ;
#3510 = DIRECTION ( 'NONE',  ( -3.491481338843133355E-15, 0.000000000000000000, 1.000000000000000000 ) ) ;
#3511 = ORIENTED_EDGE ( 'NONE', *, *, #2329, .T. ) ;
#3512 = EDGE_CURVE ( 'NONE', #4818, #3480, #5077, .T. ) ;
#3513 = ORIENTED_EDGE ( 'NONE', *, *, #2887, .T. ) ;
#3514 = CARTESIAN_POINT ( 'NONE',  ( -1.124999999999996669, 0.9999999999999995559, -1.000000000000005551 ) ) ;
#3515 = ADVANCED_FACE ( 'NONE', ( #3025 ), #4627, .F. ) ;
#3516 = EDGE_CURVE ( 'NONE', #1346, #5099, #1840, .T. ) ;
#3517 = VERTEX_POINT ( 'NONE', #404 ) ;
#3518 = ADVANCED_FACE ( 'NONE', ( #1207 ), #748, .T. ) ;
#3519 = FACE_OUTER_BOUND ( 'NONE', #1475, .T. ) ;
#3520 = EDGE_CURVE ( 'NONE', #3100, #578, #3241, .T. ) ;
#3521 = EDGE_LOOP ( 'NONE', ( #3718, #2397, #19, #3877 ) ) ;
#3522 = DIRECTION ( 'NONE',  ( 0.06975647374411760027, -0.9975640502598248638, 2.435534263410876071E-16 ) ) ;
#3523 = CARTESIAN_POINT ( 'NONE',  ( 2.449999999999996625, 0.1795615290467681424, 1.132500000000009166 ) ) ;
#3524 = COLOUR_RGB ( '',0.8000000000000000444, 0.8078431372549019773, 0.8000000000000000444 ) ;
#3525 = VERTEX_POINT ( 'NONE', #3550 ) ;
#3526 = CIRCLE ( 'NONE', #329, 0.1000000000000000472 ) ;
#3527 = CARTESIAN_POINT ( 'NONE',  ( 0.7125000000000031308, 0.2500000000000004996, -0.8799999999999974509 ) ) ;
#3528 = EDGE_CURVE ( 'NONE', #4259, #2062, #1753, .T. ) ;
#3529 = ORIENTED_EDGE ( 'NONE', *, *, #3696, .F. ) ;
#3530 = DIRECTION ( 'NONE',  ( 0.06975647374411760027, -0.9975640502598248638, 2.435534263410876071E-16 ) ) ;
#3531 = DIRECTION ( 'NONE',  ( 3.491481338843133355E-15, -0.000000000000000000, -1.000000000000000000 ) ) ;
#3532 = ORIENTED_EDGE ( 'NONE', *, *, #4020, .T. ) ;
#3533 = VECTOR ( 'NONE', #4759, 999.9999999999998863 ) ;
#3534 = FACE_OUTER_BOUND ( 'NONE', #677, .T. ) ;
#3535 = CARTESIAN_POINT ( 'NONE',  ( 1.864248227513296108, 0.4527583773229743036, -1.132499999999992957 ) ) ;
#3536 = DIRECTION ( 'NONE',  ( 1.000000000000000000, 0.000000000000000000, 3.490873299220221310E-15 ) ) ;
#3537 = ORIENTED_EDGE ( 'NONE', *, *, #1011, .F. ) ;
#3538 = CARTESIAN_POINT ( 'NONE',  ( -1.499996210330395874, 0.7150214922843604048, 1.401005270604399167 ) ) ;
#3539 = ADVANCED_FACE ( 'NONE', ( #2714 ), #330, .F. ) ;
#3540 = ORIENTED_EDGE ( 'NONE', *, *, #2727, .F. ) ;
#3541 = VECTOR ( 'NONE', #27, 1000.000000000000000 ) ;
#3542 =( BOUNDED_CURVE ( )  B_SPLINE_CURVE ( 3, ( #3762, #2169, #4985, #4641 ),
 .UNSPECIFIED., .F., .T. ) 
 B_SPLINE_CURVE_WITH_KNOTS ( ( 4, 4 ),
 ( 3.126513523093319424, 3.141592653589791784 ),
 .UNSPECIFIED. ) 
 CURVE ( )  GEOMETRIC_REPRESENTATION_ITEM ( )  RATIONAL_B_SPLINE_CURVE ( ( 1.000000000000000000, 0.9999810517417155875, 0.9999810517417155875, 1.000000000000000000 ) ) 
 REPRESENTATION_ITEM ( '' )  );
#3543 = LINE ( 'NONE', #5152, #2254 ) ;
#3544 = VECTOR ( 'NONE', #2179, 1000.000000000000000 ) ;
#3545 = DIRECTION ( 'NONE',  ( 0.06975647374411818313, -0.9975640502598247528, 2.435534263410895792E-16 ) ) ;
#3546 = VECTOR ( 'NONE', #852, 1000.000000000000114 ) ;
#3547 = CARTESIAN_POINT ( 'NONE',  ( -0.9999999999999970024, 0.9999999999999995559, -1.000000000000005329 ) ) ;
#3548 = ORIENTED_EDGE ( 'NONE', *, *, #3897, .F. ) ;
#3549 = VECTOR ( 'NONE', #1568, 1000.000000000000000 ) ;
#3550 = CARTESIAN_POINT ( 'NONE',  ( 1.500000000000004663, 0.7150000000000005240, -1.132499999999994289 ) ) ;
#3551 = ORIENTED_EDGE ( 'NONE', *, *, #1125, .F. ) ;
#3552 = CARTESIAN_POINT ( 'NONE',  ( -2.449999999999997513, 0.1795615290467685032, -0.8175000000000077760 ) ) ;
#3553 = CARTESIAN_POINT ( 'NONE',  ( 1.400000000000002576, 0.7150000000000005240, -1.499999999999996669 ) ) ;
#3554 = CARTESIAN_POINT ( 'NONE',  ( -2.155778554502607136, 0.01969595508119942329, 0.1674999999999931266 ) ) ;
#3555 = DIRECTION ( 'NONE',  ( 3.491481338843133355E-15, -0.000000000000000000, -1.000000000000000000 ) ) ;
#3556 = DIRECTION ( 'NONE',  ( -1.000000000000000000, 0.000000000000000000, -3.540519190289171499E-15 ) ) ;
#3557 = DIRECTION ( 'NONE',  ( -3.491481338843133355E-15, 0.000000000000000000, 1.000000000000000000 ) ) ;
#3558 = VERTEX_POINT ( 'NONE', #2386 ) ;
#3559 = PLANE ( 'NONE',  #239 ) ;
#3560 = CARTESIAN_POINT ( 'NONE',  ( 1.766236478227172668, 0.4354762614973970436, -1.132499999999993401 ) ) ;
#3561 = DIRECTION ( 'NONE',  ( 3.563761483675500055E-15, 0.000000000000000000, -1.000000000000000000 ) ) ;
#3562 = CARTESIAN_POINT ( 'NONE',  ( -2.041513623055491333, 0.4840150493030218048, 0.4824999999999936007 ) ) ;
#3563 = DIRECTION ( 'NONE',  ( 1.000000000000000000, -4.072327652863561712E-16, 3.491481338843133355E-15 ) ) ;
#3564 = LINE ( 'NONE', #3920, #1474 ) ;
#3565 = EDGE_LOOP ( 'NONE', ( #1618, #3997, #3155, #1697 ) ) ;
#3566 = DIRECTION ( 'NONE',  ( 3.491481338843133355E-15, -0.000000000000000000, -1.000000000000000000 ) ) ;
#3567 = EDGE_LOOP ( 'NONE', ( #202, #3388, #1820, #147, #3831, #1511, #2126, #962 ) ) ;
#3568 = CARTESIAN_POINT ( 'NONE',  ( 1.864248227513292999, 0.4527583773229743036, -0.1674999999999927380 ) ) ;
#3569 = VECTOR ( 'NONE', #1923, 1000.000000000000000 ) ;
#3570 = EDGE_CURVE ( 'NONE', #272, #3314, #634, .T. ) ;
#3571 = SURFACE_SIDE_STYLE ('',( #2073 ) ) ;
#3572 = EDGE_CURVE ( 'NONE', #3392, #765, #2412, .T. ) ;
#3573 = VECTOR ( 'NONE', #1821, 1000.000000000000000 ) ;
#3574 = ORIENTED_EDGE ( 'NONE', *, *, #4293, .T. ) ;
#3575 = DIRECTION ( 'NONE',  ( 3.491481338843133355E-15, -0.000000000000000000, -1.000000000000000000 ) ) ;
#3576 = DIRECTION ( 'NONE',  ( 0.000000000000000000, -1.000000000000000000, 0.000000000000000000 ) ) ;
#3577 = EDGE_LOOP ( 'NONE', ( #2935, #3802, #3913, #5135, #63, #4142 ) ) ;
#3578 = CARTESIAN_POINT ( 'NONE',  ( 2.155778554502602695, 0.01969595508119942329, 1.132500000000008278 ) ) ;
#3579 = FACE_OUTER_BOUND ( 'NONE', #4161, .T. ) ;
#3580 = ORIENTED_EDGE ( 'NONE', *, *, #2200, .F. ) ;
#3581 = AXIS2_PLACEMENT_3D ( 'NONE', #3065, #629, #575 ) ;
#3582 = CARTESIAN_POINT ( 'NONE',  ( 1.499996210330393209, 0.5349785077156439250, -1.401005270604400943 ) ) ;
#3583 = DIRECTION ( 'NONE',  ( 0.9848077530122077983, -0.1736481776669308863, 4.336808689942018525E-15 ) ) ;
#3584 = DIRECTION ( 'NONE',  ( -3.491481338843133355E-15, 0.000000000000000000, 1.000000000000000000 ) ) ;
#3585 = ADVANCED_FACE ( 'NONE', ( #3215 ), #382, .F. ) ;
#3586 = EDGE_CURVE ( 'NONE', #2788, #213, #1094, .T. ) ;
#3587 = DIRECTION ( 'NONE',  ( 3.491481338843133355E-15, -0.000000000000000000, -1.000000000000000000 ) ) ;
#3588 = LINE ( 'NONE', #4394, #3509 ) ;
#3589 = LINE ( 'NONE', #3914, #201 ) ;
#3590 = EDGE_CURVE ( 'NONE', #1828, #3126, #4324, .T. ) ;
#3591 = LINE ( 'NONE', #3989, #3309 ) ;
#3592 = CARTESIAN_POINT ( 'NONE',  ( 2.041513623055489113, 0.4840150493030217493, 0.1675000000000077816 ) ) ;
#3593 = ORIENTED_EDGE ( 'NONE', *, *, #700, .T. ) ;
#3594 = CARTESIAN_POINT ( 'NONE',  ( -1.900000000000000799, 0.2500000000000000000, 0.1674999999999940148 ) ) ;
#3595 = DIRECTION ( 'NONE',  ( -1.000000000000000000, 0.000000000000000000, -3.491481338843133355E-15 ) ) ;
#3596 = EDGE_CURVE ( 'NONE', #3970, #1040, #1090, .T. ) ;
#3597 = DIRECTION ( 'NONE',  ( -3.491481338843133355E-15, 0.000000000000000000, 1.000000000000000000 ) ) ;
#3598 = ORIENTED_EDGE ( 'NONE', *, *, #2135, .T. ) ;
#3599 = CARTESIAN_POINT ( 'NONE',  ( 2.155778554502603583, 0.01969595508119942329, 0.8175000000000081091 ) ) ;
#3600 = ORIENTED_EDGE ( 'NONE', *, *, #2167, .T. ) ;
#3601 = DIRECTION ( 'NONE',  ( -1.000000000000000000, 0.000000000000000000, -3.491481338843133355E-15 ) ) ;
#3602 = DIRECTION ( 'NONE',  ( 0.9848077530122079093, 0.1736481776669313026, 3.438437891990161861E-15 ) ) ;
#3603 = CARTESIAN_POINT ( 'NONE',  ( 1.766236478227167117, 0.4354762614973970436, 0.4825000000000069234 ) ) ;
#3604 = VERTEX_POINT ( 'NONE', #300 ) ;
#3605 = DIRECTION ( 'NONE',  ( -1.000000000000000000, 0.000000000000000000, -3.268171560266927386E-15 ) ) ;
#3606 = DIRECTION ( 'NONE',  ( 3.491481338843133355E-15, -0.000000000000000000, -1.000000000000000000 ) ) ;
#3607 = EDGE_LOOP ( 'NONE', ( #1893, #1844 ) ) ;
#3608 = EDGE_CURVE ( 'NONE', #840, #801, #4763, .T. ) ;
#3609 = EDGE_LOOP ( 'NONE', ( #1969, #5022, #380, #1761 ) ) ;
#3610 = DIRECTION ( 'NONE',  ( -1.000000000000000000, 0.000000000000000000, -3.490873299220221310E-15 ) ) ;
#3611 = CARTESIAN_POINT ( 'NONE',  ( 1.446684924610736278, 0.2326351822333074526, -1.432114112427237629 ) ) ;
#3612 = CARTESIAN_POINT ( 'NONE',  ( -1.500000000000000000, 0.7150000000000005240, -0.1675000000000044786 ) ) ;
#3613 = AXIS2_PLACEMENT_3D ( 'NONE', #2560, #4511, #3734 ) ;
#3614 = CARTESIAN_POINT ( 'NONE',  ( -1.864248227513292999, 0.4527583773229743036, 0.1674999999999941536 ) ) ;
#3615 = ORIENTED_EDGE ( 'NONE', *, *, #4440, .T. ) ;
#3616 = CARTESIAN_POINT ( 'NONE',  ( 1.766236478227171558, 0.5350000000000004752, -0.8174999999999930100 ) ) ;
#3617 = FACE_OUTER_BOUND ( 'NONE', #2415, .T. ) ;
#3618 = ADVANCED_FACE ( 'NONE', ( #1517 ), #2738, .T. ) ;
#3619 = ORIENTED_EDGE ( 'NONE', *, *, #4187, .T. ) ;
#3620 = CIRCLE ( 'NONE', #1336, 0.2795237385026033139 ) ;
#3621 = DIRECTION ( 'NONE',  ( 0.000000000000000000, 1.000000000000000000, 0.000000000000000000 ) ) ;
#3622 = LINE ( 'NONE', #3562, #1696 ) ;
#3623 = ORIENTED_EDGE ( 'NONE', *, *, #3962, .T. ) ;
#3624 = CARTESIAN_POINT ( 'NONE',  ( 1.766236478227169560, 0.4354762614973970436, -0.1674999999999930711 ) ) ;
#3625 = ORIENTED_EDGE ( 'NONE', *, *, #723, .F. ) ;
#3626 = CARTESIAN_POINT ( 'NONE',  ( 1.766236478227166007, 0.4354762614973970436, 0.8175000000000067768 ) ) ;
#3627 = AXIS2_PLACEMENT_3D ( 'NONE', #5043, #2248, #3441 ) ;
#3628 = LINE ( 'NONE', #103, #3017 ) ;
#3629 = CARTESIAN_POINT ( 'NONE',  ( -2.450000000000004174, 0.1795615290467685032, 1.132499999999992291 ) ) ;
#3630 = CARTESIAN_POINT ( 'NONE',  ( -1.348204149309508715, 0.9999999999999995559, -1.348204149309518485 ) ) ;
#3631 = ORIENTED_EDGE ( 'NONE', *, *, #3407, .F. ) ;
#3632 = EDGE_CURVE ( 'NONE', #1712, #2015, #4633, .T. ) ;
#3633 = VECTOR ( 'NONE', #2528, 1000.000000000000000 ) ;
#3634 = DIRECTION ( 'NONE',  ( 3.491481338843133355E-15, -0.000000000000000000, -1.000000000000000000 ) ) ;
#3635 = VECTOR ( 'NONE', #1181, 1000.000000000000000 ) ;
#3636 = VECTOR ( 'NONE', #544, 1000.000000000000000 ) ;
#3637 = STYLED_ITEM ( 'NONE', ( #267 ), #4573 ) ;
#3638 = CIRCLE ( 'NONE', #2792, 0.2795237385026033139 ) ;
#3639 = ORIENTED_EDGE ( 'NONE', *, *, #3796, .F. ) ;
#3640 = AXIS2_PLACEMENT_3D ( 'NONE', #2556, #950, #2142 ) ;
#3641 = LINE ( 'NONE', #2821, #4381 ) ;
#3642 = ADVANCED_FACE ( 'NONE', ( #3579 ), #4689, .F. ) ;
#3643 = DIRECTION ( 'NONE',  ( -4.336808689942018525E-15, 0.1736481776669308863, 0.9848077530122077983 ) ) ;
#3644 = EDGE_CURVE ( 'NONE', #2500, #3158, #1013, .T. ) ;
#3645 = ORIENTED_EDGE ( 'NONE', *, *, #1737, .T. ) ;
#3646 = DIRECTION ( 'NONE',  ( -0.1710878697460353204, 0.9702875252478136980, -0.1710878697460364029 ) ) ;
#3647 = PLANE ( 'NONE',  #4970 ) ;
#3648 = ORIENTED_EDGE ( 'NONE', *, *, #2634, .F. ) ;
#3649 = FACE_OUTER_BOUND ( 'NONE', #4965, .T. ) ;
#3650 = AXIS2_PLACEMENT_3D ( 'NONE', #1823, #1421, #2663 ) ;
#3651 = CARTESIAN_POINT ( 'NONE',  ( 1.766236478227164897, 0.5350000000000004752, 1.132500000000006724 ) ) ;
#3652 = CARTESIAN_POINT ( 'NONE',  ( -2.155778554502603583, 0.01969595508119942329, -0.8175000000000066658 ) ) ;
#3653 = ORIENTED_EDGE ( 'NONE', *, *, #762, .T. ) ;
#3654 = CARTESIAN_POINT ( 'NONE',  ( 1.499999999999996669, 0.7150000000000005240, 1.132500000000005835 ) ) ;
#3655 = ORIENTED_EDGE ( 'NONE', *, *, #4092, .F. ) ;
#3656 = DIRECTION ( 'NONE',  ( -0.06975647374411773904, -0.9975640502598247528, -2.435534263410881001E-16 ) ) ;
#3657 = DIRECTION ( 'NONE',  ( 3.491481338843133355E-15, 0.000000000000000000, -1.000000000000000000 ) ) ;
#3658 = DIRECTION ( 'NONE',  ( -3.491481338843133355E-15, 0.000000000000000000, 1.000000000000000000 ) ) ;
#3659 = CARTESIAN_POINT ( 'NONE',  ( -1.348204149309518707, 1.099999999999999645, 1.432114112427236297 ) ) ;
#3660 = CARTESIAN_POINT ( 'NONE',  ( 2.155778554502603583, 0.01969595508119942329, 0.8175000000000081091 ) ) ;
#3661 = DIRECTION ( 'NONE',  ( 1.000000000000000000, 0.000000000000000000, 4.336808689942015369E-15 ) ) ;
#3662 = EDGE_CURVE ( 'NONE', #1828, #3453, #1159, .T. ) ;
#3663 = CARTESIAN_POINT ( 'NONE',  ( 1.401507855905377742, 0.5349355243686566563, -1.499988631206592427 ) ) ;
#3664 = ADVANCED_FACE ( 'NONE', ( #4370 ), #1073, .F. ) ;
#3665 = LINE ( 'NONE', #1596, #2933 ) ;
#3666 = ORIENTED_EDGE ( 'NONE', *, *, #3044, .F. ) ;
#3667 = VECTOR ( 'NONE', #88, 1000.000000000000000 ) ;
#3668 = CARTESIAN_POINT ( 'NONE',  ( -1.500000000000003553, 0.7150000000000005240, 0.8174999999999954525 ) ) ;
#3669 = CARTESIAN_POINT ( 'NONE',  ( 1.348204149309507160, 0.2326351822333074248, 1.446684924610737832 ) ) ;
#3670 = ORIENTED_EDGE ( 'NONE', *, *, #5104, .F. ) ;
#3671 = FILL_AREA_STYLE_COLOUR ( '', #4967 ) ;
#3672 = CARTESIAN_POINT ( 'NONE',  ( 2.041513623055489113, 0.4840150493030218048, 0.1675000000000077816 ) ) ;
#3673 = CARTESIAN_POINT ( 'NONE',  ( 2.041513623055490001, 0.4840150493030218048, -0.1674999999999921274 ) ) ;
#3674 = DIRECTION ( 'NONE',  ( -0.9975640502598246417, 0.06975647374411932111, -3.482976265782951478E-15 ) ) ;
#3675 = SURFACE_SIDE_STYLE ('',( #469 ) ) ;
#3676 = VERTEX_POINT ( 'NONE', #1558 ) ;
#3677 = FACE_OUTER_BOUND ( 'NONE', #985, .T. ) ;
#3678 = VECTOR ( 'NONE', #957, 1000.000000000000000 ) ;
#3679 = EDGE_CURVE ( 'NONE', #4159, #624, #5114, .T. ) ;
#3680 = CARTESIAN_POINT ( 'NONE',  ( -2.437443834726062075, 7.647873938942688573E-19, 0.8174999999999921219 ) ) ;
#3681 = ORIENTED_EDGE ( 'NONE', *, *, #4428, .T. ) ;
#3682 = ORIENTED_EDGE ( 'NONE', *, *, #4442, .T. ) ;
#3683 = DIRECTION ( 'NONE',  ( 3.491481338843133355E-15, 0.000000000000000000, -1.000000000000000000 ) ) ;
#3684 = CARTESIAN_POINT ( 'NONE',  ( -1.899999999999999467, 0.2500000000000000000, -0.1675000000000058942 ) ) ;
#3685 =( NAMED_UNIT ( * ) PLANE_ANGLE_UNIT ( ) SI_UNIT ( $, .RADIAN. ) );
#3686 = CARTESIAN_POINT ( 'NONE',  ( -1.404401861300151877, 0.6986517554501049387, 1.502882636601361677 ) ) ;
#3687 = EDGE_CURVE ( 'NONE', #643, #4294, #1453, .T. ) ;
#3688 = PLANE ( 'NONE',  #3830 ) ;
#3689 = ORIENTED_EDGE ( 'NONE', *, *, #882, .T. ) ;
#3690 = DIRECTION ( 'NONE',  ( 3.109133147739277607E-15, -2.168404344971008079E-15, -1.000000000000000000 ) ) ;
#3691 = ORIENTED_EDGE ( 'NONE', *, *, #2797, .F. ) ;
#3692 = VECTOR ( 'NONE', #2222, 1000.000000000000000 ) ;
#3693 = LINE ( 'NONE', #2151, #1257 ) ;
#3694 = EDGE_CURVE ( 'NONE', #414, #2926, #1441, .T. ) ;
#3695 = CYLINDRICAL_SURFACE ( 'NONE', #1846, 0.09952373850260348709 ) ;
#3696 = EDGE_CURVE ( 'NONE', #3851, #376, #5059, .T. ) ;
#3697 = ADVANCED_FACE ( 'NONE', ( #2748 ), #3059, .T. ) ;
#3698 = ADVANCED_FACE ( 'NONE', ( #3867 ), #265, .F. ) ;
#3699 = VECTOR ( 'NONE', #1983, 1000.000000000000227 ) ;
#3700 = ORIENTED_EDGE ( 'NONE', *, *, #2147, .T. ) ;
#3701 = CARTESIAN_POINT ( 'NONE',  ( -1.399999999999995470, 0.7150000000000005240, -1.500000000000005773 ) ) ;
#3702 = ORIENTED_EDGE ( 'NONE', *, *, #2632, .F. ) ;
#3703 = DIRECTION ( 'NONE',  ( 0.000000000000000000, 1.000000000000000000, -2.168404344971008868E-15 ) ) ;
#3704 = AXIS2_PLACEMENT_3D ( 'NONE', #822, #72, #2835 ) ;
#3705 = CARTESIAN_POINT ( 'NONE',  ( 1.401507855905377742, 0.5349355243686566563, -1.499988631206592427 ) ) ;
#3706 = PRESENTATION_LAYER_ASSIGNMENT (  '', '', ( #3781 ) ) ;
#3707 = VERTEX_POINT ( 'NONE', #2911 ) ;
#3708 = VECTOR ( 'NONE', #3408, 1000.000000000000000 ) ;
#3709 = FACE_OUTER_BOUND ( 'NONE', #448, .T. ) ;
#3710 = ORIENTED_EDGE ( 'NONE', *, *, #4140, .T. ) ;
#3711 = DIRECTION ( 'NONE',  ( 0.000000000000000000, 1.000000000000000000, 0.000000000000000000 ) ) ;
#3712 = SURFACE_STYLE_FILL_AREA ( #1224 ) ;
#3713 = AXIS2_PLACEMENT_3D ( 'NONE', #3386, #1349, #4562 ) ;
#3714 = ADVANCED_FACE ( 'NONE', ( #4076 ), #4397, .F. ) ;
#3715 =( BOUNDED_CURVE ( )  B_SPLINE_CURVE ( 3, ( #1975, #3582, #35, #1210 ),
 .UNSPECIFIED., .F., .F. ) 
 B_SPLINE_CURVE_WITH_KNOTS ( ( 4, 4 ),
 ( 3.126513523093313651, 3.141592653589792672 ),
 .UNSPECIFIED. ) 
 CURVE ( )  GEOMETRIC_REPRESENTATION_ITEM ( )  RATIONAL_B_SPLINE_CURVE ( ( 1.000000000000000000, 0.9999810517417155875, 0.9999810517417155875, 1.000000000000000000 ) ) 
 REPRESENTATION_ITEM ( '' )  );
#3716 = ORIENTED_EDGE ( 'NONE', *, *, #4647, .F. ) ;
#3717 = VECTOR ( 'NONE', #4821, 1000.000000000000000 ) ;
#3718 = ORIENTED_EDGE ( 'NONE', *, *, #507, .T. ) ;
#3719 = CARTESIAN_POINT ( 'NONE',  ( 1.766236478227169560, 0.4354762614973970436, -0.1674999999999930711 ) ) ;
#3720 = DIRECTION ( 'NONE',  ( -1.000000000000000000, 0.000000000000000000, -3.491481338843133355E-15 ) ) ;
#3721 = ORIENTED_EDGE ( 'NONE', *, *, #4912, .T. ) ;
#3722 = AXIS2_PLACEMENT_3D ( 'NONE', #3416, #1496, #4705 ) ;
#3723 = VECTOR ( 'NONE', #3476, 1000.000000000000000 ) ;
#3724 = CYLINDRICAL_SURFACE ( 'NONE', #3869, 0.1000000000000000472 ) ;
#3725 = VECTOR ( 'NONE', #4438, 1000.000000000000000 ) ;
#3726 =( GEOMETRIC_REPRESENTATION_CONTEXT ( 3 ) GLOBAL_UNCERTAINTY_ASSIGNED_CONTEXT ( ( #2215 ) ) GLOBAL_UNIT_ASSIGNED_CONTEXT ( ( #1283, #3685, #4406 ) ) REPRESENTATION_CONTEXT ( 'NONE', 'WORKASPACE' ) );
#3727 = FACE_OUTER_BOUND ( 'NONE', #173, .T. ) ;
#3728 = ADVANCED_FACE ( 'NONE', ( #468 ), #3647, .F. ) ;
#3729 = ORIENTED_EDGE ( 'NONE', *, *, #1337, .T. ) ;
#3730 = LINE ( 'NONE', #3325, #2871 ) ;
#3731 = ORIENTED_EDGE ( 'NONE', *, *, #4853, .F. ) ;
#3732 = CARTESIAN_POINT ( 'NONE',  ( -1.432114112427246289, 0.1500000000000004940, 1.348204149309508049 ) ) ;
#3733 = VERTEX_POINT ( 'NONE', #1637 ) ;
#3734 = DIRECTION ( 'NONE',  ( -1.000000000000000000, 0.000000000000000000, -3.490873299220221310E-15 ) ) ;
#3735 =( LENGTH_UNIT ( ) NAMED_UNIT ( * ) SI_UNIT ( .MILLI., .METRE. ) );
#3736 = CARTESIAN_POINT ( 'NONE',  ( 1.401005270604407160, 0.7150214922843565191, -1.499996210330387658 ) ) ;
#3737 = FACE_OUTER_BOUND ( 'NONE', #2013, .T. ) ;
#3738 = EDGE_CURVE ( 'NONE', #1611, #651, #671, .T. ) ;
#3739 = DIRECTION ( 'NONE',  ( 3.491481338843133355E-15, -0.000000000000000000, -1.000000000000000000 ) ) ;
#3740 = ORIENTED_EDGE ( 'NONE', *, *, #1176, .T. ) ;
#3741 = CARTESIAN_POINT ( 'NONE',  ( 1.458688739809624435, 0.5300451589536746555, 1.499126327838415484 ) ) ;
#3742 = ORIENTED_EDGE ( 'NONE', *, *, #3036, .T. ) ;
#3743 = EDGE_CURVE ( 'NONE', #5171, #4376, #427, .T. ) ;
#3744 = DIRECTION ( 'NONE',  ( -3.491481338843133355E-15, 0.000000000000000000, 1.000000000000000000 ) ) ;
#3745 = DIRECTION ( 'NONE',  ( 1.000000000000000000, 0.000000000000000000, 3.490873299220221310E-15 ) ) ;
#3746 = EDGE_CURVE ( 'NONE', #11, #4197, #4502, .T. ) ;
#3747 =( BOUNDED_CURVE ( )  B_SPLINE_CURVE ( 3, ( #3965, #366, #2554, #542 ),
 .UNSPECIFIED., .F., .T. ) 
 B_SPLINE_CURVE_WITH_KNOTS ( ( 4, 4 ),
 ( 6.268106176683108544, 6.283185307179586232 ),
 .UNSPECIFIED. ) 
 CURVE ( )  GEOMETRIC_REPRESENTATION_ITEM ( )  RATIONAL_B_SPLINE_CURVE ( ( 1.000000000000000000, 0.9999810517417155875, 0.9999810517417155875, 1.000000000000000000 ) ) 
 REPRESENTATION_ITEM ( '' )  );
#3748 = ORIENTED_EDGE ( 'NONE', *, *, #2649, .T. ) ;
#3749 = CARTESIAN_POINT ( 'NONE',  ( -2.450000000000004174, 0.1795615290467685032, 1.132499999999992291 ) ) ;
#3750 = CARTESIAN_POINT ( 'NONE',  ( 2.168334719776548347, 0.1992574841279675935, -0.1674999999999916833 ) ) ;
#3751 = VERTEX_POINT ( 'NONE', #563 ) ;
#3752 = FACE_OUTER_BOUND ( 'NONE', #1693, .T. ) ;
#3753 = DIRECTION ( 'NONE',  ( 6.062893718482056014E-16, 0.9848077530122080203, -0.1736481776669307198 ) ) ;
#3754 = EDGE_CURVE ( 'NONE', #3812, #4770, #946, .T. ) ;
#3755 = EDGE_CURVE ( 'NONE', #1298, #1591, #2183, .T. ) ;
#3756 = LINE ( 'NONE', #65, #3128 ) ;
#3757 = LINE ( 'NONE', #3350, #228 ) ;
#3758 = VERTEX_POINT ( 'NONE', #114 ) ;
#3759 = VERTEX_POINT ( 'NONE', #3323 ) ;
#3760 = PLANE ( 'NONE',  #4810 ) ;
#3761 = AXIS2_PLACEMENT_3D ( 'NONE', #2350, #3510, #3536 ) ;
#3762 = CARTESIAN_POINT ( 'NONE',  ( -1.499988631206600642, 0.5349355243686525485, 1.401507855905369082 ) ) ;
#3763 = CYLINDRICAL_SURFACE ( 'NONE', #1313, 0.2795237385026035359 ) ;
#3764 = ORIENTED_EDGE ( 'NONE', *, *, #23, .F. ) ;
#3765 = CARTESIAN_POINT ( 'NONE',  ( -1.500000000000004663, 0.7150000000000005240, 1.132499999999995399 ) ) ;
#3766 = CARTESIAN_POINT ( 'NONE',  ( 0.7125000000000031308, 0.2500000000000004996, -0.8799999999999974509 ) ) ;
#3767 = EDGE_CURVE ( 'NONE', #5195, #4622, #3346, .T. ) ;
#3768 = VERTEX_POINT ( 'NONE', #3750 ) ;
#3769 = DIRECTION ( 'NONE',  ( -3.491481338843133355E-15, 0.000000000000000000, 1.000000000000000000 ) ) ;
#3770 = ADVANCED_FACE ( 'NONE', ( #132 ), #4944, .T. ) ;
#3771 = VECTOR ( 'NONE', #3576, 1000.000000000000000 ) ;
#3772 = VECTOR ( 'NONE', #2369, 999.9999999999998863 ) ;
#3773 = FACE_OUTER_BOUND ( 'NONE', #2660, .T. ) ;
#3774 = ORIENTED_EDGE ( 'NONE', *, *, #1316, .T. ) ;
#3775 = CARTESIAN_POINT ( 'NONE',  ( -1.500000000000002442, 0.7150000000000005240, 0.4824999999999954881 ) ) ;
#3776 = CYLINDRICAL_SURFACE ( 'NONE', #4292, 0.09952373850260348709 ) ;
#3777 = VERTEX_POINT ( 'NONE', #1149 ) ;
#3778 = ORIENTED_EDGE ( 'NONE', *, *, #4498, .F. ) ;
#3779 = DIRECTION ( 'NONE',  ( 1.000000000000000000, 0.000000000000000000, 3.268171560266913581E-15 ) ) ;
#3780 = CARTESIAN_POINT ( 'NONE',  ( 2.155778554502607136, 0.01969595508119942329, -0.1674999999999917111 ) ) ;
#3781 = STYLED_ITEM ( 'NONE', ( #1648 ), #2934 ) ;
#3782 = LINE ( 'NONE', #1254, #58 ) ;
#3783 = ORIENTED_EDGE ( 'NONE', *, *, #369, .F. ) ;
#3784 = ORIENTED_EDGE ( 'NONE', *, *, #4144, .F. ) ;
#3785 = AXIS2_PLACEMENT_3D ( 'NONE', #2102, #4521, #4466 ) ;
#3786 = DIRECTION ( 'NONE',  ( -3.153709703911121268E-15, 0.1736481776669307198, 0.9848077530122080203 ) ) ;
#3787 = EDGE_LOOP ( 'NONE', ( #2402, #4267, #4436, #3169 ) ) ;
#3788 = EDGE_CURVE ( 'NONE', #159, #1069, #940, .T. ) ;
#3789 = ORIENTED_EDGE ( 'NONE', *, *, #2421, .F. ) ;
#3790 = AXIS2_PLACEMENT_3D ( 'NONE', #4221, #605, #5074 ) ;
#3791 = CARTESIAN_POINT ( 'NONE',  ( 1.499999999999996669, 0.5350000000000005862, 1.132500000000005835 ) ) ;
#3792 = CARTESIAN_POINT ( 'NONE',  ( -1.432114112427236297, 0.2326351822333074248, -1.446684924610739165 ) ) ;
#3793 = CIRCLE ( 'NONE', #4191, 0.2795237385026033139 ) ;
#3794 = EDGE_LOOP ( 'NONE', ( #4094, #4426, #4594, #2064 ) ) ;
#3795 = PLANE ( 'NONE',  #657 ) ;
#3796 = EDGE_CURVE ( 'NONE', #641, #2456, #2275, .T. ) ;
#3797 = AXIS2_PLACEMENT_3D ( 'NONE', #3031, #3820, #3887 ) ;
#3798 = AXIS2_PLACEMENT_3D ( 'NONE', #2070, #3683, #5006 ) ;
#3799 = CARTESIAN_POINT ( 'NONE',  ( -1.499999999999997780, 0.5350000000000005862, -0.8175000000000044453 ) ) ;
#3800 = CARTESIAN_POINT ( 'NONE',  ( -2.077265395542194248, 0.2812566719800474457, -1.132500000000006501 ) ) ;
#3801 = ORIENTED_EDGE ( 'NONE', *, *, #1727, .T. ) ;
#3802 = ORIENTED_EDGE ( 'NONE', *, *, #4415, .T. ) ;
#3803 = VECTOR ( 'NONE', #4932, 1000.000000000000000 ) ;
#3804 = AXIS2_PLACEMENT_3D ( 'NONE', #4230, #1395, #233 ) ;
#3805 = DIRECTION ( 'NONE',  ( -1.000000000000000000, 0.000000000000000000, -3.490873299220221310E-15 ) ) ;
#3806 = CARTESIAN_POINT ( 'NONE',  ( -1.500000000000002442, 0.5350000000000005862, 0.4824999999999954881 ) ) ;
#3807 = VERTEX_POINT ( 'NONE', #83 ) ;
#3808 = ORIENTED_EDGE ( 'NONE', *, *, #2899, .T. ) ;
#3809 = LINE ( 'NONE', #2596, #3103 ) ;
#3810 = EDGE_CURVE ( 'NONE', #2675, #582, #1263, .T. ) ;
#3811 = EDGE_CURVE ( 'NONE', #1497, #4470, #3641, .T. ) ;
#3812 = VERTEX_POINT ( 'NONE', #3243 ) ;
#3813 = ORIENTED_EDGE ( 'NONE', *, *, #901, .T. ) ;
#3814 = EDGE_CURVE ( 'NONE', #2343, #2883, #4473, .T. ) ;
#3815 = ADVANCED_FACE ( 'NONE', ( #4359 ), #2474, .T. ) ;
#3816 = CARTESIAN_POINT ( 'NONE',  ( 1.499988631206590206, 0.7150644756313446759, 1.401507855905379518 ) ) ;
#3817 = ORIENTED_EDGE ( 'NONE', *, *, #611, .T. ) ;
#3818 = EDGE_CURVE ( 'NONE', #2573, #4197, #3983, .T. ) ;
#3819 = VECTOR ( 'NONE', #2370, 1000.000000000000114 ) ;
#3820 = DIRECTION ( 'NONE',  ( -3.491481338843133355E-15, 0.000000000000000000, 1.000000000000000000 ) ) ;
#3821 = AXIS2_PLACEMENT_3D ( 'NONE', #697, #3837, #615 ) ;
#3822 = ORIENTED_EDGE ( 'NONE', *, *, #3814, .T. ) ;
#3823 = CARTESIAN_POINT ( 'NONE',  ( -2.077265395542199578, 0.2812566719800474457, 0.4824999999999934341 ) ) ;
#3824 = ORIENTED_EDGE ( 'NONE', *, *, #4976, .F. ) ;
#3825 = ORIENTED_EDGE ( 'NONE', *, *, #1640, .F. ) ;
#3826 = PLANE ( 'NONE',  #2601 ) ;
#3827 = DIRECTION ( 'NONE',  ( -3.491481338843133355E-15, 0.000000000000000000, 1.000000000000000000 ) ) ;
#3828 = DIRECTION ( 'NONE',  ( 0.000000000000000000, 1.000000000000000000, 0.000000000000000000 ) ) ;
#3829 = ORIENTED_EDGE ( 'NONE', *, *, #4162, .F. ) ;
#3830 = AXIS2_PLACEMENT_3D ( 'NONE', #1308, #551, #2125 ) ;
#3831 = ORIENTED_EDGE ( 'NONE', *, *, #4213, .F. ) ;
#3832 = DIRECTION ( 'NONE',  ( 0.1710878697460353759, 0.9702875252478138091, 0.1710878697460364306 ) ) ;
#3833 = VERTEX_POINT ( 'NONE', #2057 ) ;
#3834 = ORIENTED_EDGE ( 'NONE', *, *, #4356, .T. ) ;
#3835 = LINE ( 'NONE', #1467, #3154 ) ;
#3836 = VERTEX_POINT ( 'NONE', #4011 ) ;
#3837 = DIRECTION ( 'NONE',  ( 3.491481338843133355E-15, -0.000000000000000000, -1.000000000000000000 ) ) ;
#3838 = PLANE ( 'NONE',  #155 ) ;
#3839 = AXIS2_PLACEMENT_3D ( 'NONE', #1808, #3015, #198 ) ;
#3840 = VERTEX_POINT ( 'NONE', #1601 ) ;
#3841 = CARTESIAN_POINT ( 'NONE',  ( 1.499999999999998890, 0.5350000000000005862, 0.4825000000000059797 ) ) ;
#3842 = ORIENTED_EDGE ( 'NONE', *, *, #1235, .T. ) ;
#3843 = AXIS2_PLACEMENT_3D ( 'NONE', #3080, #3891, #1502 ) ;
#3844 = ORIENTED_EDGE ( 'NONE', *, *, #3679, .F. ) ;
#3845 = PLANE ( 'NONE',  #2781 ) ;
#3846 = DIRECTION ( 'NONE',  ( 0.1736481776669312749, -0.9848077530122079093, 6.062893718482074749E-16 ) ) ;
#3847 = DIRECTION ( 'NONE',  ( 3.563761483675500055E-15, -0.000000000000000000, -1.000000000000000000 ) ) ;
#3848 = CARTESIAN_POINT ( 'NONE',  ( 1.432114112427243402, 1.017364817766692742, -1.446684924610730505 ) ) ;
#3849 = LINE ( 'NONE', #246, #1562 ) ;
#3850 = ORIENTED_EDGE ( 'NONE', *, *, #543, .T. ) ;
#3851 = VERTEX_POINT ( 'NONE', #1292 ) ;
#3852 = AXIS2_PLACEMENT_3D ( 'NONE', #4399, #2750, #415 ) ;
#3853 = EDGE_CURVE ( 'NONE', #2144, #1382, #3638, .T. ) ;
#3854 = CARTESIAN_POINT ( 'NONE',  ( -1.499988631206591094, 0.7150644756313448980, -1.401507855905380850 ) ) ;
#3855 = ORIENTED_EDGE ( 'NONE', *, *, #2192, .T. ) ;
#3856 = VERTEX_POINT ( 'NONE', #2907 ) ;
#3857 = VECTOR ( 'NONE', #802, 1000.000000000000000 ) ;
#3858 = VECTOR ( 'NONE', #841, 1000.000000000000114 ) ;
#3859 = ORIENTED_EDGE ( 'NONE', *, *, #166, .T. ) ;
#3860 = CARTESIAN_POINT ( 'NONE',  ( 1.499999999999997780, 0.5350000000000005862, 0.8175000000000057776 ) ) ;
#3861 = ADVANCED_FACE ( 'NONE', ( #4495 ), #46, .F. ) ;
#3862 = VECTOR ( 'NONE', #782, 1000.000000000000000 ) ;
#3863 = VERTEX_POINT ( 'NONE', #3328 ) ;
#3864 = CARTESIAN_POINT ( 'NONE',  ( 2.077265395542200022, 0.2812566719800473902, -0.8174999999999918998 ) ) ;
#3865 = CYLINDRICAL_SURFACE ( 'NONE', #608, 0.1000000000000000472 ) ;
#3866 = ORIENTED_EDGE ( 'NONE', *, *, #1946, .F. ) ;
#3867 = FACE_OUTER_BOUND ( 'NONE', #826, .T. ) ;
#3868 = ORIENTED_EDGE ( 'NONE', *, *, #3343, .F. ) ;
#3869 = AXIS2_PLACEMENT_3D ( 'NONE', #1758, #463, #3367 ) ;
#3870 = VECTOR ( 'NONE', #4029, 1000.000000000000000 ) ;
#3871 = DIRECTION ( 'NONE',  ( -1.000000000000000000, 0.000000000000000000, -3.490873299220221310E-15 ) ) ;
#3872 = CARTESIAN_POINT ( 'NONE',  ( 1.864248227513289446, 0.4527583773229743036, 0.8175000000000071099 ) ) ;
#3873 = CARTESIAN_POINT ( 'NONE',  ( -0.7125000000000031308, 2.514558455858448838, 0.8799999999999976730 ) ) ;
#3874 = DIRECTION ( 'NONE',  ( -1.000000000000000000, 0.000000000000000000, -3.491481338843133355E-15 ) ) ;
#3875 = VECTOR ( 'NONE', #187, 1000.000000000000000 ) ;
#3876 = CARTESIAN_POINT ( 'NONE',  ( 2.168334719776546127, 0.1992574841279675935, 0.4825000000000083111 ) ) ;
#3877 = ORIENTED_EDGE ( 'NONE', *, *, #4058, .F. ) ;
#3878 = AXIS2_PLACEMENT_3D ( 'NONE', #1765, #4948, #1321 ) ;
#3879 = ORIENTED_EDGE ( 'NONE', *, *, #3503, .T. ) ;
#3880 = CARTESIAN_POINT ( 'NONE',  ( 1.404401861300140331, 0.5687130623165892462, 1.404401861300150101 ) ) ;
#3881 = ADVANCED_FACE ( 'NONE', ( #3709 ), #69, .F. ) ;
#3882 = ORIENTED_EDGE ( 'NONE', *, *, #688, .F. ) ;
#3883 = DIRECTION ( 'NONE',  ( -1.000000000000000000, 0.000000000000000000, -3.490873299220224071E-15 ) ) ;
#3884 = ADVANCED_FACE ( 'NONE', ( #3257 ), #1300, .F. ) ;
#3885 = EDGE_LOOP ( 'NONE', ( #4489, #2953, #2997, #1531 ) ) ;
#3886 = CARTESIAN_POINT ( 'NONE',  ( 1.499999999999996669, 0.5350000000000005862, 1.132500000000005835 ) ) ;
#3887 = DIRECTION ( 'NONE',  ( 1.000000000000000000, 0.000000000000000000, 3.491481338843133355E-15 ) ) ;
#3888 = CARTESIAN_POINT ( 'NONE',  ( -1.401507855905370414, 0.7150644756313452310, -1.499988631206601530 ) ) ;
#3889 = ADVANCED_FACE ( 'NONE', ( #1644 ), #2117, .T. ) ;
#3890 = EDGE_LOOP ( 'NONE', ( #3014, #3829, #2699, #197 ) ) ;
#3891 = DIRECTION ( 'NONE',  ( 3.491481338843133355E-15, -0.000000000000000000, -1.000000000000000000 ) ) ;
#3892 = DIRECTION ( 'NONE',  ( 1.000000000000000000, 0.000000000000000000, 3.491481338843133355E-15 ) ) ;
#3893 = AXIS2_PLACEMENT_3D ( 'NONE', #1936, #2301, #2576 ) ;
#3894 = DIRECTION ( 'NONE',  ( 1.000000000000000000, 0.000000000000000000, 3.490873299220221310E-15 ) ) ;
#3895 = ORIENTED_EDGE ( 'NONE', *, *, #3300, .F. ) ;
#3896 =( NAMED_UNIT ( * ) PLANE_ANGLE_UNIT ( ) SI_UNIT ( $, .RADIAN. ) );
#3897 = EDGE_CURVE ( 'NONE', #2539, #992, #4856, .T. ) ;
#3898 = DIRECTION ( 'NONE',  ( 0.9975640502598246417, -0.06975647374411932111, 3.482976265782951478E-15 ) ) ;
#3899 = EDGE_CURVE ( 'NONE', #4734, #1705, #17, .T. ) ;
#3900 = DIRECTION ( 'NONE',  ( 0.000000000000000000, -1.000000000000000000, 0.000000000000000000 ) ) ;
#3901 = CARTESIAN_POINT ( 'NONE',  ( -2.437443834726062963, 7.647873938942688573E-19, 1.132499999999992291 ) ) ;
#3902 = ORIENTED_EDGE ( 'NONE', *, *, #2680, .T. ) ;
#3903 = ORIENTED_EDGE ( 'NONE', *, *, #1660, .T. ) ;
#3904 = LINE ( 'NONE', #1058, #2618 ) ;
#3905 = DIRECTION ( 'NONE',  ( -1.000000000000000000, 0.000000000000000000, -3.490873299220221310E-15 ) ) ;
#3906 = ORIENTED_EDGE ( 'NONE', *, *, #2649, .F. ) ;
#3907 = AXIS2_PLACEMENT_3D ( 'NONE', #1777, #196, #4670 ) ;
#3908 = CARTESIAN_POINT ( 'NONE',  ( 1.458688739809624435, 0.7199548410463263437, 1.499126327838415484 ) ) ;
#3909 = EDGE_CURVE ( 'NONE', #2725, #774, #4508, .T. ) ;
#3910 = ORIENTED_EDGE ( 'NONE', *, *, #273, .F. ) ;
#3911 = CARTESIAN_POINT ( 'NONE',  ( -1.864248227513294109, 0.4527583773229743036, 0.4824999999999942113 ) ) ;
#3912 = PLANE ( 'NONE',  #2540 ) ;
#3913 = ORIENTED_EDGE ( 'NONE', *, *, #102, .T. ) ;
#3914 = CARTESIAN_POINT ( 'NONE',  ( 1.316588683777430546, 1.196665032657509231, 1.415069459078660774 ) ) ;
#3915 = CARTESIAN_POINT ( 'NONE',  ( -2.449999999999998401, 0.1795615290467685032, -0.4825000000000078670 ) ) ;
#3916 = CARTESIAN_POINT ( 'NONE',  ( -2.041513623055491333, 0.4840150493030218048, 0.4824999999999936007 ) ) ;
#3917 = ORIENTED_EDGE ( 'NONE', *, *, #2787, .T. ) ;
#3918 = PLANE ( 'NONE',  #2375 ) ;
#3919 = CIRCLE ( 'NONE', #2164, 0.1000000000000000472 ) ;
#3920 = CARTESIAN_POINT ( 'NONE',  ( -2.168334719776543906, 0.1992574841279680098, -1.132500000000006946 ) ) ;
#3921 = ORIENTED_EDGE ( 'NONE', *, *, #1790, .T. ) ;
#3922 = EDGE_LOOP ( 'NONE', ( #4360, #4117, #2854, #1535 ) ) ;
#3923 = PLANE ( 'NONE',  #3331 ) ;
#3924 = DIRECTION ( 'NONE',  ( -3.491481338843133355E-15, 0.000000000000000000, 1.000000000000000000 ) ) ;
#3925 = ORIENTED_EDGE ( 'NONE', *, *, #327, .F. ) ;
#3926 = DIRECTION ( 'NONE',  ( 0.000000000000000000, 1.000000000000000000, 0.000000000000000000 ) ) ;
#3927 = VERTEX_POINT ( 'NONE', #849 ) ;
#3928 = VECTOR ( 'NONE', #2239, 1000.000000000000114 ) ;
#3929 = ORIENTED_EDGE ( 'NONE', *, *, #2007, .F. ) ;
#3930 = CARTESIAN_POINT ( 'NONE',  ( -0.7125000000000031308, 0.1500000000000004940, 0.8799999999999976730 ) ) ;
#3931 = LINE ( 'NONE', #338, #2641 ) ;
#3932 = CARTESIAN_POINT ( 'NONE',  ( 2.449999999999996625, 0.1795615290467681424, 1.132500000000009166 ) ) ;
#3933 = UNCERTAINTY_MEASURE_WITH_UNIT (LENGTH_MEASURE( 1.000000000000000082E-05 ), #4496, 'distance_accuracy_value', 'NONE');
#3934 = ORIENTED_EDGE ( 'NONE', *, *, #433, .F. ) ;
#3935 = ADVANCED_FACE ( 'NONE', ( #793 ), #2463, .T. ) ;
#3936 = CARTESIAN_POINT ( 'NONE',  ( 2.168334719776544794, 0.1992574841279679820, 0.8175000000000082201 ) ) ;
#3937 = ADVANCED_FACE ( 'NONE', ( #1276 ), #2894, .F. ) ;
#3938 = AXIS2_PLACEMENT_3D ( 'NONE', #1912, #1624, #3605 ) ;
#3939 = CARTESIAN_POINT ( 'NONE',  ( 1.864248227513294998, 0.4527583773229743036, -0.8174999999999926770 ) ) ;
#3940 = VERTEX_POINT ( 'NONE', #4425 ) ;
#3941 = CARTESIAN_POINT ( 'NONE',  ( -2.175277144828324349, 0.2985387878056247613, 0.8174999999999930100 ) ) ;
#3942 = EDGE_LOOP ( 'NONE', ( #3209, #3240, #234, #3286, #4049, #308, #2721, #318 ) ) ;
#3943 = AXIS2_PLACEMENT_3D ( 'NONE', #4832, #1220, #4952 ) ;
#3944 = DIRECTION ( 'NONE',  ( 3.491481338843133355E-15, -0.000000000000000000, -1.000000000000000000 ) ) ;
#3945 = AXIS2_PLACEMENT_3D ( 'NONE', #3484, #2287, #3894 ) ;
#3946 = VECTOR ( 'NONE', #1580, 1000.000000000000000 ) ;
#3947 = LINE ( 'NONE', #3238, #2606 ) ;
#3948 = DIRECTION ( 'NONE',  ( 1.000000000000000000, 0.000000000000000000, 3.469446951953622866E-15 ) ) ;
#3949 = VERTEX_POINT ( 'NONE', #1722 ) ;
#3950 = EDGE_CURVE ( 'NONE', #930, #2258, #4026, .T. ) ;
#3951 = CARTESIAN_POINT ( 'NONE',  ( -1.500000000000004663, 0.7150000000000005240, 1.132499999999995399 ) ) ;
#3952 = EDGE_CURVE ( 'NONE', #4661, #2725, #2448, .T. ) ;
#3953 = AXIS2_PLACEMENT_3D ( 'NONE', #3488, #5117, #3460 ) ;
#3954 = ORIENTED_EDGE ( 'NONE', *, *, #3596, .T. ) ;
#3955 = EDGE_CURVE ( 'NONE', #4314, #2684, #2090, .T. ) ;
#3956 = CARTESIAN_POINT ( 'NONE',  ( 1.348204149309507160, 0.1500000000000004940, 1.432114112427244734 ) ) ;
#3957 = CARTESIAN_POINT ( 'NONE',  ( -1.502882636601362121, 0.6986517554501049387, -1.404401861300151877 ) ) ;
#3958 = ADVANCED_FACE ( 'NONE', ( #1617 ), #3232, .T. ) ;
#3959 = LINE ( 'NONE', #4331, #4405 ) ;
#3960 = CARTESIAN_POINT ( 'NONE',  ( -1.766236478227166007, 0.4354762614973970436, -0.8175000000000054445 ) ) ;
#3961 = DIRECTION ( 'NONE',  ( 4.072327652863561712E-16, 1.000000000000000000, 1.421845600562798317E-30 ) ) ;
#3962 = EDGE_CURVE ( 'NONE', #2926, #1549, #4534, .T. ) ;
#3963 = CARTESIAN_POINT ( 'NONE',  ( 2.168334719776551012, 0.1992574841279679820, -0.8174999999999916778 ) ) ;
#3964 = ORIENTED_EDGE ( 'NONE', *, *, #2180, .T. ) ;
#3965 = CARTESIAN_POINT ( 'NONE',  ( -1.499988631206591094, 0.7150644756313448980, -1.401507855905380850 ) ) ;
#3966 = LINE ( 'NONE', #4746, #4684 ) ;
#3967 = CARTESIAN_POINT ( 'NONE',  ( -2.175277144828321685, 0.2985387878056247613, 0.1674999999999930711 ) ) ;
#3968 = VERTEX_POINT ( 'NONE', #623 ) ;
#3969 = LINE ( 'NONE', #3231, #4471 ) ;
#3970 = VERTEX_POINT ( 'NONE', #4133 ) ;
#3971 = LINE ( 'NONE', #372, #22 ) ;
#3972 = FACE_OUTER_BOUND ( 'NONE', #1459, .T. ) ;
#3973 = AXIS2_PLACEMENT_3D ( 'NONE', #1634, #2420, #2034 ) ;
#3974 = ADVANCED_FACE ( 'NONE', ( #1771 ), #3382, .F. ) ;
#3975 = ORIENTED_EDGE ( 'NONE', *, *, #3420, .F. ) ;
#3976 = DIRECTION ( 'NONE',  ( 3.491481338843133355E-15, -0.000000000000000000, -1.000000000000000000 ) ) ;
#3977 = CARTESIAN_POINT ( 'NONE',  ( 1.899999999999996358, 0.2500000000000000555, 1.132500000000007390 ) ) ;
#3978 = EDGE_LOOP ( 'NONE', ( #4081, #2545, #1706, #148, #696, #2119, #3975, #4635, #1042, #3778, #97, #2816 ) ) ;
#3979 = DIRECTION ( 'NONE',  ( 3.491481338843133355E-15, -0.000000000000000000, -1.000000000000000000 ) ) ;
#3980 = EDGE_CURVE ( 'NONE', #3126, #47, #1443, .T. ) ;
#3981 = ORIENTED_EDGE ( 'NONE', *, *, #1093, .F. ) ;
#3982 = CIRCLE ( 'NONE', #1651, 0.09952373850260348709 ) ;
#3983 = LINE ( 'NONE', #3293, #26 ) ;
#3984 =( LENGTH_UNIT ( ) NAMED_UNIT ( * ) SI_UNIT ( .MILLI., .METRE. ) );
#3985 = LINE ( 'NONE', #409, #1518 ) ;
#3986 = CARTESIAN_POINT ( 'NONE',  ( 2.449999999999999734, 0.1795615290467681424, 0.1675000000000092248 ) ) ;
#3987 = CARTESIAN_POINT ( 'NONE',  ( -1.348204149309518485, 0.1500000000000004940, 1.348204149309508271 ) ) ;
#3988 = CARTESIAN_POINT ( 'NONE',  ( 1.499988631206598200, 0.7150644756313453421, -1.401507855905372635 ) ) ;
#3989 = CARTESIAN_POINT ( 'NONE',  ( 2.155778554502606248, 0.01969595508119942329, 0.1675000000000081979 ) ) ;
#3990 = UNCERTAINTY_MEASURE_WITH_UNIT (LENGTH_MEASURE( 1.000000000000000082E-05 ), #2475, 'distance_accuracy_value', 'NONE');
#3991 = ORIENTED_EDGE ( 'NONE', *, *, #400, .T. ) ;
#3992 = DIRECTION ( 'NONE',  ( 3.491481338843133355E-15, -0.000000000000000000, -1.000000000000000000 ) ) ;
#3993 = DIRECTION ( 'NONE',  ( 0.000000000000000000, 1.000000000000000000, 0.000000000000000000 ) ) ;
#3994 = DIRECTION ( 'NONE',  ( -1.000000000000000000, 0.000000000000000000, -3.490873299220224071E-15 ) ) ;
#3995 = ORIENTED_EDGE ( 'NONE', *, *, #1076, .F. ) ;
#3996 = DIRECTION ( 'NONE',  ( 3.491481338843133355E-15, 0.000000000000000000, -1.000000000000000000 ) ) ;
#3997 = ORIENTED_EDGE ( 'NONE', *, *, #3572, .F. ) ;
#3998 = CARTESIAN_POINT ( 'NONE',  ( -1.766236478227167117, 0.4354762614973970436, -0.4825000000000054801 ) ) ;
#3999 = DIRECTION ( 'NONE',  ( -1.000000000000000000, 0.000000000000000000, -3.469446951953622866E-15 ) ) ;
#4000 = CIRCLE ( 'NONE', #347, 0.09952373850260348709 ) ;
#4001 = VECTOR ( 'NONE', #2745, 1000.000000000000000 ) ;
#4002 = CARTESIAN_POINT ( 'NONE',  ( -1.766236478227167117, 0.7150000000000004130, -0.4825000000000054801 ) ) ;
#4003 = CARTESIAN_POINT ( 'NONE',  ( -1.766236478227167117, 0.4354762614973970436, -0.4825000000000054801 ) ) ;
#4004 = LINE ( 'NONE', #4432, #2527 ) ;
#4005 = LINE ( 'NONE', #4817, #4683 ) ;
#4006 = ORIENTED_EDGE ( 'NONE', *, *, #1267, .T. ) ;
#4007 = LINE ( 'NONE', #1044, #2600 ) ;
#4008 = CARTESIAN_POINT ( 'NONE',  ( 1.348204149309507605, 0.9999999999999995559, 1.348204149309516930 ) ) ;
#4009 = EDGE_CURVE ( 'NONE', #847, #1863, #4598, .T. ) ;
#4010 = ORIENTED_EDGE ( 'NONE', *, *, #2501, .T. ) ;
#4011 = CARTESIAN_POINT ( 'NONE',  ( -1.766236478227164897, 0.7150000000000004130, -1.132500000000005391 ) ) ;
#4012 = FACE_OUTER_BOUND ( 'NONE', #3281, .T. ) ;
#4013 = AXIS2_PLACEMENT_3D ( 'NONE', #2737, #4429, #3283 ) ;
#4014 = CARTESIAN_POINT ( 'NONE',  ( -0.8749999999999973355, 0.9999999999999995559, -1.000000000000004885 ) ) ;
#4015 = DIRECTION ( 'NONE',  ( 3.491481338843133355E-15, -0.000000000000000000, -1.000000000000000000 ) ) ;
#4016 = CYLINDRICAL_SURFACE ( 'NONE', #1784, 0.1000000000000000472 ) ;
#4017 = EDGE_LOOP ( 'NONE', ( #2730, #2814, #1842, #178 ) ) ;
#4018 = AXIS2_PLACEMENT_3D ( 'NONE', #2950, #1311, #2869 ) ;
#4019 = DIRECTION ( 'NONE',  ( 1.000000000000000000, 0.000000000000000000, 3.268171560266913581E-15 ) ) ;
#4020 = EDGE_CURVE ( 'NONE', #4036, #418, #3447, .T. ) ;
#4021 = LINE ( 'NONE', #416, #3220 ) ;
#4022 = EDGE_CURVE ( 'NONE', #4583, #2862, #664, .T. ) ;
#4023 = DIRECTION ( 'NONE',  ( -0.1736481776669311639, -0.9848077530122079093, -6.062893718482070805E-16 ) ) ;
#4024 = DIRECTION ( 'NONE',  ( -3.491481338843133355E-15, 0.000000000000000000, 1.000000000000000000 ) ) ;
#4025 = EDGE_LOOP ( 'NONE', ( #4696, #126, #3866, #3532 ) ) ;
#4026 = LINE ( 'NONE', #2486, #4462 ) ;
#4027 =( BOUNDED_CURVE ( )  B_SPLINE_CURVE ( 3, ( #1461, #1675, #3282, #4880 ),
 .UNSPECIFIED., .F., .F. ) 
 B_SPLINE_CURVE_WITH_KNOTS ( ( 4, 4 ),
 ( 1.033956414542672481E-15, 0.01507913049647332387 ),
 .UNSPECIFIED. ) 
 CURVE ( )  GEOMETRIC_REPRESENTATION_ITEM ( )  RATIONAL_B_SPLINE_CURVE ( ( 1.000000000000000000, 0.9999810517417155875, 0.9999810517417155875, 1.000000000000000000 ) ) 
 REPRESENTATION_ITEM ( '' )  );
#4028 = EDGE_LOOP ( 'NONE', ( #4321, #264, #1480, #576 ) ) ;
#4029 = DIRECTION ( 'NONE',  ( 1.000000000000000000, 0.000000000000000000, 3.491481338843133355E-15 ) ) ;
#4030 = VECTOR ( 'NONE', #1134, 1000.000000000000114 ) ;
#4031 = CIRCLE ( 'NONE', #4205, 0.2795237385026035359 ) ;
#4032 = DIRECTION ( 'NONE',  ( -1.000000000000000000, 0.000000000000000000, -3.469446951953622866E-15 ) ) ;
#4033 = CARTESIAN_POINT ( 'NONE',  ( -1.766236478227170448, 0.5350000000000004752, 0.4824999999999945444 ) ) ;
#4034 = PLANE ( 'NONE',  #3206 ) ;
#4035 = LINE ( 'NONE', #1626, #5108 ) ;
#4036 = VERTEX_POINT ( 'NONE', #1065 ) ;
#4037 = CYLINDRICAL_SURFACE ( 'NONE', #4968, 0.1000000000000000472 ) ;
#4038 = VECTOR ( 'NONE', #3634, 1000.000000000000000 ) ;
#4039 = VECTOR ( 'NONE', #2295, 1000.000000000000000 ) ;
#4040 = ADVANCED_FACE ( 'NONE', ( #2208 ), #3417, .F. ) ;
#4041 = AXIS2_PLACEMENT_3D ( 'NONE', #1240, #1271, #4479 ) ;
#4042 = EDGE_LOOP ( 'NONE', ( #2214, #485, #2635, #3412 ) ) ;
#4043 = AXIS2_PLACEMENT_3D ( 'NONE', #595, #1827, #388 ) ;
#4044 = CIRCLE ( 'NONE', #5148, 0.2795237385026033139 ) ;
#4045 = DIRECTION ( 'NONE',  ( 0.1710878697460363751, -0.9702875252478139201, -0.1710878697460353481 ) ) ;
#4046 = ADVANCED_FACE ( 'NONE', ( #1469 ), #2491, .T. ) ;
#4047 = SURFACE_STYLE_FILL_AREA ( #1363 ) ;
#4048 = LINE ( 'NONE', #4014, #1465 ) ;
#4049 = ORIENTED_EDGE ( 'NONE', *, *, #1571, .F. ) ;
#4050 = DIRECTION ( 'NONE',  ( 0.06975647374411818313, -0.9975640502598247528, 2.435534263410895792E-16 ) ) ;
#4051 = ADVANCED_FACE ( 'NONE', ( #74 ), #1679, .F. ) ;
#4052 = CARTESIAN_POINT ( 'NONE',  ( -1.766236478227172668, 0.4354762614973970436, 1.132499999999994511 ) ) ;
#4053 = VERTEX_POINT ( 'NONE', #2838 ) ;
#4054 = EDGE_CURVE ( 'NONE', #418, #4277, #858, .T. ) ;
#4055 = CARTESIAN_POINT ( 'NONE',  ( -0.7125000000000031308, 0.2500000000000004996, 0.8799999999999976730 ) ) ;
#4056 = ORIENTED_EDGE ( 'NONE', *, *, #1380, .F. ) ;
#4057 = DIRECTION ( 'NONE',  ( 0.9975640502598248638, 0.06975647374411760027, 3.482976265782951873E-15 ) ) ;
#4058 = EDGE_CURVE ( 'NONE', #2062, #4857, #2924, .T. ) ;
#4059 = EDGE_CURVE ( 'NONE', #2788, #2883, #663, .T. ) ;
#4060 = DIRECTION ( 'NONE',  ( -0.9975640502598247528, 0.06975647374411773904, -3.482976265782951873E-15 ) ) ;
#4061 = EDGE_CURVE ( 'NONE', #376, #4770, #823, .T. ) ;
#4062 = DIRECTION ( 'NONE',  ( 3.491481338843133355E-15, -0.000000000000000000, -1.000000000000000000 ) ) ;
#4063 =( BOUNDED_CURVE ( )  B_SPLINE_CURVE ( 3, ( #142, #171, #3741, #1781 ),
 .UNSPECIFIED., .F., .T. ) 
 B_SPLINE_CURVE_WITH_KNOTS ( ( 4, 4 ),
 ( 5.512866274278622747, 7.053504340080559487 ),
 .UNSPECIFIED. ) 
 CURVE ( )  GEOMETRIC_REPRESENTATION_ITEM ( )  RATIONAL_B_SPLINE_CURVE ( ( 1.000000000000000000, 0.8117923620232510018, 0.8117923620232510018, 1.000000000000000000 ) ) 
 REPRESENTATION_ITEM ( '' )  );
#4064 = CARTESIAN_POINT ( 'NONE',  ( 1.900000000000000799, 0.2500000000000000555, -0.1674999999999925993 ) ) ;
#4065 = CARTESIAN_POINT ( 'NONE',  ( -1.499999999999998890, 0.7150000000000005240, -0.4825000000000045919 ) ) ;
#4066 = ORIENTED_EDGE ( 'NONE', *, *, #2889, .T. ) ;
#4067 = CARTESIAN_POINT ( 'NONE',  ( 1.899999999999996358, 0.2500000000000000555, 1.132500000000007390 ) ) ;
#4068 = DIRECTION ( 'NONE',  ( 3.491481338843133355E-15, -0.000000000000000000, -1.000000000000000000 ) ) ;
#4069 = STYLED_ITEM ( 'NONE', ( #1789 ), #1232 ) ;
#4070 = ORIENTED_EDGE ( 'NONE', *, *, #5164, .F. ) ;
#4071 = EDGE_CURVE ( 'NONE', #4655, #1219, #1622, .T. ) ;
#4072 = FACE_OUTER_BOUND ( 'NONE', #2278, .T. ) ;
#4073 = CARTESIAN_POINT ( 'NONE',  ( 1.500000000000002665, 0.7150000000000005240, -1.499999999999996669 ) ) ;
#4074 = PLANE ( 'NONE',  #1039 ) ;
#4075 = LINE ( 'NONE', #467, #4642 ) ;
#4076 = FACE_OUTER_BOUND ( 'NONE', #4883, .T. ) ;
#4077 = EDGE_LOOP ( 'NONE', ( #2174, #396, #4914, #1301 ) ) ;
#4078 = CARTESIAN_POINT ( 'NONE',  ( -1.899999999999997469, 0.2500000000000000000, -0.8175000000000057776 ) ) ;
#4079 = EDGE_CURVE ( 'NONE', #2749, #641, #429, .T. ) ;
#4080 = CARTESIAN_POINT ( 'NONE',  ( 2.168334719776546127, 0.1992574841279679820, 0.4825000000000083111 ) ) ;
#4081 = ORIENTED_EDGE ( 'NONE', *, *, #2755, .F. ) ;
#4082 = DIRECTION ( 'NONE',  ( 0.000000000000000000, -1.000000000000000000, 0.000000000000000000 ) ) ;
#4083 = VERTEX_POINT ( 'NONE', #3237 ) ;
#4084 = CARTESIAN_POINT ( 'NONE',  ( 1.500000000000001332, 0.7150000000000005240, -0.1674999999999940148 ) ) ;
#4085 = SURFACE_SIDE_STYLE ('',( #1620 ) ) ;
#4086 = CARTESIAN_POINT ( 'NONE',  ( -2.155778554502606248, 0.01969595508119936778, -0.1675000000000067824 ) ) ;
#4087 = EDGE_LOOP ( 'NONE', ( #4272, #1586, #4702, #3934, #3429, #4231, #2318, #833, #2221, #2429, #1275, #526 ) ) ;
#4088 = DIRECTION ( 'NONE',  ( 0.000000000000000000, 1.000000000000000000, 0.000000000000000000 ) ) ;
#4089 = ORIENTED_EDGE ( 'NONE', *, *, #2858, .F. ) ;
#4090 = AXIS2_PLACEMENT_3D ( 'NONE', #2976, #4214, #1383 ) ;
#4091 = LINE ( 'NONE', #1312, #569 ) ;
#4092 = EDGE_CURVE ( 'NONE', #3707, #1782, #2437, .T. ) ;
#4093 = VECTOR ( 'NONE', #1883, 1000.000000000000000 ) ;
#4094 = ORIENTED_EDGE ( 'NONE', *, *, #2110, .T. ) ;
#4095 = CARTESIAN_POINT ( 'NONE',  ( 1.499999999999994227, 0.7150000000000005240, 1.500000000000004441 ) ) ;
#4096 = APPLICATION_PROTOCOL_DEFINITION ( 'draft international standard', 'automotive_design', 1998, #524 ) ;
#4097 = ORIENTED_EDGE ( 'NONE', *, *, #3477, .F. ) ;
#4098 = CARTESIAN_POINT ( 'NONE',  ( 1.500000000000003553, 0.7150000000000005240, -0.8174999999999940092 ) ) ;
#4099 = VECTOR ( 'NONE', #1916, 1000.000000000000000 ) ;
#4100 = EDGE_CURVE ( 'NONE', #159, #2928, #451, .T. ) ;
#4101 = CARTESIAN_POINT ( 'NONE',  ( -2.449999999999998401, 0.1795615290467685032, -0.4825000000000078670 ) ) ;
#4102 = DIRECTION ( 'NONE',  ( -1.000000000000000000, 0.000000000000000000, -4.357562080355903444E-15 ) ) ;
#4103 = ADVANCED_FACE ( 'NONE', ( #3737 ), #1726, .F. ) ;
#4104 = ORIENTED_EDGE ( 'NONE', *, *, #3899, .F. ) ;
#4105 = FACE_OUTER_BOUND ( 'NONE', #2810, .T. ) ;
#4106 = CARTESIAN_POINT ( 'NONE',  ( 2.450000000000003286, 0.1795615290467681424, -0.8174999999999906786 ) ) ;
#4107 = ORIENTED_EDGE ( 'NONE', *, *, #4415, .F. ) ;
#4108 = ADVANCED_FACE ( 'NONE', ( #3173 ), #5174, .T. ) ;
#4109 = FACE_OUTER_BOUND ( 'NONE', #1833, .T. ) ;
#4110 = CARTESIAN_POINT ( 'NONE',  ( 1.400000000000002354, 0.7150000000000005240, -1.399999999999996803 ) ) ;
#4111 = SURFACE_STYLE_FILL_AREA ( #1327 ) ;
#4112 = VECTOR ( 'NONE', #1230, 1000.000000000000000 ) ;
#4113 = CARTESIAN_POINT ( 'NONE',  ( 1.499999999999998890, 0.7150000000000005240, 0.4825000000000059797 ) ) ;
#4114 = EDGE_LOOP ( 'NONE', ( #3050, #594, #4623, #3440 ) ) ;
#4115 = CARTESIAN_POINT ( 'NONE',  ( 1.499999999999997780, 0.7150000000000005240, 0.8175000000000057776 ) ) ;
#4116 = MECHANICAL_DESIGN_GEOMETRIC_PRESENTATION_REPRESENTATION (  '', ( #4368 ), #4799 ) ;
#4117 = ORIENTED_EDGE ( 'NONE', *, *, #150, .F. ) ;
#4118 = CARTESIAN_POINT ( 'NONE',  ( 2.155778554502607136, 0.01969595508119942329, -0.1674999999999917111 ) ) ;
#4119 = AXIS2_PLACEMENT_3D ( 'NONE', #2582, #4169, #2964 ) ;
#4120 = ORIENTED_EDGE ( 'NONE', *, *, #1819, .T. ) ;
#4121 = EDGE_CURVE ( 'NONE', #3158, #1438, #3622, .T. ) ;
#4122 = VECTOR ( 'NONE', #1412, 1000.000000000000114 ) ;
#4123 = VECTOR ( 'NONE', #819, 1000.000000000000114 ) ;
#4124 = CARTESIAN_POINT ( 'NONE',  ( -1.864248227513294109, 0.4527583773229743036, 0.4824999999999942113 ) ) ;
#4125 = EDGE_CURVE ( 'NONE', #4823, #4557, #42, .T. ) ;
#4126 = AXIS2_PLACEMENT_3D ( 'NONE', #3654, #99, #3996 ) ;
#4127 = VECTOR ( 'NONE', #2888, 1000.000000000000000 ) ;
#4128 = ORIENTED_EDGE ( 'NONE', *, *, #1262, .T. ) ;
#4129 = LINE ( 'NONE', #3775, #4958 ) ;
#4130 = CARTESIAN_POINT ( 'NONE',  ( 1.766236478227168227, 0.7150000000000005240, 0.1675000000000068379 ) ) ;
#4131 = VECTOR ( 'NONE', #4369, 1000.000000000000000 ) ;
#4132 = ORIENTED_EDGE ( 'NONE', *, *, #945, .T. ) ;
#4133 = CARTESIAN_POINT ( 'NONE',  ( 1.900000000000003020, 0.2500000000000000555, -0.8174999999999925659 ) ) ;
#4134 = EDGE_LOOP ( 'NONE', ( #4261, #2550, #4421, #2716 ) ) ;
#4135 = CARTESIAN_POINT ( 'NONE',  ( 1.766236478227170448, 0.5350000000000004752, -0.4824999999999931566 ) ) ;
#4136 = CARTESIAN_POINT ( 'NONE',  ( 1.500000000000003553, 0.5350000000000005862, -0.8174999999999940092 ) ) ;
#4137 = LINE ( 'NONE', #935, #2922 ) ;
#4138 = CYLINDRICAL_SURFACE ( 'NONE', #4090, 0.2795237385026035359 ) ;
#4139 = ORIENTED_EDGE ( 'NONE', *, *, #1656, .T. ) ;
#4140 = EDGE_CURVE ( 'NONE', #5195, #3856, #3305, .T. ) ;
#4141 = DIRECTION ( 'NONE',  ( 1.000000000000000000, -0.000000000000000000, 3.491481338843133355E-15 ) ) ;
#4142 = ORIENTED_EDGE ( 'NONE', *, *, #59, .T. ) ;
#4143 = CARTESIAN_POINT ( 'NONE',  ( 0.7125000000000030198, 0.1500000000000004940, -0.8799999999999974509 ) ) ;
#4144 = EDGE_CURVE ( 'NONE', #4294, #2419, #2112, .T. ) ;
#4145 = ORIENTED_EDGE ( 'NONE', *, *, #3172, .T. ) ;
#4146 = LINE ( 'NONE', #4874, #1766 ) ;
#4147 = PLANE ( 'NONE',  #109 ) ;
#4148 = CARTESIAN_POINT ( 'NONE',  ( 1.499999999999998890, 0.7150000000000005240, 0.4825000000000059797 ) ) ;
#4149 = DIRECTION ( 'NONE',  ( -1.000000000000000000, 0.000000000000000000, -3.878748110244690170E-15 ) ) ;
#4150 = ORIENTED_EDGE ( 'NONE', *, *, #5084, .T. ) ;
#4151 = ORIENTED_EDGE ( 'NONE', *, *, #707, .T. ) ;
#4152 = VECTOR ( 'NONE', #123, 1000.000000000000000 ) ;
#4153 = CARTESIAN_POINT ( 'NONE',  ( 0.7124999999999970246, 2.514558455858448838, 0.8800000000000026690 ) ) ;
#4154 = CARTESIAN_POINT ( 'NONE',  ( -2.041513623055493554, 0.4840150493030218048, 1.132499999999993623 ) ) ;
#4155 = EDGE_CURVE ( 'NONE', #1769, #1005, #1437, .T. ) ;
#4156 = LINE ( 'NONE', #2945, #2655 ) ;
#4157 = ORIENTED_EDGE ( 'NONE', *, *, #2680, .F. ) ;
#4158 = DIRECTION ( 'NONE',  ( 3.491481338843133355E-15, 0.000000000000000000, -1.000000000000000000 ) ) ;
#4159 = VERTEX_POINT ( 'NONE', #2537 ) ;
#4160 = DIRECTION ( 'NONE',  ( -0.9848077530122077983, 0.1736481776669308863, -4.336808689942018525E-15 ) ) ;
#4161 = EDGE_LOOP ( 'NONE', ( #510, #2067, #1570, #3242, #111, #4407, #2931, #29, #2026, #4056, #1992, #3691 ) ) ;
#4162 = EDGE_CURVE ( 'NONE', #2249, #4417, #4378, .T. ) ;
#4163 = VERTEX_POINT ( 'NONE', #497 ) ;
#4164 = AXIS2_PLACEMENT_3D ( 'NONE', #4687, #4768, #1978 ) ;
#4165 = PLANE ( 'NONE',  #2990 ) ;
#4166 = VERTEX_POINT ( 'NONE', #2915 ) ;
#4167 = DIRECTION ( 'NONE',  ( 3.491481338843133355E-15, -0.000000000000000000, -1.000000000000000000 ) ) ;
#4168 = CARTESIAN_POINT ( 'NONE',  ( 2.077265395542195581, 0.2812566719800473902, 0.4825000000000079781 ) ) ;
#4169 = DIRECTION ( 'NONE',  ( 3.491481338843133355E-15, -0.000000000000000000, -1.000000000000000000 ) ) ;
#4170 = DIRECTION ( 'NONE',  ( 3.491481338843133355E-15, -0.000000000000000000, -1.000000000000000000 ) ) ;
#4171 = CARTESIAN_POINT ( 'NONE',  ( -2.155778554502606248, 0.01969595508119942329, -0.1675000000000067824 ) ) ;
#4172 = DIRECTION ( 'NONE',  ( 3.491481338843133355E-15, -0.000000000000000000, -1.000000000000000000 ) ) ;
#4173 = EDGE_LOOP ( 'NONE', ( #4723, #1772, #2577, #2993 ) ) ;
#4174 = FACE_OUTER_BOUND ( 'NONE', #3448, .T. ) ;
#4175 = ORIENTED_EDGE ( 'NONE', *, *, #1711, .F. ) ;
#4176 = EDGE_CURVE ( 'NONE', #4818, #2589, #1858, .T. ) ;
#4177 = EDGE_CURVE ( 'NONE', #1183, #1712, #1581, .T. ) ;
#4178 = FACE_OUTER_BOUND ( 'NONE', #199, .T. ) ;
#4179 = PLANE ( 'NONE',  #131 ) ;
#4180 = ORIENTED_EDGE ( 'NONE', *, *, #2551, .T. ) ;
#4181 = CARTESIAN_POINT ( 'NONE',  ( 1.500000000000000000, 0.7150000000000005240, 0.1675000000000058942 ) ) ;
#4182 = ORIENTED_EDGE ( 'NONE', *, *, #3226, .F. ) ;
#4183 = EDGE_CURVE ( 'NONE', #3812, #2302, #3793, .T. ) ;
#4184 = CIRCLE ( 'NONE', #1928, 0.2795237385026035359 ) ;
#4185 = DIRECTION ( 'NONE',  ( 1.000000000000000000, 0.000000000000000000, 4.336808689942015369E-15 ) ) ;
#4186 = ORIENTED_EDGE ( 'NONE', *, *, #1390, .T. ) ;
#4187 = EDGE_CURVE ( 'NONE', #2564, #212, #440, .T. ) ;
#4188 = ORIENTED_EDGE ( 'NONE', *, *, #2982, .F. ) ;
#4189 = CIRCLE ( 'NONE', #3790, 0.1000000000000000472 ) ;
#4190 = DIRECTION ( 'NONE',  ( 1.000000000000000000, 0.000000000000000000, 3.540519190289156116E-15 ) ) ;
#4191 = AXIS2_PLACEMENT_3D ( 'NONE', #334, #2392, #3192 ) ;
#4192 = VERTEX_POINT ( 'NONE', #2742 ) ;
#4193 = DIRECTION ( 'NONE',  ( 0.000000000000000000, 1.000000000000000000, 0.000000000000000000 ) ) ;
#4194 = AXIS2_PLACEMENT_3D ( 'NONE', #2631, #2605, #5083 ) ;
#4195 = VECTOR ( 'NONE', #2581, 1000.000000000000227 ) ;
#4196 = DIRECTION ( 'NONE',  ( -0.1736481776669311639, -0.9848077530122079093, -6.062893718482070805E-16 ) ) ;
#4197 = VERTEX_POINT ( 'NONE', #3672 ) ;
#4198 = DIRECTION ( 'NONE',  ( 1.000000000000000000, 4.072327652863561712E-16, 3.491481338843133355E-15 ) ) ;
#4199 = FACE_OUTER_BOUND ( 'NONE', #3942, .T. ) ;
#4200 = ORIENTED_EDGE ( 'NONE', *, *, #832, .T. ) ;
#4201 = CYLINDRICAL_SURFACE ( 'NONE', #4043, 0.09952373850260348709 ) ;
#4202 = ORIENTED_EDGE ( 'NONE', *, *, #4915, .F. ) ;
#4203 = VECTOR ( 'NONE', #2918, 1000.000000000000000 ) ;
#4204 = DIRECTION ( 'NONE',  ( 3.491481338843133355E-15, -0.000000000000000000, -1.000000000000000000 ) ) ;
#4205 = AXIS2_PLACEMENT_3D ( 'NONE', #2857, #4452, #4830 ) ;
#4206 = CARTESIAN_POINT ( 'NONE',  ( -1.766236478227170448, 0.4354762614973970436, 0.4824999999999945444 ) ) ;
#4207 = LINE ( 'NONE', #3459, #1614 ) ;
#4208 = EDGE_CURVE ( 'NONE', #5029, #3851, #1664, .T. ) ;
#4209 = AXIS2_PLACEMENT_3D ( 'NONE', #4800, #3166, #1610 ) ;
#4210 = DIRECTION ( 'NONE',  ( 3.491481338843133355E-15, -0.000000000000000000, -1.000000000000000000 ) ) ;
#4211 = FACE_OUTER_BOUND ( 'NONE', #303, .T. ) ;
#4212 = ORIENTED_EDGE ( 'NONE', *, *, #4606, .F. ) ;
#4213 = EDGE_CURVE ( 'NONE', #3676, #2508, #727, .T. ) ;
#4214 = DIRECTION ( 'NONE',  ( 3.491481338843133355E-15, -0.000000000000000000, -1.000000000000000000 ) ) ;
#4215 = EDGE_CURVE ( 'NONE', #3758, #1888, #2267, .T. ) ;
#4216 = VERTEX_POINT ( 'NONE', #2029 ) ;
#4217 = EDGE_CURVE ( 'NONE', #4390, #4216, #13, .T. ) ;
#4218 = CARTESIAN_POINT ( 'NONE',  ( -1.500000000000001332, 0.7150000000000005240, 0.1674999999999954303 ) ) ;
#4219 = FACE_OUTER_BOUND ( 'NONE', #3577, .T. ) ;
#4220 = ORIENTED_EDGE ( 'NONE', *, *, #1815, .T. ) ;
#4221 = CARTESIAN_POINT ( 'NONE',  ( -1.348204149309518485, 0.9999999999999995559, 1.348204149309508271 ) ) ;
#4222 = EDGE_LOOP ( 'NONE', ( #2594, #862, #1384, #1203 ) ) ;
#4223 = CARTESIAN_POINT ( 'NONE',  ( -1.401507855905381295, 0.5349355243686563233, 1.499988631206590872 ) ) ;
#4224 = DIRECTION ( 'NONE',  ( 1.000000000000000000, 0.000000000000000000, 3.563761483675500055E-15 ) ) ;
#4225 = DIRECTION ( 'NONE',  ( 0.000000000000000000, -1.000000000000000000, 0.000000000000000000 ) ) ;
#4226 = CARTESIAN_POINT ( 'NONE',  ( -0.7125000000000031308, 0.2500000000000004996, 0.8799999999999976730 ) ) ;
#4227 = EDGE_LOOP ( 'NONE', ( #2768, #2744, #2432, #1188 ) ) ;
#4228 = FACE_OUTER_BOUND ( 'NONE', #443, .T. ) ;
#4229 = CLOSED_SHELL ( 'NONE', ( #3418, #2965, #776, #3664, #728, #3296, #3270, #2390, #186, #1167, #2025, #3728, #2995, #3642 ) ) ;
#4230 = CARTESIAN_POINT ( 'NONE',  ( 1.348204149309515376, 0.9999999999999995559, -1.348204149309510269 ) ) ;
#4231 = ORIENTED_EDGE ( 'NONE', *, *, #4071, .F. ) ;
#4232 = FACE_OUTER_BOUND ( 'NONE', #4403, .T. ) ;
#4233 = PRESENTATION_LAYER_ASSIGNMENT (  '', '', ( #3403 ) ) ;
#4234 = ORIENTED_EDGE ( 'NONE', *, *, #4576, .T. ) ;
#4235 = ORIENTED_EDGE ( 'NONE', *, *, #999, .T. ) ;
#4236 = EDGE_CURVE ( 'NONE', #3041, #258, #2285, .T. ) ;
#4237 = DIRECTION ( 'NONE',  ( 0.9848077530122079093, -0.1736481776669311639, 3.438437891990161467E-15 ) ) ;
#4238 = DIRECTION ( 'NONE',  ( 0.1710878697460363751, 0.9702875252478139201, -0.1710878697460353481 ) ) ;
#4239 = FACE_OUTER_BOUND ( 'NONE', #1988, .T. ) ;
#4240 = FACE_OUTER_BOUND ( 'NONE', #660, .T. ) ;
#4241 = CARTESIAN_POINT ( 'NONE',  ( -2.437443834726058967, 7.647873938942688573E-19, -0.1675000000000077538 ) ) ;
#4242 = ORIENTED_EDGE ( 'NONE', *, *, #1489, .F. ) ;
#4243 = CARTESIAN_POINT ( 'NONE',  ( 2.450000000000004174, 0.1795615290467681424, -1.132499999999990958 ) ) ;
#4244 = AXIS2_PLACEMENT_3D ( 'NONE', #1404, #3828, #3040 ) ;
#4245 = ORIENTED_EDGE ( 'NONE', *, *, #5138, .T. ) ;
#4246 = CARTESIAN_POINT ( 'NONE',  ( 1.766236478227169560, 0.7150000000000005240, -0.1674999999999930711 ) ) ;
#4247 = ORIENTED_EDGE ( 'NONE', *, *, #832, .F. ) ;
#4248 = ORIENTED_EDGE ( 'NONE', *, *, #2542, .F. ) ;
#4249 =( NAMED_UNIT ( * ) PLANE_ANGLE_UNIT ( ) SI_UNIT ( $, .RADIAN. ) );
#4250 = EDGE_CURVE ( 'NONE', #2271, #1172, #4847, .T. ) ;
#4251 = CARTESIAN_POINT ( 'NONE',  ( -1.499999999999998890, 0.5350000000000005862, -0.4825000000000045919 ) ) ;
#4252 = DIRECTION ( 'NONE',  ( -4.336808689942015369E-15, 0.000000000000000000, 1.000000000000000000 ) ) ;
#4253 = ORIENTED_EDGE ( 'NONE', *, *, #2088, .F. ) ;
#4254 = LINE ( 'NONE', #1179, #4439 ) ;
#4255 = DIRECTION ( 'NONE',  ( 1.000000000000000000, 0.000000000000000000, 3.540519190289171499E-15 ) ) ;
#4256 = ORIENTED_EDGE ( 'NONE', *, *, #4215, .F. ) ;
#4257 = DIRECTION ( 'NONE',  ( 0.9848077530122080203, -0.1736481776669307198, 2.797799468812319737E-15 ) ) ;
#4258 = CARTESIAN_POINT ( 'NONE',  ( -2.168334719776548347, 0.1992574841279680098, 0.1674999999999930989 ) ) ;
#4259 = VERTEX_POINT ( 'NONE', #4392 ) ;
#4260 = DIRECTION ( 'NONE',  ( -0.1736481776669307198, -0.9848077530122080203, -6.062893718482056014E-16 ) ) ;
#4261 = ORIENTED_EDGE ( 'NONE', *, *, #2438, .T. ) ;
#4262 = DIRECTION ( 'NONE',  ( 3.491481338843133355E-15, -0.000000000000000000, -1.000000000000000000 ) ) ;
#4263 = DIRECTION ( 'NONE',  ( -1.000000000000000000, 0.000000000000000000, -3.614686131171031945E-15 ) ) ;
#4264 = DIRECTION ( 'NONE',  ( 2.840960035351830695E-15, 0.000000000000000000, -1.000000000000000000 ) ) ;
#4265 = DIRECTION ( 'NONE',  ( 3.491481338843133355E-15, -0.000000000000000000, -1.000000000000000000 ) ) ;
#4266 = ORIENTED_EDGE ( 'NONE', *, *, #1097, .T. ) ;
#4267 = ORIENTED_EDGE ( 'NONE', *, *, #3493, .F. ) ;
#4268 = DIRECTION ( 'NONE',  ( -0.9975640502598247528, 0.06975647374411789170, -3.482976265782951873E-15 ) ) ;
#4269 = VECTOR ( 'NONE', #4536, 1000.000000000000114 ) ;
#4270 = DIRECTION ( 'NONE',  ( 0.000000000000000000, -1.000000000000000000, 0.000000000000000000 ) ) ;
#4271 = ORIENTED_EDGE ( 'NONE', *, *, #4125, .F. ) ;
#4272 = ORIENTED_EDGE ( 'NONE', *, *, #1951, .F. ) ;
#4273 = VECTOR ( 'NONE', #456, 1000.000000000000000 ) ;
#4274 = EDGE_CURVE ( 'NONE', #1345, #3437, #3985, .T. ) ;
#4275 = VECTOR ( 'NONE', #733, 1000.000000000000114 ) ;
#4276 = ADVANCED_FACE ( 'NONE', ( #359 ), #1976, .T. ) ;
#4277 = VERTEX_POINT ( 'NONE', #2798 ) ;
#4278 = CARTESIAN_POINT ( 'NONE',  ( 1.899999999999997469, 0.2500000000000000555, 0.8175000000000072209 ) ) ;
#4279 = AXIS2_PLACEMENT_3D ( 'NONE', #751, #1185, #3643 ) ;
#4280 = ORIENTED_EDGE ( 'NONE', *, *, #4140, .F. ) ;
#4281 = CARTESIAN_POINT ( 'NONE',  ( 2.168334719776544794, 0.1992574841279675935, 0.8175000000000082201 ) ) ;
#4282 = ORIENTED_EDGE ( 'NONE', *, *, #3632, .T. ) ;
#4283 = EDGE_LOOP ( 'NONE', ( #4786, #5130, #1261, #4104 ) ) ;
#4284 = MECHANICAL_DESIGN_GEOMETRIC_PRESENTATION_REPRESENTATION (  '', ( #665 ), #419 ) ;
#4285 = VECTOR ( 'NONE', #1822, 1000.000000000000000 ) ;
#4286 = AXIS2_PLACEMENT_3D ( 'NONE', #1483, #3085, #4487 ) ;
#4287 = DIRECTION ( 'NONE',  ( 3.491481338843133355E-15, -0.000000000000000000, -1.000000000000000000 ) ) ;
#4288 = LINE ( 'NONE', #1886, #4896 ) ;
#4289 = VECTOR ( 'NONE', #3531, 1000.000000000000000 ) ;
#4290 = DIRECTION ( 'NONE',  ( -0.1736481776669313026, 0.9848077530122079093, -6.062893718482075735E-16 ) ) ;
#4291 = VERTEX_POINT ( 'NONE', #3614 ) ;
#4292 = AXIS2_PLACEMENT_3D ( 'NONE', #2484, #4977, #4102 ) ;
#4293 = EDGE_CURVE ( 'NONE', #4663, #4877, #6, .T. ) ;
#4294 = VERTEX_POINT ( 'NONE', #4822 ) ;
#4295 = PLANE ( 'NONE',  #2612 ) ;
#4296 = CARTESIAN_POINT ( 'NONE',  ( 1.401507855905368416, 0.5349355243686523265, 1.499988631206599310 ) ) ;
#4297 = DIRECTION ( 'NONE',  ( 3.491481338843133355E-15, -0.000000000000000000, -1.000000000000000000 ) ) ;
#4298 = CARTESIAN_POINT ( 'NONE',  ( -1.124999999999996669, 1.099999999999999645, -1.000000000000005551 ) ) ;
#4299 = VERTEX_POINT ( 'NONE', #807 ) ;
#4300 = CARTESIAN_POINT ( 'NONE',  ( 1.900000000000003020, 0.2500000000000000555, -0.8174999999999925659 ) ) ;
#4301 = ORIENTED_EDGE ( 'NONE', *, *, #1996, .T. ) ;
#4302 = CYLINDRICAL_SURFACE ( 'NONE', #3821, 0.09952373850260391730 ) ;
#4303 = PLANE ( 'NONE',  #4969 ) ;
#4304 = ORIENTED_EDGE ( 'NONE', *, *, #844, .F. ) ;
#4305 = DIRECTION ( 'NONE',  ( -0.9975640502598247528, -0.06975647374411789170, -3.482976265782951873E-15 ) ) ;
#4306 = DIRECTION ( 'NONE',  ( 3.491481338843133355E-15, 0.000000000000000000, -1.000000000000000000 ) ) ;
#4307 = DIRECTION ( 'NONE',  ( -3.563761483675500055E-15, 0.000000000000000000, 1.000000000000000000 ) ) ;
#4308 = CLOSED_SHELL ( 'NONE', ( #887, #1268, #2334, #926, #3113, #1470, #4919, #3299, #357, #89, #3974, #324, #3254, #4051 ) ) ;
#4309 = CARTESIAN_POINT ( 'NONE',  ( -2.168334719776551900, 0.1992574841279680098, 1.132499999999993179 ) ) ;
#4310 = ORIENTED_EDGE ( 'NONE', *, *, #439, .T. ) ;
#4311 = LINE ( 'NONE', #4556, #3345 ) ;
#4312 = ORIENTED_EDGE ( 'NONE', *, *, #433, .T. ) ;
#4313 = CARTESIAN_POINT ( 'NONE',  ( -1.500000000000003553, 0.5350000000000005862, 0.8174999999999954525 ) ) ;
#4314 = VERTEX_POINT ( 'NONE', #465 ) ;
#4315 = CARTESIAN_POINT ( 'NONE',  ( 2.175277144828319464, 0.2985387878056247613, 0.4825000000000083111 ) ) ;
#4316 = EDGE_CURVE ( 'NONE', #4879, #5103, #538, .T. ) ;
#4317 = LINE ( 'NONE', #2650, #1943 ) ;
#4318 = ORIENTED_EDGE ( 'NONE', *, *, #2501, .F. ) ;
#4319 = DIRECTION ( 'NONE',  ( -1.000000000000000000, 0.000000000000000000, -3.491481338843133355E-15 ) ) ;
#4320 = CARTESIAN_POINT ( 'NONE',  ( 2.175277144828320797, 0.2985387878056247613, 0.1675000000000082534 ) ) ;
#4321 = ORIENTED_EDGE ( 'NONE', *, *, #2805, .T. ) ;
#4322 = DIRECTION ( 'NONE',  ( 1.000000000000000000, 0.000000000000000000, 3.491481338843133355E-15 ) ) ;
#4323 = VECTOR ( 'NONE', #3262, 1000.000000000000000 ) ;
#4324 = LINE ( 'NONE', #2023, #4038 ) ;
#4325 = CARTESIAN_POINT ( 'NONE',  ( 1.500000000000000000, 0.7150000000000005240, 0.1675000000000058942 ) ) ;
#4326 = ADVANCED_FACE ( 'NONE', ( #4476 ), #870, .F. ) ;
#4327 = ORIENTED_EDGE ( 'NONE', *, *, #3644, .T. ) ;
#4328 = FILL_AREA_STYLE ('',( #806 ) ) ;
#4329 = DIRECTION ( 'NONE',  ( -0.000000000000000000, -1.000000000000000000, 0.000000000000000000 ) ) ;
#4330 = DIRECTION ( 'NONE',  ( 0.000000000000000000, 1.000000000000000000, 0.000000000000000000 ) ) ;
#4331 = CARTESIAN_POINT ( 'NONE',  ( -2.450000000000001954, 0.1795615290467685032, 0.4824999999999921574 ) ) ;
#4332 = CYLINDRICAL_SURFACE ( 'NONE', #4164, 0.2795237385026033139 ) ;
#4333 = PLANE ( 'NONE',  #2061 ) ;
#4334 = CARTESIAN_POINT ( 'NONE',  ( 2.168334719776547459, 0.1992574841279675935, 0.1675000000000082256 ) ) ;
#4335 = ORIENTED_EDGE ( 'NONE', *, *, #2252, .F. ) ;
#4336 = AXIS2_PLACEMENT_3D ( 'NONE', #2627, #4225, #863 ) ;
#4337 = FACE_OUTER_BOUND ( 'NONE', #1801, .T. ) ;
#4338 = LINE ( 'NONE', #2399, #3699 ) ;
#4339 = DIRECTION ( 'NONE',  ( -1.000000000000000000, 0.000000000000000000, -3.202360759513665375E-15 ) ) ;
#4340 = VECTOR ( 'NONE', #288, 1000.000000000000000 ) ;
#4341 = CARTESIAN_POINT ( 'NONE',  ( -1.348204149309508715, 0.9999999999999995559, -1.348204149309518707 ) ) ;
#4342 = ORIENTED_EDGE ( 'NONE', *, *, #4176, .F. ) ;
#4343 = ADVANCED_FACE ( 'NONE', ( #1964 ), #4295, .F. ) ;
#4344 = ORIENTED_EDGE ( 'NONE', *, *, #4692, .T. ) ;
#4345 = EDGE_CURVE ( 'NONE', #4808, #3940, #335, .T. ) ;
#4346 = CARTESIAN_POINT ( 'NONE',  ( -1.401005270604399389, 0.5349785077156441471, -1.499996210330396762 ) ) ;
#4347 = LINE ( 'NONE', #5121, #991 ) ;
#4348 = ORIENTED_EDGE ( 'NONE', *, *, #2982, .T. ) ;
#4349 = DIRECTION ( 'NONE',  ( -3.491481338843133355E-15, 0.000000000000000000, 1.000000000000000000 ) ) ;
#4350 = CARTESIAN_POINT ( 'NONE',  ( 1.499988631206598200, 0.7150644756313453421, -1.401507855905372635 ) ) ;
#4351 = EDGE_CURVE ( 'NONE', #1346, #1828, #3379, .T. ) ;
#4352 = ORIENTED_EDGE ( 'NONE', *, *, #1569, .T. ) ;
#4353 = AXIS2_PLACEMENT_3D ( 'NONE', #1282, #1704, #4322 ) ;
#4354 = EDGE_CURVE ( 'NONE', #1628, #517, #4698, .T. ) ;
#4355 = DIRECTION ( 'NONE',  ( 0.9848077530122077983, 0.1736481776669314414, 4.336808689942018525E-15 ) ) ;
#4356 = EDGE_CURVE ( 'NONE', #2202, #3751, #5120, .T. ) ;
#4357 = MECHANICAL_DESIGN_GEOMETRIC_PRESENTATION_REPRESENTATION (  '', ( #1171 ), #494 ) ;
#4358 = VECTOR ( 'NONE', #4210, 1000.000000000000000 ) ;
#4359 = FACE_OUTER_BOUND ( 'NONE', #5188, .T. ) ;
#4360 = ORIENTED_EDGE ( 'NONE', *, *, #2702, .T. ) ;
#4361 = LINE ( 'NONE', #4124, #3633 ) ;
#4362 = VECTOR ( 'NONE', #574, 1000.000000000000000 ) ;
#4363 = DIRECTION ( 'NONE',  ( -0.1710878697460354592, -0.9702875252478139201, -0.1710878697460365694 ) ) ;
#4364 = DIRECTION ( 'NONE',  ( -0.1710878697460352371, -0.9702875252478136980, -0.1710878697460364306 ) ) ;
#4365 = CARTESIAN_POINT ( 'NONE',  ( -1.400502642445356827, 0.7150000000000004130, 1.499999999999994893 ) ) ;
#4366 = FACE_OUTER_BOUND ( 'NONE', #1966, .T. ) ;
#4367 = LINE ( 'NONE', #756, #3062 ) ;
#4368 = STYLED_ITEM ( 'NONE', ( #3159 ), #1120 ) ;
#4369 = DIRECTION ( 'NONE',  ( 3.491481338843133355E-15, -0.000000000000000000, -1.000000000000000000 ) ) ;
#4370 = FACE_OUTER_BOUND ( 'NONE', #3288, .T. ) ;
#4371 = EDGE_LOOP ( 'NONE', ( #4646, #1501, #137, #3005, #4897, #3902, #1931, #1057, #3742, #2083, #2975, #637 ) ) ;
#4372 = DIRECTION ( 'NONE',  ( -4.336808689942016158E-15, 0.000000000000000000, 1.000000000000000000 ) ) ;
#4373 = FACE_OUTER_BOUND ( 'NONE', #4716, .T. ) ;
#4374 =( NAMED_UNIT ( * ) SI_UNIT ( $, .STERADIAN. ) SOLID_ANGLE_UNIT ( ) );
#4375 = VERTEX_POINT ( 'NONE', #2732 ) ;
#4376 = VERTEX_POINT ( 'NONE', #685 ) ;
#4377 = LINE ( 'NONE', #3150, #936 ) ;
#4378 = CIRCLE ( 'NONE', #1774, 0.1249999999999996808 ) ;
#4379 = CARTESIAN_POINT ( 'NONE',  ( 1.401005270604398056, 0.5349785077156403723, 1.499996210330394319 ) ) ;
#4380 = EDGE_CURVE ( 'NONE', #1712, #3100, #1538, .T. ) ;
#4381 = VECTOR ( 'NONE', #2389, 1000.000000000000000 ) ;
#4382 = CARTESIAN_POINT ( 'NONE',  ( 1.899999999999998579, 0.2500000000000000555, 0.4825000000000073119 ) ) ;
#4383 = AXIS2_PLACEMENT_3D ( 'NONE', #3123, #1119, #716 ) ;
#4384 = ORIENTED_EDGE ( 'NONE', *, *, #954, .F. ) ;
#4385 = DIRECTION ( 'NONE',  ( 0.000000000000000000, 1.000000000000000000, 0.000000000000000000 ) ) ;
#4386 = DIRECTION ( 'NONE',  ( -0.9848077530122077983, 0.1736481776669308863, -2.168404344971009262E-15 ) ) ;
#4387 = ORIENTED_EDGE ( 'NONE', *, *, #4071, .T. ) ;
#4388 = DIRECTION ( 'NONE',  ( 4.072327652863561712E-16, 1.000000000000000000, 1.421845600562798317E-30 ) ) ;
#4389 = AXIS2_PLACEMENT_3D ( 'NONE', #2342, #10, #1239 ) ;
#4390 = VERTEX_POINT ( 'NONE', #295 ) ;
#4391 = PLANE ( 'NONE',  #2346 ) ;
#4392 = CARTESIAN_POINT ( 'NONE',  ( 1.499999999999994449, 0.5350000000000005862, 1.400000000000003686 ) ) ;
#4393 = ORIENTED_EDGE ( 'NONE', *, *, #1659, .F. ) ;
#4394 = CARTESIAN_POINT ( 'NONE',  ( -1.500000000000001332, 0.5350000000000005862, 0.1674999999999954303 ) ) ;
#4395 = CARTESIAN_POINT ( 'NONE',  ( -1.500000000000003553, 0.5350000000000005862, 0.8174999999999954525 ) ) ;
#4396 = FACE_OUTER_BOUND ( 'NONE', #1010, .T. ) ;
#4397 = PLANE ( 'NONE',  #1613 ) ;
#4398 = ORIENTED_EDGE ( 'NONE', *, *, #4838, .F. ) ;
#4399 = CARTESIAN_POINT ( 'NONE',  ( 2.175277144828324349, 0.2985387878056247613, -0.8174999999999916778 ) ) ;
#4400 = ORIENTED_EDGE ( 'NONE', *, *, #2983, .F. ) ;
#4401 = EDGE_CURVE ( 'NONE', #4637, #1040, #4377, .T. ) ;
#4402 = DIRECTION ( 'NONE',  ( -0.9975640502598247528, 0.06975647374411773904, -3.482976265782951873E-15 ) ) ;
#4403 = EDGE_LOOP ( 'NONE', ( #1291, #3329, #4781, #221 ) ) ;
#4404 = DIRECTION ( 'NONE',  ( 1.000000000000000000, 0.000000000000000000, 3.268171560266927386E-15 ) ) ;
#4405 = VECTOR ( 'NONE', #5166, 999.9999999999998863 ) ;
#4406 =( NAMED_UNIT ( * ) SI_UNIT ( $, .STERADIAN. ) SOLID_ANGLE_UNIT ( ) );
#4407 = ORIENTED_EDGE ( 'NONE', *, *, #2320, .F. ) ;
#4408 = DIRECTION ( 'NONE',  ( 0.9975640502598247528, 0.06975647374411790558, 3.482976265782951873E-15 ) ) ;
#4409 = FACE_OUTER_BOUND ( 'NONE', #2692, .T. ) ;
#4410 = ORIENTED_EDGE ( 'NONE', *, *, #273, .T. ) ;
#4411 = DIRECTION ( 'NONE',  ( -3.491481338843133355E-15, 0.000000000000000000, 1.000000000000000000 ) ) ;
#4412 = ORIENTED_EDGE ( 'NONE', *, *, #3300, .T. ) ;
#4413 = VECTOR ( 'NONE', #824, 1000.000000000000000 ) ;
#4414 = EDGE_CURVE ( 'NONE', #5068, #2675, #2592, .T. ) ;
#4415 = EDGE_CURVE ( 'NONE', #1863, #3314, #4027, .T. ) ;
#4416 = CARTESIAN_POINT ( 'NONE',  ( 1.458688739809633095, 0.7199548410463244563, -1.499126327838407713 ) ) ;
#4417 = VERTEX_POINT ( 'NONE', #3467 ) ;
#4418 = DIRECTION ( 'NONE',  ( 2.840960035351830695E-15, 0.000000000000000000, -1.000000000000000000 ) ) ;
#4419 = CARTESIAN_POINT ( 'NONE',  ( 2.041513623055487781, 0.4840150493030217493, 0.4825000000000078115 ) ) ;
#4420 = UNCERTAINTY_MEASURE_WITH_UNIT (LENGTH_MEASURE( 1.000000000000000082E-05 ), #3735, 'distance_accuracy_value', 'NONE');
#4421 = ORIENTED_EDGE ( 'NONE', *, *, #3694, .F. ) ;
#4422 = CARTESIAN_POINT ( 'NONE',  ( 1.499999999999996669, 0.5350000000000005862, 1.132500000000005835 ) ) ;
#4423 = VERTEX_POINT ( 'NONE', #1279 ) ;
#4424 = LINE ( 'NONE', #2831, #475 ) ;
#4425 = CARTESIAN_POINT ( 'NONE',  ( 2.155778554502604916, 0.01969595508119942329, 0.4825000000000082556 ) ) ;
#4426 = ORIENTED_EDGE ( 'NONE', *, *, #215, .T. ) ;
#4427 = LINE ( 'NONE', #821, #585 ) ;
#4428 = EDGE_CURVE ( 'NONE', #2099, #3927, #795, .T. ) ;
#4429 = DIRECTION ( 'NONE',  ( 0.9975640502598248638, 0.06975647374411760027, 3.482976265782951873E-15 ) ) ;
#4430 = AXIS2_PLACEMENT_3D ( 'NONE', #53, #2496, #3287 ) ;
#4431 = VECTOR ( 'NONE', #5192, 1000.000000000000114 ) ;
#4432 = CARTESIAN_POINT ( 'NONE',  ( 1.864248227513294998, 0.4527583773229743036, -0.8174999999999926770 ) ) ;
#4433 = ORIENTED_EDGE ( 'NONE', *, *, #2584, .F. ) ;
#4434 = CARTESIAN_POINT ( 'NONE',  ( -1.124999999999996669, 0.9999999999999995559, -1.000000000000005551 ) ) ;
#4435 = CARTESIAN_POINT ( 'NONE',  ( 1.766236478227164897, 0.4354762614973970436, 1.132500000000006724 ) ) ;
#4436 = ORIENTED_EDGE ( 'NONE', *, *, #2898, .T. ) ;
#4437 = EDGE_CURVE ( 'NONE', #3269, #4583, #2879, .T. ) ;
#4438 = DIRECTION ( 'NONE',  ( 0.000000000000000000, 1.000000000000000000, -0.000000000000000000 ) ) ;
#4439 = VECTOR ( 'NONE', #3214, 1000.000000000000000 ) ;
#4440 = EDGE_CURVE ( 'NONE', #4945, #600, #2896, .T. ) ;
#4441 = ORIENTED_EDGE ( 'NONE', *, *, #1006, .F. ) ;
#4442 = EDGE_CURVE ( 'NONE', #5073, #3733, #4907, .T. ) ;
#4443 = EDGE_CURVE ( 'NONE', #2988, #1875, #2921, .T. ) ;
#4444 = CARTESIAN_POINT ( 'NONE',  ( -4.317436063562286131E-15, 0.9999999999999995559, 1.348204149309512712 ) ) ;
#4445 = EDGE_CURVE ( 'NONE', #2245, #356, #2093, .T. ) ;
#4446 = CARTESIAN_POINT ( 'NONE',  ( -1.500000000000002442, 0.5350000000000005862, 0.4824999999999954881 ) ) ;
#4447 = ORIENTED_EDGE ( 'NONE', *, *, #545, .T. ) ;
#4448 = VECTOR ( 'NONE', #1290, 1000.000000000000114 ) ;
#4449 = DIRECTION ( 'NONE',  ( 1.000000000000000000, 0.000000000000000000, 3.130080614681298281E-15 ) ) ;
#4450 = DIRECTION ( 'NONE',  ( 3.553083735007082256E-15, 0.000000000000000000, -1.000000000000000000 ) ) ;
#4451 = CYLINDRICAL_SURFACE ( 'NONE', #1870, 0.1000000000000000472 ) ;
#4452 = DIRECTION ( 'NONE',  ( -3.491481338843133355E-15, 0.000000000000000000, 1.000000000000000000 ) ) ;
#4453 = ORIENTED_EDGE ( 'NONE', *, *, #59, .F. ) ;
#4454 = DIRECTION ( 'NONE',  ( -1.000000000000000000, 0.000000000000000000, -3.491481338843133355E-15 ) ) ;
#4455 = CARTESIAN_POINT ( 'NONE',  ( 1.500000000000001332, 0.7150000000000005240, -0.1674999999999940148 ) ) ;
#4456 = ORIENTED_EDGE ( 'NONE', *, *, #3570, .F. ) ;
#4457 = CARTESIAN_POINT ( 'NONE',  ( -1.766236478227166007, 0.4354762614973970436, -0.8175000000000054445 ) ) ;
#4458 = CARTESIAN_POINT ( 'NONE',  ( 2.449999999999998401, 0.1795615290467681424, 0.4825000000000093103 ) ) ;
#4459 = CARTESIAN_POINT ( 'NONE',  ( 1.766236478227172668, 0.7150000000000005240, -1.132499999999993401 ) ) ;
#4460 = ADVANCED_FACE ( 'NONE', ( #2016 ), #1989, .T. ) ;
#4461 = DIRECTION ( 'NONE',  ( 3.491481338843133355E-15, -0.000000000000000000, -1.000000000000000000 ) ) ;
#4462 = VECTOR ( 'NONE', #2014, 1000.000000000000000 ) ;
#4463 = DIRECTION ( 'NONE',  ( -0.1710878697460354592, -0.9702875252478139201, -0.1710878697460366804 ) ) ;
#4464 = ORIENTED_EDGE ( 'NONE', *, *, #3318, .T. ) ;
#4465 = LINE ( 'NONE', #4067, #1684 ) ;
#4466 = DIRECTION ( 'NONE',  ( -1.000000000000000000, 0.000000000000000000, -3.268171560266927386E-15 ) ) ;
#4467 = AXIS2_PLACEMENT_3D ( 'NONE', #4497, #4922, #898 ) ;
#4468 = AXIS2_PLACEMENT_3D ( 'NONE', #506, #531, #4911 ) ;
#4469 = VECTOR ( 'NONE', #908, 1000.000000000000000 ) ;
#4470 = VERTEX_POINT ( 'NONE', #424 ) ;
#4471 = VECTOR ( 'NONE', #4855, 1000.000000000000000 ) ;
#4472 = VECTOR ( 'NONE', #2211, 1000.000000000000000 ) ;
#4473 = LINE ( 'NONE', #834, #2118 ) ;
#4474 = ADVANCED_FACE ( 'NONE', ( #1619 ), #4834, .T. ) ;
#4475 = DIRECTION ( 'NONE',  ( 3.491481338843133355E-15, -0.000000000000000000, -1.000000000000000000 ) ) ;
#4476 = FACE_OUTER_BOUND ( 'NONE', #2309, .T. ) ;
#4477 = CARTESIAN_POINT ( 'NONE',  ( 0.7124999999999970246, 0.2500000000000004996, 0.8800000000000026690 ) ) ;
#4478 = DIRECTION ( 'NONE',  ( 3.553083735007082256E-15, 0.000000000000000000, -1.000000000000000000 ) ) ;
#4479 = DIRECTION ( 'NONE',  ( -1.000000000000000000, 0.000000000000000000, -3.268171560266927386E-15 ) ) ;
#4480 = ORIENTED_EDGE ( 'NONE', *, *, #413, .T. ) ;
#4481 = DIRECTION ( 'NONE',  ( -0.000000000000000000, -1.000000000000000000, 0.000000000000000000 ) ) ;
#4482 = ORIENTED_EDGE ( 'NONE', *, *, #1940, .F. ) ;
#4483 = DIRECTION ( 'NONE',  ( 1.000000000000000000, 0.000000000000000000, 3.469446951953622866E-15 ) ) ;
#4484 = ORIENTED_EDGE ( 'NONE', *, *, #590, .F. ) ;
#4485 = CARTESIAN_POINT ( 'NONE',  ( 2.155778554502610689, 0.01969595508119942329, -1.132499999999991847 ) ) ;
#4486 = PLANE ( 'NONE',  #4353 ) ;
#4487 = DIRECTION ( 'NONE',  ( -1.000000000000000000, 0.000000000000000000, -3.490873299220221310E-15 ) ) ;
#4488 = CARTESIAN_POINT ( 'NONE',  ( 0.7124999999999970246, 0.2500000000000004996, 0.8800000000000026690 ) ) ;
#4489 = ORIENTED_EDGE ( 'NONE', *, *, #4715, .T. ) ;
#4490 = CLOSED_SHELL ( 'NONE', ( #2704, #307, #4676, #2979, #4679, #4963, #1303, #1233, #1898, #236, #2494, #655, #259, #3585 ) ) ;
#4491 = CARTESIAN_POINT ( 'NONE',  ( -2.437443834726055414, 7.647873938942688573E-19, -1.132500000000007834 ) ) ;
#4492 = FACE_OUTER_BOUND ( 'NONE', #1432, .T. ) ;
#4493 = CIRCLE ( 'NONE', #1548, 0.09952373850260348709 ) ;
#4494 = EDGE_LOOP ( 'NONE', ( #1878, #44, #4327, #4862, #1673, #4352, #4931, #3213, #1110, #1807, #2293, #1871 ) ) ;
#4495 = FACE_OUTER_BOUND ( 'NONE', #2679, .T. ) ;
#4496 =( LENGTH_UNIT ( ) NAMED_UNIT ( * ) SI_UNIT ( .MILLI., .METRE. ) );
#4497 = CARTESIAN_POINT ( 'NONE',  ( 1.348204149309515154, 0.9999999999999995559, -1.348204149309510047 ) ) ;
#4498 = EDGE_CURVE ( 'NONE', #4622, #522, #2834, .T. ) ;
#4499 = PRODUCT ( 'TPS7A3001DGNR', 'TPS7A3001DGNR', '', ( #1241 ) ) ;
#4500 = EDGE_CURVE ( 'NONE', #4823, #2500, #3971, .T. ) ;
#4501 = VECTOR ( 'NONE', #4408, 1000.000000000000114 ) ;
#4502 = LINE ( 'NONE', #3592, #4720 ) ;
#4503 = ORIENTED_EDGE ( 'NONE', *, *, #844, .T. ) ;
#4504 = LINE ( 'NONE', #1339, #1266 ) ;
#4505 = CARTESIAN_POINT ( 'NONE',  ( 1.500000000000002665, 0.7150000000000005240, -1.499999999999996669 ) ) ;
#4506 = ORIENTED_EDGE ( 'NONE', *, *, #4755, .F. ) ;
#4507 = LINE ( 'NONE', #501, #3803 ) ;
#4508 = LINE ( 'NONE', #906, #4123 ) ;
#4509 = VERTEX_POINT ( 'NONE', #5202 ) ;
#4510 = CARTESIAN_POINT ( 'NONE',  ( 1.864248227513294109, 0.4527583773229743036, -0.4824999999999928235 ) ) ;
#4511 = DIRECTION ( 'NONE',  ( -3.491481338843133355E-15, 0.000000000000000000, 1.000000000000000000 ) ) ;
#4512 = DIRECTION ( 'NONE',  ( -0.1710878697460353481, -0.9702875252478136980, -0.1710878697460364029 ) ) ;
#4513 = EDGE_CURVE ( 'NONE', #2115, #4592, #1592, .T. ) ;
#4514 = CARTESIAN_POINT ( 'NONE',  ( 2.450000000000004174, 0.1795615290467681424, -1.132499999999990958 ) ) ;
#4515 = EDGE_CURVE ( 'NONE', #3940, #1628, #4427, .T. ) ;
#4516 = ORIENTED_EDGE ( 'NONE', *, *, #4144, .T. ) ;
#4517 = CARTESIAN_POINT ( 'NONE',  ( 1.766236478227171558, 0.4354762614973970436, -0.8174999999999930100 ) ) ;
#4518 = EDGE_LOOP ( 'NONE', ( #1050, #3410, #136, #1122 ) ) ;
#4519 = AXIS2_PLACEMENT_3D ( 'NONE', #3028, #4760, #1792 ) ;
#4520 = CARTESIAN_POINT ( 'NONE',  ( 0.7124999999999970246, 0.1500000000000004940, 0.8800000000000026690 ) ) ;
#4521 = DIRECTION ( 'NONE',  ( 3.491481338843133355E-15, -0.000000000000000000, -1.000000000000000000 ) ) ;
#4522 = ADVANCED_FACE ( 'NONE', ( #4809 ), #1200, .F. ) ;
#4523 = ORIENTED_EDGE ( 'NONE', *, *, #2147, .F. ) ;
#4524 = ADVANCED_FACE ( 'NONE', ( #48 ), #449, .F. ) ;
#4525 = CARTESIAN_POINT ( 'NONE',  ( 1.499999999999998890, 0.5350000000000005862, 0.4825000000000059797 ) ) ;
#4526 = CARTESIAN_POINT ( 'NONE',  ( -1.348204149309518485, 0.2326351822333073971, 1.446684924610728951 ) ) ;
#4527 = ORIENTED_EDGE ( 'NONE', *, *, #1262, .F. ) ;
#4528 = DIRECTION ( 'NONE',  ( 3.491481338843133355E-15, 0.000000000000000000, -1.000000000000000000 ) ) ;
#4529 = COLOUR_RGB ( '',1.000000000000000000, 1.000000000000000000, 1.000000000000000000 ) ;
#4530 = LINE ( 'NONE', #472, #763 ) ;
#4531 = EDGE_CURVE ( 'NONE', #4592, #3840, #1281, .T. ) ;
#4532 = VECTOR ( 'NONE', #2813, 1000.000000000000000 ) ;
#4533 = ORIENTED_EDGE ( 'NONE', *, *, #3432, .T. ) ;
#4534 = LINE ( 'NONE', #161, #255 ) ;
#4535 = ORIENTED_EDGE ( 'NONE', *, *, #3608, .T. ) ;
#4536 = DIRECTION ( 'NONE',  ( -0.9975640502598246417, 0.06975647374411932111, -3.482976265782951478E-15 ) ) ;
#4537 = DIRECTION ( 'NONE',  ( 0.000000000000000000, -1.000000000000000000, 0.000000000000000000 ) ) ;
#4538 = LINE ( 'NONE', #4514, #4846 ) ;
#4539 = AXIS2_PLACEMENT_3D ( 'NONE', #2855, #4772, #4372 ) ;
#4540 = VERTEX_POINT ( 'NONE', #997 ) ;
#4541 = EDGE_CURVE ( 'NONE', #2171, #3307, #425, .T. ) ;
#4542 = CARTESIAN_POINT ( 'NONE',  ( 0.7125000000000031308, 0.1500000000000004940, -0.8799999999999974509 ) ) ;
#4543 = VECTOR ( 'NONE', #2407, 1000.000000000000000 ) ;
#4544 = VERTEX_POINT ( 'NONE', #597 ) ;
#4545 = VECTOR ( 'NONE', #1874, 1000.000000000000000 ) ;
#4546 = COLOUR_RGB ( '',0.1019607843137254888, 0.1019607843137254888, 0.1019607843137254888 ) ;
#4547 = CARTESIAN_POINT ( 'NONE',  ( -1.499988631206591094, 0.7150644756313448980, -1.401507855905380850 ) ) ;
#4548 = AXIS2_PLACEMENT_3D ( 'NONE', #4851, #4871, #2396 ) ;
#4549 = VECTOR ( 'NONE', #2633, 1000.000000000000000 ) ;
#4550 = CARTESIAN_POINT ( 'NONE',  ( -0.9999999999999970024, 0.9999999999999995559, -1.000000000000005329 ) ) ;
#4551 = VERTEX_POINT ( 'NONE', #4135 ) ;
#4552 = ADVANCED_FACE ( 'NONE', ( #5031 ), #4585, .T. ) ;
#4553 = DIRECTION ( 'NONE',  ( -0.9848077530122082424, -0.1736481776669291655, -3.438437891990162256E-15 ) ) ;
#4554 = LINE ( 'NONE', #49, #2535 ) ;
#4555 = CARTESIAN_POINT ( 'NONE',  ( -1.766236478227166007, 0.5350000000000004752, -0.8175000000000054445 ) ) ;
#4556 = CARTESIAN_POINT ( 'NONE',  ( 2.041513623055493554, 0.4840150493030217493, -1.132499999999992291 ) ) ;
#4557 = VERTEX_POINT ( 'NONE', #2145 ) ;
#4558 = CARTESIAN_POINT ( 'NONE',  ( -1.500000000000004663, 0.5350000000000005862, 1.132499999999995399 ) ) ;
#4559 = PRESENTATION_LAYER_ASSIGNMENT (  '', '', ( #1791 ) ) ;
#4560 = ORIENTED_EDGE ( 'NONE', *, *, #2807, .T. ) ;
#4561 = LINE ( 'NONE', #529, #5030 ) ;
#4562 = DIRECTION ( 'NONE',  ( 0.9975640502598246417, -0.06975647374411932111, 3.482976265782951478E-15 ) ) ;
#4563 = ADVANCED_FACE ( 'NONE', ( #4109 ), #3760, .F. ) ;
#4564 = EDGE_CURVE ( 'NONE', #3116, #4572, #2590, .T. ) ;
#4565 = CARTESIAN_POINT ( 'NONE',  ( 0.7124999999999970246, 0.1500000000000004940, 0.8800000000000026690 ) ) ;
#4566 = ORIENTED_EDGE ( 'NONE', *, *, #4899, .T. ) ;
#4567 = ORIENTED_EDGE ( 'NONE', *, *, #710, .T. ) ;
#4568 = CARTESIAN_POINT ( 'NONE',  ( -1.500000000000004663, 0.7150000000000005240, 1.132499999999995399 ) ) ;
#4569 = PLANE ( 'NONE',  #752 ) ;
#4570 = ORIENTED_EDGE ( 'NONE', *, *, #4442, .F. ) ;
#4571 = VECTOR ( 'NONE', #783, 1000.000000000000000 ) ;
#4572 = VERTEX_POINT ( 'NONE', #2693 ) ;
#4573 = MANIFOLD_SOLID_BREP ( 'Body-Move/Copy1[8]', #787 ) ;
#4574 = DIRECTION ( 'NONE',  ( 1.000000000000000000, 0.000000000000000000, 3.490873299220221310E-15 ) ) ;
#4575 = EDGE_CURVE ( 'NONE', #746, #2314, #4708, .T. ) ;
#4576 = EDGE_CURVE ( 'NONE', #4376, #5080, #1245, .T. ) ;
#4577 = ORIENTED_EDGE ( 'NONE', *, *, #2727, .T. ) ;
#4578 = DIRECTION ( 'NONE',  ( -0.000000000000000000, -1.000000000000000000, 0.000000000000000000 ) ) ;
#4579 = CARTESIAN_POINT ( 'NONE',  ( 2.041513623055485560, 0.4840150493030217493, 1.132500000000007834 ) ) ;
#4580 = CARTESIAN_POINT ( 'NONE',  ( -1.900000000000003020, 0.2500000000000000000, 0.8174999999999940092 ) ) ;
#4581 = DIRECTION ( 'NONE',  ( 0.1736481776669312749, -0.9848077530122079093, 6.062893718482074749E-16 ) ) ;
#4582 = CARTESIAN_POINT ( 'NONE',  ( -2.168334719776544794, 0.1992574841279680098, -0.8175000000000067768 ) ) ;
#4583 = VERTEX_POINT ( 'NONE', #3229 ) ;
#4584 = EDGE_LOOP ( 'NONE', ( #3689, #2286, #3466, #1139 ) ) ;
#4585 = CYLINDRICAL_SURFACE ( 'NONE', #2707, 0.1000000000000000472 ) ;
#4586 = LINE ( 'NONE', #2561, #3928 ) ;
#4587 = CARTESIAN_POINT ( 'NONE',  ( 1.401507855905377742, 0.7150644756313446759, -1.499988631206592649 ) ) ;
#4588 = DIRECTION ( 'NONE',  ( 3.491481338843133355E-15, -0.000000000000000000, -1.000000000000000000 ) ) ;
#4589 = ORIENTED_EDGE ( 'NONE', *, *, #2817, .F. ) ;
#4590 = DIRECTION ( 'NONE',  ( 3.491481338843133355E-15, 0.000000000000000000, -1.000000000000000000 ) ) ;
#4591 = EDGE_CURVE ( 'NONE', #1428, #4291, #1565, .T. ) ;
#4592 = VERTEX_POINT ( 'NONE', #2427 ) ;
#4593 = EDGE_CURVE ( 'NONE', #3276, #1510, #4031, .T. ) ;
#4594 = ORIENTED_EDGE ( 'NONE', *, *, #1859, .T. ) ;
#4595 = ORIENTED_EDGE ( 'NONE', *, *, #2106, .F. ) ;
#4596 = VECTOR ( 'NONE', #3239, 1000.000000000000000 ) ;
#4597 = DIRECTION ( 'NONE',  ( 0.06975647374411775292, 0.9975640502598247528, 2.435534263410881001E-16 ) ) ;
#4598 = LINE ( 'NONE', #4653, #4804 ) ;
#4599 = VECTOR ( 'NONE', #2780, 1000.000000000000227 ) ;
#4600 = EDGE_CURVE ( 'NONE', #2564, #1907, #4776, .T. ) ;
#4601 =( BOUNDED_CURVE ( )  B_SPLINE_CURVE ( 3, ( #3387, #3489, #2219, #2263 ),
 .UNSPECIFIED., .F., .T. ) 
 B_SPLINE_CURVE_WITH_KNOTS ( ( 4, 4 ),
 ( 5.512866274278618306, 7.053504340080551493 ),
 .UNSPECIFIED. ) 
 CURVE ( )  GEOMETRIC_REPRESENTATION_ITEM ( )  RATIONAL_B_SPLINE_CURVE ( ( 1.000000000000000000, 0.8117923620232518900, 0.8117923620232518900, 1.000000000000000000 ) ) 
 REPRESENTATION_ITEM ( '' )  );
#4602 = ORIENTED_EDGE ( 'NONE', *, *, #4727, .F. ) ;
#4603 = EDGE_CURVE ( 'NONE', #4630, #3356, #4044, .T. ) ;
#4604 = CARTESIAN_POINT ( 'NONE',  ( -2.077265395542196025, 0.2812566719800474457, -0.4825000000000065903 ) ) ;
#4605 = CARTESIAN_POINT ( 'NONE',  ( -0.9999999999999970024, 1.099999999999999645, -1.000000000000005329 ) ) ;
#4606 = EDGE_CURVE ( 'NONE', #4375, #2957, #1767, .T. ) ;
#4607 = EDGE_CURVE ( 'NONE', #4680, #992, #430, .T. ) ;
#4608 = ADVANCED_FACE ( 'NONE', ( #3145 ), #2460, .F. ) ;
#4609 = ORIENTED_EDGE ( 'NONE', *, *, #129, .F. ) ;
#4610 = CARTESIAN_POINT ( 'NONE',  ( 0.7124999999999970246, 0.2500000000000004996, 0.8800000000000026690 ) ) ;
#4611 = DIRECTION ( 'NONE',  ( -1.000000000000000000, 0.000000000000000000, -3.491481338843133355E-15 ) ) ;
#4612 = ORIENTED_EDGE ( 'NONE', *, *, #636, .F. ) ;
#4613 = AXIS2_PLACEMENT_3D ( 'NONE', #398, #3658, #50 ) ;
#4614 = CARTESIAN_POINT ( 'NONE',  ( 2.155778554502604916, 0.01969595508119942329, 0.4825000000000082556 ) ) ;
#4615 =( BOUNDED_CURVE ( )  B_SPLINE_CURVE ( 3, ( #3705, #902, #2086, #1798 ),
 .UNSPECIFIED., .F., .F. ) 
 B_SPLINE_CURVE_WITH_KNOTS ( ( 4, 4 ),
 ( 5.512866274278618306, 7.053504340080554158 ),
 .UNSPECIFIED. ) 
 CURVE ( )  GEOMETRIC_REPRESENTATION_ITEM ( )  RATIONAL_B_SPLINE_CURVE ( ( 1.000000000000000000, 0.8117923620232512238, 0.8117923620232512238, 1.000000000000000000 ) ) 
 REPRESENTATION_ITEM ( '' )  );
#4616 = AXIS2_PLACEMENT_3D ( 'NONE', #4909, #4537, #856 ) ;
#4617 = DIRECTION ( 'NONE',  ( 1.000000000000000000, -0.000000000000000000, 3.130080614681298281E-15 ) ) ;
#4618 = DIRECTION ( 'NONE',  ( 4.336808689942015369E-15, 0.000000000000000000, -1.000000000000000000 ) ) ;
#4619 = ORIENTED_EDGE ( 'NONE', *, *, #2088, .T. ) ;
#4620 = DIRECTION ( 'NONE',  ( -1.000000000000000000, 0.000000000000000000, -3.491481338843133355E-15 ) ) ;
#4621 = MANIFOLD_SOLID_BREP ( 'Body-Move/Copy1[7]', #3152 ) ;
#4622 = VERTEX_POINT ( 'NONE', #1985 ) ;
#4623 = ORIENTED_EDGE ( 'NONE', *, *, #2937, .T. ) ;
#4624 = ORIENTED_EDGE ( 'NONE', *, *, #943, .F. ) ;
#4625 = AXIS2_PLACEMENT_3D ( 'NONE', #64, #3621, #2345 ) ;
#4626 = DIRECTION ( 'NONE',  ( -0.06975647374411789170, 0.9975640502598247528, -2.435534263410885439E-16 ) ) ;
#4627 = PLANE ( 'NONE',  #18 ) ;
#4628 = PLANE ( 'NONE',  #4336 ) ;
#4629 = AXIS2_PLACEMENT_3D ( 'NONE', #4055, #883, #447 ) ;
#4630 = VERTEX_POINT ( 'NONE', #1615 ) ;
#4631 = CARTESIAN_POINT ( 'NONE',  ( 1.900000000000004130, 0.2500000000000000555, -1.132499999999992735 ) ) ;
#4632 = LINE ( 'NONE', #208, #4545 ) ;
#4633 = CIRCLE ( 'NONE', #2362, 0.09999999999999997780 ) ;
#4634 = AXIS2_PLACEMENT_3D ( 'NONE', #3603, #797, #399 ) ;
#4635 = ORIENTED_EDGE ( 'NONE', *, *, #1176, .F. ) ;
#4636 = DIRECTION ( 'NONE',  ( -0.1736481776669291655, 0.9848077530122082424, -6.062893718482001780E-16 ) ) ;
#4637 = VERTEX_POINT ( 'NONE', #3535 ) ;
#4638 = CARTESIAN_POINT ( 'NONE',  ( -1.401507855905370192, 0.5349355243686559902, -1.499988631206601308 ) ) ;
#4639 = ORIENTED_EDGE ( 'NONE', *, *, #882, .F. ) ;
#4640 = CARTESIAN_POINT ( 'NONE',  ( -1.316588683777432101, 1.196665032657508565, -1.415069459078662550 ) ) ;
#4641 = CARTESIAN_POINT ( 'NONE',  ( -1.500000000000005773, 0.5350000000000005862, 1.399999999999994804 ) ) ;
#4642 = VECTOR ( 'NONE', #3674, 1000.000000000000114 ) ;
#4643 = LINE ( 'NONE', #681, #1021 ) ;
#4644 = DIRECTION ( 'NONE',  ( 1.000000000000000000, -0.000000000000000000, 3.491481338843133355E-15 ) ) ;
#4645 = ORIENTED_EDGE ( 'NONE', *, *, #321, .T. ) ;
#4646 = ORIENTED_EDGE ( 'NONE', *, *, #5187, .T. ) ;
#4647 = EDGE_CURVE ( 'NONE', #1386, #1409, #1719, .T. ) ;
#4648 = LINE ( 'NONE', #1007, #741 ) ;
#4649 = EDGE_LOOP ( 'NONE', ( #81, #2388, #4202, #3263 ) ) ;
#4650 = DIRECTION ( 'NONE',  ( -0.06975647374411932111, -0.9975640502598246417, -2.435534263410936221E-16 ) ) ;
#4651 = EDGE_LOOP ( 'NONE', ( #4725, #705, #2198, #4070, #3639, #4097, #3625, #1541, #365, #2946, #1645, #1478 ) ) ;
#4652 = SURFACE_STYLE_FILL_AREA ( #609 ) ;
#4653 = CARTESIAN_POINT ( 'NONE',  ( 1.399999999999994138, 0.7150000000000005240, 1.500000000000004219 ) ) ;
#4654 = EDGE_CURVE ( 'NONE', #2294, #4163, #3349, .T. ) ;
#4655 = VERTEX_POINT ( 'NONE', #3680 ) ;
#4656 = AXIS2_PLACEMENT_3D ( 'NONE', #1760, #2136, #1318 ) ;
#4657 = DIRECTION ( 'NONE',  ( -0.06975647374411760027, 0.9975640502598248638, -2.435534263410876071E-16 ) ) ;
#4658 = EDGE_CURVE ( 'NONE', #4927, #3707, #672, .T. ) ;
#4659 = CARTESIAN_POINT ( 'NONE',  ( 1.864248227513292999, 0.4527583773229743036, -0.1674999999999927380 ) ) ;
#4660 = EDGE_CURVE ( 'NONE', #3480, #5068, #3756, .T. ) ;
#4661 = VERTEX_POINT ( 'NONE', #878 ) ;
#4662 = CARTESIAN_POINT ( 'NONE',  ( 1.500000000000003553, 0.7150000000000005240, -0.8174999999999940092 ) ) ;
#4663 = VERTEX_POINT ( 'NONE', #135 ) ;
#4664 = CARTESIAN_POINT ( 'NONE',  ( -1.499126327838407047, 0.5300451589536753216, -1.458688739809636203 ) ) ;
#4665 = VERTEX_POINT ( 'NONE', #1342 ) ;
#4666 =( LENGTH_UNIT ( ) NAMED_UNIT ( * ) SI_UNIT ( .MILLI., .METRE. ) );
#4667 = CARTESIAN_POINT ( 'NONE',  ( 2.437443834726055414, 7.647873938942688573E-19, 1.132500000000009166 ) ) ;
#4668 = CARTESIAN_POINT ( 'NONE',  ( 1.446684924610728284, 0.2326351822333074526, 1.348204149309516930 ) ) ;
#4669 = CARTESIAN_POINT ( 'NONE',  ( -2.041513623055489113, 0.4840150493030218048, -0.1675000000000063660 ) ) ;
#4670 = DIRECTION ( 'NONE',  ( -1.000000000000000000, 0.000000000000000000, -3.268171560266927386E-15 ) ) ;
#4671 = ORIENTED_EDGE ( 'NONE', *, *, #3796, .T. ) ;
#4672 = CIRCLE ( 'NONE', #377, 0.09952373850260348709 ) ;
#4673 = ORIENTED_EDGE ( 'NONE', *, *, #3608, .F. ) ;
#4674 = CARTESIAN_POINT ( 'NONE',  ( -2.175277144828325238, 0.2985387878056247613, 1.132499999999993179 ) ) ;
#4675 = DIRECTION ( 'NONE',  ( -4.336808689942016158E-15, 0.000000000000000000, 1.000000000000000000 ) ) ;
#4676 = ADVANCED_FACE ( 'NONE', ( #1296 ), #4876, .T. ) ;
#4677 = PLANE ( 'NONE',  #261 ) ;
#4678 = ORIENTED_EDGE ( 'NONE', *, *, #3020, .F. ) ;
#4679 = ADVANCED_FACE ( 'NONE', ( #2161 ), #3776, .F. ) ;
#4680 = VERTEX_POINT ( 'NONE', #1372 ) ;
#4681 = ORIENTED_EDGE ( 'NONE', *, *, #4354, .F. ) ;
#4682 = LINE ( 'NONE', #3886, #3573 ) ;
#4683 = VECTOR ( 'NONE', #2866, 1000.000000000000000 ) ;
#4684 = VECTOR ( 'NONE', #343, 1000.000000000000114 ) ;
#4685 = EDGE_CURVE ( 'NONE', #517, #2171, #474, .T. ) ;
#4686 = ORIENTED_EDGE ( 'NONE', *, *, #2597, .F. ) ;
#4687 = CARTESIAN_POINT ( 'NONE',  ( -1.766236478227168227, 0.4354762614973970436, -0.1675000000000054223 ) ) ;
#4688 = EDGE_LOOP ( 'NONE', ( #2231, #1366, #621, #4790 ) ) ;
#4689 = PLANE ( 'NONE',  #2790 ) ;
#4690 = VERTEX_POINT ( 'NONE', #2916 ) ;
#4691 = CARTESIAN_POINT ( 'NONE',  ( -2.041513623055489113, 0.4840150493030218048, -0.1675000000000063660 ) ) ;
#4692 = EDGE_CURVE ( 'NONE', #1183, #947, #2842, .T. ) ;
#4693 = DIRECTION ( 'NONE',  ( -0.9848077530122077983, -0.1736481776669308863, -4.336808689942018525E-15 ) ) ;
#4694 = CARTESIAN_POINT ( 'NONE',  ( -1.500000000000000000, 0.7150000000000005240, -0.1675000000000044786 ) ) ;
#4695 = FACE_OUTER_BOUND ( 'NONE', #3609, .T. ) ;
#4696 = ORIENTED_EDGE ( 'NONE', *, *, #4054, .T. ) ;
#4697 = ORIENTED_EDGE ( 'NONE', *, *, #2868, .T. ) ;
#4698 = LINE ( 'NONE', #1488, #3125 ) ;
#4699 = DIRECTION ( 'NONE',  ( 1.000000000000000000, 0.000000000000000000, 3.540519190289156116E-15 ) ) ;
#4700 = AXIS2_PLACEMENT_3D ( 'NONE', #3024, #4626, #1015 ) ;
#4701 = FACE_OUTER_BOUND ( 'NONE', #758, .T. ) ;
#4702 = ORIENTED_EDGE ( 'NONE', *, *, #1267, .F. ) ;
#4703 = VECTOR ( 'NONE', #632, 1000.000000000000000 ) ;
#4704 = FILL_AREA_STYLE_COLOUR ( '', #1041 ) ;
#4705 = DIRECTION ( 'NONE',  ( -1.000000000000000000, 0.000000000000000000, -3.469446951953622866E-15 ) ) ;
#4706 = AXIS2_PLACEMENT_3D ( 'NONE', #565, #2084, #2509 ) ;
#4707 = ORIENTED_EDGE ( 'NONE', *, *, #3696, .T. ) ;
#4708 = CIRCLE ( 'NONE', #1284, 0.2795237385026035359 ) ;
#4709 = FACE_OUTER_BOUND ( 'NONE', #3978, .T. ) ;
#4710 = DIRECTION ( 'NONE',  ( -4.072327652863561712E-16, 1.000000000000000000, -1.421845600562798317E-30 ) ) ;
#4711 = AXIS2_PLACEMENT_3D ( 'NONE', #1212, #36, #4766 ) ;
#4712 = ORIENTED_EDGE ( 'NONE', *, *, #4541, .F. ) ;
#4713 = CARTESIAN_POINT ( 'NONE',  ( -2.450000000000003286, 0.1795615290467685032, 0.8174999999999920108 ) ) ;
#4714 = LINE ( 'NONE', #1107, #2220 ) ;
#4715 = EDGE_CURVE ( 'NONE', #1382, #5099, #499, .T. ) ;
#4716 = EDGE_LOOP ( 'NONE', ( #3227, #5015, #2225, #4132 ) ) ;
#4717 = CIRCLE ( 'NONE', #4286, 0.2795237385026035359 ) ;
#4718 = AXIS2_PLACEMENT_3D ( 'NONE', #3626, #20, #2863 ) ;
#4719 = CARTESIAN_POINT ( 'NONE',  ( 2.175277144828317688, 0.2985387878056247613, 1.132500000000008278 ) ) ;
#4720 = VECTOR ( 'NONE', #5194, 1000.000000000000114 ) ;
#4721 = CARTESIAN_POINT ( 'NONE',  ( -1.766236478227171558, 0.7150000000000004130, 0.8174999999999944533 ) ) ;
#4722 = CIRCLE ( 'NONE', #183, 0.09952373850260348709 ) ;
#4723 = ORIENTED_EDGE ( 'NONE', *, *, #4606, .T. ) ;
#4724 = VECTOR ( 'NONE', #4196, 1000.000000000000114 ) ;
#4725 = ORIENTED_EDGE ( 'NONE', *, *, #413, .F. ) ;
#4726 = DIRECTION ( 'NONE',  ( 0.000000000000000000, 1.000000000000000000, 0.000000000000000000 ) ) ;
#4727 = EDGE_CURVE ( 'NONE', #2069, #2343, #860, .T. ) ;
#4728 = ORIENTED_EDGE ( 'NONE', *, *, #1884, .F. ) ;
#4729 = DIRECTION ( 'NONE',  ( 0.1736481776669311639, 0.9848077530122079093, 6.062893718482070805E-16 ) ) ;
#4730 = ORIENTED_EDGE ( 'NONE', *, *, #857, .T. ) ;
#4731 = CARTESIAN_POINT ( 'NONE',  ( -0.7125000000000031308, 0.2500000000000004996, 0.8799999999999976730 ) ) ;
#4732 = CARTESIAN_POINT ( 'NONE',  ( -1.348204149309518263, 0.2500000000000004996, 1.348204149309508049 ) ) ;
#4733 = CARTESIAN_POINT ( 'NONE',  ( -2.155778554502609801, 0.01969595508119942329, 0.8174999999999931211 ) ) ;
#4734 = VERTEX_POINT ( 'NONE', #3008 ) ;
#4735 =( NAMED_UNIT ( * ) PLANE_ANGLE_UNIT ( ) SI_UNIT ( $, .RADIAN. ) );
#4736 = DIRECTION ( 'NONE',  ( 3.491481338843133355E-15, -0.000000000000000000, -1.000000000000000000 ) ) ;
#4737 = ADVANCED_FACE ( 'NONE', ( #2233 ), #3450, .F. ) ;
#4738 = EDGE_CURVE ( 'NONE', #4299, #2154, #1448, .T. ) ;
#4739 = FACE_OUTER_BOUND ( 'NONE', #237, .T. ) ;
#4740 = CARTESIAN_POINT ( 'NONE',  ( -2.437443834726057634, 7.647873938942688573E-19, -0.4825000000000078115 ) ) ;
#4741 = CARTESIAN_POINT ( 'NONE',  ( -2.155778554502602695, 0.01969595508119942329, -1.132500000000006946 ) ) ;
#4742 = DIRECTION ( 'NONE',  ( -3.491481338843133355E-15, 0.000000000000000000, 1.000000000000000000 ) ) ;
#4743 = VECTOR ( 'NONE', #360, 1000.000000000000114 ) ;
#4744 = ORIENTED_EDGE ( 'NONE', *, *, #4996, .T. ) ;
#4745 = LINE ( 'NONE', #3228, #4030 ) ;
#4746 = CARTESIAN_POINT ( 'NONE',  ( 2.168334719776548347, 0.1992574841279679820, -0.1674999999999916833 ) ) ;
#4747 = AXIS2_PLACEMENT_3D ( 'NONE', #1894, #3074, #225 ) ;
#4748 = ADVANCED_FACE ( 'NONE', ( #209 ), #1799, .T. ) ;
#4749 = SURFACE_STYLE_USAGE ( .BOTH. , #1218 ) ;
#4750 = DIRECTION ( 'NONE',  ( 3.491481338843133355E-15, -0.000000000000000000, -1.000000000000000000 ) ) ;
#4751 = VERTEX_POINT ( 'NONE', #2696 ) ;
#4752 = EDGE_CURVE ( 'NONE', #983, #3258, #2240, .T. ) ;
#4753 = VERTEX_POINT ( 'NONE', #3458 ) ;
#4754 = CARTESIAN_POINT ( 'NONE',  ( -1.401507855905370192, 0.5349355243686559902, -1.499988631206601308 ) ) ;
#4755 = EDGE_CURVE ( 'NONE', #2883, #213, #4814, .T. ) ;
#4756 = FACE_OUTER_BOUND ( 'NONE', #1723, .T. ) ;
#4757 = DIRECTION ( 'NONE',  ( 0.9975640502598248638, 0.06975647374411760027, 3.482976265782951873E-15 ) ) ;
#4758 = EDGE_CURVE ( 'NONE', #1219, #5101, #4717, .T. ) ;
#4759 = DIRECTION ( 'NONE',  ( 0.06975647374411760027, -0.9975640502598248638, 2.435534263410876071E-16 ) ) ;
#4760 = DIRECTION ( 'NONE',  ( 3.491481338843133355E-15, 0.000000000000000000, -1.000000000000000000 ) ) ;
#4761 = ORIENTED_EDGE ( 'NONE', *, *, #3129, .F. ) ;
#4762 = MANIFOLD_SOLID_BREP ( 'Body-Move/Copy1[10]', #4308 ) ;
#4763 = LINE ( 'NONE', #3523, #1776 ) ;
#4764 = ORIENTED_EDGE ( 'NONE', *, *, #4100, .F. ) ;
#4765 = CYLINDRICAL_SURFACE ( 'NONE', #1186, 0.2795237385026035359 ) ;
#4766 = DIRECTION ( 'NONE',  ( 1.000000000000000000, 0.000000000000000000, 3.268171560266927386E-15 ) ) ;
#4767 = EDGE_LOOP ( 'NONE', ( #3921, #2037, #633, #5057 ) ) ;
#4768 = DIRECTION ( 'NONE',  ( 3.491481338843133355E-15, -0.000000000000000000, -1.000000000000000000 ) ) ;
#4769 = CARTESIAN_POINT ( 'NONE',  ( 1.499999999999998890, 0.5350000000000005862, 0.4825000000000059797 ) ) ;
#4770 = VERTEX_POINT ( 'NONE', #4002 ) ;
#4771 = CIRCLE ( 'NONE', #3179, 0.09999999999999997780 ) ;
#4772 = DIRECTION ( 'NONE',  ( 0.000000000000000000, 1.000000000000000000, 0.000000000000000000 ) ) ;
#4773 = CARTESIAN_POINT ( 'NONE',  ( -1.400000000000005240, 0.5350000000000005862, 1.499999999999995115 ) ) ;
#4774 = LINE ( 'NONE', #3651, #667 ) ;
#4775 = CARTESIAN_POINT ( 'NONE',  ( -1.348204149309508715, 0.9999999999999995559, -1.348204149309518485 ) ) ;
#4776 = LINE ( 'NONE', #2401, #1949 ) ;
#4777 = AXIS2_PLACEMENT_3D ( 'NONE', #5003, #3452, #5056 ) ;
#4778 = CARTESIAN_POINT ( 'NONE',  ( 2.437443834726059411, 7.647873938942688573E-19, -0.1674999999999907396 ) ) ;
#4779 = ORIENTED_EDGE ( 'NONE', *, *, #1265, .F. ) ;
#4780 = CARTESIAN_POINT ( 'NONE',  ( -2.155778554502604916, 0.01969595508119936778, -0.4825000000000068678 ) ) ;
#4781 = ORIENTED_EDGE ( 'NONE', *, *, #3096, .F. ) ;
#4782 = DIRECTION ( 'NONE',  ( -0.9975640502598247528, 0.06975647374411789170, -3.482976265782951873E-15 ) ) ;
#4783 = ORIENTED_EDGE ( 'NONE', *, *, #857, .F. ) ;
#4784 = LINE ( 'NONE', #3153, #4501 ) ;
#4785 = CARTESIAN_POINT ( 'NONE',  ( 4.219987672386601434E-15, 0.9999999999999995559, -1.348204149309514488 ) ) ;
#4786 = ORIENTED_EDGE ( 'NONE', *, *, #2048, .F. ) ;
#4787 = CIRCLE ( 'NONE', #3852, 0.2795237385026035359 ) ;
#4788 = CARTESIAN_POINT ( 'NONE',  ( 1.404401861300140109, 0.5513482445498961715, 1.502882636601370780 ) ) ;
#4789 = AXIS2_PLACEMENT_3D ( 'NONE', #3719, #3339, #1655 ) ;
#4790 = ORIENTED_EDGE ( 'NONE', *, *, #4316, .T. ) ;
#4791 = CARTESIAN_POINT ( 'NONE',  ( 1.400000000000002576, 0.5350000000000005862, -1.499999999999996669 ) ) ;
#4792 = VECTOR ( 'NONE', #1686, 1000.000000000000114 ) ;
#4793 = CARTESIAN_POINT ( 'NONE',  ( -1.900000000000004130, 0.2500000000000000000, 1.132499999999994067 ) ) ;
#4794 = CARTESIAN_POINT ( 'NONE',  ( -1.766236478227166007, 0.4354762614973970436, -0.8175000000000054445 ) ) ;
#4795 = LINE ( 'NONE', #3247, #43 ) ;
#4796 = VECTOR ( 'NONE', #3277, 1000.000000000000114 ) ;
#4797 = CARTESIAN_POINT ( 'NONE',  ( -2.155778554502608468, 0.01969595508119942329, 0.4824999999999932121 ) ) ;
#4798 = DIRECTION ( 'NONE',  ( -1.000000000000000000, 0.000000000000000000, -3.490873299220221310E-15 ) ) ;
#4799 =( GEOMETRIC_REPRESENTATION_CONTEXT ( 3 ) GLOBAL_UNCERTAINTY_ASSIGNED_CONTEXT ( ( #2638 ) ) GLOBAL_UNIT_ASSIGNED_CONTEXT ( ( #3984, #5131, #2028 ) ) REPRESENTATION_CONTEXT ( 'NONE', 'WORKASPACE' ) );
#4800 = CARTESIAN_POINT ( 'NONE',  ( -0.9999999999999970024, 1.099999999999999645, -1.000000000000005329 ) ) ;
#4801 = ORIENTED_EDGE ( 'NONE', *, *, #929, .F. ) ;
#4802 = CARTESIAN_POINT ( 'NONE',  ( 4.219987672386601434E-15, 0.2500000000000004996, -1.348204149309514266 ) ) ;
#4803 = CARTESIAN_POINT ( 'NONE',  ( 1.864248227513290557, 0.4527583773229743036, 0.4825000000000072564 ) ) ;
#4804 = VECTOR ( 'NONE', #694, 1000.000000000000000 ) ;
#4805 = ORIENTED_EDGE ( 'NONE', *, *, #1718, .T. ) ;
#4806 = FACE_OUTER_BOUND ( 'NONE', #2054, .T. ) ;
#4807 = AXIS2_PLACEMENT_3D ( 'NONE', #2579, #4975, #4811 ) ;
#4808 = VERTEX_POINT ( 'NONE', #4382 ) ;
#4809 = FACE_OUTER_BOUND ( 'NONE', #446, .T. ) ;
#4810 = AXIS2_PLACEMENT_3D ( 'NONE', #3330, #163, #1773 ) ;
#4811 = DIRECTION ( 'NONE',  ( 4.336808689942018525E-15, 0.1736481776669308863, -0.9848077530122077983 ) ) ;
#4812 = DIRECTION ( 'NONE',  ( -1.000000000000000000, 0.000000000000000000, -3.130080614681298675E-15 ) ) ;
#4813 = AXIS2_PLACEMENT_3D ( 'NONE', #3310, #2919, #4878 ) ;
#4814 = CIRCLE ( 'NONE', #2970, 0.09999999999999997780 ) ;
#4815 = DIRECTION ( 'NONE',  ( 1.000000000000000000, -4.072327652863561712E-16, 3.491481338843133355E-15 ) ) ;
#4816 = ADVANCED_FACE ( 'NONE', ( #770 ), #1991, .F. ) ;
#4817 = CARTESIAN_POINT ( 'NONE',  ( 0.7125000000000031308, 2.514558455858448838, -0.8799999999999974509 ) ) ;
#4818 = VERTEX_POINT ( 'NONE', #3236 ) ;
#4819 = CARTESIAN_POINT ( 'NONE',  ( 1.499996210330385438, 0.5349785077156445912, 1.401005270604409159 ) ) ;
#4820 = ORIENTED_EDGE ( 'NONE', *, *, #291, .T. ) ;
#4821 = DIRECTION ( 'NONE',  ( -0.000000000000000000, -1.000000000000000000, 0.000000000000000000 ) ) ;
#4822 = CARTESIAN_POINT ( 'NONE',  ( 2.168334719776551012, 0.1992574841279675935, -0.8174999999999916778 ) ) ;
#4823 = VERTEX_POINT ( 'NONE', #2436 ) ;
#4824 = CARTESIAN_POINT ( 'NONE',  ( -2.175277144828317688, 0.2985387878056247613, -1.132500000000006946 ) ) ;
#4825 = EDGE_CURVE ( 'NONE', #624, #1875, #428, .T. ) ;
#4826 = ORIENTED_EDGE ( 'NONE', *, *, #890, .T. ) ;
#4827 = CARTESIAN_POINT ( 'NONE',  ( 1.499999999999996669, 0.7150000000000005240, 1.132500000000005835 ) ) ;
#4828 = FACE_OUTER_BOUND ( 'NONE', #4283, .T. ) ;
#4829 = ADVANCED_FACE ( 'NONE', ( #1649 ), #3261, .F. ) ;
#4830 = DIRECTION ( 'NONE',  ( -1.000000000000000000, 0.000000000000000000, -3.878748110244690170E-15 ) ) ;
#4831 = ORIENTED_EDGE ( 'NONE', *, *, #170, .F. ) ;
#4832 = CARTESIAN_POINT ( 'NONE',  ( 0.000000000000000000, 0.2500000000000004996, 0.000000000000000000 ) ) ;
#4833 = EDGE_LOOP ( 'NONE', ( #750, #4182, #5026, #1294 ) ) ;
#4834 = PLANE ( 'NONE',  #257 ) ;
#4835 = CARTESIAN_POINT ( 'NONE',  ( -1.432114112427236741, 1.099999999999999645, -1.348204149309518929 ) ) ;
#4836 = SURFACE_SIDE_STYLE ('',( #4111 ) ) ;
#4837 = DIRECTION ( 'NONE',  ( 0.9975640502598247528, 0.06975647374411790558, 3.482976265782951873E-15 ) ) ;
#4838 = EDGE_CURVE ( 'NONE', #2294, #2611, #2562, .T. ) ;
#4839 = LINE ( 'NONE', #1967, #928 ) ;
#4840 = PLANE ( 'NONE',  #4430 ) ;
#4841 = ORIENTED_EDGE ( 'NONE', *, *, #3818, .T. ) ;
#4842 = EDGE_CURVE ( 'NONE', #3041, #3676, #3178, .T. ) ;
#4843 = CARTESIAN_POINT ( 'NONE',  ( -0.7125000000000031308, 0.1500000000000004940, 0.8799999999999976730 ) ) ;
#4844 = EDGE_CURVE ( 'NONE', #947, #1345, #3542, .T. ) ;
#4845 = ORIENTED_EDGE ( 'NONE', *, *, #4994, .T. ) ;
#4846 = VECTOR ( 'NONE', #2170, 1000.000000000000114 ) ;
#4847 = LINE ( 'NONE', #3957, #2956 ) ;
#4848 = DIRECTION ( 'NONE',  ( -0.000000000000000000, -1.000000000000000000, 0.000000000000000000 ) ) ;
#4849 = CARTESIAN_POINT ( 'NONE',  ( 1.500000000000002442, 0.5350000000000005862, -0.4824999999999940448 ) ) ;
#4850 = DIRECTION ( 'NONE',  ( 3.202360759513662219E-15, 0.000000000000000000, -1.000000000000000000 ) ) ;
#4851 = CARTESIAN_POINT ( 'NONE',  ( -2.175277144828325238, 0.2985387878056247613, 1.132499999999993179 ) ) ;
#4852 = VERTEX_POINT ( 'NONE', #2518 ) ;
#4853 = EDGE_CURVE ( 'NONE', #1875, #801, #5094, .T. ) ;
#4854 = ORIENTED_EDGE ( 'NONE', *, *, #2322, .T. ) ;
#4855 = DIRECTION ( 'NONE',  ( 3.491481338843133355E-15, -0.000000000000000000, -1.000000000000000000 ) ) ;
#4856 = LINE ( 'NONE', #1247, #1009 ) ;
#4857 = VERTEX_POINT ( 'NONE', #4668 ) ;
#4858 = DIRECTION ( 'NONE',  ( -0.9975640502598246417, 0.06975647374411932111, -3.482976265782951478E-15 ) ) ;
#4859 = VECTOR ( 'NONE', #593, 1000.000000000000000 ) ;
#4860 = SURFACE_STYLE_USAGE ( .BOTH. , #3571 ) ;
#4861 = DIRECTION ( 'NONE',  ( -1.000000000000000000, 0.000000000000000000, -3.491481338843133355E-15 ) ) ;
#4862 = ORIENTED_EDGE ( 'NONE', *, *, #4121, .T. ) ;
#4863 = CYLINDRICAL_SURFACE ( 'NONE', #1494, 0.2795237385026035359 ) ;
#4864 = ORIENTED_EDGE ( 'NONE', *, *, #1564, .T. ) ;
#4865 = CYLINDRICAL_SURFACE ( 'NONE', #4018, 0.1249999999999996808 ) ;
#4866 = EDGE_LOOP ( 'NONE', ( #4595, #1362 ) ) ;
#4867 = CARTESIAN_POINT ( 'NONE',  ( 2.450000000000001954, 0.1795615290467681424, -0.4824999999999907696 ) ) ;
#4868 = CIRCLE ( 'NONE', #2949, 0.2795237385026035359 ) ;
#4869 = DIRECTION ( 'NONE',  ( 3.082527656891360330E-15, 0.1736481776669307198, -0.9848077530122080203 ) ) ;
#4870 = CARTESIAN_POINT ( 'NONE',  ( 1.432114112427242958, 0.1500000000000004940, -1.348204149309509603 ) ) ;
#4871 = DIRECTION ( 'NONE',  ( -3.491481338843133355E-15, 0.000000000000000000, 1.000000000000000000 ) ) ;
#4872 = ORIENTED_EDGE ( 'NONE', *, *, #2632, .T. ) ;
#4873 = VECTOR ( 'NONE', #1029, 1000.000000000000114 ) ;
#4874 = CARTESIAN_POINT ( 'NONE',  ( -2.168334719776549679, 0.1992574841279680098, 0.4824999999999931566 ) ) ;
#4875 = DIRECTION ( 'NONE',  ( -1.000000000000000000, 0.000000000000000000, -3.130080614681298675E-15 ) ) ;
#4876 = CYLINDRICAL_SURFACE ( 'NONE', #3385, 0.2795237385026035359 ) ;
#4877 = VERTEX_POINT ( 'NONE', #243 ) ;
#4878 = DIRECTION ( 'NONE',  ( -4.336808689942016158E-15, 0.000000000000000000, 1.000000000000000000 ) ) ;
#4879 = VERTEX_POINT ( 'NONE', #2642 ) ;
#4880 = CARTESIAN_POINT ( 'NONE',  ( 1.401507855905368416, 0.7150644756313485617, 1.499988631206599310 ) ) ;
#4881 = AXIS2_PLACEMENT_3D ( 'NONE', #28, #1542, #1141 ) ;
#4882 = FILL_AREA_STYLE_COLOUR ( '', #4529 ) ;
#4883 = EDGE_LOOP ( 'NONE', ( #57, #1743, #3995, #4410 ) ) ;
#4884 = VECTOR ( 'NONE', #3222, 1000.000000000000000 ) ;
#4885 = VERTEX_POINT ( 'NONE', #1053 ) ;
#4886 = ADVANCED_FACE ( 'NONE', ( #4239 ), #627, .T. ) ;
#4887 = FACE_OUTER_BOUND ( 'NONE', #732, .T. ) ;
#4888 = CARTESIAN_POINT ( 'NONE',  ( 2.437443834726059411, 7.647873938942688573E-19, -0.1674999999999907396 ) ) ;
#4889 = VECTOR ( 'NONE', #1690, 1000.000000000000114 ) ;
#4890 = PRESENTATION_LAYER_ASSIGNMENT (  '', '', ( #2878 ) ) ;
#4891 = ORIENTED_EDGE ( 'NONE', *, *, #5013, .T. ) ;
#4892 = AXIS2_PLACEMENT_3D ( 'NONE', #4558, #2513, #160 ) ;
#4893 = AXIS2_PLACEMENT_3D ( 'NONE', #3652, #1642, #735 ) ;
#4894 = CARTESIAN_POINT ( 'NONE',  ( -1.864248227513294109, 0.4527583773229743036, 0.4824999999999942113 ) ) ;
#4895 = LINE ( 'NONE', #2908, #508 ) ;
#4896 = VECTOR ( 'NONE', #4264, 1000.000000000000000 ) ;
#4897 = ORIENTED_EDGE ( 'NONE', *, *, #1625, .T. ) ;
#4898 = CARTESIAN_POINT ( 'NONE',  ( -2.155778554502607136, 0.01969595508119936778, 0.1674999999999931266 ) ) ;
#4899 = EDGE_CURVE ( 'NONE', #953, #2271, #2261, .T. ) ;
#4900 = FACE_OUTER_BOUND ( 'NONE', #285, .T. ) ;
#4901 = EDGE_CURVE ( 'NONE', #1839, #4818, #269, .T. ) ;
#4902 = DIRECTION ( 'NONE',  ( -1.000000000000000000, 0.000000000000000000, -3.469446951953622866E-15 ) ) ;
#4903 = ORIENTED_EDGE ( 'NONE', *, *, #1635, .F. ) ;
#4904 = LINE ( 'NONE', #1299, #4203 ) ;
#4905 = DIRECTION ( 'NONE',  ( -0.06975647374411773904, -0.9975640502598247528, -2.435534263410881001E-16 ) ) ;
#4906 = ORIENTED_EDGE ( 'NONE', *, *, #2972, .F. ) ;
#4907 = LINE ( 'NONE', #4485, #854 ) ;
#4908 = DIRECTION ( 'NONE',  ( -4.336808689942016158E-15, 0.000000000000000000, 1.000000000000000000 ) ) ;
#4909 = CARTESIAN_POINT ( 'NONE',  ( -1.500000000000002442, 0.7150000000000005240, 0.4824999999999954881 ) ) ;
#4910 = EDGE_CURVE ( 'NONE', #4572, #5080, #4207, .T. ) ;
#4911 = DIRECTION ( 'NONE',  ( -1.000000000000000000, 0.000000000000000000, -3.268171560266927386E-15 ) ) ;
#4912 = EDGE_CURVE ( 'NONE', #2099, #4938, #742, .T. ) ;
#4913 = LINE ( 'NONE', #2543, #965 ) ;
#4914 = ORIENTED_EDGE ( 'NONE', *, *, #4500, .F. ) ;
#4915 = EDGE_CURVE ( 'NONE', #1172, #5204, #473, .T. ) ;
#4916 = CLOSED_SHELL ( 'NONE', ( #3884, #1202, #1786, #2051, #452, #82, #4522, #1754, #2575, #3235, #248, #139, #3148, #4460 ) ) ;
#4917 = FACE_OUTER_BOUND ( 'NONE', #3077, .T. ) ;
#4918 = CARTESIAN_POINT ( 'NONE',  ( -1.766236478227167117, 0.4354762614973970436, -0.4825000000000054801 ) ) ;
#4919 = ADVANCED_FACE ( 'NONE', ( #5040 ), #1861, .F. ) ;
#4920 =( GEOMETRIC_REPRESENTATION_CONTEXT ( 3 ) GLOBAL_UNCERTAINTY_ASSIGNED_CONTEXT ( ( #3990 ) ) GLOBAL_UNIT_ASSIGNED_CONTEXT ( ( #2475, #2984, #3366 ) ) REPRESENTATION_CONTEXT ( 'NONE', 'WORKASPACE' ) );
#4921 = VERTEX_POINT ( 'NONE', #3046 ) ;
#4922 = DIRECTION ( 'NONE',  ( 1.000000000000000000, -2.168404344971008474E-15, 3.109133147739277213E-15 ) ) ;
#4923 = EDGE_CURVE ( 'NONE', #1888, #4192, #4317, .T. ) ;
#4924 = DIRECTION ( 'NONE',  ( 3.491481338843133355E-15, -0.000000000000000000, -1.000000000000000000 ) ) ;
#4925 = AXIS2_PLACEMENT_3D ( 'NONE', #3939, #5146, #1906 ) ;
#4926 = PLANE ( 'NONE',  #4656 ) ;
#4927 = VERTEX_POINT ( 'NONE', #2678 ) ;
#4928 = CARTESIAN_POINT ( 'NONE',  ( 1.499999999999996669, 0.7150000000000005240, 1.132500000000005835 ) ) ;
#4929 = DIRECTION ( 'NONE',  ( 3.491481338843133355E-15, -0.000000000000000000, -1.000000000000000000 ) ) ;
#4930 = EDGE_CURVE ( 'NONE', #1738, #983, #2276, .T. ) ;
#4931 = ORIENTED_EDGE ( 'NONE', *, *, #23, .T. ) ;
#4932 = DIRECTION ( 'NONE',  ( 3.491481338843133355E-15, -0.000000000000000000, -1.000000000000000000 ) ) ;
#4933 = CARTESIAN_POINT ( 'NONE',  ( 2.077265395542197357, 0.2812566719800473902, -0.1674999999999919886 ) ) ;
#4934 = ORIENTED_EDGE ( 'NONE', *, *, #3097, .F. ) ;
#4935 = SURFACE_SIDE_STYLE ('',( #3712 ) ) ;
#4936 = CARTESIAN_POINT ( 'NONE',  ( -1.864248227513291667, 0.4527583773229743036, -0.1675000000000057554 ) ) ;
#4937 = CARTESIAN_POINT ( 'NONE',  ( -1.348204149309508715, 1.099999999999999645, -1.348204149309518707 ) ) ;
#4938 = VERTEX_POINT ( 'NONE', #3092 ) ;
#4939 = AXIS2_PLACEMENT_3D ( 'NONE', #3357, #1856, #5069 ) ;
#4940 = CARTESIAN_POINT ( 'NONE',  ( 1.864248227513291667, 0.4527583773229743036, 0.1675000000000071709 ) ) ;
#4941 = CARTESIAN_POINT ( 'NONE',  ( 1.766236478227169560, 0.4354762614973970436, -0.1674999999999930711 ) ) ;
#4942 = ORIENTED_EDGE ( 'NONE', *, *, #2135, .F. ) ;
#4943 = DIRECTION ( 'NONE',  ( -3.491481338843133355E-15, 0.000000000000000000, 1.000000000000000000 ) ) ;
#4944 = CYLINDRICAL_SURFACE ( 'NONE', #1868, 0.2795237385026035359 ) ;
#4945 = VERTEX_POINT ( 'NONE', #4246 ) ;
#4946 = CARTESIAN_POINT ( 'NONE',  ( 1.415069459078659220, 1.196665032657509453, -1.316588683777434321 ) ) ;
#4947 = AXIS2_PLACEMENT_3D ( 'NONE', #2541, #909, #4908 ) ;
#4948 = DIRECTION ( 'NONE',  ( 3.082527656891360330E-15, -0.1736481776669307198, -0.9848077530122080203 ) ) ;
#4949 = DIRECTION ( 'NONE',  ( 3.491481338843133355E-15, 0.000000000000000000, -1.000000000000000000 ) ) ;
#4950 = AXIS2_PLACEMENT_3D ( 'NONE', #1933, #3208, #1990 ) ;
#4951 = ORIENTED_EDGE ( 'NONE', *, *, #1625, .F. ) ;
#4952 = DIRECTION ( 'NONE',  ( 1.000000000000000000, 0.000000000000000000, 3.491481338843133355E-15 ) ) ;
#4953 = ORIENTED_EDGE ( 'NONE', *, *, #102, .F. ) ;
#4954 = CARTESIAN_POINT ( 'NONE',  ( -1.864248227513296108, 0.4527583773229743036, 1.132499999999994289 ) ) ;
#4955 = PLANE ( 'NONE',  #3713 ) ;
#4956 = LINE ( 'NONE', #3285, #2074 ) ;
#4957 = VERTEX_POINT ( 'NONE', #2246 ) ;
#4958 = VECTOR ( 'NONE', #2185, 1000.000000000000000 ) ;
#4959 = DIRECTION ( 'NONE',  ( -0.1736481776669291655, 0.9848077530122082424, -6.062893718482001780E-16 ) ) ;
#4960 = ORIENTED_EDGE ( 'NONE', *, *, #3096, .T. ) ;
#4961 = PLANE ( 'NONE',  #1593 ) ;
#4962 = EDGE_CURVE ( 'NONE', #1314, #2783, #1513, .T. ) ;
#4963 = ADVANCED_FACE ( 'NONE', ( #250 ), #4677, .F. ) ;
#4964 = AXIS2_PLACEMENT_3D ( 'NONE', #3200, #2890, #1959 ) ;
#4965 = EDGE_LOOP ( 'NONE', ( #2091, #668, #4506 ) ) ;
#4966 = EDGE_LOOP ( 'NONE', ( #1544, #4400, #3895, #3068 ) ) ;
#4967 = COLOUR_RGB ( '',0.8000000000000000444, 0.8078431372549019773, 0.8000000000000000444 ) ;
#4968 = AXIS2_PLACEMENT_3D ( 'NONE', #435, #3340, #4185 ) ;
#4969 = AXIS2_PLACEMENT_3D ( 'NONE', #699, #4710, #5000 ) ;
#4970 = AXIS2_PLACEMENT_3D ( 'NONE', #4446, #3250, #3274 ) ;
#4971 = AXIS2_PLACEMENT_3D ( 'NONE', #5199, #4024, #1589 ) ;
#4972 = CARTESIAN_POINT ( 'NONE',  ( 1.766236478227169560, 0.4354762614973970436, -0.1674999999999930711 ) ) ;
#4973 = ORIENTED_EDGE ( 'NONE', *, *, #5007, .F. ) ;
#4974 = DIRECTION ( 'NONE',  ( 3.491481338843133355E-15, -0.000000000000000000, -1.000000000000000000 ) ) ;
#4975 = DIRECTION ( 'NONE',  ( -0.1710878697460364861, 0.9702875252478138091, 0.1710878697460353204 ) ) ;
#4976 = EDGE_CURVE ( 'NONE', #1591, #1567, #3904, .T. ) ;
#4977 = DIRECTION ( 'NONE',  ( 3.491481338843133355E-15, -0.000000000000000000, -1.000000000000000000 ) ) ;
#4978 = CARTESIAN_POINT ( 'NONE',  ( -2.437443834726056302, 7.647873938942688573E-19, -0.8175000000000076650 ) ) ;
#4979 = VERTEX_POINT ( 'NONE', #2269 ) ;
#4980 = VECTOR ( 'NONE', #4193, 1000.000000000000000 ) ;
#4981 = CARTESIAN_POINT ( 'NONE',  ( -1.766236478227168227, 0.4354762614973970436, -0.1675000000000054223 ) ) ;
#4982 = ORIENTED_EDGE ( 'NONE', *, *, #1818, .T. ) ;
#4983 = EDGE_CURVE ( 'NONE', #600, #4877, #5100, .T. ) ;
#4984 = CARTESIAN_POINT ( 'NONE',  ( -1.446684924610729395, 0.2326351822333073693, -1.348204149309518485 ) ) ;
#4985 = CARTESIAN_POINT ( 'NONE',  ( -1.500000000000004885, 0.5349999999999967004, 1.400502642445346169 ) ) ;
#4986 = CARTESIAN_POINT ( 'NONE',  ( 1.348204149309515376, 1.017364817766692742, -1.446684924610730727 ) ) ;
#4987 = ORIENTED_EDGE ( 'NONE', *, *, #4842, .T. ) ;
#4988 = ORIENTED_EDGE ( 'NONE', *, *, #2167, .F. ) ;
#4989 = LINE ( 'NONE', #1036, #244 ) ;
#4990 = ADVANCED_FACE ( 'NONE', ( #687 ), #2299, .T. ) ;
#4991 = ORIENTED_EDGE ( 'NONE', *, *, #241, .F. ) ;
#4992 = ORIENTED_EDGE ( 'NONE', *, *, #94, .T. ) ;
#4993 = EDGE_CURVE ( 'NONE', #3066, #3480, #853, .T. ) ;
#4994 = EDGE_CURVE ( 'NONE', #4857, #3100, #2031, .T. ) ;
#4995 = EDGE_CURVE ( 'NONE', #4509, #3504, #3190, .T. ) ;
#4996 = EDGE_CURVE ( 'NONE', #651, #5101, #2367, .T. ) ;
#4997 = CARTESIAN_POINT ( 'NONE',  ( -0.9999999999999970024, 1.099999999999999645, -1.000000000000005329 ) ) ;
#4998 = ORIENTED_EDGE ( 'NONE', *, *, #3767, .T. ) ;
#4999 = CARTESIAN_POINT ( 'NONE',  ( 2.077265395542193360, 0.2812566719800473902, 1.132500000000007834 ) ) ;
#5000 = DIRECTION ( 'NONE',  ( -1.000000000000000000, -4.072327652863561712E-16, -3.491481338843133355E-15 ) ) ;
#5001 = DIRECTION ( 'NONE',  ( 1.000000000000000000, 0.000000000000000000, 4.357562080355884511E-15 ) ) ;
#5002 = CARTESIAN_POINT ( 'NONE',  ( -1.499988631206600642, 0.5349355243686525485, 1.401507855905369082 ) ) ;
#5003 = CARTESIAN_POINT ( 'NONE',  ( -0.9999999999999970024, 1.099999999999999645, -1.000000000000005329 ) ) ;
#5004 = ORIENTED_EDGE ( 'NONE', *, *, #3952, .F. ) ;
#5005 = ORIENTED_EDGE ( 'NONE', *, *, #999, .F. ) ;
#5006 = DIRECTION ( 'NONE',  ( -1.000000000000000000, 0.000000000000000000, -3.268171560266927386E-15 ) ) ;
#5007 = EDGE_CURVE ( 'NONE', #1611, #1219, #1921, .T. ) ;
#5008 = CARTESIAN_POINT ( 'NONE',  ( 1.401507855905377742, 0.7150644756313446759, -1.499988631206592649 ) ) ;
#5009 = DIRECTION ( 'NONE',  ( -0.1736481776669311639, -0.9848077530122079093, -6.062893718482070805E-16 ) ) ;
#5010 = SPHERICAL_SURFACE ( 'NONE', #4244, 0.1000000000000000056 ) ;
#5011 = ORIENTED_EDGE ( 'NONE', *, *, #4607, .T. ) ;
#5012 = ORIENTED_EDGE ( 'NONE', *, *, #4995, .T. ) ;
#5013 = EDGE_CURVE ( 'NONE', #2589, #4734, #3161, .T. ) ;
#5014 = VERTEX_POINT ( 'NONE', #3138 ) ;
#5015 = ORIENTED_EDGE ( 'NONE', *, *, #1180, .F. ) ;
#5016 = CIRCLE ( 'NONE', #2763, 0.1000000000000000472 ) ;
#5017 = DIRECTION ( 'NONE',  ( 3.491481338843133355E-15, -0.000000000000000000, -1.000000000000000000 ) ) ;
#5018 = CYLINDRICAL_SURFACE ( 'NONE', #1860, 0.2795237385026033139 ) ;
#5019 = CARTESIAN_POINT ( 'NONE',  ( -0.9999999999999970024, 0.9999999999999995559, -1.000000000000005329 ) ) ;
#5020 = AXIS2_PLACEMENT_3D ( 'NONE', #546, #4257, #3402 ) ;
#5021 = LINE ( 'NONE', #2765, #127 ) ;
#5022 = ORIENTED_EDGE ( 'NONE', *, *, #2155, .F. ) ;
#5023 = LINE ( 'NONE', #1099, #1302 ) ;
#5024 = CARTESIAN_POINT ( 'NONE',  ( -2.077265395542197357, 0.2812566719800474457, -0.1675000000000065048 ) ) ;
#5025 = CARTESIAN_POINT ( 'NONE',  ( -1.499999999999996669, 0.5350000000000005862, -1.132500000000004503 ) ) ;
#5026 = ORIENTED_EDGE ( 'NONE', *, *, #3134, .F. ) ;
#5027 = ORIENTED_EDGE ( 'NONE', *, *, #253, .F. ) ;
#5028 = CARTESIAN_POINT ( 'NONE',  ( -1.499988631206591094, 0.5349355243686562122, -1.401507855905380406 ) ) ;
#5029 = VERTEX_POINT ( 'NONE', #2770 ) ;
#5030 = VECTOR ( 'NONE', #1746, 1000.000000000000114 ) ;
#5031 = FACE_OUTER_BOUND ( 'NONE', #1087, .T. ) ;
#5032 = LINE ( 'NONE', #1429, #4362 ) ;
#5033 = AXIS2_PLACEMENT_3D ( 'NONE', #4669, #1054, #313 ) ;
#5034 = DIRECTION ( 'NONE',  ( 2.840960035351830695E-15, -0.000000000000000000, -1.000000000000000000 ) ) ;
#5035 = DIRECTION ( 'NONE',  ( 1.000000000000000000, 4.072327652863561712E-16, 3.491481338843133355E-15 ) ) ;
#5036 = ORIENTED_EDGE ( 'NONE', *, *, #3950, .T. ) ;
#5037 = VERTEX_POINT ( 'NONE', #3527 ) ;
#5038 = VECTOR ( 'NONE', #2194, 1000.000000000000000 ) ;
#5039 = ADVANCED_FACE ( 'NONE', ( #4828 ), #2754, .T. ) ;
#5040 = FACE_OUTER_BOUND ( 'NONE', #554, .T. ) ;
#5041 = ORIENTED_EDGE ( 'NONE', *, *, #4976, .T. ) ;
#5042 = COLOUR_RGB ( '',0.8000000000000000444, 0.8078431372549019773, 0.8000000000000000444 ) ;
#5043 = CARTESIAN_POINT ( 'NONE',  ( -1.348204149309518485, 0.9999999999999995559, 1.348204149309508271 ) ) ;
#5044 = ORIENTED_EDGE ( 'NONE', *, *, #674, .F. ) ;
#5045 = EDGE_CURVE ( 'NONE', #4216, #4299, #4021, .T. ) ;
#5046 = EDGE_CURVE ( 'NONE', #4470, #1738, #4774, .T. ) ;
#5047 = DIRECTION ( 'NONE',  ( 4.072327652863561712E-16, 1.000000000000000000, 1.421845600562798317E-30 ) ) ;
#5048 = CARTESIAN_POINT ( 'NONE',  ( -2.077265395542201798, 0.2812566719800474457, 1.132499999999993623 ) ) ;
#5049 = AXIS2_PLACEMENT_3D ( 'NONE', #2789, #30, #803 ) ;
#5050 = AXIS2_PLACEMENT_3D ( 'NONE', #119, #4082, #4483 ) ;
#5051 = EDGE_LOOP ( 'NONE', ( #4310, #3929, #4681, #905 ) ) ;
#5052 = PLANE ( 'NONE',  #3797 ) ;
#5053 = AXIS2_PLACEMENT_3D ( 'NONE', #3873, #4263, #2672 ) ;
#5054 = CARTESIAN_POINT ( 'NONE',  ( 0.000000000000000000, 0.2500000000000004996, 0.000000000000000000 ) ) ;
#5055 = ORIENTED_EDGE ( 'NONE', *, *, #1145, .T. ) ;
#5056 = DIRECTION ( 'NONE',  ( -1.000000000000000000, 0.000000000000000000, -3.469446951953622866E-15 ) ) ;
#5057 = ORIENTED_EDGE ( 'NONE', *, *, #1011, .T. ) ;
#5058 = CARTESIAN_POINT ( 'NONE',  ( -1.499999999999995337, 0.7150000000000005240, -1.500000000000005995 ) ) ;
#5059 = LINE ( 'NONE', #1132, #2039 ) ;
#5060 = ORIENTED_EDGE ( 'NONE', *, *, #4054, .F. ) ;
#5061 = ADVANCED_FACE ( 'NONE', ( #2066 ), #4451, .T. ) ;
#5062 = DIRECTION ( 'NONE',  ( 3.491481338843133355E-15, 0.000000000000000000, -1.000000000000000000 ) ) ;
#5063 = EDGE_CURVE ( 'NONE', #1839, #4166, #4615, .T. ) ;
#5064 = AXIS2_PLACEMENT_3D ( 'NONE', #1636, #1980, #1955 ) ;
#5065 = COLOUR_RGB ( '',0.8000000000000000444, 0.8078431372549019773, 0.8000000000000000444 ) ;
#5066 = DIRECTION ( 'NONE',  ( -1.000000000000000000, 0.000000000000000000, -3.491481338843133355E-15 ) ) ;
#5067 = CARTESIAN_POINT ( 'NONE',  ( 1.499988631206589984, 0.5349355243686564343, 1.401507855905379740 ) ) ;
#5068 = VERTEX_POINT ( 'NONE', #95 ) ;
#5069 = DIRECTION ( 'NONE',  ( -1.000000000000000000, 0.000000000000000000, -3.491481338843133355E-15 ) ) ;
#5070 = ORIENTED_EDGE ( 'NONE', *, *, #796, .T. ) ;
#5071 = CARTESIAN_POINT ( 'NONE',  ( -1.399999999999994582, 0.5350000000000005862, -1.500000000000005773 ) ) ;
#5072 = DIRECTION ( 'NONE',  ( -0.000000000000000000, -1.000000000000000000, 0.000000000000000000 ) ) ;
#5073 = VERTEX_POINT ( 'NONE', #2914 ) ;
#5074 = DIRECTION ( 'NONE',  ( 1.000000000000000000, 0.000000000000000000, 4.336808689942015369E-15 ) ) ;
#5075 = ORIENTED_EDGE ( 'NONE', *, *, #2047, .F. ) ;
#5076 = DIRECTION ( 'NONE',  ( 0.9975640502598247528, -0.06975647374411790558, 3.482976265782951873E-15 ) ) ;
#5077 = LINE ( 'NONE', #3792, #1277 ) ;
#5078 = ADVANCED_FACE ( 'NONE', ( #4900 ), #156, .T. ) ;
#5079 = DIRECTION ( 'NONE',  ( -1.000000000000000000, 0.000000000000000000, -3.469446951953622866E-15 ) ) ;
#5080 = VERTEX_POINT ( 'NONE', #4101 ) ;
#5081 = DIRECTION ( 'NONE',  ( 1.000000000000000000, 0.000000000000000000, 3.540519190289171499E-15 ) ) ;
#5082 = DIRECTION ( 'NONE',  ( -1.000000000000000000, 0.000000000000000000, -3.490873299220221310E-15 ) ) ;
#5083 = DIRECTION ( 'NONE',  ( 1.000000000000000000, 0.000000000000000000, 3.490873299220221310E-15 ) ) ;
#5084 = EDGE_CURVE ( 'NONE', #3676, #582, #1340, .T. ) ;
#5085 = ORIENTED_EDGE ( 'NONE', *, *, #1344, .T. ) ;
#5086 = CYLINDRICAL_SURFACE ( 'NONE', #3843, 0.09952373850260348709 ) ;
#5087 = CARTESIAN_POINT ( 'NONE',  ( -1.399999999999995470, 0.7150000000000005240, -1.400000000000005684 ) ) ;
#5088 = ORIENTED_EDGE ( 'NONE', *, *, #4962, .T. ) ;
#5089 = FACE_OUTER_BOUND ( 'NONE', #3442, .T. ) ;
#5090 = ORIENTED_EDGE ( 'NONE', *, *, #1315, .T. ) ;
#5091 = CARTESIAN_POINT ( 'NONE',  ( -1.502882636601372335, 0.5513482445498961715, 1.404401861300140775 ) ) ;
#5092 = EDGE_CURVE ( 'NONE', #1246, #953, #525, .T. ) ;
#5093 = CARTESIAN_POINT ( 'NONE',  ( 1.348204149309507605, 0.9999999999999995559, 1.348204149309516930 ) ) ;
#5094 = LINE ( 'NONE', #1030, #1354 ) ;
#5095 = DIRECTION ( 'NONE',  ( 3.491481338843133355E-15, -0.000000000000000000, -1.000000000000000000 ) ) ;
#5096 = CYLINDRICAL_SURFACE ( 'NONE', #3907, 0.09952373850260348709 ) ;
#5097 = ORIENTED_EDGE ( 'NONE', *, *, #2322, .F. ) ;
#5098 = VECTOR ( 'NONE', #2758, 1000.000000000000000 ) ;
#5099 = VERTEX_POINT ( 'NONE', #1717 ) ;
#5100 = LINE ( 'NONE', #1490, #342 ) ;
#5101 = VERTEX_POINT ( 'NONE', #4580 ) ;
#5102 = CARTESIAN_POINT ( 'NONE',  ( 2.175277144828321685, 0.2985387878056247613, -0.1674999999999916556 ) ) ;
#5103 = VERTEX_POINT ( 'NONE', #4130 ) ;
#5104 = EDGE_CURVE ( 'NONE', #272, #613, #3372, .T. ) ;
#5105 = ORIENTED_EDGE ( 'NONE', *, *, #2166, .T. ) ;
#5106 = DIRECTION ( 'NONE',  ( 1.000000000000000000, -0.000000000000000000, 3.202360759513665375E-15 ) ) ;
#5107 = CARTESIAN_POINT ( 'NONE',  ( -1.864248227513290557, 0.4527583773229743036, -0.4825000000000058131 ) ) ;
#5108 = VECTOR ( 'NONE', #893, 1000.000000000000000 ) ;
#5109 = AXIS2_PLACEMENT_3D ( 'NONE', #951, #4949, #1450 ) ;
#5110 = DIRECTION ( 'NONE',  ( -0.9975640502598247528, 0.06975647374411789170, -3.482976265782951873E-15 ) ) ;
#5111 = ORIENTED_EDGE ( 'NONE', *, *, #3811, .T. ) ;
#5112 = LINE ( 'NONE', #1876, #3772 ) ;
#5113 = EDGE_CURVE ( 'NONE', #4216, #4423, #3326, .T. ) ;
#5114 = LINE ( 'NONE', #3168, #4289 ) ;
#5115 = EDGE_LOOP ( 'NONE', ( #5011, #3548, #2453, #1749 ) ) ;
#5116 = CARTESIAN_POINT ( 'NONE',  ( 2.041513623055487781, 0.4840150493030218048, 0.4825000000000078115 ) ) ;
#5117 = DIRECTION ( 'NONE',  ( 1.000000000000000000, 0.000000000000000000, 3.491481338843133355E-15 ) ) ;
#5118 = ORIENTED_EDGE ( 'NONE', *, *, #1803, .T. ) ;
#5119 = EDGE_LOOP ( 'NONE', ( #3645, #2977, #919, #4764 ) ) ;
#5120 = LINE ( 'NONE', #1932, #5142 ) ;
#5121 = CARTESIAN_POINT ( 'NONE',  ( -1.348204149309508493, 0.1500000000000004940, -1.432114112427246289 ) ) ;
#5122 = AXIS2_PLACEMENT_3D ( 'NONE', #2517, #2943, #1252 ) ;
#5123 = ORIENTED_EDGE ( 'NONE', *, *, #4531, .T. ) ;
#5124 = AXIS2_PLACEMENT_3D ( 'NONE', #4435, #514, #3720 ) ;
#5125 = LINE ( 'NONE', #4835, #736 ) ;
#5126 = EDGE_CURVE ( 'NONE', #2314, #1346, #4530, .T. ) ;
#5127 = DIRECTION ( 'NONE',  ( 3.491481338843133355E-15, -0.000000000000000000, -1.000000000000000000 ) ) ;
#5128 = ADVANCED_FACE ( 'NONE', ( #2555 ), #927, .T. ) ;
#5129 = DIRECTION ( 'NONE',  ( -3.491481338843133355E-15, 0.000000000000000000, 1.000000000000000000 ) ) ;
#5130 = ORIENTED_EDGE ( 'NONE', *, *, #4380, .F. ) ;
#5131 =( NAMED_UNIT ( * ) PLANE_ANGLE_UNIT ( ) SI_UNIT ( $, .RADIAN. ) );
#5132 = EDGE_CURVE ( 'NONE', #2690, #3066, #516, .T. ) ;
#5133 = CARTESIAN_POINT ( 'NONE',  ( -2.155778554502610689, 0.01969595508119936778, 1.132499999999993179 ) ) ;
#5134 = VECTOR ( 'NONE', #2124, 1000.000000000000227 ) ;
#5135 = ORIENTED_EDGE ( 'NONE', *, *, #984, .T. ) ;
#5136 = CARTESIAN_POINT ( 'NONE',  ( 1.446684924610736278, 1.017364817766692742, -1.348204149309510047 ) ) ;
#5137 = DIRECTION ( 'NONE',  ( -1.000000000000000000, 4.072327652863561712E-16, -3.491481338843133355E-15 ) ) ;
#5138 = EDGE_CURVE ( 'NONE', #4879, #4036, #949, .T. ) ;
#5139 = ORIENTED_EDGE ( 'NONE', *, *, #2937, .F. ) ;
#5140 = CIRCLE ( 'NONE', #666, 0.09952373850260348709 ) ;
#5141 = MECHANICAL_DESIGN_GEOMETRIC_PRESENTATION_REPRESENTATION (  '', ( #2878 ), #3726 ) ;
#5142 = VECTOR ( 'NONE', #3119, 1000.000000000000000 ) ;
#5143 = DIRECTION ( 'NONE',  ( -1.000000000000000000, 0.000000000000000000, -4.357562080355903444E-15 ) ) ;
#5144 = EDGE_CURVE ( 'NONE', #3307, #11, #1370, .T. ) ;
#5145 = FILL_AREA_STYLE ('',( #2348 ) ) ;
#5146 = DIRECTION ( 'NONE',  ( 0.9848077530122079093, 0.1736481776669313026, 3.438437891990161861E-15 ) ) ;
#5147 = ORIENTED_EDGE ( 'NONE', *, *, #1795, .T. ) ;
#5148 = AXIS2_PLACEMENT_3D ( 'NONE', #791, #3597, #3994 ) ;
#5149 = CARTESIAN_POINT ( 'NONE',  ( -1.499988631206600864, 0.7150644756313485617, 1.401507855905369748 ) ) ;
#5150 = ORIENTED_EDGE ( 'NONE', *, *, #1540, .T. ) ;
#5151 = DIRECTION ( 'NONE',  ( -2.840960035351830695E-15, 0.000000000000000000, 1.000000000000000000 ) ) ;
#5152 = CARTESIAN_POINT ( 'NONE',  ( 2.450000000000000622, 0.1795615290467681424, -0.1674999999999906841 ) ) ;
#5153 = DIRECTION ( 'NONE',  ( -0.000000000000000000, -1.000000000000000000, 0.000000000000000000 ) ) ;
#5154 = ORIENTED_EDGE ( 'NONE', *, *, #4844, .F. ) ;
#5155 = CARTESIAN_POINT ( 'NONE',  ( 0.7124999999999970246, 0.2500000000000004996, 0.8800000000000026690 ) ) ;
#5156 = FACE_OUTER_BOUND ( 'NONE', #679, .T. ) ;
#5157 = ORIENTED_EDGE ( 'NONE', *, *, #700, .F. ) ;
#5158 = CARTESIAN_POINT ( 'NONE',  ( 1.499999999999994671, 0.5350000000000006972, 1.400502642445355495 ) ) ;
#5159 = ADVANCED_FACE ( 'NONE', ( #567 ), #3912, .F. ) ;
#5160 = EDGE_CURVE ( 'NONE', #4423, #2154, #3502, .T. ) ;
#5161 = ADVANCED_FACE ( 'NONE', ( #306 ), #4303, .F. ) ;
#5162 = ORIENTED_EDGE ( 'NONE', *, *, #387, .F. ) ;
#5163 =( LENGTH_UNIT ( ) NAMED_UNIT ( * ) SI_UNIT ( .MILLI., .METRE. ) );
#5164 = EDGE_CURVE ( 'NONE', #2456, #3269, #616, .T. ) ;
#5165 = CARTESIAN_POINT ( 'NONE',  ( 1.500000000000001332, 0.5350000000000005862, -0.1674999999999940148 ) ) ;
#5166 = DIRECTION ( 'NONE',  ( 0.06975647374411760027, -0.9975640502598248638, 2.435534263410876071E-16 ) ) ;
#5167 = CARTESIAN_POINT ( 'NONE',  ( 2.155778554502606248, 0.01969595508119942329, 0.1675000000000081979 ) ) ;
#5168 = FACE_OUTER_BOUND ( 'NONE', #683, .T. ) ;
#5169 = FACE_OUTER_BOUND ( 'NONE', #2651, .T. ) ;
#5170 = AXIS2_PLACEMENT_3D ( 'NONE', #3163, #3587, #37 ) ;
#5171 = VERTEX_POINT ( 'NONE', #4604 ) ;
#5172 = DIRECTION ( 'NONE',  ( 3.491481338843133355E-15, -0.000000000000000000, -1.000000000000000000 ) ) ;
#5173 = AXIS2_PLACEMENT_3D ( 'NONE', #207, #1417, #2630 ) ;
#5174 = SPHERICAL_SURFACE ( 'NONE', #2701, 0.1000000000000000056 ) ;
#5175 = CARTESIAN_POINT ( 'NONE',  ( 1.500000000000002442, 0.5350000000000005862, -0.4824999999999940448 ) ) ;
#5176 = EDGE_LOOP ( 'NONE', ( #3081, #581, #389, #3421, #262, #210, #124, #4982, #332, #1046, #1944, #436 ) ) ;
#5177 = LINE ( 'NONE', #15, #3344 ) ;
#5178 = ORIENTED_EDGE ( 'NONE', *, *, #174, .F. ) ;
#5179 = DIRECTION ( 'NONE',  ( -1.000000000000000000, 0.000000000000000000, -2.840960035351830695E-15 ) ) ;
#5180 = PRESENTATION_STYLE_ASSIGNMENT (( #4860 ) ) ;
#5181 = VECTOR ( 'NONE', #1728, 1000.000000000000000 ) ;
#5182 = DIRECTION ( 'NONE',  ( 0.9975640502598247528, -0.06975647374411790558, 3.482976265782951873E-15 ) ) ;
#5183 = FACE_OUTER_BOUND ( 'NONE', #1018, .T. ) ;
#5184 = EDGE_LOOP ( 'NONE', ( #1537, #4589, #3292, #2410, #3551, #3670, #817, #4107 ) ) ;
#5185 = DIRECTION ( 'NONE',  ( -0.1736481776669307198, 0.9848077530122080203, -6.062893718482056014E-16 ) ) ;
#5186 = CARTESIAN_POINT ( 'NONE',  ( 1.499126327838405492, 0.7199548410463263437, 1.458688739809635093 ) ) ;
#5187 = EDGE_CURVE ( 'NONE', #4299, #4753, #670, .T. ) ;
#5188 = EDGE_LOOP ( 'NONE', ( #720, #106, #3143, #2209 ) ) ;
#5189 = SURFACE_SIDE_STYLE ('',( #1603 ) ) ;
#5190 = DIRECTION ( 'NONE',  ( 3.491481338843133355E-15, -0.000000000000000000, -1.000000000000000000 ) ) ;
#5191 = DIRECTION ( 'NONE',  ( 0.06975647374411789170, 0.9975640502598247528, 2.435534263410885439E-16 ) ) ;
#5192 = DIRECTION ( 'NONE',  ( 0.9975640502598247528, 0.06975647374411790558, 3.482976265782951873E-15 ) ) ;
#5193 = DIRECTION ( 'NONE',  ( 3.491481338843133355E-15, 0.000000000000000000, -1.000000000000000000 ) ) ;
#5194 = DIRECTION ( 'NONE',  ( -0.1736481776669291655, 0.9848077530122082424, -6.062893718482001780E-16 ) ) ;
#5195 = VERTEX_POINT ( 'NONE', #4659 ) ;
#5196 = DIRECTION ( 'NONE',  ( 3.491481338843133355E-15, -0.000000000000000000, -1.000000000000000000 ) ) ;
#5197 = CARTESIAN_POINT ( 'NONE',  ( 1.500000000000001332, 0.5350000000000005862, -0.1674999999999940148 ) ) ;
#5198 = EDGE_CURVE ( 'NONE', #1040, #5073, #2549, .T. ) ;
#5199 = CARTESIAN_POINT ( 'NONE',  ( 1.766236478227172668, 0.4354762614973970436, -1.132499999999993401 ) ) ;
#5200 = ORIENTED_EDGE ( 'NONE', *, *, #3955, .T. ) ;
#5201 = VERTEX_POINT ( 'NONE', #3860 ) ;
#5202 = CARTESIAN_POINT ( 'NONE',  ( -2.449999999999997513, 0.1795615290467685032, -0.8175000000000077760 ) ) ;
#5203 = DIRECTION ( 'NONE',  ( 3.491481338843133355E-15, -0.000000000000000000, -1.000000000000000000 ) ) ;
#5204 = VERTEX_POINT ( 'NONE', #3888 ) ;
#5205 = CARTESIAN_POINT ( 'NONE',  ( 1.348204149309514932, 0.2500000000000004996, -1.348204149309509825 ) ) ;
#5206 = DIRECTION ( 'NONE',  ( 0.000000000000000000, 1.000000000000000000, 0.000000000000000000 ) ) ;
#5207 = ORIENTED_EDGE ( 'NONE', *, *, #3687, .T. ) ;
#5208 = AXIS2_PLACEMENT_3D ( 'NONE', #4110, #2122, #2942 ) ;
ENDSEC;
END-ISO-10303-21;
