ISO-10303-21;
HEADER;
FILE_DESCRIPTION (( 'STEP AP214' ),
    '1' );
FILE_NAME ('LSM6DSV320XTR.STEP',
    '2025-07-30T01:45:47',
    ( '' ),
    ( '' ),
    'SwSTEP 2.0',
    'SolidWorks 2021',
    '' );
FILE_SCHEMA (( 'AUTOMOTIVE_DESIGN' ));
ENDSEC;

DATA;
#1 = SURFACE_SIDE_STYLE ('',( #2185 ) ) ;
#2 = ORIENTED_EDGE ( 'NONE', *, *, #1658, .T. ) ;
#3 = DIRECTION ( 'NONE',  ( -0.000000000000000000, 0.000000000000000000, -1.000000000000000000 ) ) ;
#4 = CARTESIAN_POINT ( 'NONE',  ( 0.6250000000000001110, 0.1000000000000000056, -1.149999999999999911 ) ) ;
#5 = CARTESIAN_POINT ( 'NONE',  ( 0.000000000000000000, 0.1000000000000000056, 0.000000000000000000 ) ) ;
#6 = PRESENTATION_STYLE_ASSIGNMENT (( #1403 ) ) ;
#7 = ADVANCED_FACE ( 'NONE', ( #1957 ), #4057, .T. ) ;
#8 = PRESENTATION_STYLE_ASSIGNMENT (( #2554 ) ) ;
#9 = ORIENTED_EDGE ( 'NONE', *, *, #755, .F. ) ;
#10 = CARTESIAN_POINT ( 'NONE',  ( 0.9249999999999900524, 0.1000000000000000056, 0.1249999999999995698 ) ) ;
#11 = EDGE_CURVE ( 'NONE', #235, #521, #472, .T. ) ;
#12 = CARTESIAN_POINT ( 'NONE',  ( 1.399999999999989919, 0.1000000000000000056, 0.3749999999999991673 ) ) ;
#13 = CARTESIAN_POINT ( 'NONE',  ( 0.9249999999999848344, 0.1000000000000000056, 0.8749999999999991118 ) ) ;
#14 = ORIENTED_EDGE ( 'NONE', *, *, #1829, .T. ) ;
#15 = VECTOR ( 'NONE', #3833, 1000.000000000000000 ) ;
#16 = ADVANCED_FACE ( 'NONE', ( #69 ), #3731, .F. ) ;
#17 = DIRECTION ( 'NONE',  ( -0.000000000000000000, -0.000000000000000000, -1.000000000000000000 ) ) ;
#18 = PLANE ( 'NONE',  #210 ) ;
#19 = ADVANCED_FACE ( 'NONE', ( #1890 ), #4080, .T. ) ;
#20 = ORIENTED_EDGE ( 'NONE', *, *, #106, .T. ) ;
#21 = VERTEX_POINT ( 'NONE', #4033 ) ;
#22 = VERTEX_POINT ( 'NONE', #4438 ) ;
#23 = CARTESIAN_POINT ( 'NONE',  ( 1.399999999999996581, 0.1000000000000000056, -0.8750000000000557332 ) ) ;
#24 = CARTESIAN_POINT ( 'NONE',  ( 0.9249999999999952704, 0.000000000000000000, -0.1250000000000004441 ) ) ;
#25 = DIRECTION ( 'NONE',  ( 7.509526626267981124E-14, -0.000000000000000000, 1.000000000000000000 ) ) ;
#26 = EDGE_LOOP ( 'NONE', ( #3755, #3990, #1256, #2030 ) ) ;
#27 = ORIENTED_EDGE ( 'NONE', *, *, #594, .T. ) ;
#28 = PLANE ( 'NONE',  #4572 ) ;
#29 = CARTESIAN_POINT ( 'NONE',  ( 1.399999999999996581, 0.1000000000000000056, -0.8750000000000557332 ) ) ;
#30 = DIRECTION ( 'NONE',  ( 0.000000000000000000, 1.000000000000000000, 0.000000000000000000 ) ) ;
#31 = LINE ( 'NONE', #1473, #1951 ) ;
#32 = CARTESIAN_POINT ( 'NONE',  ( -0.6250000000000001110, 0.1000000000000000056, -1.149999999999999911 ) ) ;
#33 = VERTEX_POINT ( 'NONE', #3058 ) ;
#34 = DIRECTION ( 'NONE',  ( 0.000000000000000000, -1.000000000000000000, 0.000000000000000000 ) ) ;
#35 = CARTESIAN_POINT ( 'NONE',  ( 1.399999999999984812, 0.1000000000000000056, 0.8749999999999991118 ) ) ;
#36 = EDGE_CURVE ( 'NONE', #1724, #3166, #3358, .T. ) ;
#37 = DIRECTION ( 'NONE',  ( 0.000000000000000000, 0.000000000000000000, -1.000000000000000000 ) ) ;
#38 = VECTOR ( 'NONE', #765, 1000.000000000000000 ) ;
#39 = ORIENTED_EDGE ( 'NONE', *, *, #2274, .T. ) ;
#40 = CARTESIAN_POINT ( 'NONE',  ( -0.1249999999999998890, 0.000000000000000000, 0.6750000000000000444 ) ) ;
#41 = CARTESIAN_POINT ( 'NONE',  ( -0.6249999999999642508, 0.1000000000000000056, 1.150000000000002576 ) ) ;
#42 = PRESENTATION_LAYER_ASSIGNMENT (  '', '', ( #2110 ) ) ;
#43 = EDGE_CURVE ( 'NONE', #2612, #4528, #3039, .T. ) ;
#44 = EDGE_LOOP ( 'NONE', ( #4086, #842, #1356, #4661 ) ) ;
#45 = EDGE_CURVE ( 'NONE', #730, #2561, #3010, .T. ) ;
#46 = EDGE_LOOP ( 'NONE', ( #2608, #3494, #2963, #603 ) ) ;
#47 = VECTOR ( 'NONE', #530, 1000.000000000000000 ) ;
#48 = VERTEX_POINT ( 'NONE', #1934 ) ;
#49 = ORIENTED_EDGE ( 'NONE', *, *, #4596, .F. ) ;
#50 = DIRECTION ( 'NONE',  ( -0.000000000000000000, -0.000000000000000000, -1.000000000000000000 ) ) ;
#51 = VECTOR ( 'NONE', #3240, 1000.000000000000000 ) ;
#52 = ADVANCED_FACE ( 'NONE', ( #2993 ), #4462, .T. ) ;
#53 = CARTESIAN_POINT ( 'NONE',  ( 0.1250000000000001110, 0.1000000000000000056, -1.149999999999999911 ) ) ;
#54 = EDGE_CURVE ( 'NONE', #2823, #48, #2314, .T. ) ;
#55 = AXIS2_PLACEMENT_3D ( 'NONE', #2403, #516, #4168 ) ;
#56 = AXIS2_PLACEMENT_3D ( 'NONE', #495, #137, #4523 ) ;
#57 = VERTEX_POINT ( 'NONE', #4482 ) ;
#58 = CARTESIAN_POINT ( 'NONE',  ( 1.399999999999984812, 0.1000000000000000056, 0.6249999999999991118 ) ) ;
#59 = CARTESIAN_POINT ( 'NONE',  ( 1.400000000000000355, 0.000000000000000000, -0.6250000000000000000 ) ) ;
#60 = CARTESIAN_POINT ( 'NONE',  ( -1.200000000000000622, 0.7800000000000000266, -1.000000000000000222 ) ) ;
#61 = ORIENTED_EDGE ( 'NONE', *, *, #755, .T. ) ;
#62 = CARTESIAN_POINT ( 'NONE',  ( -0.3750000000000001110, 0.000000000000000000, -0.6750000000000000444 ) ) ;
#63 = DIRECTION ( 'NONE',  ( 4.565061778886335030E-16, 0.000000000000000000, -1.000000000000000000 ) ) ;
#64 = CARTESIAN_POINT ( 'NONE',  ( 0.000000000000000000, 0.000000000000000000, 0.000000000000000000 ) ) ;
#65 = ORIENTED_EDGE ( 'NONE', *, *, #2293, .T. ) ;
#66 = CARTESIAN_POINT ( 'NONE',  ( -1.399999999999995248, 0.1000000000000000056, -0.3750000000000000000 ) ) ;
#67 = CARTESIAN_POINT ( 'NONE',  ( -1.200000000000000622, 0.7800000000000000266, -1.000000000000000222 ) ) ;
#68 = UNCERTAINTY_MEASURE_WITH_UNIT (LENGTH_MEASURE( 1.000000000000000082E-05 ), #2775, 'distance_accuracy_value', 'NONE');
#69 = FACE_OUTER_BOUND ( 'NONE', #4631, .T. ) ;
#70 = EDGE_CURVE ( 'NONE', #936, #1282, #3326, .T. ) ;
#71 = EDGE_LOOP ( 'NONE', ( #2016, #3491, #1697, #3683 ) ) ;
#72 = DIRECTION ( 'NONE',  ( 0.000000000000000000, 0.000000000000000000, 1.000000000000000000 ) ) ;
#73 = ADVANCED_FACE ( 'NONE', ( #428 ), #789, .F. ) ;
#74 = DIRECTION ( 'NONE',  ( -1.000000000000000000, 0.000000000000000000, 0.000000000000000000 ) ) ;
#75 = PLANE ( 'NONE',  #141 ) ;
#76 = ORIENTED_EDGE ( 'NONE', *, *, #3633, .F. ) ;
#77 = VERTEX_POINT ( 'NONE', #769 ) ;
#78 = ADVANCED_FACE ( 'NONE', ( #1215 ), #2681, .F. ) ;
#79 = CARTESIAN_POINT ( 'NONE',  ( 1.399999999999989919, 0.1000000000000000056, 0.3749999999999991673 ) ) ;
#80 = EDGE_CURVE ( 'NONE', #400, #1059, #2661, .T. ) ;
#81 = LINE ( 'NONE', #1902, #4215 ) ;
#82 = PLANE ( 'NONE',  #4487 ) ;
#83 = FACE_OUTER_BOUND ( 'NONE', #719, .T. ) ;
#84 = LINE ( 'NONE', #1107, #3420 ) ;
#85 = CARTESIAN_POINT ( 'NONE',  ( -1.049999999999996714, 0.1000000000000000056, -0.8750000000000011102 ) ) ;
#86 = FILL_AREA_STYLE ('',( #802 ) ) ;
#87 = VERTEX_POINT ( 'NONE', #405 ) ;
#88 = VECTOR ( 'NONE', #968, 1000.000000000000000 ) ;
#89 = LINE ( 'NONE', #767, #1659 ) ;
#90 = CARTESIAN_POINT ( 'NONE',  ( -1.399999999999984812, 0.1000000000000000056, 0.8750000000000000000 ) ) ;
#91 = AXIS2_PLACEMENT_3D ( 'NONE', #4265, #2737, #4212 ) ;
#92 = ORIENTED_EDGE ( 'NONE', *, *, #1101, .F. ) ;
#93 = CARTESIAN_POINT ( 'NONE',  ( -1.399999999999995248, 0.1000000000000000056, -0.1250000000000000000 ) ) ;
#94 = ORIENTED_EDGE ( 'NONE', *, *, #2388, .F. ) ;
#95 = CARTESIAN_POINT ( 'NONE',  ( -0.3750000000000001110, 0.000000000000000000, 0.6750000000000000444 ) ) ;
#96 = DIRECTION ( 'NONE',  ( -1.000000000000000000, -0.000000000000000000, -0.000000000000000000 ) ) ;
#97 = DIRECTION ( 'NONE',  ( -1.000000000000000000, -0.000000000000000000, -0.000000000000000000 ) ) ;
#98 = EDGE_CURVE ( 'NONE', #1362, #1114, #3768, .T. ) ;
#99 = ORIENTED_EDGE ( 'NONE', *, *, #1573, .F. ) ;
#100 = ORIENTED_EDGE ( 'NONE', *, *, #856, .F. ) ;
#101 = ORIENTED_EDGE ( 'NONE', *, *, #3586, .F. ) ;
#102 = CARTESIAN_POINT ( 'NONE',  ( 1.399999999999996581, 0.000000000000000000, -0.8750000000000557332 ) ) ;
#103 = LINE ( 'NONE', #413, #2694 ) ;
#104 = ADVANCED_FACE ( 'NONE', ( #2025 ), #212, .F. ) ;
#105 = PRESENTATION_STYLE_ASSIGNMENT (( #2286 ) ) ;
#106 = EDGE_CURVE ( 'NONE', #524, #4744, #2791, .T. ) ;
#107 = DIRECTION ( 'NONE',  ( 0.000000000000000000, 1.000000000000000000, 0.000000000000000000 ) ) ;
#108 = ORIENTED_EDGE ( 'NONE', *, *, #3415, .F. ) ;
#109 = CARTESIAN_POINT ( 'NONE',  ( 0.6250000000000001110, 0.1000000000000000056, -1.149999999999999911 ) ) ;
#110 = CARTESIAN_POINT ( 'NONE',  ( -0.9250000000000004885, 0.1000000000000000056, -0.7500000000000000000 ) ) ;
#111 = FACE_OUTER_BOUND ( 'NONE', #4230, .T. ) ;
#112 = EDGE_CURVE ( 'NONE', #3378, #671, #1323, .T. ) ;
#113 = CARTESIAN_POINT ( 'NONE',  ( 1.399999999999984812, 0.000000000000000000, 0.8749999999999991118 ) ) ;
#114 = CARTESIAN_POINT ( 'NONE',  ( 0.6250000000000001110, 0.000000000000000000, -1.149999999999999911 ) ) ;
#115 = VECTOR ( 'NONE', #2317, 1000.000000000000000 ) ;
#116 = CARTESIAN_POINT ( 'NONE',  ( -1.400000000000000355, 0.1000000000000000056, -0.6250000000000000000 ) ) ;
#117 = MECHANICAL_DESIGN_GEOMETRIC_PRESENTATION_REPRESENTATION (  '', ( #2110 ), #879 ) ;
#118 = ORIENTED_EDGE ( 'NONE', *, *, #665, .T. ) ;
#119 = PLANE ( 'NONE',  #1261 ) ;
#120 = DIRECTION ( 'NONE',  ( 0.000000000000000000, 0.000000000000000000, -1.000000000000000000 ) ) ;
#121 =( LENGTH_UNIT ( ) NAMED_UNIT ( * ) SI_UNIT ( .MILLI., .METRE. ) );
#122 = VECTOR ( 'NONE', #3137, 1000.000000000000000 ) ;
#123 = VECTOR ( 'NONE', #419, 1000.000000000000000 ) ;
#124 = DIRECTION ( 'NONE',  ( -0.000000000000000000, -1.000000000000000000, -0.000000000000000000 ) ) ;
#125 = CARTESIAN_POINT ( 'NONE',  ( 1.399999999999995248, 0.1000000000000000056, -0.1250000000000004441 ) ) ;
#126 = VECTOR ( 'NONE', #1352, 1000.000000000000000 ) ;
#127 = VECTOR ( 'NONE', #2634, 1000.000000000000000 ) ;
#128 = EDGE_CURVE ( 'NONE', #1694, #316, #4251, .T. ) ;
#129 = EDGE_CURVE ( 'NONE', #3312, #3684, #549, .T. ) ;
#130 = CARTESIAN_POINT ( 'NONE',  ( -0.1249999999999998890, 0.1000000000000000056, -0.6750000000000000444 ) ) ;
#131 = AXIS2_PLACEMENT_3D ( 'NONE', #153, #1689, #560 ) ;
#132 =( GEOMETRIC_REPRESENTATION_CONTEXT ( 3 ) GLOBAL_UNCERTAINTY_ASSIGNED_CONTEXT ( ( #3375 ) ) GLOBAL_UNIT_ASSIGNED_CONTEXT ( ( #2915, #1904, #761 ) ) REPRESENTATION_CONTEXT ( 'NONE', 'WORKASPACE' ) );
#133 = DIRECTION ( 'NONE',  ( 0.000000000000000000, 0.000000000000000000, 1.000000000000000000 ) ) ;
#134 = ORIENTED_EDGE ( 'NONE', *, *, #893, .F. ) ;
#135 =( GEOMETRIC_REPRESENTATION_CONTEXT ( 3 ) GLOBAL_UNCERTAINTY_ASSIGNED_CONTEXT ( ( #1889 ) ) GLOBAL_UNIT_ASSIGNED_CONTEXT ( ( #2829, #2494, #3595 ) ) REPRESENTATION_CONTEXT ( 'NONE', 'WORKASPACE' ) );
#136 = VECTOR ( 'NONE', #1786, 1000.000000000000000 ) ;
#137 = DIRECTION ( 'NONE',  ( -1.000000000000000000, 0.000000000000000000, -0.000000000000000000 ) ) ;
#138 = ORIENTED_EDGE ( 'NONE', *, *, #3809, .F. ) ;
#139 = DIRECTION ( 'NONE',  ( 0.000000000000000000, 0.000000000000000000, -1.000000000000000000 ) ) ;
#140 = ADVANCED_FACE ( 'NONE', ( #2751 ), #618, .F. ) ;
#141 = AXIS2_PLACEMENT_3D ( 'NONE', #2642, #3752, #1538 ) ;
#142 = DIRECTION ( 'NONE',  ( -0.000000000000000000, 0.000000000000000000, -1.000000000000000000 ) ) ;
#143 = FACE_OUTER_BOUND ( 'NONE', #2337, .T. ) ;
#144 = ORIENTED_EDGE ( 'NONE', *, *, #2357, .F. ) ;
#145 = FACE_OUTER_BOUND ( 'NONE', #1660, .T. ) ;
#146 = LINE ( 'NONE', #3831, #1025 ) ;
#147 = ORIENTED_EDGE ( 'NONE', *, *, #3164, .F. ) ;
#148 = EDGE_LOOP ( 'NONE', ( #3593, #2735, #2795, #617 ) ) ;
#149 = CARTESIAN_POINT ( 'NONE',  ( 0.6249999999999998890, 0.000000000000000000, 0.6750000000000000444 ) ) ;
#150 = CARTESIAN_POINT ( 'NONE',  ( -1.399999999999995248, 0.000000000000000000, -0.1250000000000000000 ) ) ;
#151 = CARTESIAN_POINT ( 'NONE',  ( -0.9249999999999900524, 0.000000000000000000, 0.1250000000000000000 ) ) ;
#152 =( LENGTH_UNIT ( ) NAMED_UNIT ( * ) SI_UNIT ( .MILLI., .METRE. ) );
#153 = CARTESIAN_POINT ( 'NONE',  ( 0.6250000000000001110, 0.1000000000000000056, 1.149999999999999911 ) ) ;
#154 = LINE ( 'NONE', #4592, #2797 ) ;
#155 = CARTESIAN_POINT ( 'NONE',  ( 1.399999999999995248, 0.000000000000000000, -0.1250000000000004441 ) ) ;
#156 = EDGE_CURVE ( 'NONE', #2084, #2571, #3790, .T. ) ;
#157 = EDGE_CURVE ( 'NONE', #3335, #2755, #929, .T. ) ;
#158 = DIRECTION ( 'NONE',  ( -1.000000000000000000, -0.000000000000000000, -0.000000000000000000 ) ) ;
#159 = VERTEX_POINT ( 'NONE', #1985 ) ;
#160 = LINE ( 'NONE', #1254, #1358 ) ;
#161 = ADVANCED_FACE ( 'NONE', ( #4550 ), #2387, .T. ) ;
#162 = ORIENTED_EDGE ( 'NONE', *, *, #3353, .F. ) ;
#163 = EDGE_CURVE ( 'NONE', #4237, #4554, #3219, .T. ) ;
#164 = DIRECTION ( 'NONE',  ( -0.000000000000000000, 1.000000000000000000, -0.000000000000000000 ) ) ;
#165 = ORIENTED_EDGE ( 'NONE', *, *, #1837, .F. ) ;
#166 = CARTESIAN_POINT ( 'NONE',  ( -1.399999999999989919, 0.1000000000000000056, 0.1250000000000000000 ) ) ;
#167 = CARTESIAN_POINT ( 'NONE',  ( 0.6249999999999998890, 0.1000000000000000056, 0.6750000000000000444 ) ) ;
#168 = EDGE_LOOP ( 'NONE', ( #4615, #1535, #3604, #4464 ) ) ;
#169 = VERTEX_POINT ( 'NONE', #3277 ) ;
#170 = DIRECTION ( 'NONE',  ( 1.000000000000000000, 0.000000000000000000, 0.000000000000000000 ) ) ;
#171 = CARTESIAN_POINT ( 'NONE',  ( -0.9249999999999952704, 0.000000000000000000, -0.3750000000000000000 ) ) ;
#172 = FILL_AREA_STYLE ('',( #3908 ) ) ;
#173 = LINE ( 'NONE', #2806, #3170 ) ;
#174 = DIRECTION ( 'NONE',  ( -0.7071067811865613395, 0.000000000000000000, 0.7071067811865336949 ) ) ;
#175 = DIRECTION ( 'NONE',  ( 1.000000000000000000, 0.000000000000000000, -4.565061778886335030E-16 ) ) ;
#176 = LINE ( 'NONE', #4219, #3781 ) ;
#177 = DIRECTION ( 'NONE',  ( 1.000000000000000000, 0.000000000000000000, 0.000000000000000000 ) ) ;
#178 = CARTESIAN_POINT ( 'NONE',  ( -1.399999999999984812, 0.000000000000000000, 0.6250000000000000000 ) ) ;
#179 = ORIENTED_EDGE ( 'NONE', *, *, #1169, .T. ) ;
#180 = DIRECTION ( 'NONE',  ( -4.565061778886335030E-16, -0.000000000000000000, 1.000000000000000000 ) ) ;
#181 = EDGE_CURVE ( 'NONE', #4528, #1892, #2517, .T. ) ;
#182 = EDGE_LOOP ( 'NONE', ( #108, #692, #1191, #4035 ) ) ;
#183 = LINE ( 'NONE', #1653, #2277 ) ;
#184 = EDGE_CURVE ( 'NONE', #2683, #21, #2104, .T. ) ;
#185 = VECTOR ( 'NONE', #4677, 1000.000000000000000 ) ;
#186 = ORIENTED_EDGE ( 'NONE', *, *, #4638, .T. ) ;
#187 = DIRECTION ( 'NONE',  ( -0.000000000000000000, -1.000000000000000000, -0.000000000000000000 ) ) ;
#188 = EDGE_CURVE ( 'NONE', #4597, #2312, #4280, .T. ) ;
#189 = ORIENTED_EDGE ( 'NONE', *, *, #2593, .F. ) ;
#190 = MECHANICAL_DESIGN_GEOMETRIC_PRESENTATION_REPRESENTATION (  '', ( #1649 ), #4637 ) ;
#191 = EDGE_LOOP ( 'NONE', ( #554, #1465, #3448, #2178 ) ) ;
#192 = LINE ( 'NONE', #3458, #3943 ) ;
#193 = AXIS2_PLACEMENT_3D ( 'NONE', #3822, #2781, #4236 ) ;
#194 = EDGE_CURVE ( 'NONE', #810, #4668, #668, .T. ) ;
#195 = CARTESIAN_POINT ( 'NONE',  ( -0.1250000000000001110, 0.000000000000000000, 1.149999999999999911 ) ) ;
#196 = CARTESIAN_POINT ( 'NONE',  ( -0.3750000000000001110, 0.1000000000000000056, -0.6750000000000000444 ) ) ;
#197 = LINE ( 'NONE', #2423, #1728 ) ;
#198 = VECTOR ( 'NONE', #2356, 1000.000000000000000 ) ;
#199 = PRESENTATION_STYLE_ASSIGNMENT (( #2671 ) ) ;
#200 = DIRECTION ( 'NONE',  ( 0.000000000000000000, 1.000000000000000000, 0.000000000000000000 ) ) ;
#201 = CARTESIAN_POINT ( 'NONE',  ( -1.200000000000000622, 0.7800000000000000266, -1.000000000000000222 ) ) ;
#202 = DIRECTION ( 'NONE',  ( 0.000000000000000000, 0.000000000000000000, 1.000000000000000000 ) ) ;
#203 = VECTOR ( 'NONE', #1042, 1000.000000000000000 ) ;
#204 = FILL_AREA_STYLE_COLOUR ( '', #421 ) ;
#205 = CARTESIAN_POINT ( 'NONE',  ( -1.500000000000000444, 0.8299999999999999600, -1.250000000000000000 ) ) ;
#206 = VECTOR ( 'NONE', #633, 1000.000000000000000 ) ;
#207 = PRESENTATION_LAYER_ASSIGNMENT (  '', '', ( #4340 ) ) ;
#208 = EDGE_LOOP ( 'NONE', ( #2172, #1301, #118, #2591 ) ) ;
#209 = LINE ( 'NONE', #3124, #979 ) ;
#210 = AXIS2_PLACEMENT_3D ( 'NONE', #3303, #1410, #2537 ) ;
#211 = ORIENTED_EDGE ( 'NONE', *, *, #2658, .T. ) ;
#212 = PLANE ( 'NONE',  #1547 ) ;
#213 = DIRECTION ( 'NONE',  ( -4.565061778886335030E-16, 0.000000000000000000, -1.000000000000000000 ) ) ;
#214 = ORIENTED_EDGE ( 'NONE', *, *, #4453, .F. ) ;
#215 = DIRECTION ( 'NONE',  ( 1.000000000000000000, -0.000000000000000000, -0.000000000000000000 ) ) ;
#216 = CARTESIAN_POINT ( 'NONE',  ( -0.9249999999999900524, 0.1000000000000000056, 0.3750000000000000000 ) ) ;
#217 = ORIENTED_EDGE ( 'NONE', *, *, #2348, .F. ) ;
#218 = ADVANCED_FACE ( 'NONE', ( #2132 ), #3488, .T. ) ;
#219 = ORIENTED_EDGE ( 'NONE', *, *, #3887, .T. ) ;
#220 = DIRECTION ( 'NONE',  ( 0.000000000000000000, -1.000000000000000000, 0.000000000000000000 ) ) ;
#221 = DIRECTION ( 'NONE',  ( -1.000000000000000000, 0.000000000000000000, 0.000000000000000000 ) ) ;
#222 = CARTESIAN_POINT ( 'NONE',  ( 1.399999999999984812, 0.1000000000000000056, 0.6249999999999991118 ) ) ;
#223 = DIRECTION ( 'NONE',  ( -1.000000000000000000, 0.000000000000000000, -0.000000000000000000 ) ) ;
#224 = VERTEX_POINT ( 'NONE', #2457 ) ;
#225 = EDGE_CURVE ( 'NONE', #2059, #3199, #4198, .T. ) ;
#226 = SURFACE_SIDE_STYLE ('',( #2162 ) ) ;
#227 = PLANE ( 'NONE',  #897 ) ;
#228 = CARTESIAN_POINT ( 'NONE',  ( 1.399999999999989919, 0.1000000000000000056, 0.1249999999999995698 ) ) ;
#229 = CARTESIAN_POINT ( 'NONE',  ( 0.6250000000000001110, 0.000000000000000000, 1.149999999999999911 ) ) ;
#230 = DIRECTION ( 'NONE',  ( -4.565061778886335030E-16, 0.000000000000000000, -1.000000000000000000 ) ) ;
#231 = ORIENTED_EDGE ( 'NONE', *, *, #3146, .F. ) ;
#232 = DIRECTION ( 'NONE',  ( -0.000000000000000000, 0.000000000000000000, 1.000000000000000000 ) ) ;
#233 = DIRECTION ( 'NONE',  ( 0.000000000000000000, 0.000000000000000000, 1.000000000000000000 ) ) ;
#234 = LINE ( 'NONE', #907, #2893 ) ;
#235 = VERTEX_POINT ( 'NONE', #1670 ) ;
#236 = CARTESIAN_POINT ( 'NONE',  ( -1.399999999999989919, 0.000000000000000000, 0.3750000000000000000 ) ) ;
#237 = ORIENTED_EDGE ( 'NONE', *, *, #4671, .T. ) ;
#238 = VECTOR ( 'NONE', #1511, 1000.000000000000000 ) ;
#239 = VERTEX_POINT ( 'NONE', #4635 ) ;
#240 = SURFACE_STYLE_USAGE ( .BOTH. , #3133 ) ;
#241 = EDGE_CURVE ( 'NONE', #1060, #2531, #541, .T. ) ;
#242 = CARTESIAN_POINT ( 'NONE',  ( 1.399999999999984812, 0.1000000000000000056, 0.6249999999999991118 ) ) ;
#243 = CARTESIAN_POINT ( 'NONE',  ( -0.3750000000000001110, 0.1000000000000000056, -0.6750000000000000444 ) ) ;
#244 = DIRECTION ( 'NONE',  ( 0.000000000000000000, 0.000000000000000000, 1.000000000000000000 ) ) ;
#245 = EDGE_LOOP ( 'NONE', ( #3280, #3437, #1195, #1871 ) ) ;
#246 = FILL_AREA_STYLE ('',( #1734 ) ) ;
#247 = CARTESIAN_POINT ( 'NONE',  ( 0.9249999999999966027, 0.1000000000000000056, -0.8750000000000408562 ) ) ;
#248 = LINE ( 'NONE', #1713, #3101 ) ;
#249 = DIRECTION ( 'NONE',  ( 4.565061778886335030E-16, -0.000000000000000000, -1.000000000000000000 ) ) ;
#250 = EDGE_CURVE ( 'NONE', #1757, #925, #1299, .T. ) ;
#251 = ORIENTED_EDGE ( 'NONE', *, *, #4067, .F. ) ;
#252 = CARTESIAN_POINT ( 'NONE',  ( -0.6249999999999642508, 0.000000000000000000, 1.150000000000002576 ) ) ;
#253 = ADVANCED_FACE ( 'NONE', ( #1343 ), #2765, .T. ) ;
#254 = ORIENTED_EDGE ( 'NONE', *, *, #919, .T. ) ;
#255 = CARTESIAN_POINT ( 'NONE',  ( 0.9249999999999952704, 0.1000000000000000056, -0.1250000000000004441 ) ) ;
#256 = DIRECTION ( 'NONE',  ( 0.000000000000000000, 0.000000000000000000, 1.000000000000000000 ) ) ;
#257 = EDGE_LOOP ( 'NONE', ( #265, #2809, #4069, #1600 ) ) ;
#258 = LINE ( 'NONE', #1384, #4157 ) ;
#259 = VERTEX_POINT ( 'NONE', #4274 ) ;
#260 = ORIENTED_EDGE ( 'NONE', *, *, #3977, .T. ) ;
#261 = DIRECTION ( 'NONE',  ( 0.000000000000000000, 0.000000000000000000, -1.000000000000000000 ) ) ;
#262 = CARTESIAN_POINT ( 'NONE',  ( 0.1249999999999998890, 0.1000000000000000056, 0.6750000000000000444 ) ) ;
#263 = VECTOR ( 'NONE', #2210, 1000.000000000000000 ) ;
#264 = DIRECTION ( 'NONE',  ( 1.000000000000000000, 0.000000000000000000, -0.000000000000000000 ) ) ;
#265 = ORIENTED_EDGE ( 'NONE', *, *, #1739, .T. ) ;
#266 = PRESENTATION_STYLE_ASSIGNMENT (( #1709 ) ) ;
#267 = LINE ( 'NONE', #1063, #2345 ) ;
#268 = DIRECTION ( 'NONE',  ( 0.000000000000000000, 1.000000000000000000, 0.000000000000000000 ) ) ;
#269 = PRESENTATION_STYLE_ASSIGNMENT (( #3867 ) ) ;
#270 = VECTOR ( 'NONE', #4269, 1000.000000000000000 ) ;
#271 = EDGE_CURVE ( 'NONE', #2437, #4574, #3513, .T. ) ;
#272 = ADVANCED_FACE ( 'NONE', ( #2096 ), #2073, .F. ) ;
#273 = LINE ( 'NONE', #3193, #203 ) ;
#274 = ORIENTED_EDGE ( 'NONE', *, *, #610, .T. ) ;
#275 = LINE ( 'NONE', #1454, #3177 ) ;
#276 = VECTOR ( 'NONE', #1937, 1000.000000000000000 ) ;
#277 = VERTEX_POINT ( 'NONE', #1691 ) ;
#278 = VECTOR ( 'NONE', #783, 1000.000000000000000 ) ;
#279 = CARTESIAN_POINT ( 'NONE',  ( -1.049999999999996714, 0.1000000000000000056, -0.8750000000000011102 ) ) ;
#280 = VECTOR ( 'NONE', #4306, 1000.000000000000000 ) ;
#281 = EDGE_CURVE ( 'NONE', #584, #3519, #2746, .T. ) ;
#282 = CARTESIAN_POINT ( 'NONE',  ( -1.200000000000000622, 0.8299999999999999600, -1.125000000000000666 ) ) ;
#283 = ADVANCED_FACE ( 'NONE', ( #1644 ), #3096, .F. ) ;
#284 = ORIENTED_EDGE ( 'NONE', *, *, #1571, .F. ) ;
#285 = AXIS2_PLACEMENT_3D ( 'NONE', #2959, #4421, #2258 ) ;
#286 = VECTOR ( 'NONE', #3399, 1000.000000000000000 ) ;
#287 = CARTESIAN_POINT ( 'NONE',  ( 1.399999999999995248, 0.1000000000000000056, -0.1250000000000004441 ) ) ;
#288 = VERTEX_POINT ( 'NONE', #4300 ) ;
#289 = VERTEX_POINT ( 'NONE', #2862 ) ;
#290 = VECTOR ( 'NONE', #220, 1000.000000000000000 ) ;
#291 = VECTOR ( 'NONE', #2614, 1000.000000000000000 ) ;
#292 = ORIENTED_EDGE ( 'NONE', *, *, #4227, .T. ) ;
#293 = ORIENTED_EDGE ( 'NONE', *, *, #4077, .T. ) ;
#294 = FACE_OUTER_BOUND ( 'NONE', #1827, .T. ) ;
#295 = CARTESIAN_POINT ( 'NONE',  ( -0.6250000000000001110, 0.1000000000000000056, -1.149999999999999911 ) ) ;
#296 = STYLED_ITEM ( 'NONE', ( #3475 ), #2919 ) ;
#297 = LINE ( 'NONE', #726, #672 ) ;
#298 = AXIS2_PLACEMENT_3D ( 'NONE', #2917, #2556, #3994 ) ;
#299 = ORIENTED_EDGE ( 'NONE', *, *, #80, .T. ) ;
#300 = ORIENTED_EDGE ( 'NONE', *, *, #2761, .F. ) ;
#301 = LINE ( 'NONE', #1035, #206 ) ;
#302 = CARTESIAN_POINT ( 'NONE',  ( -1.399999999999989919, 0.1000000000000000056, 0.3750000000000000000 ) ) ;
#303 = SURFACE_STYLE_FILL_AREA ( #3971 ) ;
#304 = DIRECTION ( 'NONE',  ( -1.000000000000000000, 0.000000000000000000, 0.000000000000000000 ) ) ;
#305 = ORIENTED_EDGE ( 'NONE', *, *, #2632, .T. ) ;
#306 = DIRECTION ( 'NONE',  ( 0.000000000000000000, 0.000000000000000000, 1.000000000000000000 ) ) ;
#307 = PLANE ( 'NONE',  #3175 ) ;
#308 = PRODUCT ( 'LSM6DSV320XTR', 'LSM6DSV320XTR', '', ( #2394 ) ) ;
#309 = ADVANCED_FACE ( 'NONE', ( #4322 ), #2552, .F. ) ;
#310 = DIRECTION ( 'NONE',  ( 1.000000000000000000, 0.000000000000000000, 0.000000000000000000 ) ) ;
#311 = LINE ( 'NONE', #2153, #136 ) ;
#312 = ORIENTED_EDGE ( 'NONE', *, *, #900, .F. ) ;
#313 = ADVANCED_FACE ( 'NONE', ( #2191 ), #376, .T. ) ;
#314 = ORIENTED_EDGE ( 'NONE', *, *, #1508, .T. ) ;
#315 = ADVANCED_FACE ( 'NONE', ( #3292 ), #4018, .F. ) ;
#316 = VERTEX_POINT ( 'NONE', #3601 ) ;
#317 = ORIENTED_EDGE ( 'NONE', *, *, #510, .T. ) ;
#318 = FACE_OUTER_BOUND ( 'NONE', #2756, .T. ) ;
#319 = ORIENTED_EDGE ( 'NONE', *, *, #1101, .T. ) ;
#320 = VECTOR ( 'NONE', #310, 1000.000000000000000 ) ;
#321 = FACE_BOUND ( 'NONE', #4231, .T. ) ;
#322 = VERTEX_POINT ( 'NONE', #1472 ) ;
#323 = LINE ( 'NONE', #1399, #815 ) ;
#324 = FACE_OUTER_BOUND ( 'NONE', #4604, .T. ) ;
#325 = VECTOR ( 'NONE', #3776, 1000.000000000000000 ) ;
#326 = CARTESIAN_POINT ( 'NONE',  ( -1.399999999999984812, 0.1000000000000000056, 0.6250000000000000000 ) ) ;
#327 = CARTESIAN_POINT ( 'NONE',  ( -1.500000000000000444, 0.000000000000000000, 1.250000000000000000 ) ) ;
#328 = ORIENTED_EDGE ( 'NONE', *, *, #455, .T. ) ;
#329 = FACE_OUTER_BOUND ( 'NONE', #4408, .T. ) ;
#330 = DIRECTION ( 'NONE',  ( -1.000000000000000000, 0.000000000000000000, -0.000000000000000000 ) ) ;
#331 = VERTEX_POINT ( 'NONE', #1038 ) ;
#332 = EDGE_CURVE ( 'NONE', #1462, #3276, #3314, .T. ) ;
#333 = DIRECTION ( 'NONE',  ( -0.000000000000000000, -1.000000000000000000, -0.000000000000000000 ) ) ;
#334 = ORIENTED_EDGE ( 'NONE', *, *, #4381, .F. ) ;
#335 = ORIENTED_EDGE ( 'NONE', *, *, #2357, .T. ) ;
#336 = EDGE_CURVE ( 'NONE', #235, #3281, #1402, .T. ) ;
#337 = EDGE_CURVE ( 'NONE', #671, #936, #4397, .T. ) ;
#338 = EDGE_LOOP ( 'NONE', ( #4105, #2111, #1679, #1422 ) ) ;
#339 = LINE ( 'NONE', #701, #3501 ) ;
#340 = CARTESIAN_POINT ( 'NONE',  ( -0.1250000000000001110, 0.000000000000000000, -1.149999999999999911 ) ) ;
#341 = CARTESIAN_POINT ( 'NONE',  ( -0.6250000000000001110, 0.1000000000000000056, -1.149999999999999911 ) ) ;
#342 = ORIENTED_EDGE ( 'NONE', *, *, #3809, .T. ) ;
#343 = ORIENTED_EDGE ( 'NONE', *, *, #4734, .F. ) ;
#344 = LINE ( 'NONE', #4463, #1122 ) ;
#345 = LINE ( 'NONE', #1800, #3498 ) ;
#346 = EDGE_CURVE ( 'NONE', #887, #400, #3917, .T. ) ;
#347 = LINE ( 'NONE', #3914, #1888 ) ;
#348 = AXIS2_PLACEMENT_3D ( 'NONE', #3596, #3618, #1442 ) ;
#349 = PLANE ( 'NONE',  #4056 ) ;
#350 = AXIS2_PLACEMENT_3D ( 'NONE', #466, #3073, #4546 ) ;
#351 = LINE ( 'NONE', #638, #2420 ) ;
#352 = ORIENTED_EDGE ( 'NONE', *, *, #1320, .F. ) ;
#353 = DIRECTION ( 'NONE',  ( -0.000000000000000000, -1.000000000000000000, -0.000000000000000000 ) ) ;
#354 = LINE ( 'NONE', #12, #2499 ) ;
#355 = VECTOR ( 'NONE', #244, 1000.000000000000000 ) ;
#356 = ORIENTED_EDGE ( 'NONE', *, *, #450, .F. ) ;
#357 = LINE ( 'NONE', #695, #1200 ) ;
#358 = ORIENTED_EDGE ( 'NONE', *, *, #2247, .F. ) ;
#359 = VECTOR ( 'NONE', #4273, 1000.000000000000000 ) ;
#360 = ORIENTED_EDGE ( 'NONE', *, *, #3533, .F. ) ;
#361 = VECTOR ( 'NONE', #2454, 1000.000000000000000 ) ;
#362 = EDGE_LOOP ( 'NONE', ( #1838, #2955, #4098, #827 ) ) ;
#363 = DIRECTION ( 'NONE',  ( -4.565061778886335030E-16, 0.000000000000000000, -1.000000000000000000 ) ) ;
#364 = CARTESIAN_POINT ( 'NONE',  ( -1.399999999999995248, 0.1000000000000000056, -0.3750000000000000000 ) ) ;
#365 = LINE ( 'NONE', #2953, #4431 ) ;
#366 = EDGE_CURVE ( 'NONE', #706, #3519, #3622, .T. ) ;
#367 = EDGE_LOOP ( 'NONE', ( #1914, #3392, #4624, #4584 ) ) ;
#368 = VECTOR ( 'NONE', #3114, 1000.000000000000000 ) ;
#369 = CIRCLE ( 'NONE', #1592, 0.1250000000000002220 ) ;
#370 = VERTEX_POINT ( 'NONE', #2504 ) ;
#371 = DIRECTION ( 'NONE',  ( -0.000000000000000000, -1.000000000000000000, -0.000000000000000000 ) ) ;
#372 = ORIENTED_EDGE ( 'NONE', *, *, #924, .T. ) ;
#373 = CARTESIAN_POINT ( 'NONE',  ( 0.3750000000000001110, 0.1000000000000000056, -0.6750000000000000444 ) ) ;
#374 = CARTESIAN_POINT ( 'NONE',  ( -0.9249999999999952704, 0.000000000000000000, -0.3750000000000000000 ) ) ;
#375 = VECTOR ( 'NONE', #1089, 1000.000000000000000 ) ;
#376 = PLANE ( 'NONE',  #2462 ) ;
#377 = EDGE_CURVE ( 'NONE', #799, #1363, #3949, .T. ) ;
#378 =( LENGTH_UNIT ( ) NAMED_UNIT ( * ) SI_UNIT ( .MILLI., .METRE. ) );
#379 = SURFACE_SIDE_STYLE ('',( #3294 ) ) ;
#380 = EDGE_LOOP ( 'NONE', ( #3543, #76 ) ) ;
#381 = CARTESIAN_POINT ( 'NONE',  ( 1.399999999999984812, 0.000000000000000000, 0.6249999999999991118 ) ) ;
#382 = FACE_OUTER_BOUND ( 'NONE', #2225, .T. ) ;
#383 = DIRECTION ( 'NONE',  ( 1.561251128378778340E-14, 0.000000000000000000, 1.000000000000000000 ) ) ;
#384 = DIRECTION ( 'NONE',  ( 0.000000000000000000, 1.000000000000000000, 0.000000000000000000 ) ) ;
#385 = ORIENTED_EDGE ( 'NONE', *, *, #2418, .F. ) ;
#386 = ORIENTED_EDGE ( 'NONE', *, *, #3226, .T. ) ;
#387 = CARTESIAN_POINT ( 'NONE',  ( 1.399999999999996581, 0.000000000000000000, -0.8750000000000557332 ) ) ;
#388 = CARTESIAN_POINT ( 'NONE',  ( -1.399999999999984812, 0.1000000000000000056, 0.8750000000000000000 ) ) ;
#389 = ORIENTED_EDGE ( 'NONE', *, *, #2385, .T. ) ;
#390 = ORIENTED_EDGE ( 'NONE', *, *, #1974, .F. ) ;
#391 = ORIENTED_EDGE ( 'NONE', *, *, #2440, .T. ) ;
#392 = CARTESIAN_POINT ( 'NONE',  ( -1.399999999999995248, 0.000000000000000000, -0.3750000000000000000 ) ) ;
#393 = FILL_AREA_STYLE_COLOUR ( '', #1030 ) ;
#394 = AXIS2_PLACEMENT_3D ( 'NONE', #4509, #3746, #1911 ) ;
#395 = ADVANCED_FACE ( 'NONE', ( #4706 ), #349, .T. ) ;
#396 = VERTEX_POINT ( 'NONE', #2237 ) ;
#397 = PLANE ( 'NONE',  #2965 ) ;
#398 = CARTESIAN_POINT ( 'NONE',  ( 1.399999999999996581, 0.1000000000000000056, -0.8750000000000557332 ) ) ;
#399 = DIRECTION ( 'NONE',  ( 1.000000000000000000, 0.000000000000000000, 0.000000000000000000 ) ) ;
#400 = VERTEX_POINT ( 'NONE', #2304 ) ;
#401 = LINE ( 'NONE', #2991, #127 ) ;
#402 = CARTESIAN_POINT ( 'NONE',  ( 1.400000000000000355, 0.1000000000000000056, -0.6250000000000000000 ) ) ;
#403 = EDGE_CURVE ( 'NONE', #1242, #3842, #103, .T. ) ;
#404 = EDGE_LOOP ( 'NONE', ( #858, #2636, #938, #4228 ) ) ;
#405 = CARTESIAN_POINT ( 'NONE',  ( 0.9249999999999966027, 0.1000000000000000056, -0.8750000000000408562 ) ) ;
#406 = ORIENTED_EDGE ( 'NONE', *, *, #4494, .F. ) ;
#407 = ORIENTED_EDGE ( 'NONE', *, *, #3673, .F. ) ;
#408 = CARTESIAN_POINT ( 'NONE',  ( -0.1250000000000001110, 0.1000000000000000056, -1.149999999999999911 ) ) ;
#409 = CARTESIAN_POINT ( 'NONE',  ( -1.399999999999989919, 0.1000000000000000056, 0.1250000000000000000 ) ) ;
#410 =( NAMED_UNIT ( * ) SI_UNIT ( $, .STERADIAN. ) SOLID_ANGLE_UNIT ( ) );
#411 = VERTEX_POINT ( 'NONE', #4116 ) ;
#412 = CARTESIAN_POINT ( 'NONE',  ( -0.1249999999999998890, 0.1000000000000000056, 0.6750000000000000444 ) ) ;
#413 = CARTESIAN_POINT ( 'NONE',  ( 0.9249999999999848344, 0.000000000000000000, 0.6249999999999991118 ) ) ;
#414 = PLANE ( 'NONE',  #506 ) ;
#415 = DIRECTION ( 'NONE',  ( 1.000000000000000000, 0.000000000000000000, 0.000000000000000000 ) ) ;
#416 = VECTOR ( 'NONE', #1309, 1000.000000000000000 ) ;
#417 = ORIENTED_EDGE ( 'NONE', *, *, #836, .T. ) ;
#418 = DIRECTION ( 'NONE',  ( 1.000000000000000000, 0.000000000000000000, 0.000000000000000000 ) ) ;
#419 = DIRECTION ( 'NONE',  ( 0.000000000000000000, -1.000000000000000000, 0.000000000000000000 ) ) ;
#420 = DIRECTION ( 'NONE',  ( -0.7071067811865336949, 0.000000000000000000, -0.7071067811865613395 ) ) ;
#421 = COLOUR_RGB ( '',1.000000000000000000, 0.8117647058823529438, 0.5019607843137254832 ) ;
#422 = EDGE_CURVE ( 'NONE', #2926, #4237, #4043, .T. ) ;
#423 = EDGE_CURVE ( 'NONE', #2427, #2900, #4517, .T. ) ;
#424 = LINE ( 'NONE', #2971, #3032 ) ;
#425 = LINE ( 'NONE', #4405, #4022 ) ;
#426 = AXIS2_PLACEMENT_3D ( 'NONE', #3331, #3685, #2253 ) ;
#427 = ORIENTED_EDGE ( 'NONE', *, *, #1789, .F. ) ;
#428 = FACE_OUTER_BOUND ( 'NONE', #1316, .T. ) ;
#429 = AXIS2_PLACEMENT_3D ( 'NONE', #611, #2072, #3824 ) ;
#430 = EDGE_CURVE ( 'NONE', #3400, #3556, #1524, .T. ) ;
#431 = VERTEX_POINT ( 'NONE', #3759 ) ;
#432 = PLANE ( 'NONE',  #2114 ) ;
#433 = AXIS2_PLACEMENT_3D ( 'NONE', #228, #1319, #2695 ) ;
#434 = CARTESIAN_POINT ( 'NONE',  ( 0.3749999999999998890, 0.1000000000000000056, -1.149999999999999911 ) ) ;
#435 = VECTOR ( 'NONE', #4612, 1000.000000000000000 ) ;
#436 = STYLED_ITEM ( 'NONE', ( #2938 ), #2827 ) ;
#437 = ORIENTED_EDGE ( 'NONE', *, *, #3196, .F. ) ;
#438 = CARTESIAN_POINT ( 'NONE',  ( -0.9250000000000004885, 0.1000000000000000056, -0.7500000000000000000 ) ) ;
#439 = DIRECTION ( 'NONE',  ( 0.000000000000000000, -0.000000000000000000, 1.000000000000000000 ) ) ;
#440 = VECTOR ( 'NONE', #2500, 1000.000000000000000 ) ;
#441 = DIRECTION ( 'NONE',  ( 0.000000000000000000, -1.000000000000000000, 0.000000000000000000 ) ) ;
#442 = DIRECTION ( 'NONE',  ( 1.000000000000000000, 0.000000000000000000, 0.000000000000000000 ) ) ;
#443 = ORIENTED_EDGE ( 'NONE', *, *, #1518, .F. ) ;
#444 = DIRECTION ( 'NONE',  ( -1.000000000000000000, 0.000000000000000000, 0.000000000000000000 ) ) ;
#445 = DIRECTION ( 'NONE',  ( 0.000000000000000000, -1.000000000000000000, 0.000000000000000000 ) ) ;
#446 = LINE ( 'NONE', #1180, #734 ) ;
#447 = ORIENTED_EDGE ( 'NONE', *, *, #3850, .F. ) ;
#448 = CARTESIAN_POINT ( 'NONE',  ( -0.1249999999999998890, 0.1000000000000000056, 0.6750000000000000444 ) ) ;
#449 = LINE ( 'NONE', #2635, #291 ) ;
#450 = EDGE_CURVE ( 'NONE', #4341, #1043, #4471, .T. ) ;
#451 = UNCERTAINTY_MEASURE_WITH_UNIT (LENGTH_MEASURE( 1.000000000000000082E-05 ), #2546, 'distance_accuracy_value', 'NONE');
#452 = ORIENTED_EDGE ( 'NONE', *, *, #422, .F. ) ;
#453 = DIRECTION ( 'NONE',  ( 1.000000000000000000, 0.000000000000000000, 0.000000000000000000 ) ) ;
#454 = FACE_OUTER_BOUND ( 'NONE', #507, .T. ) ;
#455 = EDGE_CURVE ( 'NONE', #771, #2950, #1567, .T. ) ;
#456 = ORIENTED_EDGE ( 'NONE', *, *, #2234, .F. ) ;
#457 = CARTESIAN_POINT ( 'NONE',  ( -1.399999999999995248, 0.000000000000000000, -0.3750000000000000000 ) ) ;
#458 = ADVANCED_FACE ( 'NONE', ( #4089 ), #3339, .T. ) ;
#459 = FACE_OUTER_BOUND ( 'NONE', #362, .T. ) ;
#460 = DIRECTION ( 'NONE',  ( -1.561251128378778340E-14, -0.000000000000000000, -1.000000000000000000 ) ) ;
#461 = ORIENTED_EDGE ( 'NONE', *, *, #4164, .F. ) ;
#462 = DIRECTION ( 'NONE',  ( 0.000000000000000000, 0.000000000000000000, 1.000000000000000000 ) ) ;
#463 = FACE_OUTER_BOUND ( 'NONE', #1931, .T. ) ;
#464 = CARTESIAN_POINT ( 'NONE',  ( 0.9250000000000004885, 0.1000000000000000056, -0.6250000000000000000 ) ) ;
#465 = DIRECTION ( 'NONE',  ( 0.000000000000000000, 1.000000000000000000, 0.000000000000000000 ) ) ;
#466 = CARTESIAN_POINT ( 'NONE',  ( 0.000000000000000000, 0.1000000000000000056, 0.000000000000000000 ) ) ;
#467 = ORIENTED_EDGE ( 'NONE', *, *, #2771, .F. ) ;
#468 = VECTOR ( 'NONE', #976, 1000.000000000000000 ) ;
#469 = DIRECTION ( 'NONE',  ( 1.000000000000000000, -0.000000000000000000, -0.000000000000000000 ) ) ;
#470 = DIRECTION ( 'NONE',  ( 0.000000000000000000, 0.000000000000000000, 1.000000000000000000 ) ) ;
#471 = AXIS2_PLACEMENT_3D ( 'NONE', #2710, #556, #3520 ) ;
#472 = LINE ( 'NONE', #116, #851 ) ;
#473 = CARTESIAN_POINT ( 'NONE',  ( -1.399999999999989919, 0.1000000000000000056, 0.3750000000000000000 ) ) ;
#474 = ORIENTED_EDGE ( 'NONE', *, *, #366, .F. ) ;
#475 = CARTESIAN_POINT ( 'NONE',  ( -0.6249999999999642508, 0.000000000000000000, 1.150000000000002576 ) ) ;
#476 = CARTESIAN_POINT ( 'NONE',  ( -0.1249999999999998890, 0.1000000000000000056, 0.6750000000000000444 ) ) ;
#477 = LINE ( 'NONE', #1520, #3859 ) ;
#478 = ORIENTED_EDGE ( 'NONE', *, *, #2941, .T. ) ;
#479 = EDGE_CURVE ( 'NONE', #2782, #2573, #2985, .T. ) ;
#480 = ORIENTED_EDGE ( 'NONE', *, *, #2821, .T. ) ;
#481 = ADVANCED_FACE ( 'NONE', ( #2960 ), #2626, .F. ) ;
#482 = VERTEX_POINT ( 'NONE', #2646 ) ;
#483 = DIRECTION ( 'NONE',  ( 0.000000000000000000, -1.000000000000000000, 0.000000000000000000 ) ) ;
#484 = CARTESIAN_POINT ( 'NONE',  ( 0.9249999999999848344, 0.1000000000000000056, 0.6249999999999991118 ) ) ;
#485 = CARTESIAN_POINT ( 'NONE',  ( -1.400000000000000355, 0.1000000000000000056, -0.8750000000000000000 ) ) ;
#486 = CARTESIAN_POINT ( 'NONE',  ( 0.000000000000000000, 0.000000000000000000, 0.000000000000000000 ) ) ;
#487 = EDGE_CURVE ( 'NONE', #33, #277, #81, .T. ) ;
#488 = EDGE_CURVE ( 'NONE', #3590, #3227, #1922, .T. ) ;
#489 = DIRECTION ( 'NONE',  ( 0.7071067811865336949, 0.000000000000000000, 0.7071067811865613395 ) ) ;
#490 = ORIENTED_EDGE ( 'NONE', *, *, #3981, .F. ) ;
#491 = DIRECTION ( 'NONE',  ( 0.000000000000000000, -0.000000000000000000, 1.000000000000000000 ) ) ;
#492 = PLANE ( 'NONE',  #3565 ) ;
#493 = LINE ( 'NONE', #155, #3629 ) ;
#494 = EDGE_LOOP ( 'NONE', ( #2, #794, #1351, #996 ) ) ;
#495 = CARTESIAN_POINT ( 'NONE',  ( -0.9250000000000004885, 0.1000000000000000056, -0.6250000000000000000 ) ) ;
#496 = VERTEX_POINT ( 'NONE', #2689 ) ;
#497 = CARTESIAN_POINT ( 'NONE',  ( -1.399999999999984812, 0.1000000000000000056, 0.6250000000000000000 ) ) ;
#498 = VECTOR ( 'NONE', #1126, 1000.000000000000000 ) ;
#499 = VERTEX_POINT ( 'NONE', #2324 ) ;
#500 = ORIENTED_EDGE ( 'NONE', *, *, #1009, .F. ) ;
#501 = CIRCLE ( 'NONE', #3168, 0.1250000000000002220 ) ;
#502 = CARTESIAN_POINT ( 'NONE',  ( 0.3749999999999998890, 0.1000000000000000056, 1.149999999999999911 ) ) ;
#503 = VERTEX_POINT ( 'NONE', #1495 ) ;
#504 = CARTESIAN_POINT ( 'NONE',  ( -0.1249999999999998890, 0.000000000000000000, 0.6750000000000000444 ) ) ;
#505 = FACE_OUTER_BOUND ( 'NONE', #2949, .T. ) ;
#506 = AXIS2_PLACEMENT_3D ( 'NONE', #868, #4541, #3410 ) ;
#507 = EDGE_LOOP ( 'NONE', ( #4279, #3286, #2541, #2902 ) ) ;
#508 = ORIENTED_EDGE ( 'NONE', *, *, #1176, .F. ) ;
#509 = LINE ( 'NONE', #2421, #1436 ) ;
#510 = EDGE_CURVE ( 'NONE', #2257, #2683, #511, .T. ) ;
#511 = LINE ( 'NONE', #1968, #1928 ) ;
#512 = FACE_OUTER_BOUND ( 'NONE', #3476, .T. ) ;
#513 = EDGE_CURVE ( 'NONE', #3246, #700, #4422, .T. ) ;
#514 = VECTOR ( 'NONE', #1532, 1000.000000000000000 ) ;
#515 = VECTOR ( 'NONE', #3351, 1000.000000000000000 ) ;
#516 = DIRECTION ( 'NONE',  ( -1.000000000000000000, 0.000000000000000000, 0.000000000000000000 ) ) ;
#517 = AXIS2_PLACEMENT_3D ( 'NONE', #247, #2502, #3864 ) ;
#518 = DIRECTION ( 'NONE',  ( 0.000000000000000000, 0.000000000000000000, 1.000000000000000000 ) ) ;
#519 = PLANE ( 'NONE',  #2409 ) ;
#520 = ADVANCED_FACE ( 'NONE', ( #2758 ), #3820, .T. ) ;
#521 = VERTEX_POINT ( 'NONE', #3802 ) ;
#522 = AXIS2_PLACEMENT_3D ( 'NONE', #627, #961, #4192 ) ;
#523 = LINE ( 'NONE', #874, #4493 ) ;
#524 = VERTEX_POINT ( 'NONE', #1294 ) ;
#525 = CARTESIAN_POINT ( 'NONE',  ( 0.3749999999999998890, 0.1000000000000000056, 1.149999999999999911 ) ) ;
#526 = VERTEX_POINT ( 'NONE', #4233 ) ;
#527 = DIRECTION ( 'NONE',  ( -0.000000000000000000, -1.000000000000000000, -0.000000000000000000 ) ) ;
#528 = CARTESIAN_POINT ( 'NONE',  ( -0.1249999999999998890, 0.000000000000000000, -0.6750000000000000444 ) ) ;
#529 = ORIENTED_EDGE ( 'NONE', *, *, #4439, .F. ) ;
#530 = DIRECTION ( 'NONE',  ( -0.000000000000000000, -1.000000000000000000, -0.000000000000000000 ) ) ;
#531 = FACE_OUTER_BOUND ( 'NONE', #3149, .T. ) ;
#532 = ORIENTED_EDGE ( 'NONE', *, *, #403, .F. ) ;
#533 = ORIENTED_EDGE ( 'NONE', *, *, #1208, .T. ) ;
#534 = CARTESIAN_POINT ( 'NONE',  ( 1.399999999999995248, 0.000000000000000000, -0.1250000000000004441 ) ) ;
#535 = CARTESIAN_POINT ( 'NONE',  ( 1.399999999999989919, 0.1000000000000000056, 0.1249999999999995698 ) ) ;
#536 = CARTESIAN_POINT ( 'NONE',  ( 0.000000000000000000, 0.1000000000000000056, 0.000000000000000000 ) ) ;
#537 = ADVANCED_FACE ( 'NONE', ( #960 ), #2804, .F. ) ;
#538 = FILL_AREA_STYLE ('',( #1640 ) ) ;
#539 = FACE_OUTER_BOUND ( 'NONE', #2644, .T. ) ;
#540 = DIRECTION ( 'NONE',  ( 0.000000000000000000, 1.000000000000000000, 0.000000000000000000 ) ) ;
#541 = LINE ( 'NONE', #2814, #1997 ) ;
#542 = PLANE ( 'NONE',  #2570 ) ;
#543 = EDGE_CURVE ( 'NONE', #4204, #2933, #1334, .T. ) ;
#544 = ORIENTED_EDGE ( 'NONE', *, *, #1515, .T. ) ;
#545 = DIRECTION ( 'NONE',  ( 0.000000000000000000, -0.000000000000000000, 1.000000000000000000 ) ) ;
#546 = UNCERTAINTY_MEASURE_WITH_UNIT (LENGTH_MEASURE( 1.000000000000000082E-05 ), #3236, 'distance_accuracy_value', 'NONE');
#547 = ORIENTED_EDGE ( 'NONE', *, *, #1796, .F. ) ;
#548 = CLOSED_SHELL ( 'NONE', ( #3913, #272, #3028, #636, #1566, #3319 ) ) ;
#549 = LINE ( 'NONE', #1698, #468 ) ;
#550 = LINE ( 'NONE', #4182, #4655 ) ;
#551 = EDGE_CURVE ( 'NONE', #770, #2819, #3858, .T. ) ;
#552 = EDGE_LOOP ( 'NONE', ( #186, #1772, #2521, #4384 ) ) ;
#553 = CARTESIAN_POINT ( 'NONE',  ( -0.9249999999999900524, 0.1000000000000000056, 0.3750000000000000000 ) ) ;
#554 = ORIENTED_EDGE ( 'NONE', *, *, #1387, .F. ) ;
#555 = CARTESIAN_POINT ( 'NONE',  ( -0.1249999999999998890, 0.1000000000000000056, -0.6750000000000000444 ) ) ;
#556 = DIRECTION ( 'NONE',  ( 1.000000000000000000, 0.000000000000000000, -7.509526626267981124E-14 ) ) ;
#557 = SURFACE_STYLE_USAGE ( .BOTH. , #3089 ) ;
#558 = CARTESIAN_POINT ( 'NONE',  ( -0.9249999999999848344, 0.1000000000000000056, 0.8750000000000000000 ) ) ;
#559 = CARTESIAN_POINT ( 'NONE',  ( -0.9249999999999900524, 0.1000000000000000056, 0.3750000000000000000 ) ) ;
#560 = DIRECTION ( 'NONE',  ( 4.565061778886335030E-16, 0.000000000000000000, 1.000000000000000000 ) ) ;
#561 = CARTESIAN_POINT ( 'NONE',  ( -0.6249999999999998890, 0.1000000000000000056, 0.6750000000000000444 ) ) ;
#562 = CARTESIAN_POINT ( 'NONE',  ( 1.399999999999989919, 0.1000000000000000056, 0.3749999999999991673 ) ) ;
#563 = PLANE ( 'NONE',  #56 ) ;
#564 = EDGE_LOOP ( 'NONE', ( #2062, #766, #2002, #3510 ) ) ;
#565 = FACE_OUTER_BOUND ( 'NONE', #3573, .T. ) ;
#566 = ADVANCED_FACE ( 'NONE', ( #1637 ), #1705, .F. ) ;
#567 = DIRECTION ( 'NONE',  ( 0.000000000000000000, 1.000000000000000000, 0.000000000000000000 ) ) ;
#568 = VECTOR ( 'NONE', #2280, 1000.000000000000000 ) ;
#569 = ORIENTED_EDGE ( 'NONE', *, *, #332, .T. ) ;
#570 = FACE_OUTER_BOUND ( 'NONE', #1019, .T. ) ;
#571 = ADVANCED_FACE ( 'NONE', ( #3882 ), #1663, .F. ) ;
#572 = CARTESIAN_POINT ( 'NONE',  ( -1.500000000000000444, 0.000000000000000000, 1.250000000000000000 ) ) ;
#573 =( NAMED_UNIT ( * ) PLANE_ANGLE_UNIT ( ) SI_UNIT ( $, .RADIAN. ) );
#574 = VERTEX_POINT ( 'NONE', #535 ) ;
#575 = ADVANCED_FACE ( 'NONE', ( #1992 ), #4563, .F. ) ;
#576 = VERTEX_POINT ( 'NONE', #2399 ) ;
#577 = VERTEX_POINT ( 'NONE', #915 ) ;
#578 = CARTESIAN_POINT ( 'NONE',  ( -0.9250000000000004885, 0.000000000000000000, -0.6250000000000000000 ) ) ;
#579 = COLOUR_RGB ( '',1.000000000000000000, 0.8117647058823529438, 0.5019607843137254832 ) ;
#580 = DIRECTION ( 'NONE',  ( -1.000000000000000000, 0.000000000000000000, 3.097720492815694329E-15 ) ) ;
#581 = DIRECTION ( 'NONE',  ( 0.000000000000000000, 1.000000000000000000, 0.000000000000000000 ) ) ;
#582 = VECTOR ( 'NONE', #2784, 1000.000000000000000 ) ;
#583 = CARTESIAN_POINT ( 'NONE',  ( 0.3750000000000001110, 0.1000000000000000056, -0.6750000000000000444 ) ) ;
#584 = VERTEX_POINT ( 'NONE', #195 ) ;
#585 = DIRECTION ( 'NONE',  ( 4.565061778886335030E-16, 0.000000000000000000, 1.000000000000000000 ) ) ;
#586 = LINE ( 'NONE', #2379, #582 ) ;
#587 = DIRECTION ( 'NONE',  ( 1.000000000000000000, 0.000000000000000000, 0.000000000000000000 ) ) ;
#588 = AXIS2_PLACEMENT_3D ( 'NONE', #4504, #2675, #3322 ) ;
#589 = DIRECTION ( 'NONE',  ( -1.000000000000000000, -0.000000000000000000, -0.000000000000000000 ) ) ;
#590 = VECTOR ( 'NONE', #2284, 1000.000000000000000 ) ;
#591 = ORIENTED_EDGE ( 'NONE', *, *, #337, .F. ) ;
#592 = CARTESIAN_POINT ( 'NONE',  ( -0.6250000000000001110, 0.1000000000000000056, -1.149999999999999911 ) ) ;
#593 = STYLED_ITEM ( 'NONE', ( #3966 ), #4566 ) ;
#594 = EDGE_CURVE ( 'NONE', #3638, #499, #625, .T. ) ;
#595 = CARTESIAN_POINT ( 'NONE',  ( -1.400000000000000355, 0.1000000000000000056, -0.6250000000000000000 ) ) ;
#596 = MECHANICAL_DESIGN_GEOMETRIC_PRESENTATION_REPRESENTATION (  '', ( #296 ), #2975 ) ;
#597 = VECTOR ( 'NONE', #418, 1000.000000000000000 ) ;
#598 = ORIENTED_EDGE ( 'NONE', *, *, #2789, .F. ) ;
#599 = CARTESIAN_POINT ( 'NONE',  ( 0.3750000000000001110, 0.000000000000000000, 0.6750000000000000444 ) ) ;
#600 = APPLICATION_PROTOCOL_DEFINITION ( 'draft international standard', 'automotive_design', 1998, #1804 ) ;
#601 = ORIENTED_EDGE ( 'NONE', *, *, #513, .T. ) ;
#602 = EDGE_CURVE ( 'NONE', #526, #666, #2089, .T. ) ;
#603 = ORIENTED_EDGE ( 'NONE', *, *, #1837, .T. ) ;
#604 = FILL_AREA_STYLE_COLOUR ( '', #2047 ) ;
#605 = EDGE_CURVE ( 'NONE', #3383, #698, #3135, .T. ) ;
#606 = DIRECTION ( 'NONE',  ( 0.000000000000000000, 1.000000000000000000, 0.000000000000000000 ) ) ;
#607 = PLANE ( 'NONE',  #4261 ) ;
#608 = CARTESIAN_POINT ( 'NONE',  ( 0.9249999999999952704, 0.1000000000000000056, -0.1250000000000004441 ) ) ;
#609 = CARTESIAN_POINT ( 'NONE',  ( -1.049999999999996714, 0.1000000000000000056, -0.8750000000000011102 ) ) ;
#610 = EDGE_CURVE ( 'NONE', #3281, #1732, #3068, .T. ) ;
#611 = CARTESIAN_POINT ( 'NONE',  ( 0.000000000000000000, 0.000000000000000000, 0.000000000000000000 ) ) ;
#612 = CARTESIAN_POINT ( 'NONE',  ( 1.400000000000000355, 0.1000000000000000056, -0.6250000000000000000 ) ) ;
#613 =( NAMED_UNIT ( * ) PLANE_ANGLE_UNIT ( ) SI_UNIT ( $, .RADIAN. ) );
#614 = PLANE ( 'NONE',  #1961 ) ;
#615 = VERTEX_POINT ( 'NONE', #4162 ) ;
#616 = DIRECTION ( 'NONE',  ( -1.000000000000000000, -0.000000000000000000, -0.000000000000000000 ) ) ;
#617 = ORIENTED_EDGE ( 'NONE', *, *, #4323, .T. ) ;
#618 = PLANE ( 'NONE',  #2230 ) ;
#619 = CARTESIAN_POINT ( 'NONE',  ( -0.1249999999999998890, 0.1000000000000000056, -0.6750000000000000444 ) ) ;
#620 = ORIENTED_EDGE ( 'NONE', *, *, #336, .T. ) ;
#621 = DIRECTION ( 'NONE',  ( 0.000000000000000000, -0.000000000000000000, 1.000000000000000000 ) ) ;
#622 = ORIENTED_EDGE ( 'NONE', *, *, #2388, .T. ) ;
#623 = VECTOR ( 'NONE', #2721, 1000.000000000000000 ) ;
#624 = VERTEX_POINT ( 'NONE', #889 ) ;
#625 = LINE ( 'NONE', #4607, #873 ) ;
#626 = EDGE_CURVE ( 'NONE', #2950, #2084, #2349, .T. ) ;
#627 = CARTESIAN_POINT ( 'NONE',  ( -1.400000000000000355, 0.1000000000000000056, -0.8750000000000000000 ) ) ;
#628 = EDGE_CURVE ( 'NONE', #3749, #3179, #4191, .T. ) ;
#629 = CARTESIAN_POINT ( 'NONE',  ( -0.1249999999999998890, 0.1000000000000000056, 0.6750000000000000444 ) ) ;
#630 = VERTEX_POINT ( 'NONE', #3481 ) ;
#631 = CARTESIAN_POINT ( 'NONE',  ( -0.9249999999999848344, 0.1000000000000000056, 0.6250000000000000000 ) ) ;
#632 = ORIENTED_EDGE ( 'NONE', *, *, #2567, .F. ) ;
#633 = DIRECTION ( 'NONE',  ( -0.000000000000000000, -1.000000000000000000, -0.000000000000000000 ) ) ;
#634 = DIRECTION ( 'NONE',  ( 4.565061778886335030E-16, -0.000000000000000000, -1.000000000000000000 ) ) ;
#635 = DIRECTION ( 'NONE',  ( 1.000000000000000000, -0.000000000000000000, -0.000000000000000000 ) ) ;
#636 = ADVANCED_FACE ( 'NONE', ( #1078 ), #3252, .F. ) ;
#637 = SURFACE_SIDE_STYLE ('',( #2458 ) ) ;
#638 = CARTESIAN_POINT ( 'NONE',  ( 1.399999999999984812, 0.000000000000000000, 0.6249999999999991118 ) ) ;
#639 = ORIENTED_EDGE ( 'NONE', *, *, #4583, .T. ) ;
#640 = DIRECTION ( 'NONE',  ( 0.000000000000000000, 1.000000000000000000, 0.000000000000000000 ) ) ;
#641 = DIRECTION ( 'NONE',  ( 1.000000000000000000, 0.000000000000000000, -0.000000000000000000 ) ) ;
#642 = CARTESIAN_POINT ( 'NONE',  ( 1.399999999999984812, 0.1000000000000000056, 0.6249999999999991118 ) ) ;
#643 = ORIENTED_EDGE ( 'NONE', *, *, #3777, .F. ) ;
#644 = DIRECTION ( 'NONE',  ( -1.000000000000000000, 0.000000000000000000, -0.000000000000000000 ) ) ;
#645 = ORIENTED_EDGE ( 'NONE', *, *, #2348, .T. ) ;
#646 = VERTEX_POINT ( 'NONE', #2181 ) ;
#647 = ORIENTED_EDGE ( 'NONE', *, *, #4360, .T. ) ;
#648 = CARTESIAN_POINT ( 'NONE',  ( -0.3750000000000001110, 0.1000000000000000056, 0.6750000000000000444 ) ) ;
#649 = CARTESIAN_POINT ( 'NONE',  ( 0.3749999999999998890, 0.1000000000000000056, -1.149999999999999911 ) ) ;
#650 = VECTOR ( 'NONE', #1238, 1000.000000000000000 ) ;
#651 = EDGE_LOOP ( 'NONE', ( #2916, #314, #620, #274, #3753 ) ) ;
#652 = EDGE_LOOP ( 'NONE', ( #4345, #2377, #3085, #1074 ) ) ;
#653 = DIRECTION ( 'NONE',  ( -0.000000000000000000, -1.000000000000000000, -0.000000000000000000 ) ) ;
#654 = AXIS2_PLACEMENT_3D ( 'NONE', #1373, #2506, #1104 ) ;
#655 = ADVANCED_FACE ( 'NONE', ( #1755 ), #1822, .T. ) ;
#656 = LINE ( 'NONE', #2119, #1887 ) ;
#657 = DIRECTION ( 'NONE',  ( -1.561251128378778340E-14, -0.000000000000000000, -1.000000000000000000 ) ) ;
#658 = VECTOR ( 'NONE', #187, 1000.000000000000000 ) ;
#659 = DIRECTION ( 'NONE',  ( 4.565061778886335030E-16, -0.000000000000000000, -1.000000000000000000 ) ) ;
#660 = ADVANCED_FACE ( 'NONE', ( #318 ), #702, .F. ) ;
#661 = ORIENTED_EDGE ( 'NONE', *, *, #3288, .F. ) ;
#662 = FACE_OUTER_BOUND ( 'NONE', #1144, .T. ) ;
#663 = DIRECTION ( 'NONE',  ( 1.000000000000000000, 0.000000000000000000, -0.000000000000000000 ) ) ;
#664 = VECTOR ( 'NONE', #1835, 1000.000000000000000 ) ;
#665 = EDGE_CURVE ( 'NONE', #1673, #288, #4657, .T. ) ;
#666 = VERTEX_POINT ( 'NONE', #2160 ) ;
#667 = VECTOR ( 'NONE', #3071, 1000.000000000000000 ) ;
#668 = LINE ( 'NONE', #3587, #320 ) ;
#669 = VECTOR ( 'NONE', #735, 1000.000000000000000 ) ;
#670 = DIRECTION ( 'NONE',  ( 4.565061778886335030E-16, 0.000000000000000000, 1.000000000000000000 ) ) ;
#671 = VERTEX_POINT ( 'NONE', #364 ) ;
#672 = VECTOR ( 'NONE', #1127, 1000.000000000000000 ) ;
#673 = ORIENTED_EDGE ( 'NONE', *, *, #4158, .T. ) ;
#674 = ORIENTED_EDGE ( 'NONE', *, *, #697, .F. ) ;
#675 = AXIS2_PLACEMENT_3D ( 'NONE', #1357, #2820, #3104 ) ;
#676 = ORIENTED_EDGE ( 'NONE', *, *, #1980, .T. ) ;
#677 = ORIENTED_EDGE ( 'NONE', *, *, #2327, .F. ) ;
#678 = DIRECTION ( 'NONE',  ( -1.000000000000000000, -0.000000000000000000, -0.000000000000000000 ) ) ;
#679 =( NAMED_UNIT ( * ) SI_UNIT ( $, .STERADIAN. ) SOLID_ANGLE_UNIT ( ) );
#680 = DIRECTION ( 'NONE',  ( -0.000000000000000000, 0.000000000000000000, 1.000000000000000000 ) ) ;
#681 = ORIENTED_EDGE ( 'NONE', *, *, #1272, .F. ) ;
#682 = PLANE ( 'NONE',  #517 ) ;
#683 = LINE ( 'NONE', #374, #2343 ) ;
#684 = CARTESIAN_POINT ( 'NONE',  ( -1.399999999999995248, 0.1000000000000000056, -0.3750000000000000000 ) ) ;
#685 =( NAMED_UNIT ( * ) PLANE_ANGLE_UNIT ( ) SI_UNIT ( $, .RADIAN. ) );
#686 = EDGE_CURVE ( 'NONE', #4350, #1864, #2545, .T. ) ;
#687 = PLANE ( 'NONE',  #4013 ) ;
#688 = ORIENTED_EDGE ( 'NONE', *, *, #3172, .T. ) ;
#689 = FACE_OUTER_BOUND ( 'NONE', #1516, .T. ) ;
#690 = EDGE_CURVE ( 'NONE', #4124, #2777, #2523, .T. ) ;
#691 = ADVANCED_FACE ( 'NONE', ( #4748 ), #2905, .T. ) ;
#692 = ORIENTED_EDGE ( 'NONE', *, *, #4380, .F. ) ;
#693 = CARTESIAN_POINT ( 'NONE',  ( -0.3750000000000001110, 0.1000000000000000056, 0.6750000000000000444 ) ) ;
#694 = ADVANCED_FACE ( 'NONE', ( #1793 ), #1415, .F. ) ;
#695 = CARTESIAN_POINT ( 'NONE',  ( -0.9249999999999848344, 0.1000000000000000056, 0.8750000000000000000 ) ) ;
#696 = VERTEX_POINT ( 'NONE', #4392 ) ;
#697 = EDGE_CURVE ( 'NONE', #2465, #1242, #1098, .T. ) ;
#698 = VERTEX_POINT ( 'NONE', #3572 ) ;
#699 = ADVANCED_FACE ( 'NONE', ( #1729 ), #4289, .F. ) ;
#700 = VERTEX_POINT ( 'NONE', #4697 ) ;
#701 = CARTESIAN_POINT ( 'NONE',  ( 1.399999999999996581, 0.1000000000000000056, -0.8750000000000557332 ) ) ;
#702 = PLANE ( 'NONE',  #348 ) ;
#703 = ORIENTED_EDGE ( 'NONE', *, *, #806, .F. ) ;
#704 = AXIS2_PLACEMENT_3D ( 'NONE', #3376, #2226, #2251 ) ;
#705 = CARTESIAN_POINT ( 'NONE',  ( -0.1250000000000001110, 0.1000000000000000056, -1.149999999999999911 ) ) ;
#706 = VERTEX_POINT ( 'NONE', #2855 ) ;
#707 = DIRECTION ( 'NONE',  ( -1.000000000000000000, -0.000000000000000000, -0.000000000000000000 ) ) ;
#708 = CARTESIAN_POINT ( 'NONE',  ( -0.9250000000000004885, 0.1000000000000000056, -0.6250000000000000000 ) ) ;
#709 = AXIS2_PLACEMENT_3D ( 'NONE', #3088, #3507, #4627 ) ;
#710 = DIRECTION ( 'NONE',  ( 0.000000000000000000, 0.000000000000000000, 1.000000000000000000 ) ) ;
#711 = CARTESIAN_POINT ( 'NONE',  ( -1.500000000000000444, 0.8299999999999999600, 1.250000000000000000 ) ) ;
#712 = ORIENTED_EDGE ( 'NONE', *, *, #4298, .F. ) ;
#713 = PLANE ( 'NONE',  #298 ) ;
#714 = LINE ( 'NONE', #2169, #664 ) ;
#715 = ORIENTED_EDGE ( 'NONE', *, *, #4611, .T. ) ;
#716 = CARTESIAN_POINT ( 'NONE',  ( 0.3749999999999998890, 0.1000000000000000056, -1.149999999999999911 ) ) ;
#717 = EDGE_CURVE ( 'NONE', #4296, #2777, #750, .T. ) ;
#718 = EDGE_LOOP ( 'NONE', ( #2753, #3679, #4737, #906 ) ) ;
#719 = EDGE_LOOP ( 'NONE', ( #4515, #2177, #3525, #4675 ) ) ;
#720 = ORIENTED_EDGE ( 'NONE', *, *, #605, .T. ) ;
#721 = ADVANCED_FACE ( 'NONE', ( #2831 ), #4312, .F. ) ;
#722 = VERTEX_POINT ( 'NONE', #2470 ) ;
#723 = CARTESIAN_POINT ( 'NONE',  ( -0.9250000000000004885, 0.1000000000000000056, -0.7500000000000000000 ) ) ;
#724 = EDGE_CURVE ( 'NONE', #3839, #524, #3907, .T. ) ;
#725 = DIRECTION ( 'NONE',  ( -1.000000000000000000, 0.000000000000000000, 4.565061778886335030E-16 ) ) ;
#726 = CARTESIAN_POINT ( 'NONE',  ( -0.1249999999999998890, 0.1000000000000000056, 0.6750000000000000444 ) ) ;
#727 = ORIENTED_EDGE ( 'NONE', *, *, #3845, .T. ) ;
#728 = PRODUCT_DEFINITION_SHAPE ( 'NONE', 'NONE',  #3257 ) ;
#729 = DIRECTION ( 'NONE',  ( -1.000000000000000000, 0.000000000000000000, 0.000000000000000000 ) ) ;
#730 = VERTEX_POINT ( 'NONE', #2140 ) ;
#731 = DIRECTION ( 'NONE',  ( -1.000000000000000000, 0.000000000000000000, -0.000000000000000000 ) ) ;
#732 = CARTESIAN_POINT ( 'NONE',  ( -0.6249999999999998890, 0.1000000000000000056, 0.6750000000000000444 ) ) ;
#733 = VECTOR ( 'NONE', #1361, 1000.000000000000000 ) ;
#734 = VECTOR ( 'NONE', #4172, 1000.000000000000000 ) ;
#735 = DIRECTION ( 'NONE',  ( -0.000000000000000000, -0.000000000000000000, -1.000000000000000000 ) ) ;
#736 = ORIENTED_EDGE ( 'NONE', *, *, #1797, .T. ) ;
#737 = CARTESIAN_POINT ( 'NONE',  ( 0.9249999999999966027, 0.1000000000000000056, -0.8750000000000408562 ) ) ;
#738 = VECTOR ( 'NONE', #990, 1000.000000000000000 ) ;
#739 = DIRECTION ( 'NONE',  ( 1.000000000000000000, 0.000000000000000000, 0.000000000000000000 ) ) ;
#740 = AXIS2_PLACEMENT_3D ( 'NONE', #3762, #3345, #2652 ) ;
#741 = LINE ( 'NONE', #3628, #3270 ) ;
#742 = ORIENTED_EDGE ( 'NONE', *, *, #717, .T. ) ;
#743 = AXIS2_PLACEMENT_3D ( 'NONE', #2362, #3811, #545 ) ;
#744 = VECTOR ( 'NONE', #4356, 1000.000000000000000 ) ;
#745 = VERTEX_POINT ( 'NONE', #4343 ) ;
#746 = ADVANCED_FACE ( 'NONE', ( #1057 ), #1488, .F. ) ;
#747 = AXIS2_PLACEMENT_3D ( 'NONE', #3528, #1370, #3388 ) ;
#748 = EDGE_LOOP ( 'NONE', ( #3260, #165, #1411, #2519 ) ) ;
#749 = PLANE ( 'NONE',  #3411 ) ;
#750 = LINE ( 'NONE', #3544, #3017 ) ;
#751 =( NAMED_UNIT ( * ) SI_UNIT ( $, .STERADIAN. ) SOLID_ANGLE_UNIT ( ) );
#752 = EDGE_LOOP ( 'NONE', ( #4411, #1435, #1778, #2397 ) ) ;
#753 = COLOUR_RGB ( '',1.000000000000000000, 0.8117647058823529438, 0.5019607843137254832 ) ;
#754 = VECTOR ( 'NONE', #4479, 1000.000000000000000 ) ;
#755 = EDGE_CURVE ( 'NONE', #1966, #1799, #4514, .T. ) ;
#756 = ORIENTED_EDGE ( 'NONE', *, *, #1604, .T. ) ;
#757 = PLANE ( 'NONE',  #4174 ) ;
#758 = AXIS2_PLACEMENT_3D ( 'NONE', #67, #2677, #1910 ) ;
#759 = CARTESIAN_POINT ( 'NONE',  ( 0.9249999999999952704, 0.1000000000000000056, -0.3750000000000002220 ) ) ;
#760 = EDGE_CURVE ( 'NONE', #524, #1848, #4134, .T. ) ;
#761 =( NAMED_UNIT ( * ) SI_UNIT ( $, .STERADIAN. ) SOLID_ANGLE_UNIT ( ) );
#762 = ORIENTED_EDGE ( 'NONE', *, *, #3087, .F. ) ;
#763 = CARTESIAN_POINT ( 'NONE',  ( 1.399999999999996581, 0.000000000000000000, -0.8750000000000557332 ) ) ;
#764 = CARTESIAN_POINT ( 'NONE',  ( -0.9249999999999952704, 0.000000000000000000, -0.3750000000000000000 ) ) ;
#765 = DIRECTION ( 'NONE',  ( 1.000000000000000000, 0.000000000000000000, 0.000000000000000000 ) ) ;
#766 = ORIENTED_EDGE ( 'NONE', *, *, #2471, .F. ) ;
#767 = CARTESIAN_POINT ( 'NONE',  ( -1.399999999999984812, 0.000000000000000000, 0.8750000000000000000 ) ) ;
#768 = CARTESIAN_POINT ( 'NONE',  ( 0.9249999999999952704, 0.1000000000000000056, -0.1250000000000004441 ) ) ;
#769 = CARTESIAN_POINT ( 'NONE',  ( -0.6249999999999998890, 0.1000000000000000056, -0.6750000000000000444 ) ) ;
#770 = VERTEX_POINT ( 'NONE', #53 ) ;
#771 = VERTEX_POINT ( 'NONE', #1585 ) ;
#772 = CARTESIAN_POINT ( 'NONE',  ( 0.6249999999999998890, 0.1000000000000000056, -0.6750000000000000444 ) ) ;
#773 = FACE_OUTER_BOUND ( 'NONE', #652, .T. ) ;
#774 = DIRECTION ( 'NONE',  ( 0.000000000000000000, 0.000000000000000000, 1.000000000000000000 ) ) ;
#775 = PLANE ( 'NONE',  #285 ) ;
#776 = EDGE_CURVE ( 'NONE', #1114, #4361, #1167, .T. ) ;
#777 = ADVANCED_FACE ( 'NONE', ( #3686 ), #837, .T. ) ;
#778 = CARTESIAN_POINT ( 'NONE',  ( -0.9249999999999952704, 0.1000000000000000056, -0.1250000000000000000 ) ) ;
#779 = CYLINDRICAL_SURFACE ( 'NONE', #2186, 0.1250000000000002220 ) ;
#780 = CLOSED_SHELL ( 'NONE', ( #2828, #3305, #3267, #2533, #1210, #2888 ) ) ;
#781 = CARTESIAN_POINT ( 'NONE',  ( 1.399999999999989919, 0.000000000000000000, 0.1249999999999995698 ) ) ;
#782 = ORIENTED_EDGE ( 'NONE', *, *, #4349, .F. ) ;
#783 = DIRECTION ( 'NONE',  ( -0.000000000000000000, -0.000000000000000000, -1.000000000000000000 ) ) ;
#784 = DIRECTION ( 'NONE',  ( 0.000000000000000000, 0.000000000000000000, 1.000000000000000000 ) ) ;
#785 = PLANE ( 'NONE',  #2106 ) ;
#786 = CARTESIAN_POINT ( 'NONE',  ( -0.6249999999999998890, 0.000000000000000000, -0.6750000000000000444 ) ) ;
#787 = DIRECTION ( 'NONE',  ( 0.000000000000000000, -1.000000000000000000, 0.000000000000000000 ) ) ;
#788 = UNCERTAINTY_MEASURE_WITH_UNIT (LENGTH_MEASURE( 1.000000000000000082E-05 ), #1246, 'distance_accuracy_value', 'NONE');
#789 = PLANE ( 'NONE',  #394 ) ;
#790 = ORIENTED_EDGE ( 'NONE', *, *, #112, .F. ) ;
#791 = CARTESIAN_POINT ( 'NONE',  ( 1.399999999999995248, 0.1000000000000000056, -0.3750000000000002220 ) ) ;
#792 = LINE ( 'NONE', #2685, #263 ) ;
#793 = DIRECTION ( 'NONE',  ( -1.000000000000000000, -0.000000000000000000, -0.000000000000000000 ) ) ;
#794 = ORIENTED_EDGE ( 'NONE', *, *, #2857, .F. ) ;
#795 = DIRECTION ( 'NONE',  ( 0.000000000000000000, 0.000000000000000000, -1.000000000000000000 ) ) ;
#796 = CARTESIAN_POINT ( 'NONE',  ( -1.399999999999989919, 0.000000000000000000, 0.1250000000000000000 ) ) ;
#797 = ADVANCED_FACE ( 'NONE', ( #2254 ), #4485, .F. ) ;
#798 = AXIS2_PLACEMENT_3D ( 'NONE', #409, #813, #1938 ) ;
#799 = VERTEX_POINT ( 'NONE', #3735 ) ;
#800 = DIRECTION ( 'NONE',  ( 4.565061778886335030E-16, 0.000000000000000000, 1.000000000000000000 ) ) ;
#801 = CARTESIAN_POINT ( 'NONE',  ( 0.000000000000000000, 0.1000000000000000056, 0.000000000000000000 ) ) ;
#802 = FILL_AREA_STYLE_COLOUR ( '', #4239 ) ;
#803 = ADVANCED_FACE ( 'NONE', ( #459 ), #1537, .T. ) ;
#804 = CARTESIAN_POINT ( 'NONE',  ( 1.399999999999984812, 0.000000000000000000, 0.6249999999999991118 ) ) ;
#805 = LINE ( 'NONE', #2224, #2813 ) ;
#806 = EDGE_CURVE ( 'NONE', #745, #1114, #1519, .T. ) ;
#807 = VECTOR ( 'NONE', #441, 1000.000000000000000 ) ;
#808 = DIRECTION ( 'NONE',  ( -1.000000000000000000, -0.000000000000000000, -0.000000000000000000 ) ) ;
#809 = CARTESIAN_POINT ( 'NONE',  ( 0.1249999999999998890, 0.1000000000000000056, -0.6750000000000000444 ) ) ;
#810 = VERTEX_POINT ( 'NONE', #3705 ) ;
#811 = DIRECTION ( 'NONE',  ( -1.040834085586232720E-14, 0.000000000000000000, -1.000000000000000000 ) ) ;
#812 = VECTOR ( 'NONE', #1715, 1000.000000000000000 ) ;
#813 = DIRECTION ( 'NONE',  ( 1.000000000000000000, 0.000000000000000000, -0.000000000000000000 ) ) ;
#814 = LINE ( 'NONE', #2621, #3656 ) ;
#815 = VECTOR ( 'NONE', #4682, 1000.000000000000000 ) ;
#816 = AXIS2_PLACEMENT_3D ( 'NONE', #964, #680, #4295 ) ;
#817 = ORIENTED_EDGE ( 'NONE', *, *, #2896, .T. ) ;
#818 = CARTESIAN_POINT ( 'NONE',  ( 0.9249999999999952704, 0.1000000000000000056, -0.3750000000000002220 ) ) ;
#819 = DIRECTION ( 'NONE',  ( 0.000000000000000000, 1.000000000000000000, -0.000000000000000000 ) ) ;
#820 = VECTOR ( 'NONE', #4561, 1000.000000000000000 ) ;
#821 = AXIS2_PLACEMENT_3D ( 'NONE', #595, #4552, #2080 ) ;
#822 = LINE ( 'NONE', #4590, #1880 ) ;
#823 = DIRECTION ( 'NONE',  ( 1.000000000000000000, 0.000000000000000000, 0.000000000000000000 ) ) ;
#824 = CARTESIAN_POINT ( 'NONE',  ( 0.9250000000000004885, 0.1000000000000000056, -0.6250000000000000000 ) ) ;
#825 = EDGE_CURVE ( 'NONE', #288, #3312, #1146, .T. ) ;
#826 = DIRECTION ( 'NONE',  ( 1.000000000000000000, -0.000000000000000000, -0.000000000000000000 ) ) ;
#827 = ORIENTED_EDGE ( 'NONE', *, *, #2133, .T. ) ;
#828 = DIRECTION ( 'NONE',  ( 1.000000000000000000, 0.000000000000000000, 0.000000000000000000 ) ) ;
#829 = LINE ( 'NONE', #4055, #2816 ) ;
#830 = ADVANCED_FACE ( 'NONE', ( #1916 ), #3381, .T. ) ;
#831 = ADVANCED_FACE ( 'NONE', ( #773 ), #2620, .F. ) ;
#832 = EDGE_CURVE ( 'NONE', #3707, #1724, #2665, .T. ) ;
#833 = CARTESIAN_POINT ( 'NONE',  ( -0.3749999999999998890, 0.1000000000000000056, 1.149999999999999911 ) ) ;
#834 = DIRECTION ( 'NONE',  ( 1.000000000000000000, 0.000000000000000000, 0.000000000000000000 ) ) ;
#835 = VERTEX_POINT ( 'NONE', #24 ) ;
#836 = EDGE_CURVE ( 'NONE', #1092, #3012, #4111, .T. ) ;
#837 = PLANE ( 'NONE',  #798 ) ;
#838 = DIRECTION ( 'NONE',  ( -0.000000000000000000, -1.000000000000000000, -0.000000000000000000 ) ) ;
#839 = ORIENTED_EDGE ( 'NONE', *, *, #866, .F. ) ;
#840 = EDGE_CURVE ( 'NONE', #4393, #3643, #792, .T. ) ;
#841 = ORIENTED_EDGE ( 'NONE', *, *, #4414, .T. ) ;
#842 = ORIENTED_EDGE ( 'NONE', *, *, #1418, .F. ) ;
#843 = CARTESIAN_POINT ( 'NONE',  ( -0.3749999999999998890, 0.000000000000000000, -1.149999999999999911 ) ) ;
#844 = DIRECTION ( 'NONE',  ( 0.000000000000000000, 1.000000000000000000, 0.000000000000000000 ) ) ;
#845 = CARTESIAN_POINT ( 'NONE',  ( 0.6250000000000001110, 0.000000000000000000, 1.149999999999999911 ) ) ;
#846 = PLANE ( 'NONE',  #3425 ) ;
#847 = DIRECTION ( 'NONE',  ( 0.000000000000000000, 0.000000000000000000, 1.000000000000000000 ) ) ;
#848 = CARTESIAN_POINT ( 'NONE',  ( -0.1250000000000001110, 0.1000000000000000056, -1.149999999999999911 ) ) ;
#849 = CARTESIAN_POINT ( 'NONE',  ( 1.399999999999989919, 0.1000000000000000056, 0.1249999999999995698 ) ) ;
#850 = VERTEX_POINT ( 'NONE', #388 ) ;
#851 = VECTOR ( 'NONE', #1534, 1000.000000000000000 ) ;
#852 = ORIENTED_EDGE ( 'NONE', *, *, #4107, .T. ) ;
#853 = LINE ( 'NONE', #3034, #754 ) ;
#854 = ORIENTED_EDGE ( 'NONE', *, *, #3672, .F. ) ;
#855 = DIRECTION ( 'NONE',  ( 1.000000000000000000, -0.000000000000000000, -0.000000000000000000 ) ) ;
#856 = EDGE_CURVE ( 'NONE', #1926, #2612, #1846, .T. ) ;
#857 = PLANE ( 'NONE',  #4502 ) ;
#858 = ORIENTED_EDGE ( 'NONE', *, *, #98, .F. ) ;
#859 = DIRECTION ( 'NONE',  ( -1.000000000000000000, -0.000000000000000000, -0.000000000000000000 ) ) ;
#860 = CARTESIAN_POINT ( 'NONE',  ( -0.1249999999999998890, 0.000000000000000000, 0.6750000000000000444 ) ) ;
#861 = LINE ( 'NONE', #2232, #3798 ) ;
#862 = ORIENTED_EDGE ( 'NONE', *, *, #3521, .T. ) ;
#863 = ORIENTED_EDGE ( 'NONE', *, *, #3254, .T. ) ;
#864 = ORIENTED_EDGE ( 'NONE', *, *, #3353, .T. ) ;
#865 = CARTESIAN_POINT ( 'NONE',  ( 0.3750000000000001110, 0.1000000000000000056, -0.6750000000000000444 ) ) ;
#866 = EDGE_CURVE ( 'NONE', #4394, #770, #2599, .T. ) ;
#867 = CARTESIAN_POINT ( 'NONE',  ( 1.399999999999984812, 0.1000000000000000056, 0.6249999999999991118 ) ) ;
#868 = CARTESIAN_POINT ( 'NONE',  ( 0.000000000000000000, 0.1000000000000000056, 0.000000000000000000 ) ) ;
#869 =( LENGTH_UNIT ( ) NAMED_UNIT ( * ) SI_UNIT ( .MILLI., .METRE. ) );
#870 = LINE ( 'NONE', #1975, #2044 ) ;
#871 = CARTESIAN_POINT ( 'NONE',  ( 0.9249999999999900524, 0.000000000000000000, 0.1249999999999995698 ) ) ;
#872 = LINE ( 'NONE', #3782, #1497 ) ;
#873 = VECTOR ( 'NONE', #580, 1000.000000000000000 ) ;
#874 = CARTESIAN_POINT ( 'NONE',  ( -0.9250000000000004885, 0.1000000000000000056, -0.7500000000000000000 ) ) ;
#875 = ORIENTED_EDGE ( 'NONE', *, *, #690, .T. ) ;
#876 = CARTESIAN_POINT ( 'NONE',  ( 0.9249999999999900524, 0.1000000000000000056, 0.1249999999999995698 ) ) ;
#877 = VECTOR ( 'NONE', #678, 1000.000000000000000 ) ;
#878 = ORIENTED_EDGE ( 'NONE', *, *, #2702, .T. ) ;
#879 =( GEOMETRIC_REPRESENTATION_CONTEXT ( 3 ) GLOBAL_UNCERTAINTY_ASSIGNED_CONTEXT ( ( #4180 ) ) GLOBAL_UNIT_ASSIGNED_CONTEXT ( ( #1645, #4595, #4243 ) ) REPRESENTATION_CONTEXT ( 'NONE', 'WORKASPACE' ) );
#880 = DIRECTION ( 'NONE',  ( -4.565061778886335030E-16, 0.000000000000000000, 1.000000000000000000 ) ) ;
#881 = VERTEX_POINT ( 'NONE', #3851 ) ;
#882 = LINE ( 'NONE', #457, #276 ) ;
#883 = DIRECTION ( 'NONE',  ( 1.561251128378871110E-14, 0.000000000000000000, 1.000000000000000000 ) ) ;
#884 = ADVANCED_FACE ( 'NONE', ( #909 ), #4153, .T. ) ;
#885 = ORIENTED_EDGE ( 'NONE', *, *, #2792, .F. ) ;
#886 = VECTOR ( 'NONE', #4094, 1000.000000000000000 ) ;
#887 = VERTEX_POINT ( 'NONE', #3433 ) ;
#888 = DIRECTION ( 'NONE',  ( -1.000000000000000000, 0.000000000000000000, 1.040834085586232720E-14 ) ) ;
#889 = CARTESIAN_POINT ( 'NONE',  ( -1.399999999999984812, 0.1000000000000000056, 0.6250000000000000000 ) ) ;
#890 = LINE ( 'NONE', #3689, #4244 ) ;
#891 = VECTOR ( 'NONE', #2335, 1000.000000000000000 ) ;
#892 = AXIS2_PLACEMENT_3D ( 'NONE', #3890, #2144, #3188 ) ;
#893 = EDGE_CURVE ( 'NONE', #322, #4292, #2393, .T. ) ;
#894 = SURFACE_STYLE_USAGE ( .BOTH. , #3462 ) ;
#895 = ORIENTED_EDGE ( 'NONE', *, *, #163, .F. ) ;
#896 = DIRECTION ( 'NONE',  ( -4.565061778886335030E-16, 0.000000000000000000, -1.000000000000000000 ) ) ;
#897 = AXIS2_PLACEMENT_3D ( 'NONE', #3413, #3140, #2714 ) ;
#898 = LINE ( 'NONE', #1037, #1427 ) ;
#899 = CARTESIAN_POINT ( 'NONE',  ( 1.400000000000000355, 0.1000000000000000056, -0.6250000000000000000 ) ) ;
#900 = EDGE_CURVE ( 'NONE', #2875, #2526, #3796, .T. ) ;
#901 = MECHANICAL_DESIGN_GEOMETRIC_PRESENTATION_REPRESENTATION (  '', ( #3112 ), #135 ) ;
#902 = CARTESIAN_POINT ( 'NONE',  ( -0.3749999999999998890, 0.000000000000000000, -1.149999999999999911 ) ) ;
#903 = ORIENTED_EDGE ( 'NONE', *, *, #3000, .T. ) ;
#904 = PLANE ( 'NONE',  #743 ) ;
#905 = AXIS2_PLACEMENT_3D ( 'NONE', #4061, #3706, #774 ) ;
#906 = ORIENTED_EDGE ( 'NONE', *, *, #946, .T. ) ;
#907 = CARTESIAN_POINT ( 'NONE',  ( 0.1250000000000001110, 0.1000000000000000056, -1.149999999999999911 ) ) ;
#908 = ORIENTED_EDGE ( 'NONE', *, *, #3812, .F. ) ;
#909 = FACE_OUTER_BOUND ( 'NONE', #1654, .T. ) ;
#910 = SURFACE_STYLE_FILL_AREA ( #2729 ) ;
#911 = ORIENTED_EDGE ( 'NONE', *, *, #4407, .F. ) ;
#912 = ORIENTED_EDGE ( 'NONE', *, *, #4732, .F. ) ;
#913 = ORIENTED_EDGE ( 'NONE', *, *, #4325, .F. ) ;
#914 = CARTESIAN_POINT ( 'NONE',  ( 0.9249999999999900524, 0.1000000000000000056, 0.1249999999999995698 ) ) ;
#915 = CARTESIAN_POINT ( 'NONE',  ( -0.3749999999999998890, 0.1000000000000000056, -1.149999999999999911 ) ) ;
#916 = CARTESIAN_POINT ( 'NONE',  ( 0.9249999999999952704, 0.1000000000000000056, -0.3750000000000002220 ) ) ;
#917 = LINE ( 'NONE', #558, #4002 ) ;
#918 = DIRECTION ( 'NONE',  ( 0.000000000000000000, 0.000000000000000000, 1.000000000000000000 ) ) ;
#919 = EDGE_CURVE ( 'NONE', #4292, #1362, #1677, .T. ) ;
#920 = CARTESIAN_POINT ( 'NONE',  ( -0.1250000000000001110, 0.000000000000000000, -1.149999999999999911 ) ) ;
#921 = PLANE ( 'NONE',  #2192 ) ;
#922 = DIRECTION ( 'NONE',  ( 0.000000000000000000, 0.000000000000000000, 1.000000000000000000 ) ) ;
#923 = CARTESIAN_POINT ( 'NONE',  ( 0.1250000000000001110, 0.1000000000000000056, 1.149999999999999911 ) ) ;
#924 = EDGE_CURVE ( 'NONE', #2903, #4393, #1631, .T. ) ;
#925 = VERTEX_POINT ( 'NONE', #3129 ) ;
#926 = ADVANCED_FACE ( 'NONE', ( #3108 ), #4557, .F. ) ;
#927 = VERTEX_POINT ( 'NONE', #572 ) ;
#928 = AXIS2_PLACEMENT_3D ( 'NONE', #2616, #1863, #1142 ) ;
#929 = LINE ( 'NONE', #255, #4053 ) ;
#930 = DIRECTION ( 'NONE',  ( 0.000000000000000000, 0.000000000000000000, -1.000000000000000000 ) ) ;
#931 = VERTEX_POINT ( 'NONE', #216 ) ;
#932 = DIRECTION ( 'NONE',  ( 7.509526626267981124E-14, -0.000000000000000000, 1.000000000000000000 ) ) ;
#933 = AXIS2_PLACEMENT_3D ( 'NONE', #2260, #819, #3389 ) ;
#934 = DIRECTION ( 'NONE',  ( 0.000000000000000000, 0.000000000000000000, 1.000000000000000000 ) ) ;
#935 = APPLICATION_PROTOCOL_DEFINITION ( 'draft international standard', 'automotive_design', 1998, #4451 ) ;
#936 = VERTEX_POINT ( 'NONE', #2728 ) ;
#937 = ORIENTED_EDGE ( 'NONE', *, *, #2749, .T. ) ;
#938 = ORIENTED_EDGE ( 'NONE', *, *, #2176, .T. ) ;
#939 = CARTESIAN_POINT ( 'NONE',  ( -0.9249999999999900524, 0.1000000000000000056, 0.3750000000000000000 ) ) ;
#940 = DIRECTION ( 'NONE',  ( -1.000000000000000000, 0.000000000000000000, 4.565061778886335030E-16 ) ) ;
#941 = CARTESIAN_POINT ( 'NONE',  ( -0.6249999999999642508, 0.1000000000000000056, 1.150000000000002576 ) ) ;
#942 = CARTESIAN_POINT ( 'NONE',  ( -0.1250000000000001110, 0.1000000000000000056, 1.149999999999999911 ) ) ;
#943 = CARTESIAN_POINT ( 'NONE',  ( -0.6250000000000001110, 0.1000000000000000056, -1.149999999999999911 ) ) ;
#944 = FACE_OUTER_BOUND ( 'NONE', #2547, .T. ) ;
#945 = DIRECTION ( 'NONE',  ( 1.000000000000000000, 0.000000000000000000, 0.000000000000000000 ) ) ;
#946 = EDGE_CURVE ( 'NONE', #2007, #2597, #146, .T. ) ;
#947 = VERTEX_POINT ( 'NONE', #4603 ) ;
#948 = DIRECTION ( 'NONE',  ( -0.000000000000000000, -1.000000000000000000, -0.000000000000000000 ) ) ;
#949 = ORIENTED_EDGE ( 'NONE', *, *, #690, .F. ) ;
#950 = EDGE_CURVE ( 'NONE', #1311, #4328, #1288, .T. ) ;
#951 = CARTESIAN_POINT ( 'NONE',  ( -1.200000000000000622, 0.7800000000000000266, -1.000000000000000222 ) ) ;
#952 = AXIS2_PLACEMENT_3D ( 'NONE', #1193, #2297, #1867 ) ;
#953 = VERTEX_POINT ( 'NONE', #3518 ) ;
#954 = CARTESIAN_POINT ( 'NONE',  ( 0.9249999999999966027, 0.000000000000000000, -0.8750000000000408562 ) ) ;
#955 = ORIENTED_EDGE ( 'NONE', *, *, #2824, .F. ) ;
#956 = ORIENTED_EDGE ( 'NONE', *, *, #2385, .F. ) ;
#957 = EDGE_LOOP ( 'NONE', ( #2442, #4286, #4745, #4712 ) ) ;
#958 = LINE ( 'NONE', #2876, #3792 ) ;
#959 = AXIS2_PLACEMENT_3D ( 'NONE', #3091, #3115, #223 ) ;
#960 = FACE_OUTER_BOUND ( 'NONE', #981, .T. ) ;
#961 = DIRECTION ( 'NONE',  ( 1.000000000000000000, 0.000000000000000000, 0.000000000000000000 ) ) ;
#962 = DIRECTION ( 'NONE',  ( 0.000000000000000000, -1.000000000000000000, 0.000000000000000000 ) ) ;
#963 = VECTOR ( 'NONE', #2528, 1000.000000000000000 ) ;
#964 = CARTESIAN_POINT ( 'NONE',  ( 0.3749999999999998890, 0.1000000000000000056, -1.149999999999999911 ) ) ;
#965 = ORIENTED_EDGE ( 'NONE', *, *, #1293, .F. ) ;
#966 = CARTESIAN_POINT ( 'NONE',  ( -0.6249999999999642508, 0.1000000000000000056, 1.150000000000002576 ) ) ;
#967 = LINE ( 'NONE', #2430, #3103 ) ;
#968 = DIRECTION ( 'NONE',  ( 1.000000000000000000, 0.000000000000000000, 0.000000000000000000 ) ) ;
#969 = AXIS2_PLACEMENT_3D ( 'NONE', #3302, #4029, #2586 ) ;
#970 = VECTOR ( 'NONE', #1236, 1000.000000000000000 ) ;
#971 = ORIENTED_EDGE ( 'NONE', *, *, #2678, .F. ) ;
#972 = DIRECTION ( 'NONE',  ( 0.000000000000000000, 1.000000000000000000, 0.000000000000000000 ) ) ;
#973 = VECTOR ( 'NONE', #4232, 1000.000000000000000 ) ;
#974 = AXIS2_PLACEMENT_3D ( 'NONE', #402, #3009, #4435 ) ;
#975 = VERTEX_POINT ( 'NONE', #236 ) ;
#976 = DIRECTION ( 'NONE',  ( 4.565061778886335030E-16, 0.000000000000000000, 1.000000000000000000 ) ) ;
#977 = DIRECTION ( 'NONE',  ( 4.565061778886335030E-16, -0.000000000000000000, -1.000000000000000000 ) ) ;
#978 = ADVANCED_FACE ( 'NONE', ( #1610 ), #1701, .T. ) ;
#979 = VECTOR ( 'NONE', #3870, 1000.000000000000000 ) ;
#980 = EDGE_CURVE ( 'NONE', #1635, #2583, #2796, .T. ) ;
#981 = EDGE_LOOP ( 'NONE', ( #3594, #1100, #1024, #4489 ) ) ;
#982 = CARTESIAN_POINT ( 'NONE',  ( 0.6250000000000001110, 0.1000000000000000056, -1.149999999999999911 ) ) ;
#983 = VERTEX_POINT ( 'NONE', #504 ) ;
#984 = ORIENTED_EDGE ( 'NONE', *, *, #2240, .F. ) ;
#985 = ORIENTED_EDGE ( 'NONE', *, *, #3737, .T. ) ;
#986 = DIRECTION ( 'NONE',  ( 0.000000000000000000, -1.000000000000000000, 0.000000000000000000 ) ) ;
#987 = EDGE_CURVE ( 'NONE', #289, #2700, #3063, .T. ) ;
#988 = DIRECTION ( 'NONE',  ( 0.000000000000000000, -0.000000000000000000, 1.000000000000000000 ) ) ;
#989 = CARTESIAN_POINT ( 'NONE',  ( 1.399999999999984812, 0.1000000000000000056, 0.8749999999999991118 ) ) ;
#990 = DIRECTION ( 'NONE',  ( 4.565061778886335030E-16, 0.000000000000000000, 1.000000000000000000 ) ) ;
#991 = ORIENTED_EDGE ( 'NONE', *, *, #1125, .T. ) ;
#992 = LINE ( 'NONE', #3261, #3574 ) ;
#993 = CARTESIAN_POINT ( 'NONE',  ( -0.6249999999999998890, 0.1000000000000000056, -0.6750000000000000444 ) ) ;
#994 = FILL_AREA_STYLE ('',( #204 ) ) ;
#995 = CARTESIAN_POINT ( 'NONE',  ( 0.1250000000000001110, 0.000000000000000000, -1.149999999999999911 ) ) ;
#996 = ORIENTED_EDGE ( 'NONE', *, *, #4166, .T. ) ;
#997 = PLANE ( 'NONE',  #1344 ) ;
#998 = ORIENTED_EDGE ( 'NONE', *, *, #626, .T. ) ;
#999 = DIRECTION ( 'NONE',  ( 0.000000000000000000, 1.000000000000000000, 0.000000000000000000 ) ) ;
#1000 = ORIENTED_EDGE ( 'NONE', *, *, #3452, .F. ) ;
#1001 = AXIS2_PLACEMENT_3D ( 'NONE', #5, #1450, #1762 ) ;
#1002 = DIRECTION ( 'NONE',  ( 1.000000000000000000, 0.000000000000000000, 0.000000000000000000 ) ) ;
#1003 = ADVANCED_FACE ( 'NONE', ( #531 ), #1988, .T. ) ;
#1004 = VECTOR ( 'NONE', #2912, 1000.000000000000000 ) ;
#1005 = ORIENTED_EDGE ( 'NONE', *, *, #3164, .T. ) ;
#1006 = PLANE ( 'NONE',  #3854 ) ;
#1007 = CARTESIAN_POINT ( 'NONE',  ( -1.399999999999989919, 0.1000000000000000056, 0.1250000000000000000 ) ) ;
#1008 = DIRECTION ( 'NONE',  ( 0.000000000000000000, 1.000000000000000000, 0.000000000000000000 ) ) ;
#1009 = EDGE_CURVE ( 'NONE', #2139, #2573, #2222, .T. ) ;
#1010 = EDGE_CURVE ( 'NONE', #3438, #4744, #4673, .T. ) ;
#1011 = CARTESIAN_POINT ( 'NONE',  ( 1.399999999999989919, 0.000000000000000000, 0.1249999999999995698 ) ) ;
#1012 = ORIENTED_EDGE ( 'NONE', *, *, #2625, .F. ) ;
#1013 = DIRECTION ( 'NONE',  ( -1.000000000000000000, -0.000000000000000000, -0.000000000000000000 ) ) ;
#1014 = LINE ( 'NONE', #2120, #3251 ) ;
#1015 = CARTESIAN_POINT ( 'NONE',  ( -1.400000000000000355, 0.1000000000000000056, -0.6250000000000000000 ) ) ;
#1016 = LINE ( 'NONE', #2019, #4326 ) ;
#1017 = ORIENTED_EDGE ( 'NONE', *, *, #513, .F. ) ;
#1018 = DIRECTION ( 'NONE',  ( 1.000000000000000000, 0.000000000000000000, -0.000000000000000000 ) ) ;
#1019 = EDGE_LOOP ( 'NONE', ( #1882, #3296, #598, #1026 ) ) ;
#1020 = LINE ( 'NONE', #2487, #2967 ) ;
#1021 = VERTEX_POINT ( 'NONE', #2083 ) ;
#1022 = VECTOR ( 'NONE', #2779, 1000.000000000000000 ) ;
#1023 = PLANE ( 'NONE',  #3915 ) ;
#1024 = ORIENTED_EDGE ( 'NONE', *, *, #3503, .F. ) ;
#1025 = VECTOR ( 'NONE', #4582, 1000.000000000000000 ) ;
#1026 = ORIENTED_EDGE ( 'NONE', *, *, #1912, .T. ) ;
#1027 =( NAMED_UNIT ( * ) PLANE_ANGLE_UNIT ( ) SI_UNIT ( $, .RADIAN. ) );
#1028 = DIRECTION ( 'NONE',  ( 1.000000000000000000, 0.000000000000000000, -0.000000000000000000 ) ) ;
#1029 = DIRECTION ( 'NONE',  ( -1.000000000000000000, -0.000000000000000000, -0.000000000000000000 ) ) ;
#1030 = COLOUR_RGB ( '',1.000000000000000000, 0.8117647058823529438, 0.5019607843137254832 ) ;
#1031 = ORIENTED_EDGE ( 'NONE', *, *, #4259, .F. ) ;
#1032 = CARTESIAN_POINT ( 'NONE',  ( 0.3749999999999998890, 0.000000000000000000, -1.149999999999999911 ) ) ;
#1033 = VECTOR ( 'NONE', #932, 1000.000000000000000 ) ;
#1034 = ORIENTED_EDGE ( 'NONE', *, *, #2303, .T. ) ;
#1035 = CARTESIAN_POINT ( 'NONE',  ( -0.3750000000000001110, 0.1000000000000000056, -0.6750000000000000444 ) ) ;
#1036 = EDGE_CURVE ( 'NONE', #2007, #4501, #258, .T. ) ;
#1037 = CARTESIAN_POINT ( 'NONE',  ( 1.399999999999996581, 0.1000000000000000056, -0.8750000000000557332 ) ) ;
#1038 = CARTESIAN_POINT ( 'NONE',  ( 0.9249999999999952704, 0.1000000000000000056, -0.3750000000000002220 ) ) ;
#1039 =( LENGTH_UNIT ( ) NAMED_UNIT ( * ) SI_UNIT ( .MILLI., .METRE. ) );
#1040 = ADVANCED_FACE ( 'NONE', ( #4309 ), #2848, .T. ) ;
#1041 = VECTOR ( 'NONE', #1342, 1000.000000000000000 ) ;
#1042 = DIRECTION ( 'NONE',  ( 1.000000000000000000, 0.000000000000000000, 0.000000000000000000 ) ) ;
#1043 = VERTEX_POINT ( 'NONE', #1723 ) ;
#1044 = DIRECTION ( 'NONE',  ( -4.565061778886335030E-16, 0.000000000000000000, 1.000000000000000000 ) ) ;
#1045 = LINE ( 'NONE', #3273, #3341 ) ;
#1046 = ADVANCED_FACE ( 'NONE', ( #3655 ), #1023, .F. ) ;
#1047 = EDGE_CURVE ( 'NONE', #3179, #3285, #2611, .T. ) ;
#1048 = ORIENTED_EDGE ( 'NONE', *, *, #3146, .T. ) ;
#1049 = VECTOR ( 'NONE', #1492, 1000.000000000000000 ) ;
#1050 = DIRECTION ( 'NONE',  ( -0.000000000000000000, -0.000000000000000000, -1.000000000000000000 ) ) ;
#1051 = PRESENTATION_LAYER_ASSIGNMENT (  '', '', ( #436 ) ) ;
#1052 = FACE_OUTER_BOUND ( 'NONE', #4708, .T. ) ;
#1053 = ORIENTED_EDGE ( 'NONE', *, *, #1091, .T. ) ;
#1054 = VECTOR ( 'NONE', #2908, 1000.000000000000000 ) ;
#1055 = ORIENTED_EDGE ( 'NONE', *, *, #1131, .T. ) ;
#1056 = SURFACE_STYLE_FILL_AREA ( #2065 ) ;
#1057 = FACE_OUTER_BOUND ( 'NONE', #3815, .T. ) ;
#1058 = PLANE ( 'NONE',  #2666 ) ;
#1059 = VERTEX_POINT ( 'NONE', #287 ) ;
#1060 = VERTEX_POINT ( 'NONE', #3933 ) ;
#1061 = DIRECTION ( 'NONE',  ( 0.000000000000000000, -1.000000000000000000, 0.000000000000000000 ) ) ;
#1062 = ORIENTED_EDGE ( 'NONE', *, *, #2303, .F. ) ;
#1063 = CARTESIAN_POINT ( 'NONE',  ( -1.399999999999989919, 0.1000000000000000056, 0.1250000000000000000 ) ) ;
#1064 = CARTESIAN_POINT ( 'NONE',  ( -1.400000000000000355, 0.1000000000000000056, -0.8750000000000000000 ) ) ;
#1065 = DIRECTION ( 'NONE',  ( 0.000000000000000000, 1.000000000000000000, -0.000000000000000000 ) ) ;
#1066 = EDGE_CURVE ( 'NONE', #3945, #4394, #4051, .T. ) ;
#1067 = CARTESIAN_POINT ( 'NONE',  ( 0.1250000000000001110, 0.1000000000000000056, 1.149999999999999911 ) ) ;
#1068 = EDGE_LOOP ( 'NONE', ( #391, #2969, #1771, #4258 ) ) ;
#1069 = DIRECTION ( 'NONE',  ( 0.000000000000000000, -0.000000000000000000, 1.000000000000000000 ) ) ;
#1070 = CARTESIAN_POINT ( 'NONE',  ( 0.9249999999999952704, 0.1000000000000000056, -0.3750000000000002220 ) ) ;
#1071 = ADVANCED_FACE ( 'NONE', ( #2942 ), #785, .T. ) ;
#1072 = DIRECTION ( 'NONE',  ( 0.000000000000000000, 0.000000000000000000, 1.000000000000000000 ) ) ;
#1073 = ADVANCED_FACE ( 'NONE', ( #382 ), #1836, .F. ) ;
#1074 = ORIENTED_EDGE ( 'NONE', *, *, #3846, .F. ) ;
#1075 = ORIENTED_EDGE ( 'NONE', *, *, #430, .T. ) ;
#1076 = ORIENTED_EDGE ( 'NONE', *, *, #2946, .F. ) ;
#1077 = DIRECTION ( 'NONE',  ( 1.000000000000000000, 0.000000000000000000, -3.127067318537139569E-14 ) ) ;
#1078 = FACE_OUTER_BOUND ( 'NONE', #2112, .T. ) ;
#1079 = FILL_AREA_STYLE_COLOUR ( '', #2663 ) ;
#1080 = ORIENTED_EDGE ( 'NONE', *, *, #1953, .T. ) ;
#1081 = ORIENTED_EDGE ( 'NONE', *, *, #2446, .T. ) ;
#1082 = LINE ( 'NONE', #1190, #286 ) ;
#1083 = ORIENTED_EDGE ( 'NONE', *, *, #225, .F. ) ;
#1084 = FACE_OUTER_BOUND ( 'NONE', #3405, .T. ) ;
#1085 = FACE_OUTER_BOUND ( 'NONE', #2460, .T. ) ;
#1086 = SURFACE_SIDE_STYLE ('',( #3648 ) ) ;
#1087 =( NAMED_UNIT ( * ) PLANE_ANGLE_UNIT ( ) SI_UNIT ( $, .RADIAN. ) );
#1088 = EDGE_LOOP ( 'NONE', ( #4674, #3980, #1182, #1650 ) ) ;
#1089 = DIRECTION ( 'NONE',  ( 0.000000000000000000, -1.000000000000000000, 0.000000000000000000 ) ) ;
#1090 = CARTESIAN_POINT ( 'NONE',  ( -1.500000000000000444, 0.8299999999999999600, 1.250000000000000000 ) ) ;
#1091 = EDGE_CURVE ( 'NONE', #615, #4599, #3318, .T. ) ;
#1092 = VERTEX_POINT ( 'NONE', #4402 ) ;
#1093 = DIRECTION ( 'NONE',  ( -1.000000000000000000, 0.000000000000000000, 0.000000000000000000 ) ) ;
#1094 = ORIENTED_EDGE ( 'NONE', *, *, #4556, .F. ) ;
#1095 = EDGE_CURVE ( 'NONE', #2995, #1290, #1109, .T. ) ;
#1096 = ORIENTED_EDGE ( 'NONE', *, *, #1829, .F. ) ;
#1097 = CARTESIAN_POINT ( 'NONE',  ( -0.9249999999999952704, 0.1000000000000000056, -0.3750000000000000000 ) ) ;
#1098 = LINE ( 'NONE', #1365, #185 ) ;
#1099 = LINE ( 'NONE', #3310, #4579 ) ;
#1100 = ORIENTED_EDGE ( 'NONE', *, *, #3585, .F. ) ;
#1101 = EDGE_CURVE ( 'NONE', #3749, #503, #1503, .T. ) ;
#1102 = EDGE_LOOP ( 'NONE', ( #4001, #622, #3800, #1791 ) ) ;
#1103 = FACE_OUTER_BOUND ( 'NONE', #3993, .T. ) ;
#1104 = DIRECTION ( 'NONE',  ( -1.000000000000000000, 0.000000000000000000, -0.000000000000000000 ) ) ;
#1105 = CYLINDRICAL_SURFACE ( 'NONE', #4179, 0.1250000000000002220 ) ;
#1106 = EDGE_LOOP ( 'NONE', ( #4718, #99, #147, #1850 ) ) ;
#1107 = CARTESIAN_POINT ( 'NONE',  ( -0.6250000000000001110, 0.000000000000000000, -1.149999999999999911 ) ) ;
#1108 = AXIS2_PLACEMENT_3D ( 'NONE', #4492, #1151, #1201 ) ;
#1109 = LINE ( 'NONE', #4026, #38 ) ;
#1110 = ORIENTED_EDGE ( 'NONE', *, *, #1859, .F. ) ;
#1111 = CARTESIAN_POINT ( 'NONE',  ( 1.399999999999996581, 0.1000000000000000056, -0.8750000000000557332 ) ) ;
#1112 = VECTOR ( 'NONE', #1137, 1000.000000000000000 ) ;
#1113 = LINE ( 'NONE', #4200, #891 ) ;
#1114 = VERTEX_POINT ( 'NONE', #1881 ) ;
#1115 = VECTOR ( 'NONE', #847, 1000.000000000000000 ) ;
#1116 = VECTOR ( 'NONE', #2655, 1000.000000000000000 ) ;
#1117 = UNCERTAINTY_MEASURE_WITH_UNIT (LENGTH_MEASURE( 1.000000000000000082E-05 ), #121, 'distance_accuracy_value', 'NONE');
#1118 = ADVANCED_FACE ( 'NONE', ( #2443 ), #3347, .F. ) ;
#1119 = EDGE_CURVE ( 'NONE', #3772, #1220, #4256, .T. ) ;
#1120 = ORIENTED_EDGE ( 'NONE', *, *, #628, .T. ) ;
#1121 = VECTOR ( 'NONE', #2308, 1000.000000000000000 ) ;
#1122 = VECTOR ( 'NONE', #834, 1000.000000000000000 ) ;
#1123 = ORIENTED_EDGE ( 'NONE', *, *, #1607, .F. ) ;
#1124 = CARTESIAN_POINT ( 'NONE',  ( -0.9249999999999952704, 0.1000000000000000056, -0.3750000000000000000 ) ) ;
#1125 = EDGE_CURVE ( 'NONE', #3285, #259, #2825, .T. ) ;
#1126 = DIRECTION ( 'NONE',  ( 1.000000000000000000, 0.000000000000000000, -1.040834085586232720E-14 ) ) ;
#1127 = DIRECTION ( 'NONE',  ( -1.000000000000000000, -0.000000000000000000, -0.000000000000000000 ) ) ;
#1128 = CIRCLE ( 'NONE', #2282, 0.1250000000000002220 ) ;
#1129 = EDGE_LOOP ( 'NONE', ( #3936, #407, #3207, #1918 ) ) ;
#1130 = DIRECTION ( 'NONE',  ( 0.000000000000000000, 0.000000000000000000, 1.000000000000000000 ) ) ;
#1131 = EDGE_CURVE ( 'NONE', #3901, #169, #2654, .T. ) ;
#1132 = CARTESIAN_POINT ( 'NONE',  ( 1.399999999999989919, 0.1000000000000000056, 0.3749999999999991673 ) ) ;
#1133 = DIRECTION ( 'NONE',  ( 1.000000000000000000, -0.000000000000000000, -0.000000000000000000 ) ) ;
#1134 = FILL_AREA_STYLE ('',( #2262 ) ) ;
#1135 = VERTEX_POINT ( 'NONE', #3395 ) ;
#1136 = DIRECTION ( 'NONE',  ( 1.000000000000000000, 0.000000000000000000, 0.000000000000000000 ) ) ;
#1137 = DIRECTION ( 'NONE',  ( -1.000000000000000000, 0.000000000000000000, 0.000000000000000000 ) ) ;
#1138 = DIRECTION ( 'NONE',  ( -1.000000000000000000, -0.000000000000000000, -0.000000000000000000 ) ) ;
#1139 = ORIENTED_EDGE ( 'NONE', *, *, #3196, .T. ) ;
#1140 = PLANE ( 'NONE',  #3569 ) ;
#1141 = DIRECTION ( 'NONE',  ( 7.509526626267981124E-14, -0.000000000000000000, 1.000000000000000000 ) ) ;
#1142 = DIRECTION ( 'NONE',  ( 1.000000000000000000, 0.000000000000000000, -3.097720492815694724E-15 ) ) ;
#1143 = ORIENTED_EDGE ( 'NONE', *, *, #1886, .T. ) ;
#1144 = EDGE_LOOP ( 'NONE', ( #1241, #443, #3450, #317 ) ) ;
#1145 = PLANE ( 'NONE',  #2957 ) ;
#1146 = LINE ( 'NONE', #434, #2564 ) ;
#1147 = CARTESIAN_POINT ( 'NONE',  ( -1.399999999999989919, 0.000000000000000000, 0.1250000000000000000 ) ) ;
#1148 = EDGE_CURVE ( 'NONE', #4188, #1994, #2631, .T. ) ;
#1149 = CARTESIAN_POINT ( 'NONE',  ( 1.400000000000000355, 0.1000000000000000056, -0.6250000000000000000 ) ) ;
#1150 = ADVANCED_FACE ( 'NONE', ( #2310 ), #3029, .F. ) ;
#1151 = DIRECTION ( 'NONE',  ( -1.000000000000000000, 0.000000000000000000, 4.565061778886335030E-16 ) ) ;
#1152 = VECTOR ( 'NONE', #2152, 1000.000000000000000 ) ;
#1153 = ADVANCED_FACE ( 'NONE', ( #4521 ), #542, .F. ) ;
#1154 = CARTESIAN_POINT ( 'NONE',  ( -1.399999999999995248, 0.1000000000000000056, -0.3750000000000000000 ) ) ;
#1155 = ORIENTED_EDGE ( 'NONE', *, *, #4671, .F. ) ;
#1156 = LINE ( 'NONE', #2629, #2898 ) ;
#1157 = CARTESIAN_POINT ( 'NONE',  ( 0.3749999999999998890, 0.1000000000000000056, 1.149999999999999911 ) ) ;
#1158 = DIRECTION ( 'NONE',  ( 0.000000000000000000, 0.000000000000000000, 1.000000000000000000 ) ) ;
#1159 = CARTESIAN_POINT ( 'NONE',  ( -1.399999999999989919, 0.1000000000000000056, 0.3750000000000000000 ) ) ;
#1160 = LINE ( 'NONE', #1933, #4426 ) ;
#1161 = UNCERTAINTY_MEASURE_WITH_UNIT (LENGTH_MEASURE( 1.000000000000000082E-05 ), #152, 'distance_accuracy_value', 'NONE');
#1162 = VERTEX_POINT ( 'NONE', #4145 ) ;
#1163 = CARTESIAN_POINT ( 'NONE',  ( -1.399999999999989919, 0.000000000000000000, 0.1250000000000000000 ) ) ;
#1164 = SURFACE_STYLE_USAGE ( .BOTH. , #1 ) ;
#1165 = ORIENTED_EDGE ( 'NONE', *, *, #2032, .T. ) ;
#1166 = LINE ( 'NONE', #2179, #2026 ) ;
#1167 = LINE ( 'NONE', #2641, #1946 ) ;
#1168 = LINE ( 'NONE', #2255, #1280 ) ;
#1169 = EDGE_CURVE ( 'NONE', #1711, #2084, #872, .T. ) ;
#1170 = ORIENTED_EDGE ( 'NONE', *, *, #2679, .F. ) ;
#1171 = DIRECTION ( 'NONE',  ( 0.000000000000000000, -1.000000000000000000, 0.000000000000000000 ) ) ;
#1172 = CARTESIAN_POINT ( 'NONE',  ( 0.9249999999999966027, 0.000000000000000000, -0.8750000000000408562 ) ) ;
#1173 = DIRECTION ( 'NONE',  ( -0.000000000000000000, -1.000000000000000000, -0.000000000000000000 ) ) ;
#1174 = EDGE_CURVE ( 'NONE', #259, #3810, #4096, .T. ) ;
#1175 = VECTOR ( 'NONE', #3362, 1000.000000000000000 ) ;
#1176 = EDGE_CURVE ( 'NONE', #835, #1455, #493, .T. ) ;
#1177 = EDGE_LOOP ( 'NONE', ( #4448, #2081, #1376, #1458 ) ) ;
#1178 = LINE ( 'NONE', #1527, #2667 ) ;
#1179 = FACE_OUTER_BOUND ( 'NONE', #4082, .T. ) ;
#1180 = CARTESIAN_POINT ( 'NONE',  ( 1.499999999999999556, 0.8299999999999999600, 1.250000000000000000 ) ) ;
#1181 = STYLED_ITEM ( 'NONE', ( #269 ), #1245 ) ;
#1182 = ORIENTED_EDGE ( 'NONE', *, *, #2632, .F. ) ;
#1183 = DIRECTION ( 'NONE',  ( -1.000000000000000000, 0.000000000000000000, 1.561251128378778340E-14 ) ) ;
#1184 = ADVANCED_FACE ( 'NONE', ( #111 ), #519, .F. ) ;
#1185 = CARTESIAN_POINT ( 'NONE',  ( -0.9249999999999952704, 0.1000000000000000056, -0.3750000000000000000 ) ) ;
#1186 = MECHANICAL_DESIGN_GEOMETRIC_PRESENTATION_REPRESENTATION (  '', ( #4331 ), #2572 ) ;
#1187 = ADVANCED_FACE ( 'NONE', ( #1978 ), #3371, .F. ) ;
#1188 = DIRECTION ( 'NONE',  ( -1.000000000000000000, 0.000000000000000000, -0.000000000000000000 ) ) ;
#1189 = VECTOR ( 'NONE', #4359, 1000.000000000000000 ) ;
#1190 = CARTESIAN_POINT ( 'NONE',  ( 0.1249999999999998890, 0.1000000000000000056, 0.6750000000000000444 ) ) ;
#1191 = ORIENTED_EDGE ( 'NONE', *, *, #3981, .T. ) ;
#1192 = AXIS2_PLACEMENT_3D ( 'NONE', #3645, #268, #2861 ) ;
#1193 = CARTESIAN_POINT ( 'NONE',  ( -1.399999999999995248, 0.1000000000000000056, -0.3750000000000000000 ) ) ;
#1194 = DIRECTION ( 'NONE',  ( 1.000000000000000000, 0.000000000000000000, 0.000000000000000000 ) ) ;
#1195 = ORIENTED_EDGE ( 'NONE', *, *, #4583, .F. ) ;
#1196 = PRESENTATION_LAYER_ASSIGNMENT (  '', '', ( #4255 ) ) ;
#1197 = ORIENTED_EDGE ( 'NONE', *, *, #2088, .T. ) ;
#1198 = CARTESIAN_POINT ( 'NONE',  ( -1.400000000000000355, 0.1000000000000000056, -0.8750000000000000000 ) ) ;
#1199 = VECTOR ( 'NONE', #4539, 1000.000000000000000 ) ;
#1200 = VECTOR ( 'NONE', #333, 1000.000000000000000 ) ;
#1201 = DIRECTION ( 'NONE',  ( 4.565061778886335030E-16, 0.000000000000000000, 1.000000000000000000 ) ) ;
#1202 =( NAMED_UNIT ( * ) PLANE_ANGLE_UNIT ( ) SI_UNIT ( $, .RADIAN. ) );
#1203 = VECTOR ( 'NONE', #97, 1000.000000000000000 ) ;
#1204 = VECTOR ( 'NONE', #2483, 1000.000000000000000 ) ;
#1205 = DIRECTION ( 'NONE',  ( 4.565061778886335030E-16, -0.000000000000000000, -1.000000000000000000 ) ) ;
#1206 = CARTESIAN_POINT ( 'NONE',  ( -0.1250000000000001110, 0.1000000000000000056, 1.149999999999999911 ) ) ;
#1207 = DIRECTION ( 'NONE',  ( 0.000000000000000000, 1.000000000000000000, 0.000000000000000000 ) ) ;
#1208 = EDGE_CURVE ( 'NONE', #239, #2571, #2674, .T. ) ;
#1209 = ORIENTED_EDGE ( 'NONE', *, *, #479, .F. ) ;
#1210 = ADVANCED_FACE ( 'NONE', ( #4457 ), #2267, .T. ) ;
#1211 = DIRECTION ( 'NONE',  ( 0.000000000000000000, 0.000000000000000000, 1.000000000000000000 ) ) ;
#1212 = FACE_OUTER_BOUND ( 'NONE', #1499, .T. ) ;
#1213 = EDGE_CURVE ( 'NONE', #288, #3400, #2716, .T. ) ;
#1214 = EDGE_LOOP ( 'NONE', ( #3426, #3301, #4580, #1526 ) ) ;
#1215 = FACE_OUTER_BOUND ( 'NONE', #1221, .T. ) ;
#1216 = EDGE_CURVE ( 'NONE', #3989, #3901, #446, .T. ) ;
#1217 =( LENGTH_UNIT ( ) NAMED_UNIT ( * ) SI_UNIT ( .MILLI., .METRE. ) );
#1218 = EDGE_LOOP ( 'NONE', ( #4679, #2603, #720, #1396 ) ) ;
#1219 = DIRECTION ( 'NONE',  ( -0.000000000000000000, 1.000000000000000000, 0.000000000000000000 ) ) ;
#1220 = VERTEX_POINT ( 'NONE', #899 ) ;
#1221 = EDGE_LOOP ( 'NONE', ( #1703, #3661, #390, #2958 ) ) ;
#1222 = LINE ( 'NONE', #2688, #2811 ) ;
#1223 = DIRECTION ( 'NONE',  ( 4.565061778886335030E-16, -0.000000000000000000, -1.000000000000000000 ) ) ;
#1224 = DIRECTION ( 'NONE',  ( 0.000000000000000000, -0.000000000000000000, 1.000000000000000000 ) ) ;
#1225 = CARTESIAN_POINT ( 'NONE',  ( -0.6249999999999998890, 0.1000000000000000056, -0.6750000000000000444 ) ) ;
#1226 = DIRECTION ( 'NONE',  ( -0.000000000000000000, -0.000000000000000000, -1.000000000000000000 ) ) ;
#1227 = VECTOR ( 'NONE', #3560, 1000.000000000000000 ) ;
#1228 = DIRECTION ( 'NONE',  ( -4.565061778886335030E-16, 0.000000000000000000, -1.000000000000000000 ) ) ;
#1229 = ORIENTED_EDGE ( 'NONE', *, *, #3477, .F. ) ;
#1230 = CLOSED_SHELL ( 'NONE', ( #660, #575, #1184, #699, #2415, #1856 ) ) ;
#1231 = CARTESIAN_POINT ( 'NONE',  ( 1.400000000000000355, 0.1000000000000000056, -0.6250000000000000000 ) ) ;
#1232 = EDGE_LOOP ( 'NONE', ( #908, #4199, #1265, #389 ) ) ;
#1233 = EDGE_CURVE ( 'NONE', #2291, #975, #2358, .T. ) ;
#1234 = AXIS2_PLACEMENT_3D ( 'NONE', #3155, #606, #988 ) ;
#1235 = EDGE_LOOP ( 'NONE', ( #817, #661, #4015, #20 ) ) ;
#1236 = DIRECTION ( 'NONE',  ( -4.565061778886335030E-16, -0.000000000000000000, 1.000000000000000000 ) ) ;
#1237 = EDGE_LOOP ( 'NONE', ( #1460, #305, #3582, #3132 ) ) ;
#1238 = DIRECTION ( 'NONE',  ( 4.565061778886335030E-16, -0.000000000000000000, -1.000000000000000000 ) ) ;
#1239 =( NAMED_UNIT ( * ) PLANE_ANGLE_UNIT ( ) SI_UNIT ( $, .RADIAN. ) );
#1240 = ORIENTED_EDGE ( 'NONE', *, *, #543, .F. ) ;
#1241 = ORIENTED_EDGE ( 'NONE', *, *, #184, .T. ) ;
#1242 = VERTEX_POINT ( 'NONE', #3465 ) ;
#1243 = CARTESIAN_POINT ( 'NONE',  ( -0.6250000000000001110, 0.1000000000000000056, -1.149999999999999911 ) ) ;
#1244 = EDGE_CURVE ( 'NONE', #1363, #3871, #3743, .T. ) ;
#1245 = MANIFOLD_SOLID_BREP ( 'Boss-Extrude3[6]', #3306 ) ;
#1246 =( LENGTH_UNIT ( ) NAMED_UNIT ( * ) SI_UNIT ( .MILLI., .METRE. ) );
#1247 = SURFACE_STYLE_FILL_AREA ( #4167 ) ;
#1248 = ORIENTED_EDGE ( 'NONE', *, *, #1548, .T. ) ;
#1249 = CARTESIAN_POINT ( 'NONE',  ( -0.3749999999999998890, 0.1000000000000000056, 1.149999999999999911 ) ) ;
#1250 = CARTESIAN_POINT ( 'NONE',  ( -1.500000000000000444, 0.8299999999999999600, 1.250000000000000000 ) ) ;
#1251 = DIRECTION ( 'NONE',  ( 1.000000000000000000, 0.000000000000000000, -0.000000000000000000 ) ) ;
#1252 = VECTOR ( 'NONE', #261, 1000.000000000000000 ) ;
#1253 = FACE_OUTER_BOUND ( 'NONE', #3479, .T. ) ;
#1254 = CARTESIAN_POINT ( 'NONE',  ( -1.399999999999995248, 0.1000000000000000056, -0.1250000000000000000 ) ) ;
#1255 = AXIS2_PLACEMENT_3D ( 'NONE', #4367, #2496, #3985 ) ;
#1256 = ORIENTED_EDGE ( 'NONE', *, *, #3408, .F. ) ;
#1257 = CARTESIAN_POINT ( 'NONE',  ( -1.399999999999989919, 0.000000000000000000, 0.1250000000000000000 ) ) ;
#1258 = ORIENTED_EDGE ( 'NONE', *, *, #4040, .F. ) ;
#1259 = LINE ( 'NONE', #1609, #4165 ) ;
#1260 = DIRECTION ( 'NONE',  ( 0.000000000000000000, 1.000000000000000000, -0.000000000000000000 ) ) ;
#1261 = AXIS2_PLACEMENT_3D ( 'NONE', #3013, #4110, #1630 ) ;
#1262 = EDGE_LOOP ( 'NONE', ( #231, #1398, #1559, #461 ) ) ;
#1263 = EDGE_CURVE ( 'NONE', #4328, #3202, #501, .T. ) ;
#1264 = VECTOR ( 'NONE', #3676, 1000.000000000000000 ) ;
#1265 = ORIENTED_EDGE ( 'NONE', *, *, #2534, .T. ) ;
#1266 = CARTESIAN_POINT ( 'NONE',  ( -0.1250000000000001110, 0.1000000000000000056, -1.149999999999999911 ) ) ;
#1267 = DIRECTION ( 'NONE',  ( -0.000000000000000000, -0.000000000000000000, -1.000000000000000000 ) ) ;
#1268 = CARTESIAN_POINT ( 'NONE',  ( 0.9249999999999966027, 0.1000000000000000056, -0.8750000000000408562 ) ) ;
#1269 = CARTESIAN_POINT ( 'NONE',  ( 0.1249999999999998890, 0.000000000000000000, 0.6750000000000000444 ) ) ;
#1270 = AXIS2_PLACEMENT_3D ( 'NONE', #2164, #4633, #3620 ) ;
#1271 = VECTOR ( 'NONE', #3396, 1000.000000000000000 ) ;
#1272 = EDGE_CURVE ( 'NONE', #396, #3438, #1016, .T. ) ;
#1273 = ADVANCED_FACE ( 'NONE', ( #2050 ), #2405, .T. ) ;
#1274 = FACE_OUTER_BOUND ( 'NONE', #3885, .T. ) ;
#1275 = CARTESIAN_POINT ( 'NONE',  ( 0.1250000000000001110, 0.1000000000000000056, 1.149999999999999911 ) ) ;
#1276 = VECTOR ( 'NONE', #2709, 1000.000000000000000 ) ;
#1277 = DIRECTION ( 'NONE',  ( -0.000000000000000000, -1.000000000000000000, -0.000000000000000000 ) ) ;
#1278 = CARTESIAN_POINT ( 'NONE',  ( 0.3749999999999998890, 0.1000000000000000056, -1.149999999999999911 ) ) ;
#1279 = CARTESIAN_POINT ( 'NONE',  ( -1.399999999999984812, 0.1000000000000000056, 0.6250000000000000000 ) ) ;
#1280 = VECTOR ( 'NONE', #4135, 1000.000000000000000 ) ;
#1281 = DIRECTION ( 'NONE',  ( 0.000000000000000000, -1.000000000000000000, 0.000000000000000000 ) ) ;
#1282 = VERTEX_POINT ( 'NONE', #3532 ) ;
#1283 = DIRECTION ( 'NONE',  ( 1.000000000000000000, -0.000000000000000000, 4.565061778886335030E-16 ) ) ;
#1284 = DIRECTION ( 'NONE',  ( -1.000000000000000000, 0.000000000000000000, 0.000000000000000000 ) ) ;
#1285 = CARTESIAN_POINT ( 'NONE',  ( -0.9249999999999900524, 0.000000000000000000, 0.3750000000000000000 ) ) ;
#1286 = ORIENTED_EDGE ( 'NONE', *, *, #3649, .F. ) ;
#1287 = CARTESIAN_POINT ( 'NONE',  ( 1.499999999999999556, 0.8299999999999999600, -1.250000000000000000 ) ) ;
#1288 = LINE ( 'NONE', #4206, #416 ) ;
#1289 = ORIENTED_EDGE ( 'NONE', *, *, #2821, .F. ) ;
#1290 = VERTEX_POINT ( 'NONE', #229 ) ;
#1291 = VERTEX_POINT ( 'NONE', #1692 ) ;
#1292 = DIRECTION ( 'NONE',  ( -1.000000000000000000, -0.000000000000000000, -0.000000000000000000 ) ) ;
#1293 = EDGE_CURVE ( 'NONE', #1919, #3246, #3489, .T. ) ;
#1294 = CARTESIAN_POINT ( 'NONE',  ( 0.3749999999999998890, 0.1000000000000000056, -1.149999999999999911 ) ) ;
#1295 = DIRECTION ( 'NONE',  ( -0.000000000000000000, -1.000000000000000000, -0.000000000000000000 ) ) ;
#1296 = DIRECTION ( 'NONE',  ( -0.000000000000000000, -1.000000000000000000, -0.000000000000000000 ) ) ;
#1297 = CARTESIAN_POINT ( 'NONE',  ( 0.3750000000000001110, 0.000000000000000000, 0.6750000000000000444 ) ) ;
#1298 = LINE ( 'NONE', #4613, #2576 ) ;
#1299 = LINE ( 'NONE', #2432, #3886 ) ;
#1300 = CARTESIAN_POINT ( 'NONE',  ( -0.3749999999999998890, 0.1000000000000000056, 1.149999999999999911 ) ) ;
#1301 = ORIENTED_EDGE ( 'NONE', *, *, #3754, .F. ) ;
#1302 = DIRECTION ( 'NONE',  ( -1.000000000000000000, -0.000000000000000000, -0.000000000000000000 ) ) ;
#1303 = ORIENTED_EDGE ( 'NONE', *, *, #1036, .T. ) ;
#1304 = VECTOR ( 'NONE', #1558, 1000.000000000000000 ) ;
#1305 = DIRECTION ( 'NONE',  ( 0.000000000000000000, 0.000000000000000000, 1.000000000000000000 ) ) ;
#1306 = DIRECTION ( 'NONE',  ( 0.000000000000000000, 0.000000000000000000, 1.000000000000000000 ) ) ;
#1307 = ORIENTED_EDGE ( 'NONE', *, *, #3391, .T. ) ;
#1308 = DIRECTION ( 'NONE',  ( 0.000000000000000000, 0.000000000000000000, 1.000000000000000000 ) ) ;
#1309 = DIRECTION ( 'NONE',  ( -0.000000000000000000, 1.000000000000000000, -0.000000000000000000 ) ) ;
#1310 = SURFACE_STYLE_USAGE ( .BOTH. , #1702 ) ;
#1311 = VERTEX_POINT ( 'NONE', #2766 ) ;
#1312 = ORIENTED_EDGE ( 'NONE', *, *, #2272, .F. ) ;
#1313 = DIRECTION ( 'NONE',  ( 0.000000000000000000, 0.000000000000000000, 1.000000000000000000 ) ) ;
#1314 = LINE ( 'NONE', #989, #2350 ) ;
#1315 = DIRECTION ( 'NONE',  ( -1.000000000000000000, -0.000000000000000000, -0.000000000000000000 ) ) ;
#1316 = EDGE_LOOP ( 'NONE', ( #2299, #101, #4549, #4386 ) ) ;
#1317 = CARTESIAN_POINT ( 'NONE',  ( 0.9249999999999848344, 0.1000000000000000056, 0.6249999999999991118 ) ) ;
#1318 = CARTESIAN_POINT ( 'NONE',  ( 0.000000000000000000, 0.1000000000000000056, 0.000000000000000000 ) ) ;
#1319 = DIRECTION ( 'NONE',  ( 0.000000000000000000, -0.000000000000000000, 1.000000000000000000 ) ) ;
#1320 = EDGE_CURVE ( 'NONE', #1994, #2558, #3190, .T. ) ;
#1321 = ORIENTED_EDGE ( 'NONE', *, *, #128, .F. ) ;
#1322 = CARTESIAN_POINT ( 'NONE',  ( 1.399999999999989919, 0.1000000000000000056, 0.3749999999999991673 ) ) ;
#1323 = LINE ( 'NONE', #2701, #2155 ) ;
#1324 = CARTESIAN_POINT ( 'NONE',  ( -1.200000000000000622, 0.7800000000000000266, -1.000000000000000222 ) ) ;
#1325 = EDGE_CURVE ( 'NONE', #1864, #3638, #3893, .T. ) ;
#1326 = VECTOR ( 'NONE', #3564, 1000.000000000000000 ) ;
#1327 = ORIENTED_EDGE ( 'NONE', *, *, #163, .T. ) ;
#1328 = DIRECTION ( 'NONE',  ( 0.000000000000000000, -0.000000000000000000, 1.000000000000000000 ) ) ;
#1329 =( NAMED_UNIT ( * ) SI_UNIT ( $, .STERADIAN. ) SOLID_ANGLE_UNIT ( ) );
#1330 = ORIENTED_EDGE ( 'NONE', *, *, #3320, .T. ) ;
#1331 = VECTOR ( 'NONE', #1999, 1000.000000000000000 ) ;
#1332 = EDGE_LOOP ( 'NONE', ( #1143, #4137, #219, #2117 ) ) ;
#1333 = AXIS2_PLACEMENT_3D ( 'NONE', #408, #3634, #363 ) ;
#1334 = LINE ( 'NONE', #242, #2767 ) ;
#1335 = MANIFOLD_SOLID_BREP ( 'Boss-Extrude3[14]', #3530 ) ;
#1336 = CARTESIAN_POINT ( 'NONE',  ( -0.3750000000000001110, 0.1000000000000000056, 0.6750000000000000444 ) ) ;
#1337 = CARTESIAN_POINT ( 'NONE',  ( -1.399999999999989919, 0.1000000000000000056, 0.1250000000000000000 ) ) ;
#1338 = EDGE_LOOP ( 'NONE', ( #1632, #3973, #3173, #4151 ) ) ;
#1339 = VECTOR ( 'NONE', #518, 1000.000000000000000 ) ;
#1340 =( NAMED_UNIT ( * ) SI_UNIT ( $, .STERADIAN. ) SOLID_ANGLE_UNIT ( ) );
#1341 = PLANE ( 'NONE',  #3424 ) ;
#1342 = DIRECTION ( 'NONE',  ( 0.000000000000000000, -1.000000000000000000, 0.000000000000000000 ) ) ;
#1343 = FACE_OUTER_BOUND ( 'NONE', #1129, .T. ) ;
#1344 = AXIS2_PLACEMENT_3D ( 'NONE', #4304, #306, #1018 ) ;
#1345 = VECTOR ( 'NONE', #4065, 1000.000000000000000 ) ;
#1346 = DIRECTION ( 'NONE',  ( 1.000000000000000000, -0.000000000000000000, -0.000000000000000000 ) ) ;
#1347 = MANIFOLD_SOLID_BREP ( 'Boss-Extrude2', #3457 ) ;
#1348 = CARTESIAN_POINT ( 'NONE',  ( -0.1250000000000001110, 0.000000000000000000, -1.149999999999999911 ) ) ;
#1349 = VECTOR ( 'NONE', #3365, 1000.000000000000000 ) ;
#1350 = MECHANICAL_DESIGN_GEOMETRIC_PRESENTATION_REPRESENTATION (  '', ( #4255 ), #2890 ) ;
#1351 = ORIENTED_EDGE ( 'NONE', *, *, #1515, .F. ) ;
#1352 = DIRECTION ( 'NONE',  ( 0.000000000000000000, -1.000000000000000000, 0.000000000000000000 ) ) ;
#1353 = ADVANCED_FACE ( 'NONE', ( #2913 ), #2815, .T. ) ;
#1354 = MECHANICAL_DESIGN_GEOMETRIC_PRESENTATION_REPRESENTATION (  '', ( #3651 ), #2733 ) ;
#1355 = VECTOR ( 'NONE', #4362, 1000.000000000000000 ) ;
#1356 = ORIENTED_EDGE ( 'NONE', *, *, #4046, .T. ) ;
#1357 = CARTESIAN_POINT ( 'NONE',  ( 0.000000000000000000, 0.000000000000000000, 0.000000000000000000 ) ) ;
#1358 = VECTOR ( 'NONE', #4224, 1000.000000000000000 ) ;
#1359 = EDGE_LOOP ( 'NONE', ( #1743, #2340, #372, #1700 ) ) ;
#1360 = EDGE_CURVE ( 'NONE', #370, #4532, #31, .T. ) ;
#1361 = DIRECTION ( 'NONE',  ( 1.000000000000000000, -0.000000000000000000, -0.000000000000000000 ) ) ;
#1362 = VERTEX_POINT ( 'NONE', #3602 ) ;
#1363 = VERTEX_POINT ( 'NONE', #1781 ) ;
#1364 = FILL_AREA_STYLE ('',( #604 ) ) ;
#1365 = CARTESIAN_POINT ( 'NONE',  ( 0.9249999999999848344, 0.1000000000000000056, 0.6249999999999991118 ) ) ;
#1366 = LINE ( 'NONE', #4344, #2276 ) ;
#1367 = FACE_OUTER_BOUND ( 'NONE', #1842, .T. ) ;
#1368 = ORIENTED_EDGE ( 'NONE', *, *, #2473, .T. ) ;
#1369 = CARTESIAN_POINT ( 'NONE',  ( -0.3749999999999998890, 0.1000000000000000056, 1.149999999999999911 ) ) ;
#1370 = DIRECTION ( 'NONE',  ( 0.000000000000000000, 0.000000000000000000, -1.000000000000000000 ) ) ;
#1371 = PLANE ( 'NONE',  #2034 ) ;
#1372 = DIRECTION ( 'NONE',  ( -1.000000000000000000, 0.000000000000000000, -0.000000000000000000 ) ) ;
#1373 = CARTESIAN_POINT ( 'NONE',  ( 0.3749999999999998890, 0.1000000000000000056, 1.149999999999999911 ) ) ;
#1374 = MANIFOLD_SOLID_BREP ( 'Boss-Extrude3[8]', #2306 ) ;
#1375 = LINE ( 'NONE', #995, #4252 ) ;
#1376 = ORIENTED_EDGE ( 'NONE', *, *, #3777, .T. ) ;
#1377 = CARTESIAN_POINT ( 'NONE',  ( 0.1250000000000001110, 0.1000000000000000056, -1.149999999999999911 ) ) ;
#1378 = ORIENTED_EDGE ( 'NONE', *, *, #4259, .T. ) ;
#1379 = CARTESIAN_POINT ( 'NONE',  ( 1.399999999999995248, 0.000000000000000000, -0.3750000000000002220 ) ) ;
#1380 = ADVANCED_FACE ( 'NONE', ( #4324 ), #3266, .T. ) ;
#1381 = FACE_OUTER_BOUND ( 'NONE', #3703, .T. ) ;
#1382 = VERTEX_POINT ( 'NONE', #4686 ) ;
#1383 = VECTOR ( 'NONE', #233, 1000.000000000000000 ) ;
#1384 = CARTESIAN_POINT ( 'NONE',  ( -0.6249999999999998890, 0.1000000000000000056, -0.6750000000000000444 ) ) ;
#1385 = EDGE_LOOP ( 'NONE', ( #3131, #3514, #490, #144 ) ) ;
#1386 = EDGE_CURVE ( 'NONE', #2526, #2482, #3293, .T. ) ;
#1387 = EDGE_CURVE ( 'NONE', #4420, #835, #4374, .T. ) ;
#1388 = VECTOR ( 'NONE', #710, 1000.000000000000000 ) ;
#1389 = ORIENTED_EDGE ( 'NONE', *, *, #3377, .T. ) ;
#1390 = ORIENTED_EDGE ( 'NONE', *, *, #1119, .T. ) ;
#1391 = SURFACE_STYLE_FILL_AREA ( #1364 ) ;
#1392 = DIRECTION ( 'NONE',  ( 1.000000000000000000, -0.000000000000000000, 4.565061778886335030E-16 ) ) ;
#1393 = MANIFOLD_SOLID_BREP ( 'Boss-Extrude3[4]', #2842 ) ;
#1394 = DIRECTION ( 'NONE',  ( 1.000000000000000000, 0.000000000000000000, 0.000000000000000000 ) ) ;
#1395 = ORIENTED_EDGE ( 'NONE', *, *, #1119, .F. ) ;
#1396 = ORIENTED_EDGE ( 'NONE', *, *, #3384, .T. ) ;
#1397 = FACE_BOUND ( 'NONE', #1447, .T. ) ;
#1398 = ORIENTED_EDGE ( 'NONE', *, *, #2176, .F. ) ;
#1399 = CARTESIAN_POINT ( 'NONE',  ( 1.399999999999995248, 0.000000000000000000, -0.3750000000000002220 ) ) ;
#1400 = ADVANCED_FACE ( 'NONE', ( #2325 ), #779, .F. ) ;
#1401 = LINE ( 'NONE', #2911, #3421 ) ;
#1402 = LINE ( 'NONE', #1015, #4136 ) ;
#1403 = SURFACE_STYLE_USAGE ( .BOTH. , #2146 ) ;
#1404 = MANIFOLD_SOLID_BREP ( 'Boss-Extrude3[2]', #548 ) ;
#1405 = DIRECTION ( 'NONE',  ( 1.000000000000000000, 0.000000000000000000, -0.000000000000000000 ) ) ;
#1406 = ORIENTED_EDGE ( 'NONE', *, *, #2070, .T. ) ;
#1407 = CARTESIAN_POINT ( 'NONE',  ( -0.9250000000000004885, 0.1000000000000000056, -0.6250000000000000000 ) ) ;
#1408 = FACE_OUTER_BOUND ( 'NONE', #4109, .T. ) ;
#1409 = ORIENTED_EDGE ( 'NONE', *, *, #3523, .T. ) ;
#1410 = DIRECTION ( 'NONE',  ( 0.000000000000000000, 0.000000000000000000, -1.000000000000000000 ) ) ;
#1411 = ORIENTED_EDGE ( 'NONE', *, *, #1625, .F. ) ;
#1412 = VECTOR ( 'NONE', #3284, 1000.000000000000000 ) ;
#1413 = ORIENTED_EDGE ( 'NONE', *, *, #2157, .F. ) ;
#1414 = DIRECTION ( 'NONE',  ( 1.000000000000000000, 0.000000000000000000, -1.040834085586232720E-14 ) ) ;
#1415 = PLANE ( 'NONE',  #4403 ) ;
#1416 = SURFACE_STYLE_FILL_AREA ( #2931 ) ;
#1417 = PRESENTATION_LAYER_ASSIGNMENT (  '', '', ( #1181 ) ) ;
#1418 = EDGE_CURVE ( 'NONE', #3364, #4271, #4090, .T. ) ;
#1419 = ORIENTED_EDGE ( 'NONE', *, *, #3446, .F. ) ;
#1420 = FACE_BOUND ( 'NONE', #71, .T. ) ;
#1421 = VECTOR ( 'NONE', #2741, 1000.000000000000000 ) ;
#1422 = ORIENTED_EDGE ( 'NONE', *, *, #2382, .T. ) ;
#1423 = DIRECTION ( 'NONE',  ( 0.000000000000000000, 0.000000000000000000, -1.000000000000000000 ) ) ;
#1424 = CARTESIAN_POINT ( 'NONE',  ( 0.1249999999999998890, 0.1000000000000000056, -0.6750000000000000444 ) ) ;
#1425 = ADVANCED_FACE ( 'NONE', ( #512 ), #82, .F. ) ;
#1426 = CARTESIAN_POINT ( 'NONE',  ( 0.9249999999999952704, 0.000000000000000000, -0.3750000000000002220 ) ) ;
#1427 = VECTOR ( 'NONE', #657, 1000.000000000000000 ) ;
#1428 = EDGE_CURVE ( 'NONE', #3199, #1724, #3021, .T. ) ;
#1429 = ORIENTED_EDGE ( 'NONE', *, *, #3325, .F. ) ;
#1430 = FACE_OUTER_BOUND ( 'NONE', #3139, .T. ) ;
#1431 =( GEOMETRIC_REPRESENTATION_CONTEXT ( 3 ) GLOBAL_UNCERTAINTY_ASSIGNED_CONTEXT ( ( #3515 ) ) GLOBAL_UNIT_ASSIGNED_CONTEXT ( ( #4399, #1087, #2287 ) ) REPRESENTATION_CONTEXT ( 'NONE', 'WORKASPACE' ) );
#1432 = ORIENTED_EDGE ( 'NONE', *, *, #3617, .T. ) ;
#1433 = AXIS2_PLACEMENT_3D ( 'NONE', #438, #1543, #2574 ) ;
#1434 = FACE_OUTER_BOUND ( 'NONE', #1752, .T. ) ;
#1435 = ORIENTED_EDGE ( 'NONE', *, *, #4107, .F. ) ;
#1436 = VECTOR ( 'NONE', #3616, 1000.000000000000000 ) ;
#1437 = AXIS2_PLACEMENT_3D ( 'NONE', #3791, #567, #256 ) ;
#1438 = VERTEX_POINT ( 'NONE', #3711 ) ;
#1439 = VECTOR ( 'NONE', #2116, 1000.000000000000000 ) ;
#1440 = VERTEX_POINT ( 'NONE', #4472 ) ;
#1441 = DIRECTION ( 'NONE',  ( 0.000000000000000000, 0.000000000000000000, 1.000000000000000000 ) ) ;
#1442 = DIRECTION ( 'NONE',  ( -1.000000000000000000, 0.000000000000000000, -0.000000000000000000 ) ) ;
#1443 = FACE_OUTER_BOUND ( 'NONE', #2061, .T. ) ;
#1444 = ORIENTED_EDGE ( 'NONE', *, *, #1459, .F. ) ;
#1445 = CARTESIAN_POINT ( 'NONE',  ( -0.9249999999999952704, 0.000000000000000000, -0.1250000000000000000 ) ) ;
#1446 = ADVANCED_FACE ( 'NONE', ( #2986 ), #3069, .F. ) ;
#1447 = EDGE_LOOP ( 'NONE', ( #3813, #4387, #39, #61 ) ) ;
#1448 = CARTESIAN_POINT ( 'NONE',  ( 1.399999999999984812, 0.000000000000000000, 0.8749999999999991118 ) ) ;
#1449 = LINE ( 'NONE', #993, #4717 ) ;
#1450 = DIRECTION ( 'NONE',  ( 0.000000000000000000, 1.000000000000000000, 0.000000000000000000 ) ) ;
#1451 = LINE ( 'NONE', #327, #1584 ) ;
#1452 = ADVANCED_FACE ( 'NONE', ( #4141 ), #414, .T. ) ;
#1453 = ORIENTED_EDGE ( 'NONE', *, *, #4414, .F. ) ;
#1454 = CARTESIAN_POINT ( 'NONE',  ( -1.200000000000000622, 0.7800000000000000266, -0.8750000000000000000 ) ) ;
#1455 = VERTEX_POINT ( 'NONE', #2670 ) ;
#1456 = CARTESIAN_POINT ( 'NONE',  ( -0.6249999999999642508, 0.000000000000000000, 1.150000000000002576 ) ) ;
#1457 = CARTESIAN_POINT ( 'NONE',  ( -0.3749999999999998890, 0.000000000000000000, 1.149999999999999911 ) ) ;
#1458 = ORIENTED_EDGE ( 'NONE', *, *, #4530, .T. ) ;
#1459 = EDGE_CURVE ( 'NONE', #4361, #4292, #4117, .T. ) ;
#1460 = ORIENTED_EDGE ( 'NONE', *, *, #2878, .T. ) ;
#1461 = ORIENTED_EDGE ( 'NONE', *, *, #1047, .F. ) ;
#1462 = VERTEX_POINT ( 'NONE', #4163 ) ;
#1463 = CARTESIAN_POINT ( 'NONE',  ( 0.6249999999999998890, 0.1000000000000000056, -0.6750000000000000444 ) ) ;
#1464 = CARTESIAN_POINT ( 'NONE',  ( 0.000000000000000000, 0.000000000000000000, 0.000000000000000000 ) ) ;
#1465 = ORIENTED_EDGE ( 'NONE', *, *, #4222, .F. ) ;
#1466 = CLOSED_SHELL ( 'NONE', ( #2562, #797, #16, #1662, #218, #3117 ) ) ;
#1467 =( NAMED_UNIT ( * ) PLANE_ANGLE_UNIT ( ) SI_UNIT ( $, .RADIAN. ) );
#1468 = EDGE_LOOP ( 'NONE', ( #2383, #3075, #681, #4727 ) ) ;
#1469 = FACE_OUTER_BOUND ( 'NONE', #4207, .T. ) ;
#1470 = DIRECTION ( 'NONE',  ( -0.000000000000000000, -1.000000000000000000, -0.000000000000000000 ) ) ;
#1471 = VECTOR ( 'NONE', #4452, 1000.000000000000000 ) ;
#1472 = CARTESIAN_POINT ( 'NONE',  ( 0.6249999999999998890, 0.1000000000000000056, 0.6750000000000000444 ) ) ;
#1473 = CARTESIAN_POINT ( 'NONE',  ( -0.9249999999999848344, 0.1000000000000000056, 0.6250000000000000000 ) ) ;
#1474 = LINE ( 'NONE', #1549, #4573 ) ;
#1475 = ORIENTED_EDGE ( 'NONE', *, *, #3846, .T. ) ;
#1476 = CARTESIAN_POINT ( 'NONE',  ( -0.6249999999999998890, 0.1000000000000000056, 0.6750000000000000444 ) ) ;
#1477 = CARTESIAN_POINT ( 'NONE',  ( -1.399999999999984812, 0.1000000000000000056, 0.6250000000000000000 ) ) ;
#1478 = DIRECTION ( 'NONE',  ( 0.000000000000000000, -1.000000000000000000, 0.000000000000000000 ) ) ;
#1479 = EDGE_CURVE ( 'NONE', #331, #1162, #890, .T. ) ;
#1480 = EDGE_CURVE ( 'NONE', #2612, #3256, #1875, .T. ) ;
#1481 = EDGE_CURVE ( 'NONE', #3166, #2059, #2627, .T. ) ;
#1482 = FACE_OUTER_BOUND ( 'NONE', #3692, .T. ) ;
#1483 = CARTESIAN_POINT ( 'NONE',  ( -0.1250000000000001110, 0.1000000000000000056, -1.149999999999999911 ) ) ;
#1484 = ORIENTED_EDGE ( 'NONE', *, *, #3633, .T. ) ;
#1485 = ORIENTED_EDGE ( 'NONE', *, *, #510, .F. ) ;
#1486 = ORIENTED_EDGE ( 'NONE', *, *, #3325, .T. ) ;
#1487 = ORIENTED_EDGE ( 'NONE', *, *, #4560, .T. ) ;
#1488 = PLANE ( 'NONE',  #4321 ) ;
#1489 = SURFACE_STYLE_USAGE ( .BOTH. , #1794 ) ;
#1490 = EDGE_LOOP ( 'NONE', ( #1708, #92, #4601, #3109, #356 ) ) ;
#1491 = ORIENTED_EDGE ( 'NONE', *, *, #2708, .F. ) ;
#1492 = DIRECTION ( 'NONE',  ( -1.000000000000000000, -0.000000000000000000, -0.000000000000000000 ) ) ;
#1493 = LINE ( 'NONE', #1172, #2196 ) ;
#1494 = VECTOR ( 'NONE', #1138, 1000.000000000000000 ) ;
#1495 = CARTESIAN_POINT ( 'NONE',  ( -1.049999999999996714, 0.1000000000000000056, -0.8750000000000011102 ) ) ;
#1496 = PRESENTATION_STYLE_ASSIGNMENT (( #2553 ) ) ;
#1497 = VECTOR ( 'NONE', #1930, 1000.000000000000000 ) ;
#1498 = PLANE ( 'NONE',  #2126 ) ;
#1499 = EDGE_LOOP ( 'NONE', ( #3939, #1788, #3329, #2245 ) ) ;
#1500 = DIRECTION ( 'NONE',  ( 4.565061778886335030E-16, 0.000000000000000000, -1.000000000000000000 ) ) ;
#1501 = LINE ( 'NONE', #4429, #1112 ) ;
#1502 = VECTOR ( 'NONE', #2341, 1000.000000000000000 ) ;
#1503 = LINE ( 'NONE', #3542, #1790 ) ;
#1504 = ORIENTED_EDGE ( 'NONE', *, *, #4382, .T. ) ;
#1505 = DIRECTION ( 'NONE',  ( 0.000000000000000000, 0.000000000000000000, -1.000000000000000000 ) ) ;
#1506 = AXIS2_PLACEMENT_3D ( 'NONE', #3780, #2745, #3529 ) ;
#1507 = EDGE_CURVE ( 'NONE', #3643, #482, #822, .T. ) ;
#1508 = EDGE_CURVE ( 'NONE', #2312, #235, #2401, .T. ) ;
#1509 = VECTOR ( 'NONE', #2017, 1000.000000000000000 ) ;
#1510 = AXIS2_PLACEMENT_3D ( 'NONE', #2099, #3603, #3972 ) ;
#1511 = DIRECTION ( 'NONE',  ( -0.000000000000000000, -0.000000000000000000, -1.000000000000000000 ) ) ;
#1512 = ORIENTED_EDGE ( 'NONE', *, *, #551, .T. ) ;
#1513 = VECTOR ( 'NONE', #3002, 1000.000000000000000 ) ;
#1514 = MECHANICAL_DESIGN_GEOMETRIC_PRESENTATION_REPRESENTATION (  '', ( #1812 ), #2734 ) ;
#1515 = EDGE_CURVE ( 'NONE', #925, #1843, #4291, .T. ) ;
#1516 = EDGE_LOOP ( 'NONE', ( #385, #214, #3055, #4052 ) ) ;
#1517 = DIRECTION ( 'NONE',  ( -4.565061778886335030E-16, -0.000000000000000000, 1.000000000000000000 ) ) ;
#1518 = EDGE_CURVE ( 'NONE', #1926, #21, #3524, .T. ) ;
#1519 = LINE ( 'NONE', #4443, #2485 ) ;
#1520 = CARTESIAN_POINT ( 'NONE',  ( -1.400000000000000355, 0.000000000000000000, -0.6250000000000000000 ) ) ;
#1521 = VECTOR ( 'NONE', #2832, 1000.000000000000000 ) ;
#1522 = EDGE_LOOP ( 'NONE', ( #4147, #427, #138, #1722 ) ) ;
#1523 = CARTESIAN_POINT ( 'NONE',  ( 1.399999999999995248, 0.1000000000000000056, -0.3750000000000002220 ) ) ;
#1524 = LINE ( 'NONE', #1545, #3534 ) ;
#1525 =( NAMED_UNIT ( * ) PLANE_ANGLE_UNIT ( ) SI_UNIT ( $, .RADIAN. ) );
#1526 = ORIENTED_EDGE ( 'NONE', *, *, #2320, .T. ) ;
#1527 = CARTESIAN_POINT ( 'NONE',  ( 0.3750000000000001110, 0.000000000000000000, -0.6750000000000000444 ) ) ;
#1528 = PLANE ( 'NONE',  #740 ) ;
#1529 = DIRECTION ( 'NONE',  ( 0.000000000000000000, 1.000000000000000000, 0.000000000000000000 ) ) ;
#1530 = ORIENTED_EDGE ( 'NONE', *, *, #4155, .T. ) ;
#1531 = LINE ( 'NONE', #2223, #3712 ) ;
#1532 = DIRECTION ( 'NONE',  ( -0.000000000000000000, -1.000000000000000000, -0.000000000000000000 ) ) ;
#1533 = ORIENTED_EDGE ( 'NONE', *, *, #3203, .F. ) ;
#1534 = DIRECTION ( 'NONE',  ( -0.000000000000000000, -1.000000000000000000, -0.000000000000000000 ) ) ;
#1535 = ORIENTED_EDGE ( 'NONE', *, *, #3699, .F. ) ;
#1536 = DIRECTION ( 'NONE',  ( -1.000000000000000000, 0.000000000000000000, 0.000000000000000000 ) ) ;
#1537 = PLANE ( 'NONE',  #952 ) ;
#1538 = DIRECTION ( 'NONE',  ( -1.000000000000000000, 0.000000000000000000, -0.000000000000000000 ) ) ;
#1539 = ORIENTED_EDGE ( 'NONE', *, *, #70, .F. ) ;
#1540 = ADVANCED_FACE ( 'NONE', ( #2452 ), #3835, .F. ) ;
#1541 = EDGE_CURVE ( 'NONE', #3541, #3064, #173, .T. ) ;
#1542 = ORIENTED_EDGE ( 'NONE', *, *, #628, .F. ) ;
#1543 = DIRECTION ( 'NONE',  ( -0.7071067811865613395, 0.000000000000000000, 0.7071067811865336949 ) ) ;
#1544 = DIRECTION ( 'NONE',  ( 1.561251128378871110E-14, 0.000000000000000000, 1.000000000000000000 ) ) ;
#1545 = CARTESIAN_POINT ( 'NONE',  ( 0.3749999999999998890, 0.000000000000000000, -1.149999999999999911 ) ) ;
#1546 = CARTESIAN_POINT ( 'NONE',  ( -0.3749999999999998890, 0.1000000000000000056, 1.149999999999999911 ) ) ;
#1547 = AXIS2_PLACEMENT_3D ( 'NONE', #3126, #1284, #1305 ) ;
#1548 = EDGE_CURVE ( 'NONE', #411, #4113, #3483, .T. ) ;
#1549 = CARTESIAN_POINT ( 'NONE',  ( -1.399999999999989919, 0.1000000000000000056, 0.3750000000000000000 ) ) ;
#1550 = DIRECTION ( 'NONE',  ( -1.561251128378778340E-14, -0.000000000000000000, -1.000000000000000000 ) ) ;
#1551 = AXIS2_PLACEMENT_3D ( 'NONE', #867, #439, #1943 ) ;
#1552 = LINE ( 'NONE', #3005, #3934 ) ;
#1553 = SURFACE_STYLE_FILL_AREA ( #86 ) ;
#1554 = CARTESIAN_POINT ( 'NONE',  ( 0.1250000000000001110, 0.000000000000000000, -1.149999999999999911 ) ) ;
#1555 = DIRECTION ( 'NONE',  ( 0.000000000000000000, -1.000000000000000000, 0.000000000000000000 ) ) ;
#1556 = PRODUCT_DEFINITION_CONTEXT ( 'detailed design', #1804, 'design' ) ;
#1557 = EDGE_LOOP ( 'NONE', ( #3978, #1155, #3113, #4023 ) ) ;
#1558 = DIRECTION ( 'NONE',  ( -4.565061778886335030E-16, 0.000000000000000000, -1.000000000000000000 ) ) ;
#1559 = ORIENTED_EDGE ( 'NONE', *, *, #3617, .F. ) ;
#1560 = DIRECTION ( 'NONE',  ( 0.000000000000000000, -0.000000000000000000, 1.000000000000000000 ) ) ;
#1561 = DIRECTION ( 'NONE',  ( -0.000000000000000000, 0.000000000000000000, -1.000000000000000000 ) ) ;
#1562 = ORIENTED_EDGE ( 'NONE', *, *, #760, .T. ) ;
#1563 = ORIENTED_EDGE ( 'NONE', *, *, #422, .T. ) ;
#1564 = DIRECTION ( 'NONE',  ( -0.000000000000000000, -1.000000000000000000, -0.000000000000000000 ) ) ;
#1565 = CARTESIAN_POINT ( 'NONE',  ( -0.3749999999999998890, 0.000000000000000000, 1.149999999999999911 ) ) ;
#1566 = ADVANCED_FACE ( 'NONE', ( #1367 ), #3157, .T. ) ;
#1567 = LINE ( 'NONE', #778, #325 ) ;
#1568 = DIRECTION ( 'NONE',  ( 0.000000000000000000, 0.000000000000000000, 1.000000000000000000 ) ) ;
#1569 = CARTESIAN_POINT ( 'NONE',  ( 0.9249999999999848344, 0.000000000000000000, 0.8749999999999991118 ) ) ;
#1570 = CARTESIAN_POINT ( 'NONE',  ( -1.399999999999989919, 0.000000000000000000, 0.3750000000000000000 ) ) ;
#1571 = EDGE_CURVE ( 'NONE', #3519, #2453, #2043, .T. ) ;
#1572 = DIRECTION ( 'NONE',  ( -0.000000000000000000, -1.000000000000000000, -0.000000000000000000 ) ) ;
#1573 = EDGE_CURVE ( 'NONE', #4532, #1363, #197, .T. ) ;
#1574 = VECTOR ( 'NONE', #2989, 1000.000000000000000 ) ;
#1575 = DIRECTION ( 'NONE',  ( -1.000000000000000000, 0.000000000000000000, -0.000000000000000000 ) ) ;
#1576 = DIRECTION ( 'NONE',  ( -1.000000000000000000, 0.000000000000000000, -4.565061778886335030E-16 ) ) ;
#1577 = VECTOR ( 'NONE', #3340, 1000.000000000000000 ) ;
#1578 = EDGE_LOOP ( 'NONE', ( #4585, #3455, #4159, #4303 ) ) ;
#1579 = DIRECTION ( 'NONE',  ( 0.000000000000000000, 0.000000000000000000, -1.000000000000000000 ) ) ;
#1580 = VECTOR ( 'NONE', #1907, 1000.000000000000000 ) ;
#1581 = DIRECTION ( 'NONE',  ( 0.000000000000000000, 0.000000000000000000, 1.000000000000000000 ) ) ;
#1582 = ORIENTED_EDGE ( 'NONE', *, *, #1944, .F. ) ;
#1583 = CARTESIAN_POINT ( 'NONE',  ( -0.6249999999999998890, 0.1000000000000000056, 0.6750000000000000444 ) ) ;
#1584 = VECTOR ( 'NONE', #1764, 1000.000000000000000 ) ;
#1585 = CARTESIAN_POINT ( 'NONE',  ( -0.9249999999999952704, 0.1000000000000000056, -0.1250000000000000000 ) ) ;
#1586 = CARTESIAN_POINT ( 'NONE',  ( 1.399999999999995248, 0.1000000000000000056, -0.1250000000000004441 ) ) ;
#1587 = VECTOR ( 'NONE', #3486, 1000.000000000000000 ) ;
#1588 = VECTOR ( 'NONE', #4510, 1000.000000000000000 ) ;
#1589 = CARTESIAN_POINT ( 'NONE',  ( 0.6250000000000001110, 0.000000000000000000, 1.149999999999999911 ) ) ;
#1590 = CARTESIAN_POINT ( 'NONE',  ( 0.1250000000000001110, 0.1000000000000000056, 1.149999999999999911 ) ) ;
#1591 = VECTOR ( 'NONE', #483, 1000.000000000000000 ) ;
#1592 = AXIS2_PLACEMENT_3D ( 'NONE', #951, #1699, #2389 ) ;
#1593 = SURFACE_SIDE_STYLE ('',( #3441 ) ) ;
#1594 = ADVANCED_FACE ( 'NONE', ( #3461 ), #4214, .F. ) ;
#1595 =( GEOMETRIC_REPRESENTATION_CONTEXT ( 3 ) GLOBAL_UNCERTAINTY_ASSIGNED_CONTEXT ( ( #1117 ) ) GLOBAL_UNIT_ASSIGNED_CONTEXT ( ( #121, #1239, #410 ) ) REPRESENTATION_CONTEXT ( 'NONE', 'WORKASPACE' ) );
#1596 = AXIS2_PLACEMENT_3D ( 'NONE', #90, #139, #1603 ) ;
#1597 = CARTESIAN_POINT ( 'NONE',  ( -1.399999999999995248, 0.1000000000000000056, -0.1250000000000000000 ) ) ;
#1598 = FACE_OUTER_BOUND ( 'NONE', #3138, .T. ) ;
#1599 = DIRECTION ( 'NONE',  ( 0.000000000000000000, -1.000000000000000000, 0.000000000000000000 ) ) ;
#1600 = ORIENTED_EDGE ( 'NONE', *, *, #980, .T. ) ;
#1601 = ADVANCED_FACE ( 'NONE', ( #4609 ), #2068, .F. ) ;
#1602 = ORIENTED_EDGE ( 'NONE', *, *, #602, .F. ) ;
#1603 = DIRECTION ( 'NONE',  ( -1.000000000000000000, 0.000000000000000000, -0.000000000000000000 ) ) ;
#1604 = EDGE_CURVE ( 'NONE', #4668, #2823, #917, .T. ) ;
#1605 = UNCERTAINTY_MEASURE_WITH_UNIT (LENGTH_MEASURE( 1.000000000000000082E-05 ), #3121, 'distance_accuracy_value', 'NONE');
#1606 = CARTESIAN_POINT ( 'NONE',  ( 1.399999999999995248, 0.1000000000000000056, -0.1250000000000004441 ) ) ;
#1607 = EDGE_CURVE ( 'NONE', #400, #835, #4564, .T. ) ;
#1608 = ORIENTED_EDGE ( 'NONE', *, *, #1796, .T. ) ;
#1609 = CARTESIAN_POINT ( 'NONE',  ( 0.9249999999999900524, 0.1000000000000000056, 0.3749999999999991673 ) ) ;
#1610 = FACE_OUTER_BOUND ( 'NONE', #2704, .T. ) ;
#1611 = ORIENTED_EDGE ( 'NONE', *, *, #3916, .F. ) ;
#1612 = EDGE_LOOP ( 'NONE', ( #3271, #4548, #1076, #4619 ) ) ;
#1613 = EDGE_LOOP ( 'NONE', ( #1770, #2718, #1389, #2086 ) ) ;
#1614 = LINE ( 'NONE', #3756, #1276 ) ;
#1615 = CARTESIAN_POINT ( 'NONE',  ( 0.9249999999999900524, 0.1000000000000000056, 0.1249999999999995698 ) ) ;
#1616 = FILL_AREA_STYLE_COLOUR ( '', #579 ) ;
#1617 = PRESENTATION_STYLE_ASSIGNMENT (( #894 ) ) ;
#1618 = CARTESIAN_POINT ( 'NONE',  ( 0.3749999999999998890, 0.000000000000000000, -1.149999999999999911 ) ) ;
#1619 = CARTESIAN_POINT ( 'NONE',  ( 0.000000000000000000, 0.1000000000000000056, 0.000000000000000000 ) ) ;
#1620 = VECTOR ( 'NONE', #2057, 1000.000000000000000 ) ;
#1621 = CARTESIAN_POINT ( 'NONE',  ( 0.3749999999999998890, 0.1000000000000000056, -1.149999999999999911 ) ) ;
#1622 = LINE ( 'NONE', #1231, #2122 ) ;
#1623 = ORIENTED_EDGE ( 'NONE', *, *, #4536, .T. ) ;
#1624 = CARTESIAN_POINT ( 'NONE',  ( -1.399999999999984812, 0.1000000000000000056, 0.8750000000000000000 ) ) ;
#1625 = EDGE_CURVE ( 'NONE', #3707, #1092, #4630, .T. ) ;
#1626 = EDGE_CURVE ( 'NONE', #3315, #4296, #2374, .T. ) ;
#1627 = CARTESIAN_POINT ( 'NONE',  ( -1.399999999999995248, 0.000000000000000000, -0.3750000000000000000 ) ) ;
#1628 = CARTESIAN_POINT ( 'NONE',  ( -0.1250000000000001110, 0.000000000000000000, -1.149999999999999911 ) ) ;
#1629 = ORIENTED_EDGE ( 'NONE', *, *, #4382, .F. ) ;
#1630 = DIRECTION ( 'NONE',  ( 1.000000000000000000, 0.000000000000000000, -3.097720492815694724E-15 ) ) ;
#1631 = LINE ( 'NONE', #3474, #3834 ) ;
#1632 = ORIENTED_EDGE ( 'NONE', *, *, #1125, .F. ) ;
#1633 = EDGE_CURVE ( 'NONE', #4113, #2024, #3545, .T. ) ;
#1634 = ORIENTED_EDGE ( 'NONE', *, *, #900, .T. ) ;
#1635 = VERTEX_POINT ( 'NONE', #1269 ) ;
#1636 = CARTESIAN_POINT ( 'NONE',  ( 1.399999999999984812, 0.1000000000000000056, 0.8749999999999991118 ) ) ;
#1637 = FACE_OUTER_BOUND ( 'NONE', #3910, .T. ) ;
#1638 = SURFACE_STYLE_FILL_AREA ( #172 ) ;
#1639 = CARTESIAN_POINT ( 'NONE',  ( 0.6250000000000001110, 0.1000000000000000056, 1.149999999999999911 ) ) ;
#1640 = FILL_AREA_STYLE_COLOUR ( '', #4721 ) ;
#1641 = CARTESIAN_POINT ( 'NONE',  ( -1.399999999999984812, 0.000000000000000000, 0.8750000000000000000 ) ) ;
#1642 = DIRECTION ( 'NONE',  ( -1.000000000000000000, 0.000000000000000000, 3.127067318537139569E-14 ) ) ;
#1643 = VECTOR ( 'NONE', #1313, 1000.000000000000000 ) ;
#1644 = FACE_OUTER_BOUND ( 'NONE', #4156, .T. ) ;
#1645 =( LENGTH_UNIT ( ) NAMED_UNIT ( * ) SI_UNIT ( .MILLI., .METRE. ) );
#1646 = AXIS2_PLACEMENT_3D ( 'NONE', #2568, #1392, #4009 ) ;
#1647 = EDGE_LOOP ( 'NONE', ( #2107, #971, #3732, #3517 ) ) ;
#1648 = LINE ( 'NONE', #1624, #3192 ) ;
#1649 = STYLED_ITEM ( 'NONE', ( #6 ), #1393 ) ;
#1650 = ORIENTED_EDGE ( 'NONE', *, *, #366, .T. ) ;
#1651 = AXIS2_PLACEMENT_3D ( 'NONE', #3803, #1685, #264 ) ;
#1652 = EDGE_CURVE ( 'NONE', #3772, #2526, #1731, .T. ) ;
#1653 = CARTESIAN_POINT ( 'NONE',  ( 1.399999999999995248, 0.1000000000000000056, -0.1250000000000004441 ) ) ;
#1654 = EDGE_LOOP ( 'NONE', ( #417, #4524, #676, #2925 ) ) ;
#1655 = PLANE ( 'NONE',  #4562 ) ;
#1656 = DIRECTION ( 'NONE',  ( -4.565061778886335030E-16, 0.000000000000000000, -1.000000000000000000 ) ) ;
#1657 = EDGE_LOOP ( 'NONE', ( #4699, #134, #1432, #2333 ) ) ;
#1658 = EDGE_CURVE ( 'NONE', #1290, #1905, #4660, .T. ) ;
#1659 = VECTOR ( 'NONE', #828, 1000.000000000000000 ) ;
#1660 = EDGE_LOOP ( 'NONE', ( #3130, #1816, #4390, #284 ) ) ;
#1661 = CARTESIAN_POINT ( 'NONE',  ( -0.6249999999999642508, 0.1000000000000000056, 1.150000000000002576 ) ) ;
#1662 = ADVANCED_FACE ( 'NONE', ( #4059 ), #432, .F. ) ;
#1663 = PLANE ( 'NONE',  #1234 ) ;
#1664 = DIRECTION ( 'NONE',  ( -4.565061778886335030E-16, 0.000000000000000000, -1.000000000000000000 ) ) ;
#1665 = COLOUR_RGB ( '',0.2509803921568627416, 0.2509803921568627416, 0.2509803921568627416 ) ;
#1666 = FACE_OUTER_BOUND ( 'NONE', #1678, .T. ) ;
#1667 = VECTOR ( 'NONE', #25, 1000.000000000000000 ) ;
#1668 = DIRECTION ( 'NONE',  ( 0.000000000000000000, -1.000000000000000000, 0.000000000000000000 ) ) ;
#1669 = AXIS2_PLACEMENT_3D ( 'NONE', #2638, #729, #1581 ) ;
#1670 = CARTESIAN_POINT ( 'NONE',  ( -1.400000000000000355, 0.1000000000000000056, -0.6250000000000000000 ) ) ;
#1671 = VECTOR ( 'NONE', #4282, 1000.000000000000000 ) ;
#1672 = ORIENTED_EDGE ( 'NONE', *, *, #1974, .T. ) ;
#1673 = VERTEX_POINT ( 'NONE', #772 ) ;
#1674 = FACE_OUTER_BOUND ( 'NONE', #4691, .T. ) ;
#1675 = VERTEX_POINT ( 'NONE', #1463 ) ;
#1676 = CARTESIAN_POINT ( 'NONE',  ( -1.399999999999995248, 0.1000000000000000056, -0.1250000000000000000 ) ) ;
#1677 = LINE ( 'NONE', #599, #1721 ) ;
#1678 = EDGE_LOOP ( 'NONE', ( #1444, #1629, #3983, #3631 ) ) ;
#1679 = ORIENTED_EDGE ( 'NONE', *, *, #1747, .F. ) ;
#1680 = CARTESIAN_POINT ( 'NONE',  ( -0.9249999999999900524, 0.000000000000000000, 0.1250000000000000000 ) ) ;
#1681 = CARTESIAN_POINT ( 'NONE',  ( 0.1250000000000001110, 0.1000000000000000056, -1.149999999999999911 ) ) ;
#1682 = ADVANCED_FACE ( 'NONE', ( #2229 ), #2951, .T. ) ;
#1683 = DIRECTION ( 'NONE',  ( 1.561251128378871110E-14, 0.000000000000000000, 1.000000000000000000 ) ) ;
#1684 = ADVANCED_FACE ( 'NONE', ( #4412 ), #749, .T. ) ;
#1685 = DIRECTION ( 'NONE',  ( 0.000000000000000000, 0.000000000000000000, 1.000000000000000000 ) ) ;
#1686 = ORIENTED_EDGE ( 'NONE', *, *, #4453, .T. ) ;
#1687 = EDGE_CURVE ( 'NONE', #4687, #2561, #1893, .T. ) ;
#1688 = ORIENTED_EDGE ( 'NONE', *, *, #4314, .T. ) ;
#1689 = DIRECTION ( 'NONE',  ( -1.000000000000000000, 0.000000000000000000, 4.565061778886335030E-16 ) ) ;
#1690 = DIRECTION ( 'NONE',  ( -0.000000000000000000, -1.000000000000000000, -0.000000000000000000 ) ) ;
#1691 = CARTESIAN_POINT ( 'NONE',  ( -0.1250000000000001110, 0.1000000000000000056, 1.149999999999999911 ) ) ;
#1692 = CARTESIAN_POINT ( 'NONE',  ( 0.6249999999999998890, 0.000000000000000000, -0.6750000000000000444 ) ) ;
#1693 = ADVANCED_FACE ( 'NONE', ( #4747 ), #3984, .T. ) ;
#1694 = VERTEX_POINT ( 'NONE', #4465 ) ;
#1695 = FACE_OUTER_BOUND ( 'NONE', #1657, .T. ) ;
#1696 = UNCERTAINTY_MEASURE_WITH_UNIT (LENGTH_MEASURE( 1.000000000000000082E-05 ), #869, 'distance_accuracy_value', 'NONE');
#1697 = ORIENTED_EDGE ( 'NONE', *, *, #602, .T. ) ;
#1698 = CARTESIAN_POINT ( 'NONE',  ( 0.3749999999999998890, 0.1000000000000000056, -1.149999999999999911 ) ) ;
#1699 = DIRECTION ( 'NONE',  ( 0.000000000000000000, 1.000000000000000000, 0.000000000000000000 ) ) ;
#1700 = ORIENTED_EDGE ( 'NONE', *, *, #840, .T. ) ;
#1701 = PLANE ( 'NONE',  #2175 ) ;
#1702 = SURFACE_SIDE_STYLE ('',( #910 ) ) ;
#1703 = ORIENTED_EDGE ( 'NONE', *, *, #2560, .F. ) ;
#1704 = CARTESIAN_POINT ( 'NONE',  ( -0.6249999999999642508, 0.000000000000000000, 1.150000000000002576 ) ) ;
#1705 = PLANE ( 'NONE',  #709 ) ;
#1706 = LINE ( 'NONE', #4608, #1521 ) ;
#1707 = DIRECTION ( 'NONE',  ( -1.000000000000000000, -0.000000000000000000, -0.000000000000000000 ) ) ;
#1708 = ORIENTED_EDGE ( 'NONE', *, *, #4039, .F. ) ;
#1709 = SURFACE_STYLE_USAGE ( .BOTH. , #226 ) ;
#1710 = ADVANCED_FACE ( 'NONE', ( #2979 ), #3361, .F. ) ;
#1711 = VERTEX_POINT ( 'NONE', #1097 ) ;
#1712 = CARTESIAN_POINT ( 'NONE',  ( 0.3750000000000001110, 0.000000000000000000, -0.6750000000000000444 ) ) ;
#1713 = CARTESIAN_POINT ( 'NONE',  ( 1.399999999999989919, 0.000000000000000000, 0.1249999999999995698 ) ) ;
#1714 = DIRECTION ( 'NONE',  ( -0.000000000000000000, 0.000000000000000000, 1.000000000000000000 ) ) ;
#1715 = DIRECTION ( 'NONE',  ( -0.000000000000000000, -0.000000000000000000, -1.000000000000000000 ) ) ;
#1716 = EDGE_CURVE ( 'NONE', #1675, #3839, #2929, .T. ) ;
#1717 = ORIENTED_EDGE ( 'NONE', *, *, #225, .T. ) ;
#1718 = DIRECTION ( 'NONE',  ( 0.000000000000000000, 1.000000000000000000, 0.000000000000000000 ) ) ;
#1719 = ADVANCED_FACE ( 'NONE', ( #2209 ), #1145, .T. ) ;
#1720 = PLANE ( 'NONE',  #2515 ) ;
#1721 = VECTOR ( 'NONE', #2033, 1000.000000000000000 ) ;
#1722 = ORIENTED_EDGE ( 'NONE', *, *, #3531, .T. ) ;
#1723 = CARTESIAN_POINT ( 'NONE',  ( -1.400000000000000355, 0.1000000000000000056, -0.6250000000000000000 ) ) ;
#1724 = VERTEX_POINT ( 'NONE', #2598 ) ;
#1725 = ORIENTED_EDGE ( 'NONE', *, *, #3295, .F. ) ;
#1726 = AXIS2_PLACEMENT_3D ( 'NONE', #1908, #3417, #133 ) ;
#1727 = ORIENTED_EDGE ( 'NONE', *, *, #1774, .T. ) ;
#1728 = VECTOR ( 'NONE', #1315, 1000.000000000000000 ) ;
#1729 = FACE_OUTER_BOUND ( 'NONE', #3453, .T. ) ;
#1730 = DIRECTION ( 'NONE',  ( 0.000000000000000000, -1.000000000000000000, 0.000000000000000000 ) ) ;
#1731 = LINE ( 'NONE', #3182, #1421 ) ;
#1732 = VERTEX_POINT ( 'NONE', #723 ) ;
#1733 = AXIS2_PLACEMENT_3D ( 'NONE', #1477, #663, #3584 ) ;
#1734 = FILL_AREA_STYLE_COLOUR ( '', #3037 ) ;
#1735 = CARTESIAN_POINT ( 'NONE',  ( -0.9249999999999900524, 0.1000000000000000056, 0.1250000000000000000 ) ) ;
#1736 = FACE_OUTER_BOUND ( 'NONE', #1237, .T. ) ;
#1737 = VECTOR ( 'NONE', #2579, 1000.000000000000000 ) ;
#1738 = VECTOR ( 'NONE', #4736, 1000.000000000000000 ) ;
#1739 = EDGE_CURVE ( 'NONE', #2583, #2139, #1166, .T. ) ;
#1740 = LINE ( 'NONE', #3535, #4645 ) ;
#1741 = AXIS2_PLACEMENT_3D ( 'NONE', #1149, #3, #1920 ) ;
#1742 = PRESENTATION_LAYER_ASSIGNMENT (  '', '', ( #1812 ) ) ;
#1743 = ORIENTED_EDGE ( 'NONE', *, *, #3887, .F. ) ;
#1744 = CARTESIAN_POINT ( 'NONE',  ( 1.399999999999984812, 0.1000000000000000056, 0.8749999999999991118 ) ) ;
#1745 = VECTOR ( 'NONE', #1730, 1000.000000000000000 ) ;
#1746 = AXIS2_PLACEMENT_3D ( 'NONE', #4030, #1576, #3745 ) ;
#1747 = EDGE_CURVE ( 'NONE', #77, #3590, #2904, .T. ) ;
#1748 = DIRECTION ( 'NONE',  ( -0.000000000000000000, -1.000000000000000000, -0.000000000000000000 ) ) ;
#1749 = VECTOR ( 'NONE', #180, 1000.000000000000000 ) ;
#1750 = VERTEX_POINT ( 'NONE', #387 ) ;
#1751 = DIRECTION ( 'NONE',  ( 1.000000000000000000, -0.000000000000000000, 0.000000000000000000 ) ) ;
#1752 = EDGE_LOOP ( 'NONE', ( #645, #4332, #3456, #4656 ) ) ;
#1753 = ADVANCED_FACE ( 'NONE', ( #2640 ), #4036, .F. ) ;
#1754 = EDGE_LOOP ( 'NONE', ( #1327, #3937, #189, #1563 ) ) ;
#1755 = FACE_OUTER_BOUND ( 'NONE', #1177, .T. ) ;
#1756 = FACE_OUTER_BOUND ( 'NONE', #1106, .T. ) ;
#1757 = VERTEX_POINT ( 'NONE', #2618 ) ;
#1758 = ORIENTED_EDGE ( 'NONE', *, *, #1518, .T. ) ;
#1759 = FACE_BOUND ( 'NONE', #3018, .T. ) ;
#1760 = CARTESIAN_POINT ( 'NONE',  ( 1.499999999999999556, 0.8299999999999999600, 1.250000000000000000 ) ) ;
#1761 = CARTESIAN_POINT ( 'NONE',  ( -1.399999999999989919, 0.1000000000000000056, 0.3750000000000000000 ) ) ;
#1762 = DIRECTION ( 'NONE',  ( 0.000000000000000000, -0.000000000000000000, 1.000000000000000000 ) ) ;
#1763 = FILL_AREA_STYLE ('',( #393 ) ) ;
#1764 = DIRECTION ( 'NONE',  ( 1.000000000000000000, 0.000000000000000000, 0.000000000000000000 ) ) ;
#1765 = EDGE_LOOP ( 'NONE', ( #4643, #991, #2680, #2853, #292 ) ) ;
#1766 = CARTESIAN_POINT ( 'NONE',  ( -1.049999999999996714, 0.000000000000000000, -0.8750000000000011102 ) ) ;
#1767 = CARTESIAN_POINT ( 'NONE',  ( -0.9249999999999900524, 0.1000000000000000056, 0.1250000000000000000 ) ) ;
#1768 = CARTESIAN_POINT ( 'NONE',  ( 1.399999999999989919, 0.1000000000000000056, 0.3749999999999991673 ) ) ;
#1769 = ADVANCED_FACE ( 'NONE', ( #3733 ), #3704, .T. ) ;
#1770 = ORIENTED_EDGE ( 'NONE', *, *, #1886, .F. ) ;
#1771 = ORIENTED_EDGE ( 'NONE', *, *, #43, .F. ) ;
#1772 = ORIENTED_EDGE ( 'NONE', *, *, #1233, .T. ) ;
#1773 = DIRECTION ( 'NONE',  ( -1.000000000000000000, 0.000000000000000000, 0.000000000000000000 ) ) ;
#1774 = EDGE_CURVE ( 'NONE', #574, #57, #4366, .T. ) ;
#1775 = CARTESIAN_POINT ( 'NONE',  ( -0.3749999999999998890, 0.1000000000000000056, 1.149999999999999911 ) ) ;
#1776 = DIRECTION ( 'NONE',  ( -0.000000000000000000, 0.000000000000000000, 1.000000000000000000 ) ) ;
#1777 = EDGE_LOOP ( 'NONE', ( #4338, #4058, #1303, #2227 ) ) ;
#1778 = ORIENTED_EDGE ( 'NONE', *, *, #112, .T. ) ;
#1779 = LINE ( 'NONE', #4319, #2807 ) ;
#1780 = CARTESIAN_POINT ( 'NONE',  ( 0.000000000000000000, 0.1000000000000000056, 0.000000000000000000 ) ) ;
#1781 = CARTESIAN_POINT ( 'NONE',  ( -1.399999999999984812, 0.000000000000000000, 0.6250000000000000000 ) ) ;
#1782 = CARTESIAN_POINT ( 'NONE',  ( 1.399999999999995248, 0.1000000000000000056, -0.3750000000000002220 ) ) ;
#1783 = ORIENTED_EDGE ( 'NONE', *, *, #2501, .T. ) ;
#1784 = LINE ( 'NONE', #4379, #4171 ) ;
#1785 = ORIENTED_EDGE ( 'NONE', *, *, #3737, .F. ) ;
#1786 = DIRECTION ( 'NONE',  ( -1.000000000000000000, -0.000000000000000000, -0.000000000000000000 ) ) ;
#1787 = ORIENTED_EDGE ( 'NONE', *, *, #2446, .F. ) ;
#1788 = ORIENTED_EDGE ( 'NONE', *, *, #241, .F. ) ;
#1789 = EDGE_CURVE ( 'NONE', #1919, #316, #1259, .T. ) ;
#1790 = VECTOR ( 'NONE', #420, 1000.000000000000000 ) ;
#1791 = ORIENTED_EDGE ( 'NONE', *, *, #2742, .T. ) ;
#1792 = CARTESIAN_POINT ( 'NONE',  ( -1.200000000000000622, 0.7800000000000000266, -1.000000000000000222 ) ) ;
#1793 = FACE_OUTER_BOUND ( 'NONE', #2207, .T. ) ;
#1794 = SURFACE_SIDE_STYLE ('',( #1416 ) ) ;
#1795 = VECTOR ( 'NONE', #4045, 1000.000000000000000 ) ;
#1796 = EDGE_CURVE ( 'NONE', #2085, #3855, #4484, .T. ) ;
#1797 = EDGE_CURVE ( 'NONE', #2872, #3199, #3454, .T. ) ;
#1798 = PRESENTATION_LAYER_ASSIGNMENT (  '', '', ( #4331 ) ) ;
#1799 = VERTEX_POINT ( 'NONE', #3432 ) ;
#1800 = CARTESIAN_POINT ( 'NONE',  ( -1.399999999999984812, 0.000000000000000000, 0.6250000000000000000 ) ) ;
#1801 = LINE ( 'NONE', #3578, #4714 ) ;
#1802 = CARTESIAN_POINT ( 'NONE',  ( 0.9249999999999900524, 0.1000000000000000056, 0.1249999999999995698 ) ) ;
#1803 = AXIS2_PLACEMENT_3D ( 'NONE', #1157, #1857, #63 ) ;
#1804 = APPLICATION_CONTEXT ( 'automotive_design' ) ;
#1805 = DIRECTION ( 'NONE',  ( 1.561251128378778340E-14, 0.000000000000000000, 1.000000000000000000 ) ) ;
#1806 = ORIENTED_EDGE ( 'NONE', *, *, #3077, .T. ) ;
#1807 = DIRECTION ( 'NONE',  ( -1.000000000000000000, -0.000000000000000000, -0.000000000000000000 ) ) ;
#1808 = CARTESIAN_POINT ( 'NONE',  ( -1.399999999999989919, 0.1000000000000000056, 0.3750000000000000000 ) ) ;
#1809 = AXIS2_PLACEMENT_3D ( 'NONE', #4434, #1211, #1883 ) ;
#1810 = ORIENTED_EDGE ( 'NONE', *, *, #1174, .F. ) ;
#1811 = VECTOR ( 'NONE', #3912, 1000.000000000000000 ) ;
#1812 = STYLED_ITEM ( 'NONE', ( #1617 ), #2852 ) ;
#1813 = CARTESIAN_POINT ( 'NONE',  ( 0.3750000000000001110, 0.000000000000000000, -0.6750000000000000444 ) ) ;
#1814 = ORIENTED_EDGE ( 'NONE', *, *, #2088, .F. ) ;
#1815 = VECTOR ( 'NONE', #3198, 1000.000000000000000 ) ;
#1816 = ORIENTED_EDGE ( 'NONE', *, *, #3172, .F. ) ;
#1817 = ORIENTED_EDGE ( 'NONE', *, *, #4694, .F. ) ;
#1818 = VECTOR ( 'NONE', #460, 1000.000000000000000 ) ;
#1819 = VECTOR ( 'NONE', #353, 1000.000000000000000 ) ;
#1820 = ORIENTED_EDGE ( 'NONE', *, *, #3225, .T. ) ;
#1821 = DIRECTION ( 'NONE',  ( 3.127067318537139569E-14, 0.000000000000000000, 1.000000000000000000 ) ) ;
#1822 = PLANE ( 'NONE',  #1255 ) ;
#1823 = DIRECTION ( 'NONE',  ( -1.000000000000000000, 0.000000000000000000, -0.000000000000000000 ) ) ;
#1824 = ORIENTED_EDGE ( 'NONE', *, *, #2135, .F. ) ;
#1825 = ORIENTED_EDGE ( 'NONE', *, *, #70, .T. ) ;
#1826 = DIRECTION ( 'NONE',  ( 1.000000000000000000, 0.000000000000000000, -1.561251128378871110E-14 ) ) ;
#1827 = EDGE_LOOP ( 'NONE', ( #3881, #3615, #1869, #1083 ) ) ;
#1828 = CARTESIAN_POINT ( 'NONE',  ( -0.1250000000000001110, 0.000000000000000000, -1.149999999999999911 ) ) ;
#1829 = EDGE_CURVE ( 'NONE', #4310, #1896, #2392, .T. ) ;
#1830 = DIRECTION ( 'NONE',  ( 0.000000000000000000, -1.000000000000000000, 0.000000000000000000 ) ) ;
#1831 = EDGE_CURVE ( 'NONE', #4468, #953, #3379, .T. ) ;
#1832 = FACE_OUTER_BOUND ( 'NONE', #4725, .T. ) ;
#1833 = EDGE_LOOP ( 'NONE', ( #3797, #4365, #4672, #1120 ) ) ;
#1834 = CARTESIAN_POINT ( 'NONE',  ( -0.9249999999999952704, 0.1000000000000000056, -0.3750000000000000000 ) ) ;
#1835 = DIRECTION ( 'NONE',  ( 0.000000000000000000, -1.000000000000000000, 0.000000000000000000 ) ) ;
#1836 = PLANE ( 'NONE',  #2020 ) ;
#1837 = EDGE_CURVE ( 'NONE', #1092, #3166, #3043, .T. ) ;
#1838 = ORIENTED_EDGE ( 'NONE', *, *, #4139, .F. ) ;
#1839 = PLANE ( 'NONE',  #969 ) ;
#1840 = CARTESIAN_POINT ( 'NONE',  ( -1.400000000000000355, 0.000000000000000000, -0.8750000000000000000 ) ) ;
#1841 = ORIENTED_EDGE ( 'NONE', *, *, #1325, .F. ) ;
#1842 = EDGE_LOOP ( 'NONE', ( #1307, #3038, #1990, #4149 ) ) ;
#1843 = VERTEX_POINT ( 'NONE', #2705 ) ;
#1844 = CARTESIAN_POINT ( 'NONE',  ( -0.6249999999999998890, 0.1000000000000000056, -0.6750000000000000444 ) ) ;
#1845 = AXIS2_PLACEMENT_3D ( 'NONE', #1998, #3551, #1372 ) ;
#1846 = LINE ( 'NONE', #4415, #498 ) ;
#1847 = LINE ( 'NONE', #2182, #1667 ) ;
#1848 = VERTEX_POINT ( 'NONE', #2366 ) ;
#1849 = VECTOR ( 'NONE', #4066, 1000.000000000000000 ) ;
#1850 = ORIENTED_EDGE ( 'NONE', *, *, #2510, .F. ) ;
#1851 = PLANE ( 'NONE',  #1433 ) ;
#1852 = CARTESIAN_POINT ( 'NONE',  ( 1.400000000000000355, 0.000000000000000000, -0.6250000000000000000 ) ) ;
#1853 = ADVANCED_FACE ( 'NONE', ( #2008 ), #119, .F. ) ;
#1854 = ORIENTED_EDGE ( 'NONE', *, *, #4596, .T. ) ;
#1855 = CARTESIAN_POINT ( 'NONE',  ( -1.200000000000000622, 0.8299999999999999600, -0.8750000000000000000 ) ) ;
#1856 = ADVANCED_FACE ( 'NONE', ( #145 ), #1655, .F. ) ;
#1857 = DIRECTION ( 'NONE',  ( 1.000000000000000000, 0.000000000000000000, 4.565061778886335030E-16 ) ) ;
#1858 = CARTESIAN_POINT ( 'NONE',  ( -1.500000000000000444, 0.8299999999999999600, 1.250000000000000000 ) ) ;
#1859 = EDGE_CURVE ( 'NONE', #1382, #169, #3750, .T. ) ;
#1860 = FACE_OUTER_BOUND ( 'NONE', #2468, .T. ) ;
#1861 = LINE ( 'NONE', #41, #3430 ) ;
#1862 = ORIENTED_EDGE ( 'NONE', *, *, #3446, .T. ) ;
#1863 = DIRECTION ( 'NONE',  ( 3.097720492815694724E-15, 0.000000000000000000, 1.000000000000000000 ) ) ;
#1864 = VERTEX_POINT ( 'NONE', #4533 ) ;
#1865 = ORIENTED_EDGE ( 'NONE', *, *, #1508, .F. ) ;
#1866 = DIRECTION ( 'NONE',  ( -1.000000000000000000, 0.000000000000000000, 0.000000000000000000 ) ) ;
#1867 = DIRECTION ( 'NONE',  ( -0.000000000000000000, 0.000000000000000000, -1.000000000000000000 ) ) ;
#1868 = LINE ( 'NONE', #1147, #3191 ) ;
#1869 = ORIENTED_EDGE ( 'NONE', *, *, #1428, .F. ) ;
#1870 = VECTOR ( 'NONE', #1950, 1000.000000000000000 ) ;
#1871 = ORIENTED_EDGE ( 'NONE', *, *, #1360, .T. ) ;
#1872 = LINE ( 'NONE', #2216, #3106 ) ;
#1873 = PRESENTATION_LAYER_ASSIGNMENT (  '', '', ( #1649 ) ) ;
#1874 = DIRECTION ( 'NONE',  ( 0.000000000000000000, 0.000000000000000000, 1.000000000000000000 ) ) ;
#1875 = LINE ( 'NONE', #1546, #1577 ) ;
#1876 = MECHANICAL_DESIGN_GEOMETRIC_PRESENTATION_REPRESENTATION (  '', ( #3407 ), #3998 ) ;
#1877 = ORIENTED_EDGE ( 'NONE', *, *, #241, .T. ) ;
#1878 = DIRECTION ( 'NONE',  ( 1.000000000000000000, 0.000000000000000000, 4.565061778886335030E-16 ) ) ;
#1879 = PLANE ( 'NONE',  #2653 ) ;
#1880 = VECTOR ( 'NONE', #1707, 1000.000000000000000 ) ;
#1881 = CARTESIAN_POINT ( 'NONE',  ( 0.3749999999999998890, 0.000000000000000000, 1.149999999999999911 ) ) ;
#1882 = ORIENTED_EDGE ( 'NONE', *, *, #2730, .T. ) ;
#1883 = DIRECTION ( 'NONE',  ( 1.000000000000000000, 0.000000000000000000, -0.000000000000000000 ) ) ;
#1884 = AXIS2_PLACEMENT_3D ( 'NONE', #4520, #4025, #2221 ) ;
#1885 = DIRECTION ( 'NONE',  ( 1.000000000000000000, 0.000000000000000000, -0.000000000000000000 ) ) ;
#1886 = EDGE_CURVE ( 'NONE', #482, #3566, #4205, .T. ) ;
#1887 = VECTOR ( 'NONE', #3186, 1000.000000000000000 ) ;
#1888 = VECTOR ( 'NONE', #3210, 1000.000000000000000 ) ;
#1889 = UNCERTAINTY_MEASURE_WITH_UNIT (LENGTH_MEASURE( 1.000000000000000082E-05 ), #2829, 'distance_accuracy_value', 'NONE');
#1890 = FACE_OUTER_BOUND ( 'NONE', #1338, .T. ) ;
#1891 = STYLED_ITEM ( 'NONE', ( #8 ), #2836 ) ;
#1892 = VERTEX_POINT ( 'NONE', #95 ) ;
#1893 = LINE ( 'NONE', #4006, #4711 ) ;
#1894 = DIRECTION ( 'NONE',  ( -0.000000000000000000, 0.000000000000000000, 1.000000000000000000 ) ) ;
#1895 = LINE ( 'NONE', #3771, #2897 ) ;
#1896 = VERTEX_POINT ( 'NONE', #2316 ) ;
#1897 = EDGE_CURVE ( 'NONE', #2571, #2463, #882, .T. ) ;
#1898 = VECTOR ( 'NONE', #3451, 1000.000000000000000 ) ;
#1899 = ORIENTED_EDGE ( 'NONE', *, *, #3586, .T. ) ;
#1900 = VERTEX_POINT ( 'NONE', #1583 ) ;
#1901 = LINE ( 'NONE', #392, #2970 ) ;
#1902 = CARTESIAN_POINT ( 'NONE',  ( -0.1250000000000001110, 0.1000000000000000056, 1.149999999999999911 ) ) ;
#1903 = DIRECTION ( 'NONE',  ( -0.000000000000000000, -1.000000000000000000, -0.000000000000000000 ) ) ;
#1904 =( NAMED_UNIT ( * ) PLANE_ANGLE_UNIT ( ) SI_UNIT ( $, .RADIAN. ) );
#1905 = VERTEX_POINT ( 'NONE', #4513 ) ;
#1906 = DIRECTION ( 'NONE',  ( -1.000000000000000000, -0.000000000000000000, -0.000000000000000000 ) ) ;
#1907 = DIRECTION ( 'NONE',  ( -0.7071067811865336949, 0.000000000000000000, -0.7071067811865613395 ) ) ;
#1908 = CARTESIAN_POINT ( 'NONE',  ( 0.000000000000000000, 0.1000000000000000056, 0.000000000000000000 ) ) ;
#1909 = PLANE ( 'NONE',  #2727 ) ;
#1910 = DIRECTION ( 'NONE',  ( 0.000000000000000000, 0.000000000000000000, 1.000000000000000000 ) ) ;
#1911 = DIRECTION ( 'NONE',  ( 1.000000000000000000, 0.000000000000000000, -0.000000000000000000 ) ) ;
#1912 = EDGE_CURVE ( 'NONE', #2492, #927, #1784, .T. ) ;
#1913 = FACE_OUTER_BOUND ( 'NONE', #3082, .T. ) ;
#1914 = ORIENTED_EDGE ( 'NONE', *, *, #4014, .T. ) ;
#1915 = CARTESIAN_POINT ( 'NONE',  ( -1.399999999999984812, 0.000000000000000000, 0.6250000000000000000 ) ) ;
#1916 = FACE_OUTER_BOUND ( 'NONE', #2524, .T. ) ;
#1917 = CARTESIAN_POINT ( 'NONE',  ( 1.399999999999996581, 0.000000000000000000, -0.8750000000000557332 ) ) ;
#1918 = ORIENTED_EDGE ( 'NONE', *, *, #2327, .T. ) ;
#1919 = VERTEX_POINT ( 'NONE', #3956 ) ;
#1920 = DIRECTION ( 'NONE',  ( -1.000000000000000000, 0.000000000000000000, 0.000000000000000000 ) ) ;
#1921 = EDGE_CURVE ( 'NONE', #2903, #2361, #2484, .T. ) ;
#1922 = LINE ( 'NONE', #3409, #2927 ) ;
#1923 = CARTESIAN_POINT ( 'NONE',  ( -0.9249999999999900524, 0.1000000000000000056, 0.1250000000000000000 ) ) ;
#1924 = AXIS2_PLACEMENT_3D ( 'NONE', #2166, #1065, #3211 ) ;
#1925 = PLANE ( 'NONE',  #4499 ) ;
#1926 = VERTEX_POINT ( 'NONE', #4602 ) ;
#1927 = CARTESIAN_POINT ( 'NONE',  ( -0.9249999999999900524, 0.1000000000000000056, 0.1250000000000000000 ) ) ;
#1928 = VECTOR ( 'NONE', #3440, 1000.000000000000000 ) ;
#1929 = DIRECTION ( 'NONE',  ( 0.000000000000000000, 1.000000000000000000, -0.000000000000000000 ) ) ;
#1930 = DIRECTION ( 'NONE',  ( -0.000000000000000000, -1.000000000000000000, -0.000000000000000000 ) ) ;
#1931 = EDGE_LOOP ( 'NONE', ( #4678, #3957, #2138, #533 ) ) ;
#1932 = DIRECTION ( 'NONE',  ( -1.561251128378778340E-14, -0.000000000000000000, -1.000000000000000000 ) ) ;
#1933 = CARTESIAN_POINT ( 'NONE',  ( -0.6250000000000001110, 0.1000000000000000056, -1.149999999999999911 ) ) ;
#1934 = CARTESIAN_POINT ( 'NONE',  ( -0.9249999999999848344, 0.000000000000000000, 0.6250000000000000000 ) ) ;
#1935 = DIRECTION ( 'NONE',  ( -1.561251128378871110E-14, 0.000000000000000000, -1.000000000000000000 ) ) ;
#1936 = ORIENTED_EDGE ( 'NONE', *, *, #3384, .F. ) ;
#1937 = DIRECTION ( 'NONE',  ( 0.000000000000000000, 0.000000000000000000, 1.000000000000000000 ) ) ;
#1938 = DIRECTION ( 'NONE',  ( -0.000000000000000000, 0.000000000000000000, -1.000000000000000000 ) ) ;
#1939 = CARTESIAN_POINT ( 'NONE',  ( -1.399999999999989919, 0.1000000000000000056, 0.1250000000000000000 ) ) ;
#1940 = ADVANCED_FACE ( 'NONE', ( #570 ), #3298, .F. ) ;
#1941 = ORIENTED_EDGE ( 'NONE', *, *, #1716, .T. ) ;
#1942 = LINE ( 'NONE', #1991, #2892 ) ;
#1943 = DIRECTION ( 'NONE',  ( 1.000000000000000000, 0.000000000000000000, -0.000000000000000000 ) ) ;
#1944 = EDGE_CURVE ( 'NONE', #331, #3335, #2129, .T. ) ;
#1945 = CARTESIAN_POINT ( 'NONE',  ( 0.000000000000000000, 0.000000000000000000, 0.000000000000000000 ) ) ;
#1946 = VECTOR ( 'NONE', #3332, 1000.000000000000000 ) ;
#1947 = EDGE_LOOP ( 'NONE', ( #841, #4389, #100, #1758 ) ) ;
#1948 = FACE_OUTER_BOUND ( 'NONE', #1068, .T. ) ;
#1949 = DIRECTION ( 'NONE',  ( 3.127067318537139569E-14, -0.000000000000000000, 1.000000000000000000 ) ) ;
#1950 = DIRECTION ( 'NONE',  ( 0.000000000000000000, 0.000000000000000000, -1.000000000000000000 ) ) ;
#1951 = VECTOR ( 'NONE', #3950, 1000.000000000000000 ) ;
#1952 = ORIENTED_EDGE ( 'NONE', *, *, #717, .F. ) ;
#1953 = EDGE_CURVE ( 'NONE', #574, #4034, #3924, .T. ) ;
#1954 = VERTEX_POINT ( 'NONE', #3995 ) ;
#1955 = CARTESIAN_POINT ( 'NONE',  ( 0.9249999999999848344, 0.1000000000000000056, 0.8749999999999991118 ) ) ;
#1956 = VERTEX_POINT ( 'NONE', #1676 ) ;
#1957 = FACE_OUTER_BOUND ( 'NONE', #3357, .T. ) ;
#1958 = AXIS2_PLACEMENT_3D ( 'NONE', #3262, #2837, #4733 ) ;
#1959 = ORIENTED_EDGE ( 'NONE', *, *, #686, .F. ) ;
#1960 = CARTESIAN_POINT ( 'NONE',  ( -0.1250000000000001110, 0.1000000000000000056, -1.149999999999999911 ) ) ;
#1961 = AXIS2_PLACEMENT_3D ( 'NONE', #2891, #2507, #1805 ) ;
#1962 = FACE_OUTER_BOUND ( 'NONE', #3105, .T. ) ;
#1963 = ORIENTED_EDGE ( 'NONE', *, *, #1148, .T. ) ;
#1964 = ORIENTED_EDGE ( 'NONE', *, *, #3726, .T. ) ;
#1965 = VECTOR ( 'NONE', #3290, 1000.000000000000000 ) ;
#1966 = VERTEX_POINT ( 'NONE', #3497 ) ;
#1967 = CARTESIAN_POINT ( 'NONE',  ( 0.6250000000000001110, 0.1000000000000000056, -1.149999999999999911 ) ) ;
#1968 = CARTESIAN_POINT ( 'NONE',  ( -0.6249999999999998890, 0.1000000000000000056, 0.6750000000000000444 ) ) ;
#1969 = VECTOR ( 'NONE', #1773, 1000.000000000000000 ) ;
#1970 = VECTOR ( 'NONE', #670, 1000.000000000000000 ) ;
#1971 = FILL_AREA_STYLE ('',( #1616 ) ) ;
#1972 = ADVANCED_FACE ( 'NONE', ( #1408 ), #307, .T. ) ;
#1973 = AXIS2_PLACEMENT_3D ( 'NONE', #1377, #3583, #1044 ) ;
#1974 = EDGE_CURVE ( 'NONE', #698, #4188, #354, .T. ) ;
#1975 = CARTESIAN_POINT ( 'NONE',  ( -0.3749999999999998890, 0.000000000000000000, 1.149999999999999911 ) ) ;
#1976 = CARTESIAN_POINT ( 'NONE',  ( -1.399999999999989919, 0.000000000000000000, 0.1250000000000000000 ) ) ;
#1977 = ADVANCED_FACE ( 'NONE', ( #2774 ), #4710, .T. ) ;
#1978 = FACE_OUTER_BOUND ( 'NONE', #1490, .T. ) ;
#1979 = DIRECTION ( 'NONE',  ( -0.000000000000000000, -1.000000000000000000, -0.000000000000000000 ) ) ;
#1980 = EDGE_CURVE ( 'NONE', #2872, #3707, #4330, .T. ) ;
#1981 = EDGE_LOOP ( 'NONE', ( #2769, #4605, #2676, #3083 ) ) ;
#1982 = CARTESIAN_POINT ( 'NONE',  ( 0.3749999999999998890, -0.000000000000000000, -1.149999999999999911 ) ) ;
#1983 = EDGE_CURVE ( 'NONE', #1043, #3810, #714, .T. ) ;
#1984 = ORIENTED_EDGE ( 'NONE', *, *, #2028, .T. ) ;
#1985 = CARTESIAN_POINT ( 'NONE',  ( -1.500000000000000444, 0.8299999999999999600, -1.250000000000000000 ) ) ;
#1986 = FACE_OUTER_BOUND ( 'NONE', #2100, .T. ) ;
#1987 = VERTEX_POINT ( 'NONE', #1808 ) ;
#1988 = PLANE ( 'NONE',  #3553 ) ;
#1989 = ORIENTED_EDGE ( 'NONE', *, *, #776, .F. ) ;
#1990 = ORIENTED_EDGE ( 'NONE', *, *, #488, .T. ) ;
#1991 = CARTESIAN_POINT ( 'NONE',  ( 0.3749999999999998890, 0.1000000000000000056, -1.149999999999999911 ) ) ;
#1992 = FACE_OUTER_BOUND ( 'NONE', #1088, .T. ) ;
#1993 = CARTESIAN_POINT ( 'NONE',  ( -0.1250000000000001110, 0.1000000000000000056, -1.149999999999999911 ) ) ;
#1994 = VERTEX_POINT ( 'NONE', #4689 ) ;
#1995 = PLANE ( 'NONE',  #2889 ) ;
#1996 = PLANE ( 'NONE',  #429 ) ;
#1997 = VECTOR ( 'NONE', #3160, 1000.000000000000000 ) ;
#1998 = CARTESIAN_POINT ( 'NONE',  ( -0.6249999999999998890, 0.1000000000000000056, -0.6750000000000000444 ) ) ;
#1999 = DIRECTION ( 'NONE',  ( 0.000000000000000000, 0.000000000000000000, 1.000000000000000000 ) ) ;
#2000 = EDGE_CURVE ( 'NONE', #671, #3064, #1045, .T. ) ;
#2001 = CARTESIAN_POINT ( 'NONE',  ( 1.399999999999984812, 0.000000000000000000, 0.6249999999999991118 ) ) ;
#2002 = ORIENTED_EDGE ( 'NONE', *, *, #1716, .F. ) ;
#2003 = LINE ( 'NONE', #3467, #1749 ) ;
#2004 = ORIENTED_EDGE ( 'NONE', *, *, #1386, .T. ) ;
#2005 = ADVANCED_FACE ( 'NONE', ( #2513 ), #1528, .F. ) ;
#2006 = DIRECTION ( 'NONE',  ( -4.565061778886335030E-16, -0.000000000000000000, 1.000000000000000000 ) ) ;
#2007 = VERTEX_POINT ( 'NONE', #2289 ) ;
#2008 = FACE_OUTER_BOUND ( 'NONE', #4369, .T. ) ;
#2009 = DIRECTION ( 'NONE',  ( 4.565061778886335030E-16, -0.000000000000000000, -1.000000000000000000 ) ) ;
#2010 = ORIENTED_EDGE ( 'NONE', *, *, #832, .F. ) ;
#2011 = LINE ( 'NONE', #914, #1591 ) ;
#2012 = DIRECTION ( 'NONE',  ( 0.000000000000000000, -1.000000000000000000, 0.000000000000000000 ) ) ;
#2013 = PRESENTATION_STYLE_ASSIGNMENT (( #557 ) ) ;
#2014 = CARTESIAN_POINT ( 'NONE',  ( -1.400000000000000355, 0.1000000000000000056, -0.8750000000000000000 ) ) ;
#2015 =( NAMED_UNIT ( * ) SI_UNIT ( $, .STERADIAN. ) SOLID_ANGLE_UNIT ( ) );
#2016 = ORIENTED_EDGE ( 'NONE', *, *, #1541, .T. ) ;
#2017 = DIRECTION ( 'NONE',  ( 1.000000000000000000, 0.000000000000000000, -1.040834085586232720E-14 ) ) ;
#2018 = DIRECTION ( 'NONE',  ( 0.000000000000000000, 1.000000000000000000, -0.000000000000000000 ) ) ;
#2019 = CARTESIAN_POINT ( 'NONE',  ( 0.6250000000000001110, 0.000000000000000000, -1.149999999999999911 ) ) ;
#2020 = AXIS2_PLACEMENT_3D ( 'NONE', #1858, #1751, #3677 ) ;
#2021 = PLANE ( 'NONE',  #3640 ) ;
#2022 = EDGE_LOOP ( 'NONE', ( #1096, #3419, #2535, #1984 ) ) ;
#2023 = DIRECTION ( 'NONE',  ( -1.000000000000000000, -0.000000000000000000, -0.000000000000000000 ) ) ;
#2024 = VERTEX_POINT ( 'NONE', #1206 ) ;
#2025 = FACE_OUTER_BOUND ( 'NONE', #1647, .T. ) ;
#2026 = VECTOR ( 'NONE', #1517, 1000.000000000000000 ) ;
#2027 = DIRECTION ( 'NONE',  ( -4.565061778886335030E-16, 0.000000000000000000, -1.000000000000000000 ) ) ;
#2028 = EDGE_CURVE ( 'NONE', #2840, #1896, #3027, .T. ) ;
#2029 = ADVANCED_FACE ( 'NONE', ( #3717 ), #2673, .T. ) ;
#2030 = ORIENTED_EDGE ( 'NONE', *, *, #4511, .F. ) ;
#2031 = DIRECTION ( 'NONE',  ( -1.000000000000000000, 0.000000000000000000, 0.000000000000000000 ) ) ;
#2032 = EDGE_CURVE ( 'NONE', #2437, #2427, #2243, .T. ) ;
#2033 = DIRECTION ( 'NONE',  ( -1.000000000000000000, -0.000000000000000000, -0.000000000000000000 ) ) ;
#2034 = AXIS2_PLACEMENT_3D ( 'NONE', #1780, #4373, #2165 ) ;
#2035 = VERTEX_POINT ( 'NONE', #2966 ) ;
#2036 = VECTOR ( 'NONE', #230, 1000.000000000000000 ) ;
#2037 = ADVANCED_FACE ( 'NONE', ( #2580 ), #4456, .F. ) ;
#2038 = ORIENTED_EDGE ( 'NONE', *, *, #987, .T. ) ;
#2039 = DIRECTION ( 'NONE',  ( -0.000000000000000000, -1.000000000000000000, -0.000000000000000000 ) ) ;
#2040 = EDGE_CURVE ( 'NONE', #1732, #4597, #4498, .T. ) ;
#2041 = DIRECTION ( 'NONE',  ( -0.000000000000000000, -1.000000000000000000, -0.000000000000000000 ) ) ;
#2042 = LINE ( 'NONE', #1268, #2508 ) ;
#2043 = LINE ( 'NONE', #3508, #122 ) ;
#2044 = VECTOR ( 'NONE', #3119, 1000.000000000000000 ) ;
#2045 = DIRECTION ( 'NONE',  ( 0.000000000000000000, 0.000000000000000000, -1.000000000000000000 ) ) ;
#2046 = LINE ( 'NONE', #966, #3787 ) ;
#2047 = COLOUR_RGB ( '',1.000000000000000000, 0.8117647058823529438, 0.5019607843137254832 ) ;
#2048 = DIRECTION ( 'NONE',  ( 0.000000000000000000, 0.000000000000000000, 1.000000000000000000 ) ) ;
#2049 = DIRECTION ( 'NONE',  ( -1.000000000000000000, 0.000000000000000000, -0.000000000000000000 ) ) ;
#2050 = FACE_OUTER_BOUND ( 'NONE', #4270, .T. ) ;
#2051 = VECTOR ( 'NONE', #4010, 1000.000000000000000 ) ;
#2052 = VECTOR ( 'NONE', #1807, 1000.000000000000000 ) ;
#2053 = CARTESIAN_POINT ( 'NONE',  ( -1.399999999999989919, 0.1000000000000000056, 0.3750000000000000000 ) ) ;
#2054 = ORIENTED_EDGE ( 'NONE', *, *, #336, .F. ) ;
#2055 = LINE ( 'NONE', #4598, #3031 ) ;
#2056 = EDGE_LOOP ( 'NONE', ( #4131, #4461, #2977, #782 ) ) ;
#2057 = DIRECTION ( 'NONE',  ( -4.565061778886335030E-16, -0.000000000000000000, 1.000000000000000000 ) ) ;
#2058 = PLANE ( 'NONE',  #821 ) ;
#2059 = VERTEX_POINT ( 'NONE', #1570 ) ;
#2060 = CARTESIAN_POINT ( 'NONE',  ( 0.000000000000000000, 0.000000000000000000, 0.000000000000000000 ) ) ;
#2061 = EDGE_LOOP ( 'NONE', ( #1289, #360, #3852, #756 ) ) ;
#2062 = ORIENTED_EDGE ( 'NONE', *, *, #1272, .T. ) ;
#2063 = ADVANCED_FACE ( 'NONE', ( #3317 ), #3394, .F. ) ;
#2064 = ORIENTED_EDGE ( 'NONE', *, *, #2606, .T. ) ;
#2065 = FILL_AREA_STYLE ('',( #3856 ) ) ;
#2066 = CARTESIAN_POINT ( 'NONE',  ( 0.1250000000000001110, 0.1000000000000000056, 1.149999999999999911 ) ) ;
#2067 = DIRECTION ( 'NONE',  ( 1.000000000000000000, 0.000000000000000000, -0.000000000000000000 ) ) ;
#2068 = PLANE ( 'NONE',  #193 ) ;
#2069 = ADVANCED_FACE ( 'NONE', ( #3370 ), #1879, .F. ) ;
#2070 = EDGE_CURVE ( 'NONE', #4597, #3638, #4120, .T. ) ;
#2071 = DIRECTION ( 'NONE',  ( 0.000000000000000000, -0.000000000000000000, 1.000000000000000000 ) ) ;
#2072 = DIRECTION ( 'NONE',  ( 0.000000000000000000, 1.000000000000000000, -0.000000000000000000 ) ) ;
#2073 = PLANE ( 'NONE',  #1845 ) ;
#2074 = DIRECTION ( 'NONE',  ( 0.000000000000000000, 0.000000000000000000, 1.000000000000000000 ) ) ;
#2075 = LINE ( 'NONE', #3952, #744 ) ;
#2076 = EDGE_LOOP ( 'NONE', ( #1810, #456, #3153, #2474 ) ) ;
#2077 = FACE_OUTER_BOUND ( 'NONE', #1612, .T. ) ;
#2078 = ORIENTED_EDGE ( 'NONE', *, *, #1739, .F. ) ;
#2079 = CLOSED_SHELL ( 'NONE', ( #2189, #2063, #1601, #746, #1972, #694 ) ) ;
#2080 = DIRECTION ( 'NONE',  ( -1.000000000000000000, 0.000000000000000000, -0.000000000000000000 ) ) ;
#2081 = ORIENTED_EDGE ( 'NONE', *, *, #1604, .F. ) ;
#2082 = VECTOR ( 'NONE', #2041, 1000.000000000000000 ) ;
#2083 = CARTESIAN_POINT ( 'NONE',  ( -0.6249999999999642508, 0.1000000000000000056, 1.150000000000002576 ) ) ;
#2084 = VERTEX_POINT ( 'NONE', #764 ) ;
#2085 = VERTEX_POINT ( 'NONE', #848 ) ;
#2086 = ORIENTED_EDGE ( 'NONE', *, *, #4551, .T. ) ;
#2087 = DIRECTION ( 'NONE',  ( -1.000000000000000000, 0.000000000000000000, 3.127067318537139569E-14 ) ) ;
#2088 = EDGE_CURVE ( 'NONE', #1220, #2482, #1552, .T. ) ;
#2089 = LINE ( 'NONE', #150, #1022 ) ;
#2090 = CARTESIAN_POINT ( 'NONE',  ( -0.9249999999999848344, 0.1000000000000000056, 0.6250000000000000000 ) ) ;
#2091 = DIRECTION ( 'NONE',  ( -4.565061778886335030E-16, -0.000000000000000000, 1.000000000000000000 ) ) ;
#2092 = EDGE_LOOP ( 'NONE', ( #4347, #544, #2909, #2278 ) ) ;
#2093 = LINE ( 'NONE', #705, #1054 ) ;
#2094 = LINE ( 'NONE', #3549, #3183 ) ;
#2095 = CARTESIAN_POINT ( 'NONE',  ( 1.399999999999984812, 0.1000000000000000056, 0.8749999999999991118 ) ) ;
#2096 = FACE_OUTER_BOUND ( 'NONE', #338, .T. ) ;
#2097 = SURFACE_STYLE_USAGE ( .BOTH. , #637 ) ;
#2098 = ADVANCED_FACE ( 'NONE', ( #1179 ), #492, .F. ) ;
#2099 = CARTESIAN_POINT ( 'NONE',  ( 1.399999999999989919, 0.1000000000000000056, 0.1249999999999995698 ) ) ;
#2100 = EDGE_LOOP ( 'NONE', ( #3398, #3570, #2622, #4729 ) ) ;
#2101 = LINE ( 'NONE', #737, #3639 ) ;
#2102 = ADVANCED_FACE ( 'NONE', ( #1598 ), #3051, .T. ) ;
#2103 = VERTEX_POINT ( 'NONE', #35 ) ;
#2104 = LINE ( 'NONE', #1456, #1227 ) ;
#2105 = DIRECTION ( 'NONE',  ( -0.000000000000000000, 0.000000000000000000, 1.000000000000000000 ) ) ;
#2106 = AXIS2_PLACEMENT_3D ( 'NONE', #4651, #3174, #3300 ) ;
#2107 = ORIENTED_EDGE ( 'NONE', *, *, #686, .T. ) ;
#2108 = CARTESIAN_POINT ( 'NONE',  ( -0.1250000000000001110, 0.000000000000000000, 1.149999999999999911 ) ) ;
#2109 = ORIENTED_EDGE ( 'NONE', *, *, #2542, .F. ) ;
#2110 = STYLED_ITEM ( 'NONE', ( #4220 ), #1335 ) ;
#2111 = ORIENTED_EDGE ( 'NONE', *, *, #3988, .F. ) ;
#2112 = EDGE_LOOP ( 'NONE', ( #3575, #1031, #1170, #2773 ) ) ;
#2113 =( LENGTH_UNIT ( ) NAMED_UNIT ( * ) SI_UNIT ( .MILLI., .METRE. ) );
#2114 = AXIS2_PLACEMENT_3D ( 'NONE', #791, #1536, #2544 ) ;
#2115 = DIRECTION ( 'NONE',  ( 4.565061778886335030E-16, 0.000000000000000000, 1.000000000000000000 ) ) ;
#2116 = DIRECTION ( 'NONE',  ( -0.000000000000000000, -0.000000000000000000, -1.000000000000000000 ) ) ;
#2117 = ORIENTED_EDGE ( 'NONE', *, *, #1507, .T. ) ;
#2118 = FACE_BOUND ( 'NONE', #1332, .T. ) ;
#2119 = CARTESIAN_POINT ( 'NONE',  ( -0.1250000000000001110, 0.1000000000000000056, -1.149999999999999911 ) ) ;
#2120 = CARTESIAN_POINT ( 'NONE',  ( -1.399999999999995248, 0.000000000000000000, -0.1250000000000000000 ) ) ;
#2121 = AXIS2_PLACEMENT_3D ( 'NONE', #1661, #3819, #888 ) ;
#2122 = VECTOR ( 'NONE', #2750, 1000.000000000000000 ) ;
#2123 = EDGE_CURVE ( 'NONE', #730, #2465, #1501, .T. ) ;
#2124 = CARTESIAN_POINT ( 'NONE',  ( -1.400000000000000355, 0.1000000000000000056, -0.8750000000000000000 ) ) ;
#2125 = VECTOR ( 'NONE', #1414, 1000.000000000000000 ) ;
#2126 = AXIS2_PLACEMENT_3D ( 'NONE', #2743, #174, #489 ) ;
#2127 = ORIENTED_EDGE ( 'NONE', *, *, #1507, .F. ) ;
#2128 = LINE ( 'NONE', #4667, #2052 ) ;
#2129 = LINE ( 'NONE', #1070, #51 ) ;
#2130 = COLOUR_RGB ( '',1.000000000000000000, 0.8117647058823529438, 0.5019607843137254832 ) ;
#2131 = ORIENTED_EDGE ( 'NONE', *, *, #776, .T. ) ;
#2132 = FACE_OUTER_BOUND ( 'NONE', #3222, .T. ) ;
#2133 = EDGE_CURVE ( 'NONE', #936, #526, #2610, .T. ) ;
#2134 = DIRECTION ( 'NONE',  ( 0.000000000000000000, -0.000000000000000000, 1.000000000000000000 ) ) ;
#2135 = EDGE_CURVE ( 'NONE', #696, #331, #3806, .T. ) ;
#2136 = ORIENTED_EDGE ( 'NONE', *, *, #54, .T. ) ;
#2137 = ORIENTED_EDGE ( 'NONE', *, *, #924, .F. ) ;
#2138 = ORIENTED_EDGE ( 'NONE', *, *, #2514, .F. ) ;
#2139 = VERTEX_POINT ( 'NONE', #4545 ) ;
#2140 = CARTESIAN_POINT ( 'NONE',  ( 1.399999999999984812, 0.1000000000000000056, 0.6249999999999991118 ) ) ;
#2141 =( NAMED_UNIT ( * ) PLANE_ANGLE_UNIT ( ) SI_UNIT ( $, .RADIAN. ) );
#2142 = FACE_BOUND ( 'NONE', #1765, .T. ) ;
#2143 = CARTESIAN_POINT ( 'NONE',  ( 0.000000000000000000, 0.1000000000000000056, 0.000000000000000000 ) ) ;
#2144 = DIRECTION ( 'NONE',  ( -0.000000000000000000, 1.000000000000000000, 0.000000000000000000 ) ) ;
#2145 = CARTESIAN_POINT ( 'NONE',  ( -1.399999999999995248, 0.1000000000000000056, -0.3750000000000000000 ) ) ;
#2146 = SURFACE_SIDE_STYLE ('',( #303 ) ) ;
#2147 = CARTESIAN_POINT ( 'NONE',  ( -0.9249999999999848344, 0.1000000000000000056, 0.6250000000000000000 ) ) ;
#2148 = ORIENTED_EDGE ( 'NONE', *, *, #980, .F. ) ;
#2149 = LINE ( 'NONE', #3605, #375 ) ;
#2150 = EDGE_CURVE ( 'NONE', #1954, #1750, #1298, .T. ) ;
#2151 = ORIENTED_EDGE ( 'NONE', *, *, #4476, .F. ) ;
#2152 = DIRECTION ( 'NONE',  ( -0.000000000000000000, -1.000000000000000000, -0.000000000000000000 ) ) ;
#2153 = CARTESIAN_POINT ( 'NONE',  ( -0.1249999999999998890, 0.000000000000000000, 0.6750000000000000444 ) ) ;
#2154 = ORIENTED_EDGE ( 'NONE', *, *, #4298, .T. ) ;
#2155 = VECTOR ( 'NONE', #3872, 1000.000000000000000 ) ;
#2156 = ORIENTED_EDGE ( 'NONE', *, *, #4067, .T. ) ;
#2157 = EDGE_CURVE ( 'NONE', #3783, #4310, #3072, .T. ) ;
#2158 = VECTOR ( 'NONE', #2217, 1000.000000000000000 ) ;
#2159 = ORIENTED_EDGE ( 'NONE', *, *, #2410, .T. ) ;
#2160 = CARTESIAN_POINT ( 'NONE',  ( -0.9249999999999952704, 0.000000000000000000, -0.1250000000000000000 ) ) ;
#2161 = ORIENTED_EDGE ( 'NONE', *, *, #2123, .T. ) ;
#2162 = SURFACE_STYLE_FILL_AREA ( #246 ) ;
#2163 = ORIENTED_EDGE ( 'NONE', *, *, #11, .T. ) ;
#2164 = CARTESIAN_POINT ( 'NONE',  ( -1.399999999999989919, 0.1000000000000000056, 0.1250000000000000000 ) ) ;
#2165 = DIRECTION ( 'NONE',  ( 0.000000000000000000, -0.000000000000000000, 1.000000000000000000 ) ) ;
#2166 = CARTESIAN_POINT ( 'NONE',  ( 0.000000000000000000, 0.1000000000000000056, 0.000000000000000000 ) ) ;
#2167 =( NAMED_UNIT ( * ) PLANE_ANGLE_UNIT ( ) SI_UNIT ( $, .RADIAN. ) );
#2168 = LINE ( 'NONE', #1744, #4028 ) ;
#2169 = CARTESIAN_POINT ( 'NONE',  ( -1.400000000000000355, 0.1000000000000000056, -0.6250000000000000000 ) ) ;
#2170 = EDGE_LOOP ( 'NONE', ( #2078, #632, #3982, #2901 ) ) ;
#2171 = PLANE ( 'NONE',  #3502 ) ;
#2172 = ORIENTED_EDGE ( 'NONE', *, *, #3845, .F. ) ;
#2173 = ORIENTED_EDGE ( 'NONE', *, *, #3672, .T. ) ;
#2174 = ADVANCED_FACE ( 'NONE', ( #944 ), #921, .F. ) ;
#2175 = AXIS2_PLACEMENT_3D ( 'NONE', #3150, #4622, #1328 ) ;
#2176 = EDGE_CURVE ( 'NONE', #224, #745, #154, .T. ) ;
#2177 = ORIENTED_EDGE ( 'NONE', *, *, #2070, .F. ) ;
#2178 = ORIENTED_EDGE ( 'NONE', *, *, #1607, .T. ) ;
#2179 = CARTESIAN_POINT ( 'NONE',  ( -0.1250000000000001110, 0.000000000000000000, 1.149999999999999911 ) ) ;
#2180 = ADVANCED_FACE ( 'NONE', ( #3141 ), #3159, .F. ) ;
#2181 = CARTESIAN_POINT ( 'NONE',  ( 1.399999999999984812, 0.000000000000000000, 0.8749999999999991118 ) ) ;
#2182 = CARTESIAN_POINT ( 'NONE',  ( -0.6249999999999642508, 0.1000000000000000056, 1.150000000000002576 ) ) ;
#2183 = MECHANICAL_DESIGN_GEOMETRIC_PRESENTATION_REPRESENTATION (  '', ( #1181 ), #4707 ) ;
#2184 = ORIENTED_EDGE ( 'NONE', *, *, #2473, .F. ) ;
#2185 = SURFACE_STYLE_FILL_AREA ( #4129 ) ;
#2186 = AXIS2_PLACEMENT_3D ( 'NONE', #2305, #3003, #2647 ) ;
#2187 = ORIENTED_EDGE ( 'NONE', *, *, #2708, .T. ) ;
#2188 = FACE_OUTER_BOUND ( 'NONE', #1578, .T. ) ;
#2189 = ADVANCED_FACE ( 'NONE', ( #4197 ), #3464, .F. ) ;
#2190 = LINE ( 'NONE', #708, #1041 ) ;
#2191 = FACE_OUTER_BOUND ( 'NONE', #752, .T. ) ;
#2192 = AXIS2_PLACEMENT_3D ( 'NONE', #1619, #2018, #2048 ) ;
#2193 = ORIENTED_EDGE ( 'NONE', *, *, #4044, .T. ) ;
#2194 = DIRECTION ( 'NONE',  ( 0.000000000000000000, -1.000000000000000000, 0.000000000000000000 ) ) ;
#2195 = CARTESIAN_POINT ( 'NONE',  ( 1.399999999999989919, 0.1000000000000000056, 0.1249999999999995698 ) ) ;
#2196 = VECTOR ( 'NONE', #1544, 1000.000000000000000 ) ;
#2197 = CARTESIAN_POINT ( 'NONE',  ( -0.1249999999999998890, 0.1000000000000000056, -0.6750000000000000444 ) ) ;
#2198 = ORIENTED_EDGE ( 'NONE', *, *, #2857, .T. ) ;
#2199 = VECTOR ( 'NONE', #371, 1000.000000000000000 ) ;
#2200 = LINE ( 'NONE', #66, #515 ) ;
#2201 = DIRECTION ( 'NONE',  ( 0.000000000000000000, 0.000000000000000000, 1.000000000000000000 ) ) ;
#2202 = ORIENTED_EDGE ( 'NONE', *, *, #403, .T. ) ;
#2203 = VECTOR ( 'NONE', #3181, 1000.000000000000000 ) ;
#2204 = AXIS2_PLACEMENT_3D ( 'NONE', #3148, #4253, #213 ) ;
#2205 = ORIENTED_EDGE ( 'NONE', *, *, #1626, .F. ) ;
#2206 = CIRCLE ( 'NONE', #905, 0.1250000000000002220 ) ;
#2207 = EDGE_LOOP ( 'NONE', ( #1785, #1312, #4364, #1321 ) ) ;
#2208 = ORIENTED_EDGE ( 'NONE', *, *, #4158, .F. ) ;
#2209 = FACE_OUTER_BOUND ( 'NONE', #3084, .T. ) ;
#2210 = DIRECTION ( 'NONE',  ( 0.000000000000000000, -1.000000000000000000, 0.000000000000000000 ) ) ;
#2211 = PLANE ( 'NONE',  #3947 ) ;
#2212 = EDGE_CURVE ( 'NONE', #624, #4468, #2330, .T. ) ;
#2213 = ORIENTED_EDGE ( 'NONE', *, *, #2150, .T. ) ;
#2214 = VERTEX_POINT ( 'NONE', #4568 ) ;
#2215 = ORIENTED_EDGE ( 'NONE', *, *, #1912, .F. ) ;
#2216 = CARTESIAN_POINT ( 'NONE',  ( 0.6250000000000001110, 0.1000000000000000056, 1.149999999999999911 ) ) ;
#2217 = DIRECTION ( 'NONE',  ( -0.000000000000000000, -1.000000000000000000, -0.000000000000000000 ) ) ;
#2218 = EDGE_CURVE ( 'NONE', #1440, #3663, #176, .T. ) ;
#2219 = EDGE_LOOP ( 'NONE', ( #2873, #4181, #1963, #3385 ) ) ;
#2220 = LINE ( 'NONE', #4428, #2726 ) ;
#2221 = DIRECTION ( 'NONE',  ( 0.000000000000000000, 0.000000000000000000, 1.000000000000000000 ) ) ;
#2222 = LINE ( 'NONE', #2108, #2787 ) ;
#2223 = CARTESIAN_POINT ( 'NONE',  ( 1.399999999999996581, 0.1000000000000000056, -0.8750000000000557332 ) ) ;
#2224 = CARTESIAN_POINT ( 'NONE',  ( 0.9249999999999848344, 0.1000000000000000056, 0.6249999999999991118 ) ) ;
#2225 = EDGE_LOOP ( 'NONE', ( #2511, #2215, #4400, #1899 ) ) ;
#2226 = DIRECTION ( 'NONE',  ( 0.000000000000000000, 1.000000000000000000, -0.000000000000000000 ) ) ;
#2227 = ORIENTED_EDGE ( 'NONE', *, *, #4526, .T. ) ;
#2228 = ORIENTED_EDGE ( 'NONE', *, *, #3080, .F. ) ;
#2229 = FACE_OUTER_BOUND ( 'NONE', #3204, .T. ) ;
#2230 = AXIS2_PLACEMENT_3D ( 'NONE', #2439, #3539, #4202 ) ;
#2231 = CARTESIAN_POINT ( 'NONE',  ( -0.9249999999999900524, 0.1000000000000000056, 0.1250000000000000000 ) ) ;
#2232 = CARTESIAN_POINT ( 'NONE',  ( -0.9250000000000004885, 0.1000000000000000056, -0.6250000000000000000 ) ) ;
#2233 = ORIENTED_EDGE ( 'NONE', *, *, #271, .F. ) ;
#2234 = EDGE_CURVE ( 'NONE', #4341, #259, #3095, .T. ) ;
#2235 = ORIENTED_EDGE ( 'NONE', *, *, #43, .T. ) ;
#2236 = DIRECTION ( 'NONE',  ( -1.000000000000000000, 0.000000000000000000, 0.000000000000000000 ) ) ;
#2237 = CARTESIAN_POINT ( 'NONE',  ( 0.6249999999999998890, 0.000000000000000000, -0.6750000000000000444 ) ) ;
#2238 = FILL_AREA_STYLE_COLOUR ( '', #3920 ) ;
#2239 = DIRECTION ( 'NONE',  ( 1.000000000000000000, 0.000000000000000000, 0.000000000000000000 ) ) ;
#2240 = EDGE_CURVE ( 'NONE', #975, #947, #586, .T. ) ;
#2241 = ORIENTED_EDGE ( 'NONE', *, *, #2920, .T. ) ;
#2242 = FACE_OUTER_BOUND ( 'NONE', #2170, .T. ) ;
#2243 = LINE ( 'NONE', #824, #4333 ) ;
#2244 = DIRECTION ( 'NONE',  ( -4.565061778886335030E-16, 0.000000000000000000, 1.000000000000000000 ) ) ;
#2245 = ORIENTED_EDGE ( 'NONE', *, *, #3024, .T. ) ;
#2246 = CARTESIAN_POINT ( 'NONE',  ( -1.500000000000000444, 0.8299999999999999600, 1.250000000000000000 ) ) ;
#2247 = EDGE_CURVE ( 'NONE', #1675, #396, #967, .T. ) ;
#2248 = FACE_OUTER_BOUND ( 'NONE', #245, .T. ) ;
#2249 = ADVANCED_FACE ( 'NONE', ( #3865 ), #1996, .F. ) ;
#2250 = ORIENTED_EDGE ( 'NONE', *, *, #3087, .T. ) ;
#2251 = DIRECTION ( 'NONE',  ( 0.000000000000000000, 0.000000000000000000, 1.000000000000000000 ) ) ;
#2252 = ORIENTED_EDGE ( 'NONE', *, *, #3728, .F. ) ;
#2253 = DIRECTION ( 'NONE',  ( -1.000000000000000000, 0.000000000000000000, -0.000000000000000000 ) ) ;
#2254 = FACE_OUTER_BOUND ( 'NONE', #3902, .T. ) ;
#2255 = CARTESIAN_POINT ( 'NONE',  ( 1.399999999999984812, 0.1000000000000000056, 0.8749999999999991118 ) ) ;
#2256 = VECTOR ( 'NONE', #4540, 1000.000000000000000 ) ;
#2257 = VERTEX_POINT ( 'NONE', #561 ) ;
#2258 = DIRECTION ( 'NONE',  ( 0.000000000000000000, 0.000000000000000000, 1.000000000000000000 ) ) ;
#2259 = PRESENTATION_LAYER_ASSIGNMENT (  '', '', ( #3333 ) ) ;
#2260 = CARTESIAN_POINT ( 'NONE',  ( 0.000000000000000000, 0.1000000000000000056, 0.000000000000000000 ) ) ;
#2261 = VECTOR ( 'NONE', #1295, 1000.000000000000000 ) ;
#2262 = FILL_AREA_STYLE_COLOUR ( '', #3723 ) ;
#2263 = ORIENTED_EDGE ( 'NONE', *, *, #156, .F. ) ;
#2264 = DIRECTION ( 'NONE',  ( -0.000000000000000000, -0.000000000000000000, -1.000000000000000000 ) ) ;
#2265 = CARTESIAN_POINT ( 'NONE',  ( 0.9249999999999900524, 0.1000000000000000056, 0.1249999999999995698 ) ) ;
#2266 = AXIS2_PLACEMENT_3D ( 'NONE', #201, #540, #3512 ) ;
#2267 = PLANE ( 'NONE',  #350 ) ;
#2268 = EDGE_CURVE ( 'NONE', #3714, #3276, #3416, .T. ) ;
#2269 = LINE ( 'NONE', #3744, #1116 ) ;
#2270 = LINE ( 'NONE', #3725, #2351 ) ;
#2271 = STYLED_ITEM ( 'NONE', ( #266 ), #2936 ) ;
#2272 = EDGE_CURVE ( 'NONE', #700, #57, #248, .T. ) ;
#2273 = DIRECTION ( 'NONE',  ( -0.000000000000000000, 0.000000000000000000, -1.000000000000000000 ) ) ;
#2274 = EDGE_CURVE ( 'NONE', #4742, #1966, #4144, .T. ) ;
#2275 = CARTESIAN_POINT ( 'NONE',  ( -0.3749999999999998890, 0.1000000000000000056, -1.149999999999999911 ) ) ;
#2276 = VECTOR ( 'NONE', #3942, 1000.000000000000000 ) ;
#2277 = VECTOR ( 'NONE', #4578, 1000.000000000000000 ) ;
#2278 = ORIENTED_EDGE ( 'NONE', *, *, #2946, .T. ) ;
#2279 = DIRECTION ( 'NONE',  ( -1.000000000000000000, 0.000000000000000000, 1.040834085586232720E-14 ) ) ;
#2280 = DIRECTION ( 'NONE',  ( 1.000000000000000000, -0.000000000000000000, -0.000000000000000000 ) ) ;
#2281 = DIRECTION ( 'NONE',  ( 4.565061778886335030E-16, 0.000000000000000000, 1.000000000000000000 ) ) ;
#2282 = AXIS2_PLACEMENT_3D ( 'NONE', #3659, #384, #4334 ) ;
#2283 = EDGE_LOOP ( 'NONE', ( #1602, #3102, #1825, #2154 ) ) ;
#2284 = DIRECTION ( 'NONE',  ( 0.000000000000000000, 0.000000000000000000, -1.000000000000000000 ) ) ;
#2285 = DIRECTION ( 'NONE',  ( -4.565061778886335030E-16, -0.000000000000000000, 1.000000000000000000 ) ) ;
#2286 = SURFACE_STYLE_USAGE ( .BOTH. , #1593 ) ;
#2287 =( NAMED_UNIT ( * ) SI_UNIT ( $, .STERADIAN. ) SOLID_ANGLE_UNIT ( ) );
#2288 = LINE ( 'NONE', #4049, #1737 ) ;
#2289 = CARTESIAN_POINT ( 'NONE',  ( -0.6249999999999998890, 0.1000000000000000056, -0.6750000000000000444 ) ) ;
#2290 = DIRECTION ( 'NONE',  ( -0.000000000000000000, -0.000000000000000000, -1.000000000000000000 ) ) ;
#2291 = VERTEX_POINT ( 'NONE', #1976 ) ;
#2292 = LINE ( 'NONE', #1955, #514 ) ;
#2293 = EDGE_CURVE ( 'NONE', #159, #2492, #3444, .T. ) ;
#2294 = CARTESIAN_POINT ( 'NONE',  ( 1.399999999999984812, 0.1000000000000000056, 0.6249999999999991118 ) ) ;
#2295 = PRESENTATION_STYLE_ASSIGNMENT (( #1164 ) ) ;
#2296 = ORIENTED_EDGE ( 'NONE', *, *, #4410, .F. ) ;
#2297 = DIRECTION ( 'NONE',  ( 1.000000000000000000, 0.000000000000000000, -0.000000000000000000 ) ) ;
#2298 = DIRECTION ( 'NONE',  ( -1.000000000000000000, -0.000000000000000000, -0.000000000000000000 ) ) ;
#2299 = ORIENTED_EDGE ( 'NONE', *, *, #4511, .T. ) ;
#2300 = ORIENTED_EDGE ( 'NONE', *, *, #3468, .T. ) ;
#2301 = DIRECTION ( 'NONE',  ( 0.000000000000000000, 0.000000000000000000, 1.000000000000000000 ) ) ;
#2302 = DIRECTION ( 'NONE',  ( 0.000000000000000000, -0.000000000000000000, 1.000000000000000000 ) ) ;
#2303 = EDGE_CURVE ( 'NONE', #1220, #1954, #898, .T. ) ;
#2304 = CARTESIAN_POINT ( 'NONE',  ( 0.9249999999999952704, 0.1000000000000000056, -0.1250000000000004441 ) ) ;
#2305 = CARTESIAN_POINT ( 'NONE',  ( -1.200000000000000622, 0.7800000000000000266, -1.000000000000000222 ) ) ;
#2306 = CLOSED_SHELL ( 'NONE', ( #481, #3825, #1710, #4130, #2353, #926 ) ) ;
#2307 = LINE ( 'NONE', #4542, #4576 ) ;
#2308 = DIRECTION ( 'NONE',  ( 0.000000000000000000, 0.000000000000000000, 1.000000000000000000 ) ) ;
#2309 = DIRECTION ( 'NONE',  ( -0.000000000000000000, -1.000000000000000000, -0.000000000000000000 ) ) ;
#2310 = FACE_OUTER_BOUND ( 'NONE', #1235, .T. ) ;
#2311 = ORIENTED_EDGE ( 'NONE', *, *, #3588, .T. ) ;
#2312 = VERTEX_POINT ( 'NONE', #1064 ) ;
#2313 = CARTESIAN_POINT ( 'NONE',  ( -0.9249999999999900524, 0.1000000000000000056, 0.1250000000000000000 ) ) ;
#2314 = LINE ( 'NONE', #2592, #238 ) ;
#2315 = ORIENTED_EDGE ( 'NONE', *, *, #1980, .F. ) ;
#2316 = CARTESIAN_POINT ( 'NONE',  ( -0.6250000000000001110, 0.000000000000000000, -1.149999999999999911 ) ) ;
#2317 = DIRECTION ( 'NONE',  ( -1.000000000000000000, -0.000000000000000000, -0.000000000000000000 ) ) ;
#2318 = FACE_BOUND ( 'NONE', #380, .T. ) ;
#2319 = EDGE_CURVE ( 'NONE', #2907, #3144, #2190, .T. ) ;
#2320 = EDGE_CURVE ( 'NONE', #4335, #646, #3600, .T. ) ;
#2321 = ADVANCED_FACE ( 'NONE', ( #324 ), #1371, .F. ) ;
#2322 = ORIENTED_EDGE ( 'NONE', *, *, #3134, .T. ) ;
#2323 = DIRECTION ( 'NONE',  ( 0.000000000000000000, -1.000000000000000000, 0.000000000000000000 ) ) ;
#2324 = CARTESIAN_POINT ( 'NONE',  ( -1.400000000000000355, 0.000000000000000000, -0.8750000000000000000 ) ) ;
#2325 = FACE_OUTER_BOUND ( 'NONE', #1557, .T. ) ;
#2326 = EDGE_CURVE ( 'NONE', #3321, #2531, #1801, .T. ) ;
#2327 = EDGE_CURVE ( 'NONE', #4394, #722, #4704, .T. ) ;
#2328 = AXIS2_PLACEMENT_3D ( 'NONE', #476, #1894, #3309 ) ;
#2329 = DIRECTION ( 'NONE',  ( -1.000000000000000000, 0.000000000000000000, -0.000000000000000000 ) ) ;
#2330 = LINE ( 'NONE', #2763, #2877 ) ;
#2331 = CARTESIAN_POINT ( 'NONE',  ( -1.400000000000000355, 0.000000000000000000, -0.8750000000000000000 ) ) ;
#2332 = VECTOR ( 'NONE', #1599, 1000.000000000000000 ) ;
#2333 = ORIENTED_EDGE ( 'NONE', *, *, #3757, .T. ) ;
#2334 = ORIENTED_EDGE ( 'NONE', *, *, #3234, .T. ) ;
#2335 = DIRECTION ( 'NONE',  ( 1.000000000000000000, 0.000000000000000000, 0.000000000000000000 ) ) ;
#2336 = VECTOR ( 'NONE', #2352, 1000.000000000000000 ) ;
#2337 = EDGE_LOOP ( 'NONE', ( #2038, #885, #3110, #3847 ) ) ;
#2338 = DIRECTION ( 'NONE',  ( -0.000000000000000000, -1.000000000000000000, -0.000000000000000000 ) ) ;
#2339 = DIRECTION ( 'NONE',  ( -1.000000000000000000, -0.000000000000000000, -0.000000000000000000 ) ) ;
#2340 = ORIENTED_EDGE ( 'NONE', *, *, #1921, .F. ) ;
#2341 = DIRECTION ( 'NONE',  ( -0.000000000000000000, -1.000000000000000000, -0.000000000000000000 ) ) ;
#2342 = VECTOR ( 'NONE', #34, 1000.000000000000000 ) ;
#2343 = VECTOR ( 'NONE', #3992, 1000.000000000000000 ) ;
#2344 = ORIENTED_EDGE ( 'NONE', *, *, #1797, .F. ) ;
#2345 = VECTOR ( 'NONE', #707, 1000.000000000000000 ) ;
#2346 = MECHANICAL_DESIGN_GEOMETRIC_PRESENTATION_REPRESENTATION (  '', ( #2271 ), #4019 ) ;
#2347 = LINE ( 'NONE', #534, #368 ) ;
#2348 = EDGE_CURVE ( 'NONE', #2463, #2950, #1014, .T. ) ;
#2349 = LINE ( 'NONE', #171, #3404 ) ;
#2350 = VECTOR ( 'NONE', #2400, 1000.000000000000000 ) ;
#2351 = VECTOR ( 'NONE', #4505, 1000.000000000000000 ) ;
#2352 = DIRECTION ( 'NONE',  ( 0.000000000000000000, -1.000000000000000000, 0.000000000000000000 ) ) ;
#2353 = ADVANCED_FACE ( 'NONE', ( #1085 ), #3621, .T. ) ;
#2354 = VECTOR ( 'NONE', #3896, 1000.000000000000000 ) ;
#2355 = CARTESIAN_POINT ( 'NONE',  ( -0.1249999999999998890, 0.1000000000000000056, 0.6750000000000000444 ) ) ;
#2356 = DIRECTION ( 'NONE',  ( 0.000000000000000000, -1.000000000000000000, 0.000000000000000000 ) ) ;
#2357 = EDGE_CURVE ( 'NONE', #1987, #931, #3550, .T. ) ;
#2358 = LINE ( 'NONE', #3807, #1331 ) ;
#2359 = EDGE_CURVE ( 'NONE', #3012, #2059, #4683, .T. ) ;
#2360 = CARTESIAN_POINT ( 'NONE',  ( 0.000000000000000000, 0.000000000000000000, 0.000000000000000000 ) ) ;
#2361 = VERTEX_POINT ( 'NONE', #2456 ) ;
#2362 = CARTESIAN_POINT ( 'NONE',  ( 0.000000000000000000, 0.1000000000000000056, 0.000000000000000000 ) ) ;
#2363 = EDGE_LOOP ( 'NONE', ( #4185, #2639, #3206, #1368 ) ) ;
#2364 = LINE ( 'NONE', #528, #1671 ) ;
#2365 = ORIENTED_EDGE ( 'NONE', *, *, #1360, .F. ) ;
#2366 = CARTESIAN_POINT ( 'NONE',  ( 0.3750000000000001110, 0.1000000000000000056, -0.6750000000000000444 ) ) ;
#2367 = DIRECTION ( 'NONE',  ( 0.000000000000000000, 1.000000000000000000, 0.000000000000000000 ) ) ;
#2368 = DIRECTION ( 'NONE',  ( 0.000000000000000000, 0.000000000000000000, 1.000000000000000000 ) ) ;
#2369 = ORIENTED_EDGE ( 'NONE', *, *, #1652, .F. ) ;
#2370 = ORIENTED_EDGE ( 'NONE', *, *, #2123, .F. ) ;
#2371 = CARTESIAN_POINT ( 'NONE',  ( 0.3749999999999998890, 0.1000000000000000056, 1.149999999999999911 ) ) ;
#2372 = CARTESIAN_POINT ( 'NONE',  ( -0.9250000000000004885, 0.1000000000000000056, -0.7500000000000000000 ) ) ;
#2373 = DIRECTION ( 'NONE',  ( -0.000000000000000000, -1.000000000000000000, -0.000000000000000000 ) ) ;
#2374 = LINE ( 'NONE', #1993, #738 ) ;
#2375 = ADVANCED_FACE ( 'NONE', ( #2551 ), #3948, .F. ) ;
#2376 = SURFACE_SIDE_STYLE ('',( #1247 ) ) ;
#2377 = ORIENTED_EDGE ( 'NONE', *, *, #1633, .F. ) ;
#2378 = PLANE ( 'NONE',  #131 ) ;
#2379 = CARTESIAN_POINT ( 'NONE',  ( -1.399999999999989919, 0.000000000000000000, 0.3750000000000000000 ) ) ;
#2380 = VECTOR ( 'NONE', #635, 1000.000000000000000 ) ;
#2381 =( NAMED_UNIT ( * ) SI_UNIT ( $, .STERADIAN. ) SOLID_ANGLE_UNIT ( ) );
#2382 = EDGE_CURVE ( 'NONE', #77, #4122, #1449, .T. ) ;
#2383 = ORIENTED_EDGE ( 'NONE', *, *, #2896, .F. ) ;
#2384 = DIRECTION ( 'NONE',  ( 1.000000000000000000, 0.000000000000000000, 0.000000000000000000 ) ) ;
#2385 = EDGE_CURVE ( 'NONE', #3567, #1440, #347, .T. ) ;
#2386 = ORIENTED_EDGE ( 'NONE', *, *, #3503, .T. ) ;
#2387 = PLANE ( 'NONE',  #3891 ) ;
#2388 = EDGE_CURVE ( 'NONE', #3855, #576, #1401, .T. ) ;
#2389 = DIRECTION ( 'NONE',  ( 0.000000000000000000, 0.000000000000000000, 1.000000000000000000 ) ) ;
#2390 = EDGE_CURVE ( 'NONE', #666, #3541, #683, .T. ) ;
#2391 = ORIENTED_EDGE ( 'NONE', *, *, #1944, .T. ) ;
#2392 = LINE ( 'NONE', #2754, #2720 ) ;
#2393 = LINE ( 'NONE', #167, #2406 ) ;
#2394 = PRODUCT_CONTEXT ( 'NONE', #4451, 'mechanical' ) ;
#2395 = ORIENTED_EDGE ( 'NONE', *, *, #4314, .F. ) ;
#2396 = EDGE_LOOP ( 'NONE', ( #1413, #3066, #293, #3249 ) ) ;
#2397 = ORIENTED_EDGE ( 'NONE', *, *, #2000, .T. ) ;
#2398 = LINE ( 'NONE', #865, #820 ) ;
#2399 = CARTESIAN_POINT ( 'NONE',  ( -0.1249999999999998890, 0.000000000000000000, -0.6750000000000000444 ) ) ;
#2400 = DIRECTION ( 'NONE',  ( -0.000000000000000000, -1.000000000000000000, -0.000000000000000000 ) ) ;
#2401 = LINE ( 'NONE', #2014, #355 ) ;
#2402 = DIRECTION ( 'NONE',  ( 1.000000000000000000, 0.000000000000000000, 0.000000000000000000 ) ) ;
#2403 = CARTESIAN_POINT ( 'NONE',  ( 1.399999999999984812, 0.1000000000000000056, 0.6249999999999991118 ) ) ;
#2404 = DIRECTION ( 'NONE',  ( 4.565061778886335030E-16, -0.000000000000000000, -1.000000000000000000 ) ) ;
#2405 = PLANE ( 'NONE',  #4406 ) ;
#2406 = VECTOR ( 'NONE', #3816, 1000.000000000000000 ) ;
#2407 = ORIENTED_EDGE ( 'NONE', *, *, #4589, .T. ) ;
#2408 = FACE_OUTER_BOUND ( 'NONE', #1262, .T. ) ;
#2409 = AXIS2_PLACEMENT_3D ( 'NONE', #4121, #1158, #1251 ) ;
#2410 = EDGE_CURVE ( 'NONE', #1900, #482, #4353, .T. ) ;
#2411 = CARTESIAN_POINT ( 'NONE',  ( 0.3749999999999998890, 0.1000000000000000056, -1.149999999999999911 ) ) ;
#2412 = VECTOR ( 'NONE', #2711, 1000.000000000000000 ) ;
#2413 = PLANE ( 'NONE',  #2204 ) ;
#2414 = ORIENTED_EDGE ( 'NONE', *, *, #1789, .T. ) ;
#2415 = ADVANCED_FACE ( 'NONE', ( #1736 ), #4634, .T. ) ;
#2416 = AXIS2_PLACEMENT_3D ( 'NONE', #3742, #465, #4050 ) ;
#2417 = EDGE_LOOP ( 'NONE', ( #4005, #2151, #3546, #2934 ) ) ;
#2418 = EDGE_CURVE ( 'NONE', #3826, #4315, #2812, .T. ) ;
#2419 = ORIENTED_EDGE ( 'NONE', *, *, #4004, .F. ) ;
#2420 = VECTOR ( 'NONE', #304, 1000.000000000000000 ) ;
#2421 = CARTESIAN_POINT ( 'NONE',  ( 0.6250000000000001110, 0.1000000000000000056, 1.149999999999999911 ) ) ;
#2422 = DIRECTION ( 'NONE',  ( 0.000000000000000000, -1.000000000000000000, 0.000000000000000000 ) ) ;
#2423 = CARTESIAN_POINT ( 'NONE',  ( -1.399999999999984812, 0.000000000000000000, 0.6250000000000000000 ) ) ;
#2424 = AXIS2_PLACEMENT_3D ( 'NONE', #943, #175, #896 ) ;
#2425 = AXIS2_PLACEMENT_3D ( 'NONE', #583, #2045, #3023 ) ;
#2426 = ORIENTED_EDGE ( 'NONE', *, *, #377, .T. ) ;
#2427 = VERTEX_POINT ( 'NONE', #2479 ) ;
#2428 = PLANE ( 'NONE',  #747 ) ;
#2429 =( GEOMETRIC_REPRESENTATION_CONTEXT ( 3 ) GLOBAL_UNCERTAINTY_ASSIGNED_CONTEXT ( ( #2790 ) ) GLOBAL_UNIT_ASSIGNED_CONTEXT ( ( #2113, #1027, #3571 ) ) REPRESENTATION_CONTEXT ( 'NONE', 'WORKASPACE' ) );
#2430 = CARTESIAN_POINT ( 'NONE',  ( 0.6249999999999998890, 0.1000000000000000056, -0.6750000000000000444 ) ) ;
#2431 = VECTOR ( 'NONE', #3323, 1000.000000000000000 ) ;
#2432 = CARTESIAN_POINT ( 'NONE',  ( 0.3749999999999998890, 0.1000000000000000056, 1.149999999999999911 ) ) ;
#2433 = PRESENTATION_STYLE_ASSIGNMENT (( #2481 ) ) ;
#2434 = MECHANICAL_DESIGN_GEOMETRIC_PRESENTATION_REPRESENTATION (  '', ( #593 ), #3354 ) ;
#2435 = CIRCLE ( 'NONE', #4432, 0.1250000000000002220 ) ;
#2436 = DIRECTION ( 'NONE',  ( -0.000000000000000000, -0.000000000000000000, -1.000000000000000000 ) ) ;
#2437 = VERTEX_POINT ( 'NONE', #4450 ) ;
#2438 = DIRECTION ( 'NONE',  ( 0.000000000000000000, -0.000000000000000000, 1.000000000000000000 ) ) ;
#2439 = CARTESIAN_POINT ( 'NONE',  ( -1.399999999999989919, 0.1000000000000000056, 0.1250000000000000000 ) ) ;
#2440 = EDGE_CURVE ( 'NONE', #3256, #1892, #3366, .T. ) ;
#2441 = CARTESIAN_POINT ( 'NONE',  ( -0.9250000000000004885, 0.000000000000000000, -0.6250000000000000000 ) ) ;
#2442 = ORIENTED_EDGE ( 'NONE', *, *, #1831, .F. ) ;
#2443 = FACE_OUTER_BOUND ( 'NONE', #1468, .T. ) ;
#2444 = CARTESIAN_POINT ( 'NONE',  ( 0.000000000000000000, 0.000000000000000000, 0.000000000000000000 ) ) ;
#2445 = ORIENTED_EDGE ( 'NONE', *, *, #4017, .F. ) ;
#2446 = EDGE_CURVE ( 'NONE', #1954, #87, #2669, .T. ) ;
#2447 = EDGE_LOOP ( 'NONE', ( #715, #1017, #965, #2414 ) ) ;
#2448 = SURFACE_STYLE_USAGE ( .BOTH. , #2522 ) ;
#2449 = EDGE_CURVE ( 'NONE', #3663, #2427, #1493, .T. ) ;
#2450 = DIRECTION ( 'NONE',  ( 4.565061778886335030E-16, 0.000000000000000000, 1.000000000000000000 ) ) ;
#2451 = FACE_OUTER_BOUND ( 'NONE', #3612, .T. ) ;
#2452 = FACE_OUTER_BOUND ( 'NONE', #2538, .T. ) ;
#2453 = VERTEX_POINT ( 'NONE', #4088 ) ;
#2454 = DIRECTION ( 'NONE',  ( 0.000000000000000000, 0.000000000000000000, 1.000000000000000000 ) ) ;
#2455 = ADVANCED_FACE ( 'NONE', ( #3671 ), #4491, .F. ) ;
#2456 = CARTESIAN_POINT ( 'NONE',  ( -0.3749999999999998890, 0.000000000000000000, 1.149999999999999911 ) ) ;
#2457 = CARTESIAN_POINT ( 'NONE',  ( 0.3750000000000001110, 0.1000000000000000056, 0.6750000000000000444 ) ) ;
#2458 = SURFACE_STYLE_FILL_AREA ( #994 ) ;
#2459 = DIRECTION ( 'NONE',  ( -0.000000000000000000, -1.000000000000000000, -0.000000000000000000 ) ) ;
#2460 = EDGE_LOOP ( 'NONE', ( #2161, #864, #2311, #1330 ) ) ;
#2461 = CARTESIAN_POINT ( 'NONE',  ( 1.399999999999995248, 0.1000000000000000056, -0.3750000000000002220 ) ) ;
#2462 = AXIS2_PLACEMENT_3D ( 'NONE', #2145, #3646, #3580 ) ;
#2463 = VERTEX_POINT ( 'NONE', #3758 ) ;
#2464 = CARTESIAN_POINT ( 'NONE',  ( 1.399999999999984812, 0.1000000000000000056, 0.6249999999999991118 ) ) ;
#2465 = VERTEX_POINT ( 'NONE', #484 ) ;
#2466 = CARTESIAN_POINT ( 'NONE',  ( 0.3749999999999998890, 0.000000000000000000, -1.149999999999999911 ) ) ;
#2467 = ORIENTED_EDGE ( 'NONE', *, *, #3059, .T. ) ;
#2468 = EDGE_LOOP ( 'NONE', ( #4260, #4441, #1824, #647 ) ) ;
#2469 = LINE ( 'NONE', #3905, #1969 ) ;
#2470 = CARTESIAN_POINT ( 'NONE',  ( 0.1249999999999998890, 0.000000000000000000, -0.6750000000000000444 ) ) ;
#2471 = EDGE_CURVE ( 'NONE', #3839, #3438, #3291, .T. ) ;
#2472 = CARTESIAN_POINT ( 'NONE',  ( 0.000000000000000000, 0.1000000000000000056, 0.000000000000000000 ) ) ;
#2473 = EDGE_CURVE ( 'NONE', #1711, #239, #4396, .T. ) ;
#2474 = ORIENTED_EDGE ( 'NONE', *, *, #1983, .T. ) ;
#2475 = ORIENTED_EDGE ( 'NONE', *, *, #1921, .T. ) ;
#2476 = EDGE_CURVE ( 'NONE', #2312, #499, #1020, .T. ) ;
#2477 = DIRECTION ( 'NONE',  ( -1.000000000000000000, 0.000000000000000000, 0.000000000000000000 ) ) ;
#2478 = LINE ( 'NONE', #2810, #1811 ) ;
#2479 = CARTESIAN_POINT ( 'NONE',  ( 0.9250000000000004885, 0.000000000000000000, -0.6250000000000000000 ) ) ;
#2480 = DIRECTION ( 'NONE',  ( 1.000000000000000000, 0.000000000000000000, 0.000000000000000000 ) ) ;
#2481 = SURFACE_STYLE_USAGE ( .BOTH. , #4301 ) ;
#2482 = VERTEX_POINT ( 'NONE', #3008 ) ;
#2483 = DIRECTION ( 'NONE',  ( 0.000000000000000000, 0.000000000000000000, -1.000000000000000000 ) ) ;
#2484 = LINE ( 'NONE', #2557, #1189 ) ;
#2485 = VECTOR ( 'NONE', #3666, 1000.000000000000000 ) ;
#2486 = ORIENTED_EDGE ( 'NONE', *, *, #2956, .T. ) ;
#2487 = CARTESIAN_POINT ( 'NONE',  ( -1.400000000000000355, 0.1000000000000000056, -0.8750000000000000000 ) ) ;
#2488 = LINE ( 'NONE', #3959, #3579 ) ;
#2489 = COLOUR_RGB ( '',1.000000000000000000, 1.000000000000000000, 1.000000000000000000 ) ;
#2490 = ORIENTED_EDGE ( 'NONE', *, *, #2510, .T. ) ;
#2491 = DIRECTION ( 'NONE',  ( -1.000000000000000000, 0.000000000000000000, -4.565061778886335030E-16 ) ) ;
#2492 = VERTEX_POINT ( 'NONE', #2246 ) ;
#2493 = ORIENTED_EDGE ( 'NONE', *, *, #1831, .T. ) ;
#2494 =( NAMED_UNIT ( * ) PLANE_ANGLE_UNIT ( ) SI_UNIT ( $, .RADIAN. ) );
#2495 = VECTOR ( 'NONE', #4186, 1000.000000000000000 ) ;
#2496 = DIRECTION ( 'NONE',  ( -1.000000000000000000, 0.000000000000000000, 0.000000000000000000 ) ) ;
#2497 = DIRECTION ( 'NONE',  ( 0.000000000000000000, 1.000000000000000000, 0.000000000000000000 ) ) ;
#2498 = ORIENTED_EDGE ( 'NONE', *, *, #4732, .T. ) ;
#2499 = VECTOR ( 'NONE', #215, 1000.000000000000000 ) ;
#2500 = DIRECTION ( 'NONE',  ( 4.565061778886335030E-16, 0.000000000000000000, 1.000000000000000000 ) ) ;
#2501 = EDGE_CURVE ( 'NONE', #4599, #646, #4459, .T. ) ;
#2502 = DIRECTION ( 'NONE',  ( 1.000000000000000000, 0.000000000000000000, -1.561251128378871110E-14 ) ) ;
#2503 = DIRECTION ( 'NONE',  ( 1.000000000000000000, 0.000000000000000000, 0.000000000000000000 ) ) ;
#2504 = CARTESIAN_POINT ( 'NONE',  ( -0.9249999999999848344, 0.1000000000000000056, 0.6250000000000000000 ) ) ;
#2505 = COLOUR_RGB ( '',1.000000000000000000, 0.8117647058823529438, 0.5019607843137254832 ) ;
#2506 = DIRECTION ( 'NONE',  ( 0.000000000000000000, 0.000000000000000000, -1.000000000000000000 ) ) ;
#2507 = DIRECTION ( 'NONE',  ( -1.000000000000000000, 0.000000000000000000, 1.561251128378778340E-14 ) ) ;
#2508 = VECTOR ( 'NONE', #1683, 1000.000000000000000 ) ;
#2509 = AXIS2_PLACEMENT_3D ( 'NONE', #4217, #4194, #918 ) ;
#2510 = EDGE_CURVE ( 'NONE', #3871, #1438, #89, .T. ) ;
#2511 = ORIENTED_EDGE ( 'NONE', *, *, #3408, .T. ) ;
#2512 = CARTESIAN_POINT ( 'NONE',  ( -1.200000000000000622, 0.8299999999999999600, -1.000000000000000222 ) ) ;
#2513 = FACE_OUTER_BOUND ( 'NONE', #3597, .T. ) ;
#2514 = EDGE_CURVE ( 'NONE', #239, #1956, #2200, .T. ) ;
#2515 = AXIS2_PLACEMENT_3D ( 'NONE', #619, #930, #3079 ) ;
#2516 = ORIENTED_EDGE ( 'NONE', *, *, #1774, .F. ) ;
#2517 = LINE ( 'NONE', #693, #1152 ) ;
#2518 = PLANE ( 'NONE',  #2740 ) ;
#2519 = ORIENTED_EDGE ( 'NONE', *, *, #832, .T. ) ;
#2520 = ORIENTED_EDGE ( 'NONE', *, *, #4040, .T. ) ;
#2521 = ORIENTED_EDGE ( 'NONE', *, *, #2240, .T. ) ;
#2522 = SURFACE_SIDE_STYLE ('',( #1056 ) ) ;
#2523 = LINE ( 'NONE', #340, #1412 ) ;
#2524 = EDGE_LOOP ( 'NONE', ( #2148, #3830, #1248, #3478 ) ) ;
#2525 = ORIENTED_EDGE ( 'NONE', *, *, #106, .F. ) ;
#2526 = VERTEX_POINT ( 'NONE', #3681 ) ;
#2527 = FACE_OUTER_BOUND ( 'NONE', #44, .T. ) ;
#2528 = DIRECTION ( 'NONE',  ( -0.000000000000000000, -1.000000000000000000, -0.000000000000000000 ) ) ;
#2529 = DIRECTION ( 'NONE',  ( 1.000000000000000000, 0.000000000000000000, -0.000000000000000000 ) ) ;
#2530 = LINE ( 'NONE', #711, #1738 ) ;
#2531 = VERTEX_POINT ( 'NONE', #1554 ) ;
#2532 = DIRECTION ( 'NONE',  ( 0.000000000000000000, 1.000000000000000000, 0.000000000000000000 ) ) ;
#2533 = ADVANCED_FACE ( 'NONE', ( #1482 ), #2943, .F. ) ;
#2534 = EDGE_CURVE ( 'NONE', #4574, #3567, #1531, .T. ) ;
#2535 = ORIENTED_EDGE ( 'NONE', *, *, #3558, .T. ) ;
#2536 = ADVANCED_FACE ( 'NONE', ( #3373 ), #1140, .T. ) ;
#2537 = DIRECTION ( 'NONE',  ( -1.000000000000000000, 0.000000000000000000, -0.000000000000000000 ) ) ;
#2538 = EDGE_LOOP ( 'NONE', ( #3960, #1817, #2054, #2163 ) ) ;
#2539 = CLOSED_SHELL ( 'NONE', ( #1046, #3473, #2976, #3442, #3927, #4617 ) ) ;
#2540 = EDGE_CURVE ( 'NONE', #2597, #3783, #401, .T. ) ;
#2541 = ORIENTED_EDGE ( 'NONE', *, *, #250, .F. ) ;
#2542 = EDGE_CURVE ( 'NONE', #1282, #3378, #4074, .T. ) ;
#2543 = ORIENTED_EDGE ( 'NONE', *, *, #3059, .F. ) ;
#2544 = DIRECTION ( 'NONE',  ( 0.000000000000000000, 0.000000000000000000, 1.000000000000000000 ) ) ;
#2545 = LINE ( 'NONE', #4724, #1252 ) ;
#2546 =( LENGTH_UNIT ( ) NAMED_UNIT ( * ) SI_UNIT ( .MILLI., .METRE. ) );
#2547 = EDGE_LOOP ( 'NONE', ( #1240, #3653, #4446, #2844 ) ) ;
#2548 = EDGE_LOOP ( 'NONE', ( #2628, #3279, #4648, #1378 ) ) ;
#2549 = PLANE ( 'NONE',  #1669 ) ;
#2550 = CARTESIAN_POINT ( 'NONE',  ( 1.399999999999984812, 0.1000000000000000056, 0.6249999999999991118 ) ) ;
#2551 = FACE_OUTER_BOUND ( 'NONE', #1385, .T. ) ;
#2552 = PLANE ( 'NONE',  #1924 ) ;
#2553 = SURFACE_STYLE_USAGE ( .BOTH. , #1086 ) ;
#2554 = SURFACE_STYLE_USAGE ( .BOTH. , #2577 ) ;
#2555 = EDGE_LOOP ( 'NONE', ( #2296, #4696, #2233, #3922 ) ) ;
#2556 = DIRECTION ( 'NONE',  ( -1.000000000000000000, 0.000000000000000000, 0.000000000000000000 ) ) ;
#2557 = CARTESIAN_POINT ( 'NONE',  ( -0.3749999999999998890, 0.1000000000000000056, 1.149999999999999911 ) ) ;
#2558 = VERTEX_POINT ( 'NONE', #4478 ) ;
#2559 = DIRECTION ( 'NONE',  ( -0.000000000000000000, -1.000000000000000000, -0.000000000000000000 ) ) ;
#2560 = EDGE_CURVE ( 'NONE', #1994, #3383, #2269, .T. ) ;
#2561 = VERTEX_POINT ( 'NONE', #804 ) ;
#2562 = ADVANCED_FACE ( 'NONE', ( #1860 ), #2613, .F. ) ;
#2563 = ORIENTED_EDGE ( 'NONE', *, *, #184, .F. ) ;
#2564 = VECTOR ( 'NONE', #96, 1000.000000000000000 ) ;
#2565 = ORIENTED_EDGE ( 'NONE', *, *, #724, .F. ) ;
#2566 = DIRECTION ( 'NONE',  ( -0.000000000000000000, 0.000000000000000000, -1.000000000000000000 ) ) ;
#2567 = EDGE_CURVE ( 'NONE', #4113, #2583, #3724, .T. ) ;
#2568 = CARTESIAN_POINT ( 'NONE',  ( -0.1250000000000001110, 0.1000000000000000056, 1.149999999999999911 ) ) ;
#2569 = LINE ( 'NONE', #4698, #2051 ) ;
#2570 = AXIS2_PLACEMENT_3D ( 'NONE', #3720, #1207, #2696 ) ;
#2571 = VERTEX_POINT ( 'NONE', #4123 ) ;
#2572 =( GEOMETRIC_REPRESENTATION_CONTEXT ( 3 ) GLOBAL_UNCERTAINTY_ASSIGNED_CONTEXT ( ( #788 ) ) GLOBAL_UNIT_ASSIGNED_CONTEXT ( ( #1246, #1525, #3049 ) ) REPRESENTATION_CONTEXT ( 'NONE', 'WORKASPACE' ) );
#2573 = VERTEX_POINT ( 'NONE', #3658 ) ;
#2574 = DIRECTION ( 'NONE',  ( 0.7071067811865336949, 0.000000000000000000, 0.7071067811865613395 ) ) ;
#2575 =( NAMED_UNIT ( * ) SI_UNIT ( $, .STERADIAN. ) SOLID_ANGLE_UNIT ( ) );
#2576 = VECTOR ( 'NONE', #1690, 1000.000000000000000 ) ;
#2577 = SURFACE_SIDE_STYLE ('',( #3691 ) ) ;
#2578 = ORIENTED_EDGE ( 'NONE', *, *, #157, .T. ) ;
#2579 = DIRECTION ( 'NONE',  ( 0.000000000000000000, -1.000000000000000000, 0.000000000000000000 ) ) ;
#2580 = FACE_OUTER_BOUND ( 'NONE', #2056, .T. ) ;
#2581 = AXIS2_PLACEMENT_3D ( 'NONE', #4115, #844, #2302 ) ;
#2582 = DIRECTION ( 'NONE',  ( 0.000000000000000000, 0.000000000000000000, -1.000000000000000000 ) ) ;
#2583 = VERTEX_POINT ( 'NONE', #40 ) ;
#2584 = VECTOR ( 'NONE', #2910, 1000.000000000000000 ) ;
#2585 = MECHANICAL_DESIGN_GEOMETRIC_PRESENTATION_REPRESENTATION (  '', ( #1891 ), #132 ) ;
#2586 = DIRECTION ( 'NONE',  ( -4.565061778886335030E-16, 0.000000000000000000, -1.000000000000000000 ) ) ;
#2587 = CARTESIAN_POINT ( 'NONE',  ( -1.200000000000000622, 0.7800000000000000266, -1.125000000000000666 ) ) ;
#2588 = ORIENTED_EDGE ( 'NONE', *, *, #4068, .F. ) ;
#2589 = AXIS2_PLACEMENT_3D ( 'NONE', #2472, #1008, #4213 ) ;
#2590 = VECTOR ( 'NONE', #1072, 1000.000000000000000 ) ;
#2591 = ORIENTED_EDGE ( 'NONE', *, *, #1213, .T. ) ;
#2592 = CARTESIAN_POINT ( 'NONE',  ( -0.9249999999999848344, 0.000000000000000000, 0.6250000000000000000 ) ) ;
#2593 = EDGE_CURVE ( 'NONE', #2926, #696, #424, .T. ) ;
#2594 = AXIS2_PLACEMENT_3D ( 'NONE', #2686, #3015, #2981 ) ;
#2595 = AXIS2_PLACEMENT_3D ( 'NONE', #497, #3698, #1885 ) ;
#2596 = ORIENTED_EDGE ( 'NONE', *, *, #626, .F. ) ;
#2597 = VERTEX_POINT ( 'NONE', #786 ) ;
#2598 = CARTESIAN_POINT ( 'NONE',  ( -0.9249999999999900524, 0.000000000000000000, 0.1250000000000000000 ) ) ;
#2599 = LINE ( 'NONE', #4037, #3163 ) ;
#2600 = CARTESIAN_POINT ( 'NONE',  ( 0.9249999999999848344, 0.000000000000000000, 0.8749999999999991118 ) ) ;
#2601 = ADVANCED_FACE ( 'NONE', ( #4404 ), #1909, .T. ) ;
#2602 = ADVANCED_FACE ( 'NONE', ( #4101 ), #1839, .T. ) ;
#2603 = ORIENTED_EDGE ( 'NONE', *, *, #4287, .F. ) ;
#2604 = CARTESIAN_POINT ( 'NONE',  ( -0.6249999999999998890, 0.1000000000000000056, 0.6750000000000000444 ) ) ;
#2605 = CARTESIAN_POINT ( 'NONE',  ( 0.1250000000000001110, 0.1000000000000000056, 1.149999999999999911 ) ) ;
#2606 = EDGE_CURVE ( 'NONE', #1382, #159, #4054, .T. ) ;
#2607 = EDGE_CURVE ( 'NONE', #646, #3826, #3122, .T. ) ;
#2608 = ORIENTED_EDGE ( 'NONE', *, *, #1481, .T. ) ;
#2609 = LINE ( 'NONE', #3693, #597 ) ;
#2610 = LINE ( 'NONE', #3694, #123 ) ;
#2611 = LINE ( 'NONE', #3695, #1326 ) ;
#2612 = VERTEX_POINT ( 'NONE', #1300 ) ;
#2613 = PLANE ( 'NONE',  #588 ) ;
#2614 = DIRECTION ( 'NONE',  ( -0.000000000000000000, -0.000000000000000000, -1.000000000000000000 ) ) ;
#2615 = UNCERTAINTY_MEASURE_WITH_UNIT (LENGTH_MEASURE( 1.000000000000000082E-05 ), #1039, 'distance_accuracy_value', 'NONE');
#2616 = CARTESIAN_POINT ( 'NONE',  ( -1.049999999999996714, 0.1000000000000000056, -0.8750000000000011102 ) ) ;
#2617 = EDGE_LOOP ( 'NONE', ( #14, #4625, #2847, #3431 ) ) ;
#2618 = CARTESIAN_POINT ( 'NONE',  ( 0.3749999999999998890, 0.1000000000000000056, 1.149999999999999911 ) ) ;
#2619 = AXIS2_PLACEMENT_3D ( 'NONE', #3866, #3892, #2049 ) ;
#2620 = PLANE ( 'NONE',  #4235 ) ;
#2621 = CARTESIAN_POINT ( 'NONE',  ( -0.6250000000000001110, 0.1000000000000000056, -1.149999999999999911 ) ) ;
#2622 = ORIENTED_EDGE ( 'NONE', *, *, #4445, .T. ) ;
#2623 = VECTOR ( 'NONE', #1874, 1000.000000000000000 ) ;
#2624 = LINE ( 'NONE', #2604, #1049 ) ;
#2625 = EDGE_CURVE ( 'NONE', #1987, #975, #4571, .T. ) ;
#2626 = PLANE ( 'NONE',  #1551 ) ;
#2627 = LINE ( 'NONE', #796, #3930 ) ;
#2628 = ORIENTED_EDGE ( 'NONE', *, *, #3220, .T. ) ;
#2629 = CARTESIAN_POINT ( 'NONE',  ( -0.6249999999999998890, 0.000000000000000000, 0.6750000000000000444 ) ) ;
#2630 = DIRECTION ( 'NONE',  ( 1.000000000000000000, 0.000000000000000000, 0.000000000000000000 ) ) ;
#2631 = LINE ( 'NONE', #849, #4553 ) ;
#2632 = EDGE_CURVE ( 'NONE', #706, #4621, #3808, .T. ) ;
#2633 = EDGE_LOOP ( 'NONE', ( #949, #2228, #2990, #3738 ) ) ;
#2634 = DIRECTION ( 'NONE',  ( 1.000000000000000000, 0.000000000000000000, 0.000000000000000000 ) ) ;
#2635 = CARTESIAN_POINT ( 'NONE',  ( -0.9249999999999900524, 0.000000000000000000, 0.1250000000000000000 ) ) ;
#2636 = ORIENTED_EDGE ( 'NONE', *, *, #3757, .F. ) ;
#2637 = CARTESIAN_POINT ( 'NONE',  ( 0.9249999999999848344, 0.1000000000000000056, 0.6249999999999991118 ) ) ;
#2638 = CARTESIAN_POINT ( 'NONE',  ( -0.9249999999999848344, 0.1000000000000000056, 0.6250000000000000000 ) ) ;
#2639 = ORIENTED_EDGE ( 'NONE', *, *, #3951, .T. ) ;
#2640 = FACE_OUTER_BOUND ( 'NONE', #1947, .T. ) ;
#2641 = CARTESIAN_POINT ( 'NONE',  ( 0.3749999999999998890, 0.000000000000000000, 1.149999999999999911 ) ) ;
#2642 = CARTESIAN_POINT ( 'NONE',  ( -1.399999999999989919, 0.1000000000000000056, 0.3750000000000000000 ) ) ;
#2643 = AXIS2_PLACEMENT_3D ( 'NONE', #1775, #725, #2115 ) ;
#2644 = EDGE_LOOP ( 'NONE', ( #4483, #3057, #863, #1686 ) ) ;
#2645 = LINE ( 'NONE', #4016, #590 ) ;
#2646 = CARTESIAN_POINT ( 'NONE',  ( -0.6249999999999998890, 0.000000000000000000, 0.6750000000000000444 ) ) ;
#2647 = DIRECTION ( 'NONE',  ( 0.000000000000000000, 0.000000000000000000, 1.000000000000000000 ) ) ;
#2648 = VECTOR ( 'NONE', #3862, 1000.000000000000000 ) ;
#2649 = ADVANCED_FACE ( 'NONE', ( #3765 ), #563, .T. ) ;
#2650 = CARTESIAN_POINT ( 'NONE',  ( -1.399999999999984812, 0.000000000000000000, 0.8750000000000000000 ) ) ;
#2651 = LINE ( 'NONE', #4401, #1115 ) ;
#2652 = DIRECTION ( 'NONE',  ( 0.000000000000000000, 0.000000000000000000, 1.000000000000000000 ) ) ;
#2653 = AXIS2_PLACEMENT_3D ( 'NONE', #801, #1929, #784 ) ;
#2654 = LINE ( 'NONE', #3052, #1870 ) ;
#2655 = DIRECTION ( 'NONE',  ( -1.000000000000000000, 0.000000000000000000, 0.000000000000000000 ) ) ;
#2656 = VECTOR ( 'NONE', #3020, 1000.000000000000000 ) ;
#2657 = CARTESIAN_POINT ( 'NONE',  ( 0.9249999999999900524, 0.1000000000000000056, 0.1249999999999995698 ) ) ;
#2658 = EDGE_CURVE ( 'NONE', #4574, #2900, #1622, .T. ) ;
#2659 = VECTOR ( 'NONE', #3599, 1000.000000000000000 ) ;
#2660 = VECTOR ( 'NONE', #653, 1000.000000000000000 ) ;
#2661 = LINE ( 'NONE', #4128, #3606 ) ;
#2662 = FILL_AREA_STYLE_COLOUR ( '', #1665 ) ;
#2663 = COLOUR_RGB ( '',1.000000000000000000, 0.8117647058823529438, 0.5019607843137254832 ) ;
#2664 = ORIENTED_EDGE ( 'NONE', *, *, #3225, .F. ) ;
#2665 = LINE ( 'NONE', #2231, #1175 ) ;
#2666 = AXIS2_PLACEMENT_3D ( 'NONE', #4313, #2497, #4112 ) ;
#2667 = VECTOR ( 'NONE', #1136, 1000.000000000000000 ) ;
#2668 = PLANE ( 'NONE',  #3568 ) ;
#2669 = LINE ( 'NONE', #29, #2656 ) ;
#2670 = CARTESIAN_POINT ( 'NONE',  ( 1.399999999999995248, 0.000000000000000000, -0.1250000000000004441 ) ) ;
#2671 = SURFACE_STYLE_USAGE ( .BOTH. , #2376 ) ;
#2672 = FACE_OUTER_BOUND ( 'NONE', #2987, .T. ) ;
#2673 = PLANE ( 'NONE',  #1803 ) ;
#2674 = LINE ( 'NONE', #3445, #2954 ) ;
#2675 = DIRECTION ( 'NONE',  ( 0.000000000000000000, -0.000000000000000000, 1.000000000000000000 ) ) ;
#2676 = ORIENTED_EDGE ( 'NONE', *, *, #2449, .T. ) ;
#2677 = DIRECTION ( 'NONE',  ( 0.000000000000000000, 1.000000000000000000, 0.000000000000000000 ) ) ;
#2678 = EDGE_CURVE ( 'NONE', #1732, #1864, #523, .T. ) ;
#2679 = EDGE_CURVE ( 'NONE', #3227, #1135, #3447, .T. ) ;
#2680 = ORIENTED_EDGE ( 'NONE', *, *, #1174, .T. ) ;
#2681 = PLANE ( 'NONE',  #704 ) ;
#2682 = CARTESIAN_POINT ( 'NONE',  ( 0.9249999999999966027, 0.1000000000000000056, -0.8750000000000408562 ) ) ;
#2683 = VERTEX_POINT ( 'NONE', #4547 ) ;
#2684 = DIRECTION ( 'NONE',  ( -0.000000000000000000, -1.000000000000000000, -0.000000000000000000 ) ) ;
#2685 = CARTESIAN_POINT ( 'NONE',  ( -0.3750000000000001110, 0.1000000000000000056, 0.6750000000000000444 ) ) ;
#2686 = CARTESIAN_POINT ( 'NONE',  ( 0.000000000000000000, 0.8299999999999999600, 0.000000000000000000 ) ) ;
#2687 = ADVANCED_FACE ( 'NONE', ( #1253 ), #2021, .F. ) ;
#2688 = CARTESIAN_POINT ( 'NONE',  ( 0.9249999999999848344, 0.1000000000000000056, 0.6249999999999991118 ) ) ;
#2689 = CARTESIAN_POINT ( 'NONE',  ( -0.6250000000000001110, 0.000000000000000000, -1.149999999999999911 ) ) ;
#2690 = DIRECTION ( 'NONE',  ( -0.000000000000000000, -0.000000000000000000, -1.000000000000000000 ) ) ;
#2691 = AXIS2_PLACEMENT_3D ( 'NONE', #2637, #3427, #142 ) ;
#2692 = PLANE ( 'NONE',  #2509 ) ;
#2693 = DIRECTION ( 'NONE',  ( 0.000000000000000000, 0.000000000000000000, -1.000000000000000000 ) ) ;
#2694 = VECTOR ( 'NONE', #4140, 1000.000000000000000 ) ;
#2695 = DIRECTION ( 'NONE',  ( 1.000000000000000000, 0.000000000000000000, -0.000000000000000000 ) ) ;
#2696 = DIRECTION ( 'NONE',  ( 0.000000000000000000, -0.000000000000000000, 1.000000000000000000 ) ) ;
#2697 = EDGE_LOOP ( 'NONE', ( #3016, #2235, #1530, #1487 ) ) ;
#2698 = ORIENTED_EDGE ( 'NONE', *, *, #4222, .T. ) ;
#2699 = CARTESIAN_POINT ( 'NONE',  ( 0.1250000000000001110, 0.000000000000000000, 1.149999999999999911 ) ) ;
#2700 = VERTEX_POINT ( 'NONE', #902 ) ;
#2701 = CARTESIAN_POINT ( 'NONE',  ( -1.399999999999995248, 0.1000000000000000056, -0.3750000000000000000 ) ) ;
#2702 = EDGE_CURVE ( 'NONE', #2561, #1242, #351, .T. ) ;
#2703 = LINE ( 'NONE', #809, #2199 ) ;
#2704 = EDGE_LOOP ( 'NONE', ( #4223, #2467 ) ) ;
#2705 = CARTESIAN_POINT ( 'NONE',  ( 0.6249999999999998890, 0.1000000000000000056, 0.6750000000000000444 ) ) ;
#2706 = CARTESIAN_POINT ( 'NONE',  ( -0.9249999999999848344, 0.1000000000000000056, 0.8750000000000000000 ) ) ;
#2707 = ORIENTED_EDGE ( 'NONE', *, *, #4349, .T. ) ;
#2708 = EDGE_CURVE ( 'NONE', #4296, #630, #273, .T. ) ;
#2709 = DIRECTION ( 'NONE',  ( 0.000000000000000000, -1.000000000000000000, 0.000000000000000000 ) ) ;
#2710 = CARTESIAN_POINT ( 'NONE',  ( -0.6249999999999642508, 0.1000000000000000056, 1.150000000000002576 ) ) ;
#2711 = DIRECTION ( 'NONE',  ( -4.565061778886335030E-16, 0.000000000000000000, -1.000000000000000000 ) ) ;
#2712 = SURFACE_STYLE_FILL_AREA ( #538 ) ;
#2713 = VECTOR ( 'NONE', #2012, 1000.000000000000000 ) ;
#2714 = DIRECTION ( 'NONE',  ( 0.000000000000000000, -0.000000000000000000, 1.000000000000000000 ) ) ;
#2715 = CARTESIAN_POINT ( 'NONE',  ( -0.3749999999999998890, 0.000000000000000000, -1.149999999999999911 ) ) ;
#2716 = LINE ( 'NONE', #4072, #2332 ) ;
#2717 = DIRECTION ( 'NONE',  ( 0.000000000000000000, 1.000000000000000000, 0.000000000000000000 ) ) ;
#2718 = ORIENTED_EDGE ( 'NONE', *, *, #2410, .F. ) ;
#2719 = CARTESIAN_POINT ( 'NONE',  ( -0.9249999999999952704, 0.000000000000000000, -0.3750000000000000000 ) ) ;
#2720 = VECTOR ( 'NONE', #859, 1000.000000000000000 ) ;
#2721 = DIRECTION ( 'NONE',  ( -1.000000000000000000, -0.000000000000000000, -0.000000000000000000 ) ) ;
#2722 = VECTOR ( 'NONE', #2031, 1000.000000000000000 ) ;
#2723 = CARTESIAN_POINT ( 'NONE',  ( -0.9249999999999848344, 0.000000000000000000, 0.6250000000000000000 ) ) ;
#2724 = ORIENTED_EDGE ( 'NONE', *, *, #4294, .F. ) ;
#2725 = DIRECTION ( 'NONE',  ( 0.000000000000000000, -1.000000000000000000, 0.000000000000000000 ) ) ;
#2726 = VECTOR ( 'NONE', #1205, 1000.000000000000000 ) ;
#2727 = AXIS2_PLACEMENT_3D ( 'NONE', #1111, #1183, #383 ) ;
#2728 = CARTESIAN_POINT ( 'NONE',  ( -1.399999999999995248, 0.1000000000000000056, -0.1250000000000000000 ) ) ;
#2729 = FILL_AREA_STYLE ('',( #4257 ) ) ;
#2730 = EDGE_CURVE ( 'NONE', #927, #3901, #1451, .T. ) ;
#2731 = ORIENTED_EDGE ( 'NONE', *, *, #2268, .F. ) ;
#2732 = ORIENTED_EDGE ( 'NONE', *, *, #1479, .T. ) ;
#2733 =( GEOMETRIC_REPRESENTATION_CONTEXT ( 3 ) GLOBAL_UNCERTAINTY_ASSIGNED_CONTEXT ( ( #4481 ) ) GLOBAL_UNIT_ASSIGNED_CONTEXT ( ( #4588, #2141, #679 ) ) REPRESENTATION_CONTEXT ( 'NONE', 'WORKASPACE' ) );
#2734 =( GEOMETRIC_REPRESENTATION_CONTEXT ( 3 ) GLOBAL_UNCERTAINTY_ASSIGNED_CONTEXT ( ( #1161 ) ) GLOBAL_UNIT_ASSIGNED_CONTEXT ( ( #152, #3070, #2015 ) ) REPRESENTATION_CONTEXT ( 'NONE', 'WORKASPACE' ) );
#2735 = ORIENTED_EDGE ( 'NONE', *, *, #1213, .F. ) ;
#2736 = FACE_OUTER_BOUND ( 'NONE', #564, .T. ) ;
#2737 = DIRECTION ( 'NONE',  ( -0.000000000000000000, 1.000000000000000000, 0.000000000000000000 ) ) ;
#2738 = EDGE_CURVE ( 'NONE', #503, #3285, #2863, .T. ) ;
#2739 = LINE ( 'NONE', #262, #4183 ) ;
#2740 = AXIS2_PLACEMENT_3D ( 'NONE', #4383, #1093, #2201 ) ;
#2741 = DIRECTION ( 'NONE',  ( -0.000000000000000000, -1.000000000000000000, -0.000000000000000000 ) ) ;
#2742 = EDGE_CURVE ( 'NONE', #722, #2819, #1375, .T. ) ;
#2743 = CARTESIAN_POINT ( 'NONE',  ( -0.9250000000000004885, 0.1000000000000000056, -0.7500000000000000000 ) ) ;
#2744 = LINE ( 'NONE', #3823, #1509 ) ;
#2745 = DIRECTION ( 'NONE',  ( 0.000000000000000000, 1.000000000000000000, 0.000000000000000000 ) ) ;
#2746 = LINE ( 'NONE', #4170, #2764 ) ;
#2747 = ADVANCED_FACE ( 'NONE', ( #4665 ), #687, .T. ) ;
#2748 = FILL_AREA_STYLE_COLOUR ( '', #2489 ) ;
#2749 = EDGE_CURVE ( 'NONE', #1059, #4363, #4327, .T. ) ;
#2750 = DIRECTION ( 'NONE',  ( 0.000000000000000000, -1.000000000000000000, 0.000000000000000000 ) ) ;
#2751 = FACE_OUTER_BOUND ( 'NONE', #46, .T. ) ;
#2752 = CARTESIAN_POINT ( 'NONE',  ( 0.9249999999999952704, 0.000000000000000000, -0.3750000000000002220 ) ) ;
#2753 = ORIENTED_EDGE ( 'NONE', *, *, #3730, .F. ) ;
#2754 = CARTESIAN_POINT ( 'NONE',  ( -0.6250000000000001110, 0.000000000000000000, -1.149999999999999911 ) ) ;
#2755 = VERTEX_POINT ( 'NONE', #3165 ) ;
#2756 = EDGE_LOOP ( 'NONE', ( #3828, #474, #4176, #1820 ) ) ;
#2757 = LINE ( 'NONE', #4490, #3041 ) ;
#2758 = FACE_OUTER_BOUND ( 'NONE', #1613, .T. ) ;
#2759 = DIRECTION ( 'NONE',  ( -1.000000000000000000, -0.000000000000000000, -0.000000000000000000 ) ) ;
#2760 = LINE ( 'NONE', #942, #3265 ) ;
#2761 = EDGE_CURVE ( 'NONE', #3664, #370, #3237, .T. ) ;
#2762 = CARTESIAN_POINT ( 'NONE',  ( 1.499999999999999556, 0.000000000000000000, 1.250000000000000000 ) ) ;
#2763 = CARTESIAN_POINT ( 'NONE',  ( -1.399999999999984812, 0.1000000000000000056, 0.6250000000000000000 ) ) ;
#2764 = VECTOR ( 'NONE', #177, 1000.000000000000000 ) ;
#2765 = PLANE ( 'NONE',  #2619 ) ;
#2766 = CARTESIAN_POINT ( 'NONE',  ( -1.200000000000000622, 0.7800000000000000266, -0.8750000000000000000 ) ) ;
#2767 = VECTOR ( 'NONE', #221, 1000.000000000000000 ) ;
#2768 = ADVANCED_FACE ( 'NONE', ( #3868 ), #614, .F. ) ;
#2769 = ORIENTED_EDGE ( 'NONE', *, *, #3812, .T. ) ;
#2770 = DIRECTION ( 'NONE',  ( 1.000000000000000000, 0.000000000000000000, 0.000000000000000000 ) ) ;
#2771 = EDGE_CURVE ( 'NONE', #1848, #1675, #2075, .T. ) ;
#2772 = CARTESIAN_POINT ( 'NONE',  ( 0.3749999999999998890, 0.1000000000000000056, -1.149999999999999911 ) ) ;
#2773 = ORIENTED_EDGE ( 'NONE', *, *, #2792, .T. ) ;
#2774 = FACE_OUTER_BOUND ( 'NONE', #957, .T. ) ;
#2775 =( LENGTH_UNIT ( ) NAMED_UNIT ( * ) SI_UNIT ( .MILLI., .METRE. ) );
#2776 = ORIENTED_EDGE ( 'NONE', *, *, #2771, .T. ) ;
#2777 = VERTEX_POINT ( 'NONE', #4276 ) ;
#2778 = DIRECTION ( 'NONE',  ( -0.000000000000000000, -1.000000000000000000, -0.000000000000000000 ) ) ;
#2779 = DIRECTION ( 'NONE',  ( 1.000000000000000000, 0.000000000000000000, 0.000000000000000000 ) ) ;
#2780 = LINE ( 'NONE', #196, #4726 ) ;
#2781 = DIRECTION ( 'NONE',  ( 0.000000000000000000, 0.000000000000000000, -1.000000000000000000 ) ) ;
#2782 = VERTEX_POINT ( 'NONE', #1067 ) ;
#2783 = FACE_OUTER_BOUND ( 'NONE', #1777, .T. ) ;
#2784 = DIRECTION ( 'NONE',  ( 1.000000000000000000, 0.000000000000000000, 0.000000000000000000 ) ) ;
#2785 = DIRECTION ( 'NONE',  ( 0.000000000000000000, 1.000000000000000000, -0.000000000000000000 ) ) ;
#2786 = ADVANCED_FACE ( 'NONE', ( #4302 ), #3268, .T. ) ;
#2787 = VECTOR ( 'NONE', #739, 1000.000000000000000 ) ;
#2788 = EDGE_LOOP ( 'NONE', ( #3932, #1409, #2947, #639 ) ) ;
#2789 = EDGE_CURVE ( 'NONE', #2492, #3989, #2530, .T. ) ;
#2790 = UNCERTAINTY_MEASURE_WITH_UNIT (LENGTH_MEASURE( 1.000000000000000082E-05 ), #2113, 'distance_accuracy_value', 'NONE');
#2791 = LINE ( 'NONE', #2411, #2924 ) ;
#2792 = EDGE_CURVE ( 'NONE', #3227, #2700, #1740, .T. ) ;
#2793 = AXIS2_PLACEMENT_3D ( 'NONE', #23, #1821, #1077 ) ;
#2794 = FACE_OUTER_BOUND ( 'NONE', #4427, .T. ) ;
#2795 = ORIENTED_EDGE ( 'NONE', *, *, #825, .T. ) ;
#2796 = LINE ( 'NONE', #860, #115 ) ;
#2797 = VECTOR ( 'NONE', #3120, 1000.000000000000000 ) ;
#2798 = EDGE_LOOP ( 'NONE', ( #1055, #1110, #1258, #3435 ) ) ;
#2799 = EDGE_CURVE ( 'NONE', #2819, #3855, #4639, .T. ) ;
#2800 = VECTOR ( 'NONE', #3145, 1000.000000000000000 ) ;
#2801 = VECTOR ( 'NONE', #3697, 1000.000000000000000 ) ;
#2802 = ORIENTED_EDGE ( 'NONE', *, *, #3081, .T. ) ;
#2803 = CARTESIAN_POINT ( 'NONE',  ( -1.400000000000000355, 0.1000000000000000056, -0.6250000000000000000 ) ) ;
#2804 = PLANE ( 'NONE',  #91 ) ;
#2805 = LINE ( 'NONE', #4658, #3349 ) ;
#2806 = CARTESIAN_POINT ( 'NONE',  ( -1.399999999999995248, 0.000000000000000000, -0.3750000000000000000 ) ) ;
#2807 = VECTOR ( 'NONE', #1423, 1000.000000000000000 ) ;
#2808 = AXIS2_PLACEMENT_3D ( 'NONE', #502, #3769, #2994 ) ;
#2809 = ORIENTED_EDGE ( 'NONE', *, *, #1009, .T. ) ;
#2810 = CARTESIAN_POINT ( 'NONE',  ( -1.399999999999984812, 0.1000000000000000056, 0.6250000000000000000 ) ) ;
#2811 = VECTOR ( 'NONE', #2323, 1000.000000000000000 ) ;
#2812 = LINE ( 'NONE', #4664, #359 ) ;
#2813 = VECTOR ( 'NONE', #470, 1000.000000000000000 ) ;
#2814 = CARTESIAN_POINT ( 'NONE',  ( 0.1250000000000001110, 0.1000000000000000056, -1.149999999999999911 ) ) ;
#2815 = PLANE ( 'NONE',  #654 ) ;
#2816 = VECTOR ( 'NONE', #787, 1000.000000000000000 ) ;
#2817 = ORIENTED_EDGE ( 'NONE', *, *, #3555, .F. ) ;
#2818 = CARTESIAN_POINT ( 'NONE',  ( -0.3750000000000001110, 0.1000000000000000056, -0.6750000000000000444 ) ) ;
#2819 = VERTEX_POINT ( 'NONE', #3554 ) ;
#2820 = DIRECTION ( 'NONE',  ( 0.000000000000000000, 1.000000000000000000, -0.000000000000000000 ) ) ;
#2821 = EDGE_CURVE ( 'NONE', #953, #2823, #4047, .T. ) ;
#2822 = EDGE_CURVE ( 'NONE', #1799, #2558, #4473, .T. ) ;
#2823 = VERTEX_POINT ( 'NONE', #2962 ) ;
#2824 = EDGE_CURVE ( 'NONE', #3012, #2872, #1474, .T. ) ;
#2825 = LINE ( 'NONE', #4284, #3996 ) ;
#2826 = EDGE_LOOP ( 'NONE', ( #1634, #2369, #406, #2241 ) ) ;
#2827 = MANIFOLD_SOLID_BREP ( 'Boss-Extrude3[5]', #4378 ) ;
#2828 = ADVANCED_FACE ( 'NONE', ( #463 ), #1925, .F. ) ;
#2829 =( LENGTH_UNIT ( ) NAMED_UNIT ( * ) SI_UNIT ( .MILLI., .METRE. ) );
#2830 = ADVANCED_FACE ( 'NONE', ( #1832 ), #1105, .T. ) ;
#2831 = FACE_OUTER_BOUND ( 'NONE', #748, .T. ) ;
#2832 = DIRECTION ( 'NONE',  ( -1.000000000000000000, -0.000000000000000000, -0.000000000000000000 ) ) ;
#2833 = DIRECTION ( 'NONE',  ( 0.000000000000000000, -0.000000000000000000, 1.000000000000000000 ) ) ;
#2834 = PLANE ( 'NONE',  #816 ) ;
#2835 = CARTESIAN_POINT ( 'NONE',  ( 0.9249999999999848344, 0.1000000000000000056, 0.6249999999999991118 ) ) ;
#2836 = MANIFOLD_SOLID_BREP ( 'Boss-Extrude3[10]', #1466 ) ;
#2837 = DIRECTION ( 'NONE',  ( 0.000000000000000000, 1.000000000000000000, -0.000000000000000000 ) ) ;
#2838 = SURFACE_STYLE_FILL_AREA ( #4570 ) ;
#2839 = DIRECTION ( 'NONE',  ( -0.000000000000000000, 0.000000000000000000, -1.000000000000000000 ) ) ;
#2840 = VERTEX_POINT ( 'NONE', #32 ) ;
#2841 = CARTESIAN_POINT ( 'NONE',  ( -0.9249999999999848344, 0.1000000000000000056, 0.8750000000000000000 ) ) ;
#2842 = CLOSED_SHELL ( 'NONE', ( #3143, #3111, #3386, #1594, #1452, #571 ) ) ;
#2843 = MANIFOLD_SOLID_BREP ( 'Boss-Extrude3[13]', #1230 ) ;
#2844 = ORIENTED_EDGE ( 'NONE', *, *, #4044, .F. ) ;
#2845 = CARTESIAN_POINT ( 'NONE',  ( -1.399999999999995248, 0.1000000000000000056, -0.3750000000000000000 ) ) ;
#2846 = CARTESIAN_POINT ( 'NONE',  ( 0.1249999999999998890, 0.000000000000000000, -0.6750000000000000444 ) ) ;
#2847 = ORIENTED_EDGE ( 'NONE', *, *, #2540, .T. ) ;
#2848 = PLANE ( 'NONE',  #3482 ) ;
#2849 = ORIENTED_EDGE ( 'NONE', *, *, #3673, .T. ) ;
#2850 = ORIENTED_EDGE ( 'NONE', *, *, #2150, .F. ) ;
#2851 = ADVANCED_FACE ( 'NONE', ( #83 ), #1498, .F. ) ;
#2852 = MANIFOLD_SOLID_BREP ( 'Boss-Extrude3[12]', #4293 ) ;
#2853 = ORIENTED_EDGE ( 'NONE', *, *, #4695, .T. ) ;
#2854 = LINE ( 'NONE', #4264, #2973 ) ;
#2855 = CARTESIAN_POINT ( 'NONE',  ( 0.1250000000000001110, 0.1000000000000000056, 1.149999999999999911 ) ) ;
#2856 = CARTESIAN_POINT ( 'NONE',  ( 1.399999999999989919, 0.1000000000000000056, 0.1249999999999995698 ) ) ;
#2857 = EDGE_CURVE ( 'NONE', #1843, #1905, #2307, .T. ) ;
#2858 = ADVANCED_FACE ( 'NONE', ( #1274 ), #2692, .T. ) ;
#2859 = FACE_BOUND ( 'NONE', #4277, .T. ) ;
#2860 = CARTESIAN_POINT ( 'NONE',  ( 0.9249999999999900524, 0.1000000000000000056, 0.1249999999999995698 ) ) ;
#2861 = DIRECTION ( 'NONE',  ( 0.000000000000000000, -0.000000000000000000, 1.000000000000000000 ) ) ;
#2862 = CARTESIAN_POINT ( 'NONE',  ( -0.3750000000000001110, 0.000000000000000000, -0.6750000000000000444 ) ) ;
#2863 = LINE ( 'NONE', #3213, #3786 ) ;
#2864 = EDGE_LOOP ( 'NONE', ( #3387, #352, #3282, #2923 ) ) ;
#2865 = LINE ( 'NONE', #4329, #3861 ) ;
#2866 = DIRECTION ( 'NONE',  ( -0.000000000000000000, -1.000000000000000000, -0.000000000000000000 ) ) ;
#2867 = VECTOR ( 'NONE', #3229, 1000.000000000000000 ) ;
#2868 = ORIENTED_EDGE ( 'NONE', *, *, #3203, .T. ) ;
#2869 = CARTESIAN_POINT ( 'NONE',  ( -1.049999999999996714, 0.000000000000000000, -0.8750000000000011102 ) ) ;
#2870 = PRESENTATION_LAYER_ASSIGNMENT (  '', '', ( #3407 ) ) ;
#2871 = ORIENTED_EDGE ( 'NONE', *, *, #3977, .F. ) ;
#2872 = VERTEX_POINT ( 'NONE', #559 ) ;
#2873 = ORIENTED_EDGE ( 'NONE', *, *, #2822, .F. ) ;
#2874 = VECTOR ( 'NONE', #2690, 1000.000000000000000 ) ;
#2875 = VERTEX_POINT ( 'NONE', #3484 ) ;
#2876 = CARTESIAN_POINT ( 'NONE',  ( 0.3750000000000001110, 0.1000000000000000056, 0.6750000000000000444 ) ) ;
#2877 = VECTOR ( 'NONE', #1668, 1000.000000000000000 ) ;
#2878 = EDGE_CURVE ( 'NONE', #277, #706, #2760, .T. ) ;
#2879 = DIRECTION ( 'NONE',  ( 1.000000000000000000, 0.000000000000000000, -0.000000000000000000 ) ) ;
#2880 =( NAMED_UNIT ( * ) PLANE_ANGLE_UNIT ( ) SI_UNIT ( $, .RADIAN. ) );
#2881 = EDGE_LOOP ( 'NONE', ( #3308, #3342, #3224, #3909 ) ) ;
#2882 = VECTOR ( 'NONE', #589, 1000.000000000000000 ) ;
#2883 = FACE_BOUND ( 'NONE', #2617, .T. ) ;
#2884 = ORIENTED_EDGE ( 'NONE', *, *, #479, .T. ) ;
#2885 = FACE_OUTER_BOUND ( 'NONE', #2092, .T. ) ;
#2886 = ADVANCED_FACE ( 'NONE', ( #3836 ), #3760, .T. ) ;
#2887 = DIRECTION ( 'NONE',  ( 4.565061778886335030E-16, 0.000000000000000000, 1.000000000000000000 ) ) ;
#2888 = ADVANCED_FACE ( 'NONE', ( #4495 ), #846, .F. ) ;
#2889 = AXIS2_PLACEMENT_3D ( 'NONE', #1318, #200, #491 ) ;
#2890 =( GEOMETRIC_REPRESENTATION_CONTEXT ( 3 ) GLOBAL_UNCERTAINTY_ASSIGNED_CONTEXT ( ( #1696 ) ) GLOBAL_UNIT_ASSIGNED_CONTEXT ( ( #869, #1202, #4118 ) ) REPRESENTATION_CONTEXT ( 'NONE', 'WORKASPACE' ) );
#2891 = CARTESIAN_POINT ( 'NONE',  ( 1.399999999999996581, 0.1000000000000000056, -0.8750000000000557332 ) ) ;
#2892 = VECTOR ( 'NONE', #4160, 1000.000000000000000 ) ;
#2893 = VECTOR ( 'NONE', #977, 1000.000000000000000 ) ;
#2894 = ORIENTED_EDGE ( 'NONE', *, *, #4004, .T. ) ;
#2895 = LINE ( 'NONE', #2461, #2354 ) ;
#2896 = EDGE_CURVE ( 'NONE', #4744, #3307, #4142, .T. ) ;
#2897 = VECTOR ( 'NONE', #2298, 1000.000000000000000 ) ;
#2898 = VECTOR ( 'NONE', #1906, 1000.000000000000000 ) ;
#2899 = PLANE ( 'NONE',  #4354 ) ;
#2900 = VERTEX_POINT ( 'NONE', #4662 ) ;
#2901 = ORIENTED_EDGE ( 'NONE', *, *, #4407, .T. ) ;
#2902 = ORIENTED_EDGE ( 'NONE', *, *, #4317, .T. ) ;
#2903 = VERTEX_POINT ( 'NONE', #1369 ) ;
#2904 = LINE ( 'NONE', #1844, #3561 ) ;
#2905 = PLANE ( 'NONE',  #2643 ) ;
#2906 = CARTESIAN_POINT ( 'NONE',  ( -1.399999999999984812, 0.1000000000000000056, 0.8750000000000000000 ) ) ;
#2907 = VERTEX_POINT ( 'NONE', #3527 ) ;
#2908 = DIRECTION ( 'NONE',  ( 4.565061778886335030E-16, 0.000000000000000000, 1.000000000000000000 ) ) ;
#2909 = ORIENTED_EDGE ( 'NONE', *, *, #4734, .T. ) ;
#2910 = DIRECTION ( 'NONE',  ( 1.000000000000000000, -0.000000000000000000, -0.000000000000000000 ) ) ;
#2911 = CARTESIAN_POINT ( 'NONE',  ( -0.1250000000000001110, 0.000000000000000000, -1.149999999999999911 ) ) ;
#2912 = DIRECTION ( 'NONE',  ( -0.000000000000000000, -1.000000000000000000, -0.000000000000000000 ) ) ;
#2913 = FACE_OUTER_BOUND ( 'NONE', #3093, .T. ) ;
#2914 = ADVANCED_FACE ( 'NONE', ( #3944 ), #2834, .T. ) ;
#2915 =( LENGTH_UNIT ( ) NAMED_UNIT ( * ) SI_UNIT ( .MILLI., .METRE. ) );
#2916 = ORIENTED_EDGE ( 'NONE', *, *, #188, .T. ) ;
#2917 = CARTESIAN_POINT ( 'NONE',  ( -0.9249999999999900524, 0.1000000000000000056, 0.1250000000000000000 ) ) ;
#2918 = EDGE_CURVE ( 'NONE', #2558, #4742, #3547, .T. ) ;
#2919 = ADVANCED_BREP_SHAPE_REPRESENTATION ( 'LSM6DSV320XTR', ( #1347, #2984, #4436, #1404, #4566, #1393, #2827, #1245, #4543, #1374, #2936, #2836, #4418, #2852, #2843, #1335, #4266 ), #1595 ) ;
#2920 = EDGE_CURVE ( 'NONE', #87, #2875, #4318, .T. ) ;
#2921 = CARTESIAN_POINT ( 'NONE',  ( -0.6250000000000001110, 0.000000000000000000, -1.149999999999999911 ) ) ;
#2922 = ADVANCED_FACE ( 'NONE', ( #4701, #2142, #2118, #3576, #1759, #3208, #4681, #1397, #2859, #3598, #3888, #321, #3231, #1420, #2883 ), #3185, .T. ) ;
#2923 = ORIENTED_EDGE ( 'NONE', *, *, #4287, .T. ) ;
#2924 = VECTOR ( 'NONE', #2338, 1000.000000000000000 ) ;
#2925 = ORIENTED_EDGE ( 'NONE', *, *, #1625, .T. ) ;
#2926 = VERTEX_POINT ( 'NONE', #4238 ) ;
#2927 = VECTOR ( 'NONE', #1223, 1000.000000000000000 ) ;
#2928 = ORIENTED_EDGE ( 'NONE', *, *, #2359, .T. ) ;
#2929 = LINE ( 'NONE', #4083, #4085 ) ;
#2930 = DIRECTION ( 'NONE',  ( 0.000000000000000000, 0.000000000000000000, 1.000000000000000000 ) ) ;
#2931 = FILL_AREA_STYLE ('',( #1079 ) ) ;
#2932 = ORIENTED_EDGE ( 'NONE', *, *, #98, .T. ) ;
#2933 = VERTEX_POINT ( 'NONE', #1317 ) ;
#2934 = ORIENTED_EDGE ( 'NONE', *, *, #3452, .T. ) ;
#2935 = PLANE ( 'NONE',  #4339 ) ;
#2936 = MANIFOLD_SOLID_BREP ( 'Boss-Extrude3[9]', #2079 ) ;
#2937 = CARTESIAN_POINT ( 'NONE',  ( -1.200000000000000622, 0.7800000000000000266, -1.125000000000000666 ) ) ;
#2938 = PRESENTATION_STYLE_ASSIGNMENT (( #3368 ) ) ;
#2939 = VERTEX_POINT ( 'NONE', #631 ) ;
#2940 = PLANE ( 'NONE',  #3344 ) ;
#2941 = EDGE_CURVE ( 'NONE', #2085, #3945, #2093, .T. ) ;
#2942 = FACE_OUTER_BOUND ( 'NONE', #2396, .T. ) ;
#2943 = PLANE ( 'NONE',  #1809 ) ;
#2944 = CARTESIAN_POINT ( 'NONE',  ( 0.000000000000000000, 0.000000000000000000, 0.000000000000000000 ) ) ;
#2945 = ORIENTED_EDGE ( 'NONE', *, *, #2742, .F. ) ;
#2946 = EDGE_CURVE ( 'NONE', #2035, #1757, #3748, .T. ) ;
#2947 = ORIENTED_EDGE ( 'NONE', *, *, #2761, .T. ) ;
#2948 = VECTOR ( 'NONE', #883, 1000.000000000000000 ) ;
#2949 = EDGE_LOOP ( 'NONE', ( #1717, #2344, #955, #2928 ) ) ;
#2950 = VERTEX_POINT ( 'NONE', #1445 ) ;
#2951 = PLANE ( 'NONE',  #2793 ) ;
#2952 = DIRECTION ( 'NONE',  ( 1.000000000000000000, 0.000000000000000000, 0.000000000000000000 ) ) ;
#2953 = CARTESIAN_POINT ( 'NONE',  ( 0.9249999999999966027, 0.1000000000000000056, -0.8750000000000408562 ) ) ;
#2954 = VECTOR ( 'NONE', #1572, 1000.000000000000000 ) ;
#2955 = ORIENTED_EDGE ( 'NONE', *, *, #2000, .F. ) ;
#2956 = EDGE_CURVE ( 'NONE', #411, #1635, #1082, .T. ) ;
#2957 = AXIS2_PLACEMENT_3D ( 'NONE', #1124, #4723, #72 ) ;
#2958 = ORIENTED_EDGE ( 'NONE', *, *, #605, .F. ) ;
#2959 = CARTESIAN_POINT ( 'NONE',  ( 1.499999999999999556, 0.8299999999999999600, 1.250000000000000000 ) ) ;
#2960 = FACE_OUTER_BOUND ( 'NONE', #4285, .T. ) ;
#2961 = VECTOR ( 'NONE', #3625, 1000.000000000000000 ) ;
#2962 = CARTESIAN_POINT ( 'NONE',  ( -0.9249999999999848344, 0.000000000000000000, 0.8750000000000000000 ) ) ;
#2963 = ORIENTED_EDGE ( 'NONE', *, *, #836, .F. ) ;
#2964 = LINE ( 'NONE', #10, #1121 ) ;
#2965 = AXIS2_PLACEMENT_3D ( 'NONE', #3297, #1878, #1500 ) ;
#2966 = CARTESIAN_POINT ( 'NONE',  ( 0.3750000000000001110, 0.1000000000000000056, 0.6750000000000000444 ) ) ;
#2967 = VECTOR ( 'NONE', #3929, 1000.000000000000000 ) ;
#2968 = DIRECTION ( 'NONE',  ( 1.000000000000000000, 0.000000000000000000, 0.000000000000000000 ) ) ;
#2969 = ORIENTED_EDGE ( 'NONE', *, *, #181, .F. ) ;
#2970 = VECTOR ( 'NONE', #1130, 1000.000000000000000 ) ;
#2971 = CARTESIAN_POINT ( 'NONE',  ( 1.399999999999995248, 0.1000000000000000056, -0.3750000000000002220 ) ) ;
#2972 = FACE_OUTER_BOUND ( 'NONE', #3197, .T. ) ;
#2973 = VECTOR ( 'NONE', #986, 1000.000000000000000 ) ;
#2974 = DIRECTION ( 'NONE',  ( -1.000000000000000000, 0.000000000000000000, 0.000000000000000000 ) ) ;
#2975 =( GEOMETRIC_REPRESENTATION_CONTEXT ( 3 ) GLOBAL_UNCERTAINTY_ASSIGNED_CONTEXT ( ( #68 ) ) GLOBAL_UNIT_ASSIGNED_CONTEXT ( ( #2775, #573, #1329 ) ) REPRESENTATION_CONTEXT ( 'NONE', 'WORKASPACE' ) );
#2976 = ADVANCED_FACE ( 'NONE', ( #3060 ), #2549, .F. ) ;
#2977 = ORIENTED_EDGE ( 'NONE', *, *, #665, .F. ) ;
#2978 = ORIENTED_EDGE ( 'NONE', *, *, #4646, .T. ) ;
#2979 = FACE_OUTER_BOUND ( 'NONE', #2417, .T. ) ;
#2980 = CARTESIAN_POINT ( 'NONE',  ( 1.399999999999989919, 0.1000000000000000056, 0.1249999999999995698 ) ) ;
#2981 = DIRECTION ( 'NONE',  ( 0.000000000000000000, -0.000000000000000000, -1.000000000000000000 ) ) ;
#2982 = EDGE_LOOP ( 'NONE', ( #4127, #2263, #2596, #217 ) ) ;
#2983 = DIRECTION ( 'NONE',  ( 1.000000000000000000, 0.000000000000000000, -0.000000000000000000 ) ) ;
#2984 = MANIFOLD_SOLID_BREP ( 'Cut-Extrude2', #3216 ) ;
#2985 = LINE ( 'NONE', #1590, #1471 ) ;
#2986 = FACE_OUTER_BOUND ( 'NONE', #494, .T. ) ;
#2987 = EDGE_LOOP ( 'NONE', ( #2127, #4437, #3128, #2159 ) ) ;
#2988 = LINE ( 'NONE', #3715, #2342 ) ;
#2989 = DIRECTION ( 'NONE',  ( 0.000000000000000000, 0.000000000000000000, 1.000000000000000000 ) ) ;
#2990 = ORIENTED_EDGE ( 'NONE', *, *, #2326, .F. ) ;
#2991 = CARTESIAN_POINT ( 'NONE',  ( -0.6249999999999998890, 0.000000000000000000, -0.6750000000000000444 ) ) ;
#2992 = DIRECTION ( 'NONE',  ( -0.000000000000000000, 1.000000000000000000, -0.000000000000000000 ) ) ;
#2993 = FACE_OUTER_BOUND ( 'NONE', #1214, .T. ) ;
#2994 = DIRECTION ( 'NONE',  ( -1.000000000000000000, 0.000000000000000000, -0.000000000000000000 ) ) ;
#2995 = VERTEX_POINT ( 'NONE', #3011 ) ;
#2996 = CARTESIAN_POINT ( 'NONE',  ( 1.399999999999989919, 0.1000000000000000056, 0.3749999999999991673 ) ) ;
#2997 = CLOSED_SHELL ( 'NONE', ( #2098, #4003, #3359, #2768, #2102, #1425 ) ) ;
#2998 = DIRECTION ( 'NONE',  ( 0.000000000000000000, 0.000000000000000000, 1.000000000000000000 ) ) ;
#2999 = CARTESIAN_POINT ( 'NONE',  ( 0.9249999999999900524, 0.000000000000000000, 0.1249999999999995698 ) ) ;
#3000 = EDGE_CURVE ( 'NONE', #4315, #4599, #4108, .T. ) ;
#3001 = ORIENTED_EDGE ( 'NONE', *, *, #3531, .F. ) ;
#3002 = DIRECTION ( 'NONE',  ( 0.000000000000000000, -1.000000000000000000, 0.000000000000000000 ) ) ;
#3003 = DIRECTION ( 'NONE',  ( -0.000000000000000000, 1.000000000000000000, -0.000000000000000000 ) ) ;
#3004 = CARTESIAN_POINT ( 'NONE',  ( 0.9249999999999848344, 0.1000000000000000056, 0.6249999999999991118 ) ) ;
#3005 = CARTESIAN_POINT ( 'NONE',  ( 1.400000000000000355, 0.1000000000000000056, -0.6250000000000000000 ) ) ;
#3006 = SURFACE_SIDE_STYLE ('',( #1553 ) ) ;
#3007 = EDGE_LOOP ( 'NONE', ( #4208, #3232, #3708, #1608 ) ) ;
#3008 = CARTESIAN_POINT ( 'NONE',  ( 1.400000000000000355, 0.000000000000000000, -0.6250000000000000000 ) ) ;
#3009 = DIRECTION ( 'NONE',  ( 0.000000000000000000, 0.000000000000000000, -1.000000000000000000 ) ) ;
#3010 = LINE ( 'NONE', #2294, #4458 ) ;
#3011 = CARTESIAN_POINT ( 'NONE',  ( 0.3749999999999998890, 0.000000000000000000, 1.149999999999999911 ) ) ;
#3012 = VERTEX_POINT ( 'NONE', #473 ) ;
#3013 = CARTESIAN_POINT ( 'NONE',  ( -1.049999999999996714, 0.1000000000000000056, -0.8750000000000011102 ) ) ;
#3014 = CARTESIAN_POINT ( 'NONE',  ( 0.3749999999999998890, 0.1000000000000000056, -1.149999999999999911 ) ) ;
#3015 = DIRECTION ( 'NONE',  ( 0.000000000000000000, -1.000000000000000000, 0.000000000000000000 ) ) ;
#3016 = ORIENTED_EDGE ( 'NONE', *, *, #856, .T. ) ;
#3017 = VECTOR ( 'NONE', #3180, 1000.000000000000000 ) ;
#3018 = EDGE_LOOP ( 'NONE', ( #2932, #2131, #3466, #254 ) ) ;
#3019 = DIRECTION ( 'NONE',  ( 0.000000000000000000, 0.000000000000000000, 1.000000000000000000 ) ) ;
#3020 = DIRECTION ( 'NONE',  ( -1.000000000000000000, 0.000000000000000000, 3.127067318537139569E-14 ) ) ;
#3021 = LINE ( 'NONE', #151, #2874 ) ;
#3022 = VECTOR ( 'NONE', #2091, 1000.000000000000000 ) ;
#3023 = DIRECTION ( 'NONE',  ( -1.000000000000000000, 0.000000000000000000, -0.000000000000000000 ) ) ;
#3024 = EDGE_CURVE ( 'NONE', #630, #3321, #2703, .T. ) ;
#3025 = ADVANCED_FACE ( 'NONE', ( #454 ), #4150, .F. ) ;
#3026 = LINE ( 'NONE', #4092, #3275 ) ;
#3027 = LINE ( 'NONE', #4475, #886 ) ;
#3028 = ADVANCED_FACE ( 'NONE', ( #143 ), #3259, .F. ) ;
#3029 = PLANE ( 'NONE',  #4559 ) ;
#3030 = CARTESIAN_POINT ( 'NONE',  ( -0.9249999999999952704, 0.1000000000000000056, -0.3750000000000000000 ) ) ;
#3031 = VECTOR ( 'NONE', #2023, 1000.000000000000000 ) ;
#3032 = VECTOR ( 'NONE', #17, 1000.000000000000000 ) ;
#3033 = EDGE_CURVE ( 'NONE', #521, #4350, #344, .T. ) ;
#3034 = CARTESIAN_POINT ( 'NONE',  ( -0.6250000000000001110, 0.000000000000000000, -1.149999999999999911 ) ) ;
#3035 = ADVANCED_FACE ( 'NONE', ( #1913 ), #4728, .T. ) ;
#3036 = AXIS2_PLACEMENT_3D ( 'NONE', #1225, #2693, #2329 ) ;
#3037 = COLOUR_RGB ( '',1.000000000000000000, 0.8117647058823529438, 0.5019607843137254832 ) ;
#3038 = ORIENTED_EDGE ( 'NONE', *, *, #1747, .T. ) ;
#3039 = LINE ( 'NONE', #833, #1304 ) ;
#3040 = FACE_OUTER_BOUND ( 'NONE', #3766, .T. ) ;
#3041 = VECTOR ( 'NONE', #2039, 1000.000000000000000 ) ;
#3042 = ORIENTED_EDGE ( 'NONE', *, *, #4410, .T. ) ;
#3043 = LINE ( 'NONE', #166, #658 ) ;
#3044 = CARTESIAN_POINT ( 'NONE',  ( 0.000000000000000000, 0.1000000000000000056, 0.000000000000000000 ) ) ;
#3045 = FACE_OUTER_BOUND ( 'NONE', #3903, .T. ) ;
#3046 = AXIS2_PLACEMENT_3D ( 'NONE', #4709, #4278, #3239 ) ;
#3047 = ORIENTED_EDGE ( 'NONE', *, *, #3754, .T. ) ;
#3048 = CARTESIAN_POINT ( 'NONE',  ( -1.200000000000000622, 0.8299999999999999600, -0.8750000000000000000 ) ) ;
#3049 =( NAMED_UNIT ( * ) SI_UNIT ( $, .STERADIAN. ) SOLID_ANGLE_UNIT ( ) );
#3050 = FACE_OUTER_BOUND ( 'NONE', #3962, .T. ) ;
#3051 = PLANE ( 'NONE',  #1884 ) ;
#3052 = CARTESIAN_POINT ( 'NONE',  ( 1.499999999999999556, 0.000000000000000000, 1.250000000000000000 ) ) ;
#3053 = ADVANCED_FACE ( 'NONE', ( #3040 ), #857, .T. ) ;
#3054 = EDGE_LOOP ( 'NONE', ( #3099, #4063, #3878, #211 ) ) ;
#3055 = ORIENTED_EDGE ( 'NONE', *, *, #543, .T. ) ;
#3056 = PLANE ( 'NONE',  #3657 ) ;
#3057 = ORIENTED_EDGE ( 'NONE', *, *, #2320, .F. ) ;
#3058 = CARTESIAN_POINT ( 'NONE',  ( -0.1249999999999998890, 0.1000000000000000056, 0.6750000000000000444 ) ) ;
#3059 = EDGE_CURVE ( 'NONE', #3276, #3714, #4262, .T. ) ;
#3060 = FACE_OUTER_BOUND ( 'NONE', #3223, .T. ) ;
#3061 = ORIENTED_EDGE ( 'NONE', *, *, #1293, .T. ) ;
#3062 = DIRECTION ( 'NONE',  ( -0.000000000000000000, 1.000000000000000000, 0.000000000000000000 ) ) ;
#3063 = LINE ( 'NONE', #4535, #650 ) ;
#3064 = VERTEX_POINT ( 'NONE', #4647 ) ;
#3065 = VECTOR ( 'NONE', #808, 1000.000000000000000 ) ;
#3066 = ORIENTED_EDGE ( 'NONE', *, *, #4526, .F. ) ;
#3067 = LINE ( 'NONE', #2371, #4021 ) ;
#3068 = LINE ( 'NONE', #3459, #2256 ) ;
#3069 = PLANE ( 'NONE',  #1108 ) ;
#3070 =( NAMED_UNIT ( * ) PLANE_ANGLE_UNIT ( ) SI_UNIT ( $, .RADIAN. ) );
#3071 = DIRECTION ( 'NONE',  ( 4.565061778886335030E-16, 0.000000000000000000, 1.000000000000000000 ) ) ;
#3072 = LINE ( 'NONE', #2715, #4246 ) ;
#3073 = DIRECTION ( 'NONE',  ( 0.000000000000000000, 1.000000000000000000, 0.000000000000000000 ) ) ;
#3074 = CARTESIAN_POINT ( 'NONE',  ( -0.6250000000000001110, 0.1000000000000000056, -1.149999999999999911 ) ) ;
#3075 = ORIENTED_EDGE ( 'NONE', *, *, #1010, .F. ) ;
#3076 = LINE ( 'NONE', #876, #4507 ) ;
#3077 = EDGE_CURVE ( 'NONE', #630, #1060, #234, .T. ) ;
#3078 = ORIENTED_EDGE ( 'NONE', *, *, #3558, .F. ) ;
#3079 = DIRECTION ( 'NONE',  ( -1.000000000000000000, 0.000000000000000000, -0.000000000000000000 ) ) ;
#3080 = EDGE_CURVE ( 'NONE', #2531, #4124, #3829, .T. ) ;
#3081 = EDGE_CURVE ( 'NONE', #1162, #2755, #3844, .T. ) ;
#3082 = EDGE_LOOP ( 'NONE', ( #3125, #3214, #2407, #1165 ) ) ;
#3083 = ORIENTED_EDGE ( 'NONE', *, *, #423, .T. ) ;
#3084 = EDGE_LOOP ( 'NONE', ( #3667, #712, #3330, #852 ) ) ;
#3085 = ORIENTED_EDGE ( 'NONE', *, *, #1548, .F. ) ;
#3086 = LINE ( 'NONE', #3505, #1199 ) ;
#3087 = EDGE_CURVE ( 'NONE', #1462, #881, #369, .T. ) ;
#3088 = CARTESIAN_POINT ( 'NONE',  ( -0.6249999999999998890, 0.1000000000000000056, 0.6750000000000000444 ) ) ;
#3089 = SURFACE_SIDE_STYLE ('',( #1638 ) ) ;
#3090 = AXIS2_PLACEMENT_3D ( 'NONE', #295, #3965, #1028 ) ;
#3091 = CARTESIAN_POINT ( 'NONE',  ( -1.400000000000000355, 0.1000000000000000056, -0.6250000000000000000 ) ) ;
#3092 = VECTOR ( 'NONE', #3763, 1000.000000000000000 ) ;
#3093 = EDGE_LOOP ( 'NONE', ( #1989, #703, #1048, #1504 ) ) ;
#3094 = LINE ( 'NONE', #2355, #3264 ) ;
#3095 = LINE ( 'NONE', #3838, #198 ) ;
#3096 = PLANE ( 'NONE',  #4529 ) ;
#3097 = VECTOR ( 'NONE', #4152, 1000.000000000000000 ) ;
#3098 = DIRECTION ( 'NONE',  ( -0.000000000000000000, -0.000000000000000000, -1.000000000000000000 ) ) ;
#3099 = ORIENTED_EDGE ( 'NONE', *, *, #423, .F. ) ;
#3100 = CARTESIAN_POINT ( 'NONE',  ( -0.6249999999999998890, 0.1000000000000000056, 0.6750000000000000444 ) ) ;
#3101 = VECTOR ( 'NONE', #1226, 1000.000000000000000 ) ;
#3102 = ORIENTED_EDGE ( 'NONE', *, *, #2133, .F. ) ;
#3103 = VECTOR ( 'NONE', #1277, 1000.000000000000000 ) ;
#3104 = DIRECTION ( 'NONE',  ( 0.000000000000000000, 0.000000000000000000, 1.000000000000000000 ) ) ;
#3105 = EDGE_LOOP ( 'NONE', ( #508, #1123, #299, #1139 ) ) ;
#3106 = VECTOR ( 'NONE', #1564, 1000.000000000000000 ) ;
#3107 = VECTOR ( 'NONE', #158, 1000.000000000000000 ) ;
#3108 = FACE_OUTER_BOUND ( 'NONE', #3559, .T. ) ;
#3109 = ORIENTED_EDGE ( 'NONE', *, *, #4445, .F. ) ;
#3110 = ORIENTED_EDGE ( 'NONE', *, *, #488, .F. ) ;
#3111 = ADVANCED_FACE ( 'NONE', ( #3496 ), #1720, .F. ) ;
#3112 = STYLED_ITEM ( 'NONE', ( #4342 ), #4436 ) ;
#3113 = ORIENTED_EDGE ( 'NONE', *, *, #950, .T. ) ;
#3114 = DIRECTION ( 'NONE',  ( 1.000000000000000000, -0.000000000000000000, -0.000000000000000000 ) ) ;
#3115 = DIRECTION ( 'NONE',  ( 0.000000000000000000, 0.000000000000000000, -1.000000000000000000 ) ) ;
#3116 = ADVANCED_FACE ( 'NONE', ( #4620 ), #4226, .F. ) ;
#3117 = ADVANCED_FACE ( 'NONE', ( #1674 ), #3171, .F. ) ;
#3118 = FILL_AREA_STYLE_COLOUR ( '', #3849 ) ;
#3119 = DIRECTION ( 'NONE',  ( -4.565061778886335030E-16, 0.000000000000000000, -1.000000000000000000 ) ) ;
#3120 = DIRECTION ( 'NONE',  ( -4.565061778886335030E-16, -0.000000000000000000, 1.000000000000000000 ) ) ;
#3121 =( LENGTH_UNIT ( ) NAMED_UNIT ( * ) SI_UNIT ( .MILLI., .METRE. ) );
#3122 = LINE ( 'NONE', #2001, #4091 ) ;
#3123 = ORIENTED_EDGE ( 'NONE', *, *, #2418, .T. ) ;
#3124 = CARTESIAN_POINT ( 'NONE',  ( -1.399999999999984812, 0.1000000000000000056, 0.8750000000000000000 ) ) ;
#3125 = ORIENTED_EDGE ( 'NONE', *, *, #2449, .F. ) ;
#3126 = CARTESIAN_POINT ( 'NONE',  ( -0.9250000000000004885, 0.1000000000000000056, -0.6250000000000000000 ) ) ;
#3127 = LINE ( 'NONE', #3814, #4100 ) ;
#3128 = ORIENTED_EDGE ( 'NONE', *, *, #3555, .T. ) ;
#3129 = CARTESIAN_POINT ( 'NONE',  ( 0.6250000000000001110, 0.1000000000000000056, 1.149999999999999911 ) ) ;
#3130 = ORIENTED_EDGE ( 'NONE', *, *, #281, .F. ) ;
#3131 = ORIENTED_EDGE ( 'NONE', *, *, #3734, .F. ) ;
#3132 = ORIENTED_EDGE ( 'NONE', *, *, #487, .T. ) ;
#3133 = SURFACE_SIDE_STYLE ('',( #1391 ) ) ;
#3134 = EDGE_CURVE ( 'NONE', #2777, #3321, #2364, .T. ) ;
#3135 = LINE ( 'NONE', #1615, #1643 ) ;
#3136 = FACE_OUTER_BOUND ( 'NONE', #2697, .T. ) ;
#3137 = DIRECTION ( 'NONE',  ( -4.565061778886335030E-16, 0.000000000000000000, -1.000000000000000000 ) ) ;
#3138 = EDGE_LOOP ( 'NONE', ( #1081, #3869, #1390, #1034 ) ) ;
#3139 = EDGE_LOOP ( 'NONE', ( #2945, #677, #4652, #1512 ) ) ;
#3140 = DIRECTION ( 'NONE',  ( 0.000000000000000000, 1.000000000000000000, 0.000000000000000000 ) ) ;
#3141 = FACE_OUTER_BOUND ( 'NONE', #3729, .T. ) ;
#3142 = CLOSED_SHELL ( 'NONE', ( #1853, #4506, #1540, #104, #2851, #458, #2249 ) ) ;
#3143 = ADVANCED_FACE ( 'NONE', ( #2794 ), #2413, .F. ) ;
#3144 = VERTEX_POINT ( 'NONE', #2441 ) ;
#3145 = DIRECTION ( 'NONE',  ( 0.000000000000000000, -1.000000000000000000, 0.000000000000000000 ) ) ;
#3146 = EDGE_CURVE ( 'NONE', #745, #3963, #3127, .T. ) ;
#3147 = ORIENTED_EDGE ( 'NONE', *, *, #3958, .F. ) ;
#3148 = CARTESIAN_POINT ( 'NONE',  ( -0.1250000000000001110, 0.1000000000000000056, -1.149999999999999911 ) ) ;
#3149 = EDGE_LOOP ( 'NONE', ( #500, #911, #1964, #2884 ) ) ;
#3150 = CARTESIAN_POINT ( 'NONE',  ( -1.200000000000000622, 0.8299999999999999600, -1.000000000000000222 ) ) ;
#3151 = ORIENTED_EDGE ( 'NONE', *, *, #157, .F. ) ;
#3152 = EDGE_LOOP ( 'NONE', ( #2156, #2493, #480, #2136 ) ) ;
#3153 = ORIENTED_EDGE ( 'NONE', *, *, #450, .T. ) ;
#3154 = LINE ( 'NONE', #2803, #973 ) ;
#3155 = CARTESIAN_POINT ( 'NONE',  ( 0.000000000000000000, 0.000000000000000000, 0.000000000000000000 ) ) ;
#3156 = LINE ( 'NONE', #2090, #2203 ) ;
#3157 = PLANE ( 'NONE',  #3778 ) ;
#3158 = LINE ( 'NONE', #609, #2659 ) ;
#3159 = PLANE ( 'NONE',  #2266 ) ;
#3160 = DIRECTION ( 'NONE',  ( -0.000000000000000000, -1.000000000000000000, -0.000000000000000000 ) ) ;
#3161 = CARTESIAN_POINT ( 'NONE',  ( 1.399999999999989919, 0.1000000000000000056, 0.1249999999999995698 ) ) ;
#3162 = ADVANCED_FACE ( 'NONE', ( #1986 ), #2058, .T. ) ;
#3163 = VECTOR ( 'NONE', #2009, 1000.000000000000000 ) ;
#3164 = EDGE_CURVE ( 'NONE', #1438, #4532, #3516, .T. ) ;
#3165 = CARTESIAN_POINT ( 'NONE',  ( 0.9249999999999952704, 0.000000000000000000, -0.1250000000000004441 ) ) ;
#3166 = VERTEX_POINT ( 'NONE', #1257 ) ;
#3167 = CARTESIAN_POINT ( 'NONE',  ( 0.9249999999999966027, 0.000000000000000000, -0.8750000000000408562 ) ) ;
#3168 = AXIS2_PLACEMENT_3D ( 'NONE', #4500, #3552, #2074 ) ;
#3169 = ORIENTED_EDGE ( 'NONE', *, *, #3804, .T. ) ;
#3170 = VECTOR ( 'NONE', #2759, 1000.000000000000000 ) ;
#3171 = PLANE ( 'NONE',  #675 ) ;
#3172 = EDGE_CURVE ( 'NONE', #983, #584, #550, .T. ) ;
#3173 = ORIENTED_EDGE ( 'NONE', *, *, #4039, .T. ) ;
#3174 = DIRECTION ( 'NONE',  ( -1.000000000000000000, 0.000000000000000000, -4.565061778886335030E-16 ) ) ;
#3175 = AXIS2_PLACEMENT_3D ( 'NONE', #3217, #3607, #1308 ) ;
#3176 = ORIENTED_EDGE ( 'NONE', *, *, #3081, .F. ) ;
#3177 = VECTOR ( 'NONE', #1718, 1000.000000000000000 ) ;
#3178 = VECTOR ( 'NONE', #1470, 1000.000000000000000 ) ;
#3179 = VERTEX_POINT ( 'NONE', #3471 ) ;
#3180 = DIRECTION ( 'NONE',  ( -0.000000000000000000, -1.000000000000000000, -0.000000000000000000 ) ) ;
#3181 = DIRECTION ( 'NONE',  ( 0.000000000000000000, -1.000000000000000000, 0.000000000000000000 ) ) ;
#3182 = CARTESIAN_POINT ( 'NONE',  ( 0.9250000000000004885, 0.1000000000000000056, -0.6250000000000000000 ) ) ;
#3183 = VECTOR ( 'NONE', #4663, 1000.000000000000000 ) ;
#3184 =( GEOMETRIC_REPRESENTATION_CONTEXT ( 3 ) GLOBAL_UNCERTAINTY_ASSIGNED_CONTEXT ( ( #3700 ) ) GLOBAL_UNIT_ASSIGNED_CONTEXT ( ( #1217, #1467, #3428 ) ) REPRESENTATION_CONTEXT ( 'NONE', 'WORKASPACE' ) );
#3185 = PLANE ( 'NONE',  #3788 ) ;
#3186 = DIRECTION ( 'NONE',  ( -0.000000000000000000, -1.000000000000000000, -0.000000000000000000 ) ) ;
#3187 = PRESENTATION_LAYER_ASSIGNMENT (  '', '', ( #3112 ) ) ;
#3188 = DIRECTION ( 'NONE',  ( 0.000000000000000000, -0.000000000000000000, 1.000000000000000000 ) ) ;
#3189 = VECTOR ( 'NONE', #3540, 1000.000000000000000 ) ;
#3190 = LINE ( 'NONE', #3161, #4081 ) ;
#3191 = VECTOR ( 'NONE', #793, 1000.000000000000000 ) ;
#3192 = VECTOR ( 'NONE', #2384, 1000.000000000000000 ) ;
#3193 = CARTESIAN_POINT ( 'NONE',  ( -0.1249999999999998890, 0.1000000000000000056, -0.6750000000000000444 ) ) ;
#3194 = ORIENTED_EDGE ( 'NONE', *, *, #3649, .T. ) ;
#3195 = PLANE ( 'NONE',  #3046 ) ;
#3196 = EDGE_CURVE ( 'NONE', #1059, #1455, #183, .T. ) ;
#3197 = EDGE_LOOP ( 'NONE', ( #2004, #1814, #1395, #3770 ) ) ;
#3198 = DIRECTION ( 'NONE',  ( -0.000000000000000000, -0.000000000000000000, -1.000000000000000000 ) ) ;
#3199 = VERTEX_POINT ( 'NONE', #1285 ) ;
#3200 = ADVANCED_FACE ( 'NONE', ( #4203 ), #2899, .T. ) ;
#3201 = CARTESIAN_POINT ( 'NONE',  ( -0.1250000000000001110, 0.1000000000000000056, 1.149999999999999911 ) ) ;
#3202 = VERTEX_POINT ( 'NONE', #282 ) ;
#3203 = EDGE_CURVE ( 'NONE', #3335, #2926, #2488, .T. ) ;
#3204 = EDGE_LOOP ( 'NONE', ( #4558, #956, #3042, #3500 ) ) ;
#3205 = DIRECTION ( 'NONE',  ( 0.000000000000000000, 1.000000000000000000, -0.000000000000000000 ) ) ;
#3206 = ORIENTED_EDGE ( 'NONE', *, *, #3728, .T. ) ;
#3207 = ORIENTED_EDGE ( 'NONE', *, *, #1066, .T. ) ;
#3208 = FACE_BOUND ( 'NONE', #1981, .T. ) ;
#3209 = DIRECTION ( 'NONE',  ( -0.000000000000000000, -0.000000000000000000, -1.000000000000000000 ) ) ;
#3210 = DIRECTION ( 'NONE',  ( 0.000000000000000000, -1.000000000000000000, 0.000000000000000000 ) ) ;
#3211 = DIRECTION ( 'NONE',  ( 0.000000000000000000, 0.000000000000000000, 1.000000000000000000 ) ) ;
#3212 = DIRECTION ( 'NONE',  ( 4.565061778886335030E-16, 0.000000000000000000, 1.000000000000000000 ) ) ;
#3213 = CARTESIAN_POINT ( 'NONE',  ( -1.049999999999996714, 0.1000000000000000056, -0.8750000000000011102 ) ) ;
#3214 = ORIENTED_EDGE ( 'NONE', *, *, #3696, .F. ) ;
#3215 = DIRECTION ( 'NONE',  ( 1.000000000000000000, -0.000000000000000000, -0.000000000000000000 ) ) ;
#3216 = CLOSED_SHELL ( 'NONE', ( #3116, #2922, #4126, #73, #1073, #1940, #4700, #1400, #3526, #19, #2747, #3162, #2649, #4216, #1187, #4281, #691, #3747, #520, #2321, #1003, #1380, #830, #3784, #831, #1353, #3880, #3495, #2029, #3581, #1682, #3035, #4133, #2601, #309, #4221, #4527, #4741, #2858, #2069, #161, #395, #1684, #2786, #78, #3670, #7, #52, #3857, #2174, #1977, #4594, #655, #1273, #315, #777, #2536, #3690, #4062, #2375, #3053, #2886, #1040, #2914, #2037, #1693, #253, #3641, #3200, #2455, #803, #4097, #1719, #313, #3879, #2602, #3955, #1071, #4587, #1153 ) ) ;
#3217 = CARTESIAN_POINT ( 'NONE',  ( 0.000000000000000000, 0.1000000000000000056, 0.000000000000000000 ) ) ;
#3218 = EDGE_LOOP ( 'NONE', ( #3660, #1429, #447, #2426 ) ) ;
#3219 = LINE ( 'NONE', #1379, #4209 ) ;
#3220 = EDGE_CURVE ( 'NONE', #496, #4122, #3610, .T. ) ;
#3221 = DIRECTION ( 'NONE',  ( 1.000000000000000000, -0.000000000000000000, -0.000000000000000000 ) ) ;
#3222 = EDGE_LOOP ( 'NONE', ( #3764, #2391, #2868, #4440 ) ) ;
#3223 = EDGE_LOOP ( 'NONE', ( #1005, #2365, #300, #386 ) ) ;
#3224 = ORIENTED_EDGE ( 'NONE', *, *, #80, .F. ) ;
#3225 = EDGE_CURVE ( 'NONE', #277, #584, #741, .T. ) ;
#3226 = EDGE_CURVE ( 'NONE', #3664, #1438, #357, .T. ) ;
#3227 = VERTEX_POINT ( 'NONE', #3278 ) ;
#3228 = DIRECTION ( 'NONE',  ( 0.000000000000000000, 1.000000000000000000, 0.000000000000000000 ) ) ;
#3229 = DIRECTION ( 'NONE',  ( 4.565061778886335030E-16, -0.000000000000000000, -1.000000000000000000 ) ) ;
#3230 = DIRECTION ( 'NONE',  ( 1.561251128378871110E-14, 0.000000000000000000, 1.000000000000000000 ) ) ;
#3231 = FACE_BOUND ( 'NONE', #1102, .T. ) ;
#3232 = ORIENTED_EDGE ( 'NONE', *, *, #551, .F. ) ;
#3233 = LINE ( 'NONE', #1735, #4423 ) ;
#3234 = EDGE_CURVE ( 'NONE', #2453, #983, #311, .T. ) ;
#3235 = DIRECTION ( 'NONE',  ( 0.000000000000000000, -1.000000000000000000, 0.000000000000000000 ) ) ;
#3236 =( LENGTH_UNIT ( ) NAMED_UNIT ( * ) SI_UNIT ( .MILLI., .METRE. ) );
#3237 = LINE ( 'NONE', #2147, #4336 ) ;
#3238 = ORIENTED_EDGE ( 'NONE', *, *, #724, .T. ) ;
#3239 = DIRECTION ( 'NONE',  ( -7.509526626267981124E-14, 0.000000000000000000, -1.000000000000000000 ) ) ;
#3240 = DIRECTION ( 'NONE',  ( 0.000000000000000000, 0.000000000000000000, 1.000000000000000000 ) ) ;
#3241 = VECTOR ( 'NONE', #4466, 1000.000000000000000 ) ;
#3242 = CARTESIAN_POINT ( 'NONE',  ( 1.399999999999989919, 0.1000000000000000056, 0.1249999999999995698 ) ) ;
#3243 = CARTESIAN_POINT ( 'NONE',  ( 0.3750000000000001110, 0.1000000000000000056, -0.6750000000000000444 ) ) ;
#3244 = AXIS2_PLACEMENT_3D ( 'NONE', #2605, #4398, #3212 ) ;
#3245 = EDGE_LOOP ( 'NONE', ( #3304, #2871, #643, #3289 ) ) ;
#3246 = VERTEX_POINT ( 'NONE', #1768 ) ;
#3247 = EDGE_LOOP ( 'NONE', ( #3311, #2419, #3935, #1877 ) ) ;
#3248 = AXIS2_PLACEMENT_3D ( 'NONE', #1792, #3250, #1441 ) ;
#3249 = ORIENTED_EDGE ( 'NONE', *, *, #3418, .T. ) ;
#3250 = DIRECTION ( 'NONE',  ( 0.000000000000000000, 1.000000000000000000, 0.000000000000000000 ) ) ;
#3251 = VECTOR ( 'NONE', #3969, 1000.000000000000000 ) ;
#3252 = PLANE ( 'NONE',  #3090 ) ;
#3253 = PLANE ( 'NONE',  #4731 ) ;
#3254 = EDGE_CURVE ( 'NONE', #4335, #4204, #3562, .T. ) ;
#3255 = ORIENTED_EDGE ( 'NONE', *, *, #3356, .F. ) ;
#3256 = VERTEX_POINT ( 'NONE', #1457 ) ;
#3257 = PRODUCT_DEFINITION ( 'UNKNOWN', '', #3274, #1556 ) ;
#3258 = VECTOR ( 'NONE', #1281, 1000.000000000000000 ) ;
#3259 = PLANE ( 'NONE',  #4095 ) ;
#3260 = ORIENTED_EDGE ( 'NONE', *, *, #36, .T. ) ;
#3261 = CARTESIAN_POINT ( 'NONE',  ( 0.1250000000000001110, 0.000000000000000000, 1.149999999999999911 ) ) ;
#3262 = CARTESIAN_POINT ( 'NONE',  ( 0.000000000000000000, 0.1000000000000000056, 0.000000000000000000 ) ) ;
#3263 = DIRECTION ( 'NONE',  ( 1.000000000000000000, 0.000000000000000000, -0.000000000000000000 ) ) ;
#3264 = VECTOR ( 'NONE', #3779, 1000.000000000000000 ) ;
#3265 = VECTOR ( 'NONE', #2402, 1000.000000000000000 ) ;
#3266 = PLANE ( 'NONE',  #3244 ) ;
#3267 = ADVANCED_FACE ( 'NONE', ( #1381 ), #2518, .F. ) ;
#3268 = PLANE ( 'NONE',  #1510 ) ;
#3269 = PRESENTATION_LAYER_ASSIGNMENT (  '', '', ( #593 ) ) ;
#3270 = VECTOR ( 'NONE', #2559, 1000.000000000000000 ) ;
#3271 = ORIENTED_EDGE ( 'NONE', *, *, #3585, .T. ) ;
#3272 = PLANE ( 'NONE',  #1973 ) ;
#3273 = CARTESIAN_POINT ( 'NONE',  ( -1.399999999999995248, 0.1000000000000000056, -0.3750000000000000000 ) ) ;
#3274 = PRODUCT_DEFINITION_FORMATION_WITH_SPECIFIED_SOURCE ( 'ANY', '', #308, .NOT_KNOWN. ) ;
#3275 = VECTOR ( 'NONE', #444, 1000.000000000000000 ) ;
#3276 = VERTEX_POINT ( 'NONE', #4669 ) ;
#3277 = CARTESIAN_POINT ( 'NONE',  ( 1.499999999999999556, 0.000000000000000000, -1.250000000000000000 ) ) ;
#3278 = CARTESIAN_POINT ( 'NONE',  ( -0.3749999999999998890, 0.1000000000000000056, -1.149999999999999911 ) ) ;
#3279 = ORIENTED_EDGE ( 'NONE', *, *, #2382, .F. ) ;
#3280 = ORIENTED_EDGE ( 'NONE', *, *, #1573, .T. ) ;
#3281 = VERTEX_POINT ( 'NONE', #4690 ) ;
#3282 = ORIENTED_EDGE ( 'NONE', *, *, #2560, .T. ) ;
#3283 = DIRECTION ( 'NONE',  ( -4.565061778886335030E-16, 0.000000000000000000, -1.000000000000000000 ) ) ;
#3284 = DIRECTION ( 'NONE',  ( 4.565061778886335030E-16, 0.000000000000000000, 1.000000000000000000 ) ) ;
#3285 = VERTEX_POINT ( 'NONE', #2869 ) ;
#3286 = ORIENTED_EDGE ( 'NONE', *, *, #4166, .F. ) ;
#3287 = DIRECTION ( 'NONE',  ( -1.000000000000000000, 0.000000000000000000, -4.565061778886335030E-16 ) ) ;
#3288 = EDGE_CURVE ( 'NONE', #1848, #3307, #3997, .T. ) ;
#3289 = ORIENTED_EDGE ( 'NONE', *, *, #194, .F. ) ;
#3290 = DIRECTION ( 'NONE',  ( -4.565061778886335030E-16, 0.000000000000000000, -1.000000000000000000 ) ) ;
#3291 = LINE ( 'NONE', #4, #3178 ) ;
#3292 = FACE_OUTER_BOUND ( 'NONE', #3245, .T. ) ;
#3293 = LINE ( 'NONE', #1852, #3926 ) ;
#3294 = SURFACE_STYLE_FILL_AREA ( #3650 ) ;
#3295 = EDGE_CURVE ( 'NONE', #4308, #1311, #1128, .T. ) ;
#3296 = ORIENTED_EDGE ( 'NONE', *, *, #1216, .F. ) ;
#3297 = CARTESIAN_POINT ( 'NONE',  ( -0.1250000000000001110, 0.1000000000000000056, 1.149999999999999911 ) ) ;
#3298 = PLANE ( 'NONE',  #3493 ) ;
#3299 = EDGE_CURVE ( 'NONE', #499, #521, #3979, .T. ) ;
#3300 = DIRECTION ( 'NONE',  ( -4.565061778886335030E-16, 0.000000000000000000, 1.000000000000000000 ) ) ;
#3301 = ORIENTED_EDGE ( 'NONE', *, *, #1091, .F. ) ;
#3302 = CARTESIAN_POINT ( 'NONE',  ( -0.6250000000000001110, 0.1000000000000000056, -1.149999999999999911 ) ) ;
#3303 = CARTESIAN_POINT ( 'NONE',  ( -1.399999999999995248, 0.1000000000000000056, -0.1250000000000000000 ) ) ;
#3304 = ORIENTED_EDGE ( 'NONE', *, *, #3327, .F. ) ;
#3305 = ADVANCED_FACE ( 'NONE', ( #1434 ), #18, .F. ) ;
#3306 = CLOSED_SHELL ( 'NONE', ( #140, #4740, #2005, #721, #884, #4388 ) ) ;
#3307 = VERTEX_POINT ( 'NONE', #1813 ) ;
#3308 = ORIENTED_EDGE ( 'NONE', *, *, #4536, .F. ) ;
#3309 = DIRECTION ( 'NONE',  ( 1.000000000000000000, 0.000000000000000000, 0.000000000000000000 ) ) ;
#3310 = CARTESIAN_POINT ( 'NONE',  ( -1.399999999999984812, 0.1000000000000000056, 0.6250000000000000000 ) ) ;
#3311 = ORIENTED_EDGE ( 'NONE', *, *, #3080, .T. ) ;
#3312 = VERTEX_POINT ( 'NONE', #716 ) ;
#3313 = LINE ( 'NONE', #102, #1349 ) ;
#3314 = LINE ( 'NONE', #2937, #3680 ) ;
#3315 = VERTEX_POINT ( 'NONE', #1483 ) ;
#3316 = PLANE ( 'NONE',  #3785 ) ;
#3317 = FACE_OUTER_BOUND ( 'NONE', #1522, .T. ) ;
#3318 = LINE ( 'NONE', #13, #4705 ) ;
#3319 = ADVANCED_FACE ( 'NONE', ( #1052 ), #2171, .F. ) ;
#3320 = EDGE_CURVE ( 'NONE', #2103, #730, #3898, .T. ) ;
#3321 = VERTEX_POINT ( 'NONE', #2846 ) ;
#3322 = DIRECTION ( 'NONE',  ( 1.000000000000000000, 0.000000000000000000, -0.000000000000000000 ) ) ;
#3323 = DIRECTION ( 'NONE',  ( 0.000000000000000000, 0.000000000000000000, 1.000000000000000000 ) ) ;
#3324 = AXIS2_PLACEMENT_3D ( 'NONE', #1007, #3941, #2879 ) ;
#3325 = EDGE_CURVE ( 'NONE', #850, #3871, #4307, .T. ) ;
#3326 = LINE ( 'NONE', #93, #4680 ) ;
#3327 = EDGE_CURVE ( 'NONE', #624, #810, #4125, .T. ) ;
#3328 = AXIS2_PLACEMENT_3D ( 'NONE', #64, #1529, #621 ) ;
#3329 = ORIENTED_EDGE ( 'NONE', *, *, #3077, .F. ) ;
#3330 = ORIENTED_EDGE ( 'NONE', *, *, #2542, .T. ) ;
#3331 = CARTESIAN_POINT ( 'NONE',  ( 1.399999999999984812, 0.1000000000000000056, 0.8749999999999991118 ) ) ;
#3332 = DIRECTION ( 'NONE',  ( 1.000000000000000000, 0.000000000000000000, 0.000000000000000000 ) ) ;
#3333 = STYLED_ITEM ( 'NONE', ( #1496 ), #1374 ) ;
#3334 = ORIENTED_EDGE ( 'NONE', *, *, #4077, .F. ) ;
#3335 = VERTEX_POINT ( 'NONE', #768 ) ;
#3336 = AXIS2_PLACEMENT_3D ( 'NONE', #4442, #811, #2279 ) ;
#3337 = EDGE_LOOP ( 'NONE', ( #2202, #1000, #162, #4666 ) ) ;
#3338 = PLANE ( 'NONE',  #3716 ) ;
#3339 = PLANE ( 'NONE',  #933 ) ;
#3340 = DIRECTION ( 'NONE',  ( -0.000000000000000000, -1.000000000000000000, -0.000000000000000000 ) ) ;
#3341 = VECTOR ( 'NONE', #4739, 1000.000000000000000 ) ;
#3342 = ORIENTED_EDGE ( 'NONE', *, *, #2749, .F. ) ;
#3343 = CARTESIAN_POINT ( 'NONE',  ( -0.9250000000000004885, 0.1000000000000000056, -0.7500000000000000000 ) ) ;
#3344 = AXIS2_PLACEMENT_3D ( 'NONE', #3004, #4024, #4474 ) ;
#3345 = DIRECTION ( 'NONE',  ( -1.000000000000000000, 0.000000000000000000, 0.000000000000000000 ) ) ;
#3346 = VECTOR ( 'NONE', #469, 1000.000000000000000 ) ;
#3347 = PLANE ( 'NONE',  #3328 ) ;
#3348 = ORIENTED_EDGE ( 'NONE', *, *, #1428, .T. ) ;
#3349 = VECTOR ( 'NONE', #3821, 1000.000000000000000 ) ;
#3350 = PRESENTATION_LAYER_ASSIGNMENT (  '', '', ( #2271 ) ) ;
#3351 = DIRECTION ( 'NONE',  ( 0.000000000000000000, 0.000000000000000000, 1.000000000000000000 ) ) ;
#3352 = CARTESIAN_POINT ( 'NONE',  ( 0.6250000000000001110, 0.000000000000000000, -1.149999999999999911 ) ) ;
#3353 = EDGE_CURVE ( 'NONE', #2465, #431, #805, .T. ) ;
#3354 =( GEOMETRIC_REPRESENTATION_CONTEXT ( 3 ) GLOBAL_UNCERTAINTY_ASSIGNED_CONTEXT ( ( #451 ) ) GLOBAL_UNIT_ASSIGNED_CONTEXT ( ( #2546, #2880, #751 ) ) REPRESENTATION_CONTEXT ( 'NONE', 'WORKASPACE' ) );
#3355 = VECTOR ( 'NONE', #1748, 1000.000000000000000 ) ;
#3356 = EDGE_CURVE ( 'NONE', #2700, #496, #853, .T. ) ;
#3357 = EDGE_LOOP ( 'NONE', ( #3721, #334, #2193, #1053 ) ) ;
#3358 = LINE ( 'NONE', #1163, #3065 ) ;
#3359 = ADVANCED_FACE ( 'NONE', ( #2972 ), #3682, .F. ) ;
#3360 = ORIENTED_EDGE ( 'NONE', *, *, #2272, .T. ) ;
#3361 = PLANE ( 'NONE',  #426 ) ;
#3362 = DIRECTION ( 'NONE',  ( -0.000000000000000000, -1.000000000000000000, -0.000000000000000000 ) ) ;
#3363 = LINE ( 'NONE', #3382, #1203 ) ;
#3364 = VERTEX_POINT ( 'NONE', #2313 ) ;
#3365 = DIRECTION ( 'NONE',  ( -1.000000000000000000, 0.000000000000000000, 3.127067318537139569E-14 ) ) ;
#3366 = LINE ( 'NONE', #1565, #1345 ) ;
#3367 = DIRECTION ( 'NONE',  ( 0.000000000000000000, 0.000000000000000000, 1.000000000000000000 ) ) ;
#3368 = SURFACE_STYLE_USAGE ( .BOTH. , #379 ) ;
#3369 = CARTESIAN_POINT ( 'NONE',  ( -1.400000000000000355, 0.000000000000000000, -0.6250000000000000000 ) ) ;
#3370 = FACE_OUTER_BOUND ( 'NONE', #2881, .T. ) ;
#3371 = PLANE ( 'NONE',  #1726 ) ;
#3372 = ORIENTED_EDGE ( 'NONE', *, *, #2920, .F. ) ;
#3373 = FACE_OUTER_BOUND ( 'NONE', #3627, .T. ) ;
#3374 = FACE_OUTER_BOUND ( 'NONE', #3563, .T. ) ;
#3375 = UNCERTAINTY_MEASURE_WITH_UNIT (LENGTH_MEASURE( 1.000000000000000082E-05 ), #2915, 'distance_accuracy_value', 'NONE');
#3376 = CARTESIAN_POINT ( 'NONE',  ( 0.000000000000000000, 0.1000000000000000056, 0.000000000000000000 ) ) ;
#3377 = EDGE_CURVE ( 'NONE', #1900, #1021, #1861, .T. ) ;
#3378 = VERTEX_POINT ( 'NONE', #1185 ) ;
#3379 = LINE ( 'NONE', #1915, #2495 ) ;
#3380 = AXIS2_PLACEMENT_3D ( 'NONE', #4531, #2273, #2974 ) ;
#3381 = PLANE ( 'NONE',  #2328 ) ;
#3382 = CARTESIAN_POINT ( 'NONE',  ( 0.3750000000000001110, 0.1000000000000000056, 0.6750000000000000444 ) ) ;
#3383 = VERTEX_POINT ( 'NONE', #2657 ) ;
#3384 = EDGE_CURVE ( 'NONE', #698, #1966, #425, .T. ) ;
#3385 = ORIENTED_EDGE ( 'NONE', *, *, #1320, .T. ) ;
#3386 = ADVANCED_FACE ( 'NONE', ( #1212 ), #4102, .F. ) ;
#3387 = ORIENTED_EDGE ( 'NONE', *, *, #2918, .F. ) ;
#3388 = DIRECTION ( 'NONE',  ( -1.000000000000000000, 0.000000000000000000, -0.000000000000000000 ) ) ;
#3389 = DIRECTION ( 'NONE',  ( 0.000000000000000000, 0.000000000000000000, 1.000000000000000000 ) ) ;
#3390 =( NAMED_UNIT ( * ) SI_UNIT ( $, .STERADIAN. ) SOLID_ANGLE_UNIT ( ) );
#3391 = EDGE_CURVE ( 'NONE', #1135, #77, #1160, .T. ) ;
#3392 = ORIENTED_EDGE ( 'NONE', *, *, #4385, .T. ) ;
#3393 = LINE ( 'NONE', #4455, #278 ) ;
#3394 = PLANE ( 'NONE',  #3841 ) ;
#3395 = CARTESIAN_POINT ( 'NONE',  ( -0.6250000000000001110, 0.1000000000000000056, -1.149999999999999911 ) ) ;
#3396 = DIRECTION ( 'NONE',  ( -0.000000000000000000, -0.000000000000000000, -1.000000000000000000 ) ) ;
#3397 = DIRECTION ( 'NONE',  ( 4.565061778886335030E-16, 0.000000000000000000, 1.000000000000000000 ) ) ;
#3398 = ORIENTED_EDGE ( 'NONE', *, *, #4695, .F. ) ;
#3399 = DIRECTION ( 'NONE',  ( 0.000000000000000000, -1.000000000000000000, 0.000000000000000000 ) ) ;
#3400 = VERTEX_POINT ( 'NONE', #3352 ) ;
#3401 = CARTESIAN_POINT ( 'NONE',  ( 0.9249999999999952704, 0.1000000000000000056, -0.3750000000000002220 ) ) ;
#3402 = DIRECTION ( 'NONE',  ( -1.000000000000000000, 0.000000000000000000, 0.000000000000000000 ) ) ;
#3403 = EDGE_LOOP ( 'NONE', ( #3789, #358, #467, #4248 ) ) ;
#3404 = VECTOR ( 'NONE', #1267, 1000.000000000000000 ) ;
#3405 = EDGE_LOOP ( 'NONE', ( #1461, #1542, #319, #3674 ) ) ;
#3406 = LINE ( 'NONE', #1266, #3722 ) ;
#3407 = STYLED_ITEM ( 'NONE', ( #2433 ), #1347 ) ;
#3408 = EDGE_CURVE ( 'NONE', #2214, #927, #2270, .T. ) ;
#3409 = CARTESIAN_POINT ( 'NONE',  ( -0.3749999999999998890, 0.1000000000000000056, -1.149999999999999911 ) ) ;
#3410 = DIRECTION ( 'NONE',  ( 0.000000000000000000, -0.000000000000000000, 1.000000000000000000 ) ) ;
#3411 = AXIS2_PLACEMENT_3D ( 'NONE', #2996, #2566, #1866 ) ;
#3412 = DIRECTION ( 'NONE',  ( 0.000000000000000000, 1.000000000000000000, 0.000000000000000000 ) ) ;
#3413 = CARTESIAN_POINT ( 'NONE',  ( 0.000000000000000000, 0.1000000000000000056, 0.000000000000000000 ) ) ;
#3414 = DIRECTION ( 'NONE',  ( 1.000000000000000000, 0.000000000000000000, -3.127067318537139569E-14 ) ) ;
#3415 = EDGE_CURVE ( 'NONE', #947, #4271, #449, .T. ) ;
#3416 = CIRCLE ( 'NONE', #1506, 0.1250000000000002220 ) ;
#3417 = DIRECTION ( 'NONE',  ( 0.000000000000000000, 1.000000000000000000, -0.000000000000000000 ) ) ;
#3418 = EDGE_CURVE ( 'NONE', #577, #4310, #829, .T. ) ;
#3419 = ORIENTED_EDGE ( 'NONE', *, *, #3418, .F. ) ;
#3420 = VECTOR ( 'NONE', #800, 1000.000000000000000 ) ;
#3421 = VECTOR ( 'NONE', #2887, 1000.000000000000000 ) ;
#3422 = EDGE_LOOP ( 'NONE', ( #3630, #2187, #1806, #2978 ) ) ;
#3423 = PLANE ( 'NONE',  #1596 ) ;
#3424 = AXIS2_PLACEMENT_3D ( 'NONE', #2143, #3946, #2071 ) ;
#3425 = AXIS2_PLACEMENT_3D ( 'NONE', #1945, #3412, #1224 ) ;
#3426 = ORIENTED_EDGE ( 'NONE', *, *, #2501, .F. ) ;
#3427 = DIRECTION ( 'NONE',  ( 1.000000000000000000, 0.000000000000000000, -0.000000000000000000 ) ) ;
#3428 =( NAMED_UNIT ( * ) SI_UNIT ( $, .STERADIAN. ) SOLID_ANGLE_UNIT ( ) );
#3429 = STYLED_ITEM ( 'NONE', ( #3964 ), #4418 ) ;
#3430 = VECTOR ( 'NONE', #1141, 1000.000000000000000 ) ;
#3431 = ORIENTED_EDGE ( 'NONE', *, *, #2157, .T. ) ;
#3432 = CARTESIAN_POINT ( 'NONE',  ( 1.399999999999989919, 0.000000000000000000, 0.3749999999999991673 ) ) ;
#3433 = CARTESIAN_POINT ( 'NONE',  ( 0.9249999999999952704, 0.1000000000000000056, -0.3750000000000002220 ) ) ;
#3434 = CARTESIAN_POINT ( 'NONE',  ( 0.3749999999999998890, 0.000000000000000000, -1.149999999999999911 ) ) ;
#3435 = ORIENTED_EDGE ( 'NONE', *, *, #1216, .T. ) ;
#3436 = VECTOR ( 'NONE', #2992, 1000.000000000000000 ) ;
#3437 = ORIENTED_EDGE ( 'NONE', *, *, #377, .F. ) ;
#3438 = VERTEX_POINT ( 'NONE', #114 ) ;
#3439 = FACE_OUTER_BOUND ( 'NONE', #4048, .T. ) ;
#3440 = DIRECTION ( 'NONE',  ( -0.000000000000000000, -1.000000000000000000, -0.000000000000000000 ) ) ;
#3441 = SURFACE_STYLE_FILL_AREA ( #1971 ) ;
#3442 = ADVANCED_FACE ( 'NONE', ( #2248 ), #4076, .F. ) ;
#3443 = LINE ( 'NONE', #1618, #667 ) ;
#3444 = LINE ( 'NONE', #1250, #4642 ) ;
#3445 = CARTESIAN_POINT ( 'NONE',  ( -1.399999999999995248, 0.1000000000000000056, -0.3750000000000000000 ) ) ;
#3446 = EDGE_CURVE ( 'NONE', #881, #1462, #4644, .T. ) ;
#3447 = LINE ( 'NONE', #3074, #3107 ) ;
#3448 = ORIENTED_EDGE ( 'NONE', *, *, #346, .T. ) ;
#3449 = CARTESIAN_POINT ( 'NONE',  ( 0.3750000000000001110, 0.1000000000000000056, 0.6750000000000000444 ) ) ;
#3450 = ORIENTED_EDGE ( 'NONE', *, *, #4560, .F. ) ;
#3451 = DIRECTION ( 'NONE',  ( 0.000000000000000000, 0.000000000000000000, 1.000000000000000000 ) ) ;
#3452 = EDGE_CURVE ( 'NONE', #431, #3842, #2292, .T. ) ;
#3453 = EDGE_LOOP ( 'NONE', ( #688, #2664, #4031, #3504 ) ) ;
#3454 = LINE ( 'NONE', #553, #47 ) ;
#3455 = ORIENTED_EDGE ( 'NONE', *, *, #45, .F. ) ;
#3456 = ORIENTED_EDGE ( 'NONE', *, *, #3951, .F. ) ;
#3457 = CLOSED_SHELL ( 'NONE', ( #1769, #2830, #2180, #978 ) ) ;
#3458 = CARTESIAN_POINT ( 'NONE',  ( 0.3750000000000001110, 0.000000000000000000, -0.6750000000000000444 ) ) ;
#3459 = CARTESIAN_POINT ( 'NONE',  ( -0.9250000000000004885, 0.1000000000000000056, -0.6250000000000000000 ) ) ;
#3460 = PLANE ( 'NONE',  #522 ) ;
#3461 = FACE_OUTER_BOUND ( 'NONE', #3247, .T. ) ;
#3462 = SURFACE_SIDE_STYLE ('',( #2712 ) ) ;
#3463 = LINE ( 'NONE', #3805, #3848 ) ;
#3464 = PLANE ( 'NONE',  #433 ) ;
#3465 = CARTESIAN_POINT ( 'NONE',  ( 0.9249999999999848344, 0.000000000000000000, 0.6249999999999991118 ) ) ;
#3466 = ORIENTED_EDGE ( 'NONE', *, *, #1459, .T. ) ;
#3467 = CARTESIAN_POINT ( 'NONE',  ( 0.3749999999999998890, 0.000000000000000000, 1.149999999999999911 ) ) ;
#3468 = EDGE_CURVE ( 'NONE', #4308, #3202, #4460, .T. ) ;
#3469 = ORIENTED_EDGE ( 'NONE', *, *, #4385, .F. ) ;
#3470 = CARTESIAN_POINT ( 'NONE',  ( 0.9249999999999900524, 0.000000000000000000, 0.1249999999999995698 ) ) ;
#3471 = CARTESIAN_POINT ( 'NONE',  ( -0.9250000000000004885, 0.000000000000000000, -0.7500000000000000000 ) ) ;
#3472 = ORIENTED_EDGE ( 'NONE', *, *, #987, .F. ) ;
#3473 = ADVANCED_FACE ( 'NONE', ( #3374 ), #3423, .F. ) ;
#3474 = CARTESIAN_POINT ( 'NONE',  ( -0.3749999999999998890, 0.1000000000000000056, 1.149999999999999911 ) ) ;
#3475 = PRESENTATION_STYLE_ASSIGNMENT (( #1310 ) ) ;
#3476 = EDGE_LOOP ( 'NONE', ( #2208, #912, #4041, #312 ) ) ;
#3477 = EDGE_CURVE ( 'NONE', #4122, #289, #1113, .T. ) ;
#3478 = ORIENTED_EDGE ( 'NONE', *, *, #2567, .T. ) ;
#3479 = EDGE_LOOP ( 'NONE', ( #1453, #2563, #4693, #4283 ) ) ;
#3480 = CARTESIAN_POINT ( 'NONE',  ( -1.200000000000000622, 0.7800000000000000266, -1.125000000000000666 ) ) ;
#3481 = CARTESIAN_POINT ( 'NONE',  ( 0.1249999999999998890, 0.1000000000000000056, -0.6750000000000000444 ) ) ;
#3482 = AXIS2_PLACEMENT_3D ( 'NONE', #982, #2491, #2244 ) ;
#3483 = LINE ( 'NONE', #629, #2648 ) ;
#3484 = CARTESIAN_POINT ( 'NONE',  ( 0.9249999999999966027, 0.000000000000000000, -0.8750000000000408562 ) ) ;
#3485 = VECTOR ( 'NONE', #1346, 1000.000000000000000 ) ;
#3486 = DIRECTION ( 'NONE',  ( -4.565061778886335030E-16, 0.000000000000000000, -1.000000000000000000 ) ) ;
#3487 = CARTESIAN_POINT ( 'NONE',  ( 1.399999999999995248, 0.1000000000000000056, -0.3750000000000002220 ) ) ;
#3488 = PLANE ( 'NONE',  #3975 ) ;
#3489 = LINE ( 'NONE', #562, #3485 ) ;
#3490 = VECTOR ( 'NONE', #1664, 1000.000000000000000 ) ;
#3491 = ORIENTED_EDGE ( 'NONE', *, *, #4139, .T. ) ;
#3492 = CARTESIAN_POINT ( 'NONE',  ( -1.200000000000000622, 0.7800000000000000266, -1.000000000000000222 ) ) ;
#3493 = AXIS2_PLACEMENT_3D ( 'NONE', #1090, #3976, #330 ) ;
#3494 = ORIENTED_EDGE ( 'NONE', *, *, #2359, .F. ) ;
#3495 = ADVANCED_FACE ( 'NONE', ( #1695 ), #4525, .T. ) ;
#3496 = FACE_OUTER_BOUND ( 'NONE', #4311, .T. ) ;
#3497 = CARTESIAN_POINT ( 'NONE',  ( 0.9249999999999900524, 0.000000000000000000, 0.3749999999999991673 ) ) ;
#3498 = VECTOR ( 'NONE', #1013, 1000.000000000000000 ) ;
#3499 = CARTESIAN_POINT ( 'NONE',  ( 0.000000000000000000, 0.1000000000000000056, 0.000000000000000000 ) ) ;
#3500 = ORIENTED_EDGE ( 'NONE', *, *, #3696, .T. ) ;
#3501 = VECTOR ( 'NONE', #2087, 1000.000000000000000 ) ;
#3502 = AXIS2_PLACEMENT_3D ( 'NONE', #2944, #999, #2134 ) ;
#3503 = EDGE_CURVE ( 'NONE', #1905, #3895, #2055, .T. ) ;
#3504 = ORIENTED_EDGE ( 'NONE', *, *, #3916, .T. ) ;
#3505 = CARTESIAN_POINT ( 'NONE',  ( 0.3750000000000001110, 0.1000000000000000056, -0.6750000000000000444 ) ) ;
#3506 = EDGE_CURVE ( 'NONE', #1956, #2463, #160, .T. ) ;
#3507 = DIRECTION ( 'NONE',  ( 0.000000000000000000, 0.000000000000000000, 1.000000000000000000 ) ) ;
#3508 = CARTESIAN_POINT ( 'NONE',  ( 0.1250000000000001110, 0.000000000000000000, 1.149999999999999911 ) ) ;
#3509 = ORIENTED_EDGE ( 'NONE', *, *, #4294, .T. ) ;
#3510 = ORIENTED_EDGE ( 'NONE', *, *, #2247, .T. ) ;
#3511 = FACE_OUTER_BOUND ( 'NONE', #2548, .T. ) ;
#3512 = DIRECTION ( 'NONE',  ( 0.000000000000000000, -0.000000000000000000, 1.000000000000000000 ) ) ;
#3513 = LINE ( 'NONE', #612, #2380 ) ;
#3514 = ORIENTED_EDGE ( 'NONE', *, *, #4046, .F. ) ;
#3515 = UNCERTAINTY_MEASURE_WITH_UNIT (LENGTH_MEASURE( 1.000000000000000082E-05 ), #4399, 'distance_accuracy_value', 'NONE');
#3516 = LINE ( 'NONE', #2723, #3189 ) ;
#3517 = ORIENTED_EDGE ( 'NONE', *, *, #4694, .T. ) ;
#3518 = CARTESIAN_POINT ( 'NONE',  ( -1.399999999999984812, 0.000000000000000000, 0.8750000000000000000 ) ) ;
#3519 = VERTEX_POINT ( 'NONE', #2699 ) ;
#3520 = DIRECTION ( 'NONE',  ( -7.509526626267981124E-14, 0.000000000000000000, -1.000000000000000000 ) ) ;
#3521 = EDGE_CURVE ( 'NONE', #4188, #1799, #4148, .T. ) ;
#3522 = CARTESIAN_POINT ( 'NONE',  ( -1.399999999999984812, 0.000000000000000000, 0.6250000000000000000 ) ) ;
#3523 = EDGE_CURVE ( 'NONE', #850, #3664, #1648, .T. ) ;
#3524 = LINE ( 'NONE', #941, #2261 ) ;
#3525 = ORIENTED_EDGE ( 'NONE', *, *, #2040, .F. ) ;
#3526 = ADVANCED_FACE ( 'NONE', ( #565 ), #3056, .T. ) ;
#3527 = CARTESIAN_POINT ( 'NONE',  ( -0.9250000000000004885, 0.1000000000000000056, -0.6250000000000000000 ) ) ;
#3528 = CARTESIAN_POINT ( 'NONE',  ( -1.399999999999995248, 0.1000000000000000056, -0.1250000000000000000 ) ) ;
#3529 = DIRECTION ( 'NONE',  ( 0.000000000000000000, 0.000000000000000000, 1.000000000000000000 ) ) ;
#3530 = CLOSED_SHELL ( 'NONE', ( #1753, #3919, #566, #3611, #4503, #2687 ) ) ;
#3531 = EDGE_CURVE ( 'NONE', #4034, #1694, #3076, .T. ) ;
#3532 = CARTESIAN_POINT ( 'NONE',  ( -0.9249999999999952704, 0.1000000000000000056, -0.1250000000000000000 ) ) ;
#3533 = EDGE_CURVE ( 'NONE', #810, #953, #209, .T. ) ;
#3534 = VECTOR ( 'NONE', #3710, 1000.000000000000000 ) ;
#3535 = CARTESIAN_POINT ( 'NONE',  ( -0.3749999999999998890, 0.1000000000000000056, -1.149999999999999911 ) ) ;
#3536 = ORIENTED_EDGE ( 'NONE', *, *, #1169, .F. ) ;
#3537 = DIRECTION ( 'NONE',  ( 4.565061778886335030E-16, 0.000000000000000000, -1.000000000000000000 ) ) ;
#3538 = ORIENTED_EDGE ( 'NONE', *, *, #3958, .T. ) ;
#3539 = DIRECTION ( 'NONE',  ( 1.000000000000000000, 0.000000000000000000, 0.000000000000000000 ) ) ;
#3540 = DIRECTION ( 'NONE',  ( -0.000000000000000000, -0.000000000000000000, -1.000000000000000000 ) ) ;
#3541 = VERTEX_POINT ( 'NONE', #2719 ) ;
#3542 = CARTESIAN_POINT ( 'NONE',  ( -0.9250000000000004885, 0.1000000000000000056, -0.7500000000000000000 ) ) ;
#3543 = ORIENTED_EDGE ( 'NONE', *, *, #1263, .F. ) ;
#3544 = CARTESIAN_POINT ( 'NONE',  ( -0.1249999999999998890, 0.1000000000000000056, -0.6750000000000000444 ) ) ;
#3545 = LINE ( 'NONE', #3884, #3022 ) ;
#3546 = ORIENTED_EDGE ( 'NONE', *, *, #3588, .F. ) ;
#3547 = LINE ( 'NONE', #1011, #3647 ) ;
#3548 = ADVANCED_FACE ( 'NONE', ( #2077 ), #3840, .F. ) ;
#3549 = CARTESIAN_POINT ( 'NONE',  ( -0.3749999999999998890, 0.1000000000000000056, -1.149999999999999911 ) ) ;
#3550 = LINE ( 'NONE', #302, #4488 ) ;
#3551 = DIRECTION ( 'NONE',  ( 0.000000000000000000, 0.000000000000000000, -1.000000000000000000 ) ) ;
#3552 = DIRECTION ( 'NONE',  ( 0.000000000000000000, 1.000000000000000000, 0.000000000000000000 ) ) ;
#3553 = AXIS2_PLACEMENT_3D ( 'NONE', #3201, #37, #644 ) ;
#3554 = CARTESIAN_POINT ( 'NONE',  ( 0.1250000000000001110, 0.000000000000000000, -1.149999999999999911 ) ) ;
#3555 = EDGE_CURVE ( 'NONE', #4393, #1900, #3827, .T. ) ;
#3556 = VERTEX_POINT ( 'NONE', #1982 ) ;
#3557 = CARTESIAN_POINT ( 'NONE',  ( -1.500000000000000444, 0.8299999999999999600, -1.250000000000000000 ) ) ;
#3558 = EDGE_CURVE ( 'NONE', #577, #2840, #4177, .T. ) ;
#3559 = EDGE_LOOP ( 'NONE', ( #3740, #4201, #4032, #532 ) ) ;
#3560 = DIRECTION ( 'NONE',  ( 7.509526626267981124E-14, -0.000000000000000000, 1.000000000000000000 ) ) ;
#3561 = VECTOR ( 'NONE', #3665, 1000.000000000000000 ) ;
#3562 = LINE ( 'NONE', #2464, #1355 ) ;
#3563 = EDGE_LOOP ( 'NONE', ( #2490, #4254, #3877, #1486 ) ) ;
#3564 = DIRECTION ( 'NONE',  ( -0.7071067811865336949, 0.000000000000000000, -0.7071067811865613395 ) ) ;
#3565 = AXIS2_PLACEMENT_3D ( 'NONE', #398, #1949, #3414 ) ;
#3566 = VERTEX_POINT ( 'NONE', #252 ) ;
#3567 = VERTEX_POINT ( 'NONE', #4616 ) ;
#3568 = AXIS2_PLACEMENT_3D ( 'NONE', #1967, #4138, #4586 ) ;
#3569 = AXIS2_PLACEMENT_3D ( 'NONE', #1159, #1505, #1575 ) ;
#3570 = ORIENTED_EDGE ( 'NONE', *, *, #1983, .F. ) ;
#3571 =( NAMED_UNIT ( * ) SI_UNIT ( $, .STERADIAN. ) SOLID_ANGLE_UNIT ( ) );
#3572 = CARTESIAN_POINT ( 'NONE',  ( 0.9249999999999900524, 0.1000000000000000056, 0.3749999999999991673 ) ) ;
#3573 = EDGE_LOOP ( 'NONE', ( #237, #4245 ) ) ;
#3574 = VECTOR ( 'NONE', #3889, 1000.000000000000000 ) ;
#3575 = ORIENTED_EDGE ( 'NONE', *, *, #3356, .T. ) ;
#3576 = FACE_BOUND ( 'NONE', #257, .T. ) ;
#3577 = LINE ( 'NONE', #4272, #4497 ) ;
#3578 = CARTESIAN_POINT ( 'NONE',  ( 0.1250000000000001110, 0.000000000000000000, -1.149999999999999911 ) ) ;
#3579 = VECTOR ( 'NONE', #3221, 1000.000000000000000 ) ;
#3580 = DIRECTION ( 'NONE',  ( 1.000000000000000000, 0.000000000000000000, 0.000000000000000000 ) ) ;
#3581 = ADVANCED_FACE ( 'NONE', ( #2408 ), #904, .F. ) ;
#3582 = ORIENTED_EDGE ( 'NONE', *, *, #4556, .T. ) ;
#3583 = DIRECTION ( 'NONE',  ( -1.000000000000000000, 0.000000000000000000, -4.565061778886335030E-16 ) ) ;
#3584 = DIRECTION ( 'NONE',  ( -0.000000000000000000, 0.000000000000000000, -1.000000000000000000 ) ) ;
#3585 = EDGE_CURVE ( 'NONE', #3895, #2995, #2003, .T. ) ;
#3586 = EDGE_CURVE ( 'NONE', #159, #2214, #4575, .T. ) ;
#3587 = CARTESIAN_POINT ( 'NONE',  ( -1.399999999999984812, 0.1000000000000000056, 0.8750000000000000000 ) ) ;
#3588 = EDGE_CURVE ( 'NONE', #431, #2103, #2168, .T. ) ;
#3589 = DIRECTION ( 'NONE',  ( -0.000000000000000000, -1.000000000000000000, -0.000000000000000000 ) ) ;
#3590 = VERTEX_POINT ( 'NONE', #2818 ) ;
#3591 = ORIENTED_EDGE ( 'NONE', *, *, #1036, .F. ) ;
#3592 = EDGE_CURVE ( 'NONE', #2907, #3749, #4688, .T. ) ;
#3593 = ORIENTED_EDGE ( 'NONE', *, *, #430, .F. ) ;
#3594 = ORIENTED_EDGE ( 'NONE', *, *, #1095, .F. ) ;
#3595 =( NAMED_UNIT ( * ) SI_UNIT ( $, .STERADIAN. ) SOLID_ANGLE_UNIT ( ) );
#3596 = CARTESIAN_POINT ( 'NONE',  ( -0.1250000000000001110, 0.1000000000000000056, 1.149999999999999911 ) ) ;
#3597 = EDGE_LOOP ( 'NONE', ( #3348, #2010, #2315, #736 ) ) ;
#3598 = FACE_BOUND ( 'NONE', #3152, .T. ) ;
#3599 = DIRECTION ( 'NONE',  ( -1.000000000000000000, 0.000000000000000000, 3.097720492815694329E-15 ) ) ;
#3600 = LINE ( 'NONE', #2095, #4008 ) ;
#3601 = CARTESIAN_POINT ( 'NONE',  ( 0.9249999999999900524, 0.000000000000000000, 0.3749999999999991673 ) ) ;
#3602 = CARTESIAN_POINT ( 'NONE',  ( 0.3750000000000001110, 0.000000000000000000, 0.6750000000000000444 ) ) ;
#3603 = DIRECTION ( 'NONE',  ( -1.000000000000000000, 0.000000000000000000, 0.000000000000000000 ) ) ;
#3604 = ORIENTED_EDGE ( 'NONE', *, *, #3734, .T. ) ;
#3605 = CARTESIAN_POINT ( 'NONE',  ( -0.1249999999999998890, 0.1000000000000000056, -0.6750000000000000444 ) ) ;
#3606 = VECTOR ( 'NONE', #855, 1000.000000000000000 ) ;
#3607 = DIRECTION ( 'NONE',  ( 0.000000000000000000, 1.000000000000000000, -0.000000000000000000 ) ) ;
#3608 = ORIENTED_EDGE ( 'NONE', *, *, #332, .F. ) ;
#3609 = VECTOR ( 'NONE', #3970, 1000.000000000000000 ) ;
#3610 = LINE ( 'NONE', #2921, #1970 ) ;
#3611 = ADVANCED_FACE ( 'NONE', ( #662 ), #3195, .F. ) ;
#3612 = EDGE_LOOP ( 'NONE', ( #3668, #3899, #1865, #4692 ) ) ;
#3613 = ORIENTED_EDGE ( 'NONE', *, *, #129, .T. ) ;
#3614 = EDGE_CURVE ( 'NONE', #576, #722, #2865, .T. ) ;
#3615 = ORIENTED_EDGE ( 'NONE', *, *, #36, .F. ) ;
#3616 = DIRECTION ( 'NONE',  ( 0.000000000000000000, -1.000000000000000000, 0.000000000000000000 ) ) ;
#3617 = EDGE_CURVE ( 'NONE', #322, #224, #2128, .T. ) ;
#3618 = DIRECTION ( 'NONE',  ( 0.000000000000000000, 0.000000000000000000, -1.000000000000000000 ) ) ;
#3619 = CARTESIAN_POINT ( 'NONE',  ( 1.400000000000000355, 0.1000000000000000056, -0.6250000000000000000 ) ) ;
#3620 = DIRECTION ( 'NONE',  ( 1.000000000000000000, 0.000000000000000000, 0.000000000000000000 ) ) ;
#3621 = PLANE ( 'NONE',  #1958 ) ;
#3622 = LINE ( 'NONE', #4685, #2158 ) ;
#3623 = ORIENTED_EDGE ( 'NONE', *, *, #4530, .F. ) ;
#3624 = PLANE ( 'NONE',  #4659 ) ;
#3625 = DIRECTION ( 'NONE',  ( -0.000000000000000000, -0.000000000000000000, -1.000000000000000000 ) ) ;
#3626 = AXIS2_PLACEMENT_3D ( 'NONE', #2060, #1260, #934 ) ;
#3627 = EDGE_LOOP ( 'NONE', ( #984, #1012, #335, #4146 ) ) ;
#3628 = CARTESIAN_POINT ( 'NONE',  ( -0.1250000000000001110, 0.1000000000000000056, 1.149999999999999911 ) ) ;
#3629 = VECTOR ( 'NONE', #826, 1000.000000000000000 ) ;
#3630 = ORIENTED_EDGE ( 'NONE', *, *, #1626, .T. ) ;
#3631 = ORIENTED_EDGE ( 'NONE', *, *, #893, .T. ) ;
#3632 = VECTOR ( 'NONE', #3283, 1000.000000000000000 ) ;
#3633 = EDGE_CURVE ( 'NONE', #3202, #4328, #2435, .T. ) ;
#3634 = DIRECTION ( 'NONE',  ( 1.000000000000000000, 0.000000000000000000, -4.565061778886335030E-16 ) ) ;
#3635 = CARTESIAN_POINT ( 'NONE',  ( 0.6250000000000001110, 0.1000000000000000056, -1.149999999999999911 ) ) ;
#3636 = FACE_OUTER_BOUND ( 'NONE', #2022, .T. ) ;
#3637 = ORIENTED_EDGE ( 'NONE', *, *, #2212, .T. ) ;
#3638 = VERTEX_POINT ( 'NONE', #1766 ) ;
#3639 = VECTOR ( 'NONE', #2194, 1000.000000000000000 ) ;
#3640 = AXIS2_PLACEMENT_3D ( 'NONE', #2360, #2717, #4173 ) ;
#3641 = ADVANCED_FACE ( 'NONE', ( #1430 ), #3272, .T. ) ;
#3642 = CARTESIAN_POINT ( 'NONE',  ( 0.9249999999999848344, 0.000000000000000000, 0.6249999999999991118 ) ) ;
#3643 = VERTEX_POINT ( 'NONE', #3954 ) ;
#3644 = CARTESIAN_POINT ( 'NONE',  ( 0.6250000000000001110, 0.1000000000000000056, 1.149999999999999911 ) ) ;
#3645 = CARTESIAN_POINT ( 'NONE',  ( 0.000000000000000000, 0.1000000000000000056, 0.000000000000000000 ) ) ;
#3646 = DIRECTION ( 'NONE',  ( -0.000000000000000000, 0.000000000000000000, 1.000000000000000000 ) ) ;
#3647 = VECTOR ( 'NONE', #2477, 1000.000000000000000 ) ;
#3648 = SURFACE_STYLE_FILL_AREA ( #1763 ) ;
#3649 = EDGE_CURVE ( 'NONE', #881, #3714, #275, .T. ) ;
#3650 = FILL_AREA_STYLE ('',( #4375 ) ) ;
#3651 = STYLED_ITEM ( 'NONE', ( #2013 ), #4543 ) ;
#3652 = VECTOR ( 'NONE', #2339, 1000.000000000000000 ) ;
#3653 = ORIENTED_EDGE ( 'NONE', *, *, #3254, .F. ) ;
#3654 = LINE ( 'NONE', #4641, #126 ) ;
#3655 = FACE_OUTER_BOUND ( 'NONE', #3218, .T. ) ;
#3656 = VECTOR ( 'NONE', #2281, 1000.000000000000000 ) ;
#3657 = AXIS2_PLACEMENT_3D ( 'NONE', #3492, #972, #2438 ) ;
#3658 = CARTESIAN_POINT ( 'NONE',  ( 0.1250000000000001110, 0.000000000000000000, 1.149999999999999911 ) ) ;
#3659 = CARTESIAN_POINT ( 'NONE',  ( -1.200000000000000622, 0.7800000000000000266, -1.000000000000000222 ) ) ;
#3660 = ORIENTED_EDGE ( 'NONE', *, *, #1244, .T. ) ;
#3661 = ORIENTED_EDGE ( 'NONE', *, *, #1148, .F. ) ;
#3662 = ORIENTED_EDGE ( 'NONE', *, *, #3024, .F. ) ;
#3663 = VERTEX_POINT ( 'NONE', #3167 ) ;
#3664 = VERTEX_POINT ( 'NONE', #2841 ) ;
#3665 = DIRECTION ( 'NONE',  ( 1.000000000000000000, 0.000000000000000000, 0.000000000000000000 ) ) ;
#3666 = DIRECTION ( 'NONE',  ( 0.000000000000000000, -1.000000000000000000, 0.000000000000000000 ) ) ;
#3667 = ORIENTED_EDGE ( 'NONE', *, *, #2390, .F. ) ;
#3668 = ORIENTED_EDGE ( 'NONE', *, *, #3299, .T. ) ;
#3669 = CARTESIAN_POINT ( 'NONE',  ( 0.3750000000000001110, 0.1000000000000000056, 0.6750000000000000444 ) ) ;
#3670 = ADVANCED_FACE ( 'NONE', ( #689 ), #997, .T. ) ;
#3671 = FACE_OUTER_BOUND ( 'NONE', #4722, .T. ) ;
#3672 = EDGE_CURVE ( 'NONE', #4363, #22, #2895, .T. ) ;
#3673 = EDGE_CURVE ( 'NONE', #3945, #576, #2149, .T. ) ;
#3674 = ORIENTED_EDGE ( 'NONE', *, *, #2738, .T. ) ;
#3675 = DIRECTION ( 'NONE',  ( -0.000000000000000000, 0.000000000000000000, 1.000000000000000000 ) ) ;
#3676 = DIRECTION ( 'NONE',  ( -0.000000000000000000, -1.000000000000000000, -0.000000000000000000 ) ) ;
#3677 = DIRECTION ( 'NONE',  ( 0.000000000000000000, 0.000000000000000000, -1.000000000000000000 ) ) ;
#3678 = ADVANCED_FACE ( 'NONE', ( #329 ), #3624, .T. ) ;
#3679 = ORIENTED_EDGE ( 'NONE', *, *, #2028, .F. ) ;
#3680 = VECTOR ( 'NONE', #30, 1000.000000000000000 ) ;
#3681 = CARTESIAN_POINT ( 'NONE',  ( 0.9250000000000004885, 0.000000000000000000, -0.6250000000000000000 ) ) ;
#3682 = PLANE ( 'NONE',  #974 ) ;
#3683 = ORIENTED_EDGE ( 'NONE', *, *, #2390, .T. ) ;
#3684 = VERTEX_POINT ( 'NONE', #4377 ) ;
#3685 = DIRECTION ( 'NONE',  ( 0.000000000000000000, 0.000000000000000000, -1.000000000000000000 ) ) ;
#3686 = FACE_OUTER_BOUND ( 'NONE', #168, .T. ) ;
#3687 = PLANE ( 'NONE',  #2594 ) ;
#3688 = FACE_OUTER_BOUND ( 'NONE', #3054, .T. ) ;
#3689 = CARTESIAN_POINT ( 'NONE',  ( 0.9249999999999952704, 0.1000000000000000056, -0.3750000000000002220 ) ) ;
#3690 = ADVANCED_FACE ( 'NONE', ( #3974 ), #713, .T. ) ;
#3691 = SURFACE_STYLE_FILL_AREA ( #1134 ) ;
#3692 = EDGE_LOOP ( 'NONE', ( #4469, #3774, #2184, #179 ) ) ;
#3693 = CARTESIAN_POINT ( 'NONE',  ( -0.1250000000000001110, 0.1000000000000000056, 1.149999999999999911 ) ) ;
#3694 = CARTESIAN_POINT ( 'NONE',  ( -1.399999999999995248, 0.1000000000000000056, -0.1250000000000000000 ) ) ;
#3695 = CARTESIAN_POINT ( 'NONE',  ( -0.9250000000000004885, 0.000000000000000000, -0.7500000000000000000 ) ) ;
#3696 = EDGE_CURVE ( 'NONE', #4508, #3663, #2101, .T. ) ;
#3697 = DIRECTION ( 'NONE',  ( 0.000000000000000000, -1.000000000000000000, 0.000000000000000000 ) ) ;
#3698 = DIRECTION ( 'NONE',  ( 0.000000000000000000, 0.000000000000000000, 1.000000000000000000 ) ) ;
#3699 = EDGE_CURVE ( 'NONE', #4653, #2291, #3654, .T. ) ;
#3700 = UNCERTAINTY_MEASURE_WITH_UNIT (LENGTH_MEASURE( 1.000000000000000082E-05 ), #1217, 'distance_accuracy_value', 'NONE');
#3701 = DIRECTION ( 'NONE',  ( -0.000000000000000000, -1.000000000000000000, -0.000000000000000000 ) ) ;
#3702 =( GEOMETRIC_REPRESENTATION_CONTEXT ( 3 ) GLOBAL_UNCERTAINTY_ASSIGNED_CONTEXT ( ( #4079 ) ) GLOBAL_UNIT_ASSIGNED_CONTEXT ( ( #378, #2167, #4020 ) ) REPRESENTATION_CONTEXT ( 'NONE', 'WORKASPACE' ) );
#3703 = EDGE_LOOP ( 'NONE', ( #998, #3536, #2252, #328 ) ) ;
#3704 = CYLINDRICAL_SURFACE ( 'NONE', #3248, 0.1250000000000002220 ) ;
#3705 = CARTESIAN_POINT ( 'NONE',  ( -1.399999999999984812, 0.1000000000000000056, 0.8750000000000000000 ) ) ;
#3706 = DIRECTION ( 'NONE',  ( 0.000000000000000000, 1.000000000000000000, 0.000000000000000000 ) ) ;
#3707 = VERTEX_POINT ( 'NONE', #1927 ) ;
#3708 = ORIENTED_EDGE ( 'NONE', *, *, #4357, .T. ) ;
#3709 = PLANE ( 'NONE',  #1741 ) ;
#3710 = DIRECTION ( 'NONE',  ( -1.000000000000000000, -0.000000000000000000, -0.000000000000000000 ) ) ;
#3711 = CARTESIAN_POINT ( 'NONE',  ( -0.9249999999999848344, 0.000000000000000000, 0.8750000000000000000 ) ) ;
#3712 = VECTOR ( 'NONE', #1932, 1000.000000000000000 ) ;
#3713 = DIRECTION ( 'NONE',  ( 0.000000000000000000, 0.000000000000000000, 1.000000000000000000 ) ) ;
#3714 = VERTEX_POINT ( 'NONE', #1855 ) ;
#3715 = CARTESIAN_POINT ( 'NONE',  ( 0.3750000000000001110, 0.1000000000000000056, 0.6750000000000000444 ) ) ;
#3716 = AXIS2_PLACEMENT_3D ( 'NONE', #373, #795, #731 ) ;
#3717 = FACE_OUTER_BOUND ( 'NONE', #404, .T. ) ;
#3718 = MECHANICAL_DESIGN_GEOMETRIC_PRESENTATION_REPRESENTATION (  '', ( #436 ), #1431 ) ;
#3719 = EDGE_CURVE ( 'NONE', #3307, #396, #1178, .T. ) ;
#3720 = CARTESIAN_POINT ( 'NONE',  ( 0.000000000000000000, 0.1000000000000000056, 0.000000000000000000 ) ) ;
#3721 = ORIENTED_EDGE ( 'NONE', *, *, #3000, .F. ) ;
#3722 = VECTOR ( 'NONE', #1292, 1000.000000000000000 ) ;
#3723 = COLOUR_RGB ( '',1.000000000000000000, 0.8117647058823529438, 0.5019607843137254832 ) ;
#3724 = LINE ( 'NONE', #448, #2801 ) ;
#3725 = CARTESIAN_POINT ( 'NONE',  ( -1.500000000000000444, 0.000000000000000000, 1.250000000000000000 ) ) ;
#3726 = EDGE_CURVE ( 'NONE', #2024, #2782, #2609, .T. ) ;
#3727 = AXIS2_PLACEMENT_3D ( 'NONE', #1324, #164, #1306 ) ;
#3728 = EDGE_CURVE ( 'NONE', #771, #1711, #3741, .T. ) ;
#3729 = EDGE_LOOP ( 'NONE', ( #1419, #762 ) ) ;
#3730 = EDGE_CURVE ( 'NONE', #1896, #2597, #84, .T. ) ;
#3731 = PLANE ( 'NONE',  #4132 ) ;
#3732 = ORIENTED_EDGE ( 'NONE', *, *, #610, .F. ) ;
#3733 = FACE_OUTER_BOUND ( 'NONE', #4538, .T. ) ;
#3734 = EDGE_CURVE ( 'NONE', #4653, #1987, #2651, .T. ) ;
#3735 = CARTESIAN_POINT ( 'NONE',  ( -1.399999999999984812, 0.1000000000000000056, 0.6250000000000000000 ) ) ;
#3736 = CARTESIAN_POINT ( 'NONE',  ( 1.399999999999984812, 0.000000000000000000, 0.8749999999999991118 ) ) ;
#3737 = EDGE_CURVE ( 'NONE', #57, #1694, #3026, .T. ) ;
#3738 = ORIENTED_EDGE ( 'NONE', *, *, #3134, .F. ) ;
#3739 = FACE_OUTER_BOUND ( 'NONE', #2798, .T. ) ;
#3740 = ORIENTED_EDGE ( 'NONE', *, *, #2702, .F. ) ;
#3741 = LINE ( 'NONE', #1834, #4012 ) ;
#3742 = CARTESIAN_POINT ( 'NONE',  ( 0.000000000000000000, 0.1000000000000000056, 0.000000000000000000 ) ) ;
#3743 = LINE ( 'NONE', #178, #1574 ) ;
#3744 = CARTESIAN_POINT ( 'NONE',  ( 1.399999999999989919, 0.1000000000000000056, 0.1249999999999995698 ) ) ;
#3745 = DIRECTION ( 'NONE',  ( -4.565061778886335030E-16, 0.000000000000000000, 1.000000000000000000 ) ) ;
#3746 = DIRECTION ( 'NONE',  ( 0.000000000000000000, 0.000000000000000000, 1.000000000000000000 ) ) ;
#3747 = ADVANCED_FACE ( 'NONE', ( #2672 ), #3316, .T. ) ;
#3748 = LINE ( 'NONE', #4370, #970 ) ;
#3749 = VERTEX_POINT ( 'NONE', #3343 ) ;
#3750 = LINE ( 'NONE', #1287, #3097 ) ;
#3751 = CARTESIAN_POINT ( 'NONE',  ( 1.399999999999989919, 0.000000000000000000, 0.3749999999999991673 ) ) ;
#3752 = DIRECTION ( 'NONE',  ( 0.000000000000000000, 0.000000000000000000, -1.000000000000000000 ) ) ;
#3753 = ORIENTED_EDGE ( 'NONE', *, *, #2040, .T. ) ;
#3754 = EDGE_CURVE ( 'NONE', #1673, #1291, #2288, .T. ) ;
#3755 = ORIENTED_EDGE ( 'NONE', *, *, #1131, .F. ) ;
#3756 = CARTESIAN_POINT ( 'NONE',  ( -0.9249999999999952704, 0.1000000000000000056, -0.1250000000000000000 ) ) ;
#3757 = EDGE_CURVE ( 'NONE', #224, #1362, #2988, .T. ) ;
#3758 = CARTESIAN_POINT ( 'NONE',  ( -1.399999999999995248, 0.000000000000000000, -0.1250000000000000000 ) ) ;
#3759 = CARTESIAN_POINT ( 'NONE',  ( 0.9249999999999848344, 0.1000000000000000056, 0.8749999999999991118 ) ) ;
#3760 = PLANE ( 'NONE',  #2425 ) ;
#3761 = DIRECTION ( 'NONE',  ( 1.000000000000000000, 0.000000000000000000, -1.040834085586232720E-14 ) ) ;
#3762 = CARTESIAN_POINT ( 'NONE',  ( -0.9249999999999900524, 0.1000000000000000056, 0.1250000000000000000 ) ) ;
#3763 = DIRECTION ( 'NONE',  ( 0.000000000000000000, 0.000000000000000000, 1.000000000000000000 ) ) ;
#3764 = ORIENTED_EDGE ( 'NONE', *, *, #2135, .T. ) ;
#3765 = FACE_OUTER_BOUND ( 'NONE', #1833, .T. ) ;
#3766 = EDGE_LOOP ( 'NONE', ( #3147, #4195, #3613, #1688 ) ) ;
#3767 = CARTESIAN_POINT ( 'NONE',  ( -1.399999999999984812, 0.1000000000000000056, 0.6250000000000000000 ) ) ;
#3768 = LINE ( 'NONE', #4577, #1620 ) ;
#3769 = DIRECTION ( 'NONE',  ( 0.000000000000000000, 0.000000000000000000, -1.000000000000000000 ) ) ;
#3770 = ORIENTED_EDGE ( 'NONE', *, *, #1652, .T. ) ;
#3771 = CARTESIAN_POINT ( 'NONE',  ( -0.1250000000000001110, 0.1000000000000000056, -1.149999999999999911 ) ) ;
#3772 = VERTEX_POINT ( 'NONE', #464 ) ;
#3773 = AXIS2_PLACEMENT_3D ( 'NONE', #3499, #2367, #4229 ) ;
#3774 = ORIENTED_EDGE ( 'NONE', *, *, #1208, .F. ) ;
#3775 = DIRECTION ( 'NONE',  ( -0.000000000000000000, -1.000000000000000000, -0.000000000000000000 ) ) ;
#3776 = DIRECTION ( 'NONE',  ( -0.000000000000000000, -1.000000000000000000, -0.000000000000000000 ) ) ;
#3777 = EDGE_CURVE ( 'NONE', #4668, #2939, #3393, .T. ) ;
#3778 = AXIS2_PLACEMENT_3D ( 'NONE', #536, #581, #2833 ) ;
#3779 = DIRECTION ( 'NONE',  ( -0.000000000000000000, -1.000000000000000000, -0.000000000000000000 ) ) ;
#3780 = CARTESIAN_POINT ( 'NONE',  ( -1.200000000000000622, 0.8299999999999999600, -1.000000000000000222 ) ) ;
#3781 = VECTOR ( 'NONE', #1642, 1000.000000000000000 ) ;
#3782 = CARTESIAN_POINT ( 'NONE',  ( -0.9249999999999952704, 0.1000000000000000056, -0.3750000000000000000 ) ) ;
#3783 = VERTEX_POINT ( 'NONE', #62 ) ;
#3784 = ADVANCED_FACE ( 'NONE', ( #2242 ), #397, .T. ) ;
#3785 = AXIS2_PLACEMENT_3D ( 'NONE', #1476, #3675, #823 ) ;
#3786 = VECTOR ( 'NONE', #3921, 1000.000000000000000 ) ;
#3787 = VECTOR ( 'NONE', #3761, 1000.000000000000000 ) ;
#3788 = AXIS2_PLACEMENT_3D ( 'NONE', #4348, #1061, #3967 ) ;
#3789 = ORIENTED_EDGE ( 'NONE', *, *, #3719, .T. ) ;
#3790 = LINE ( 'NONE', #1627, #623 ) ;
#3791 = CARTESIAN_POINT ( 'NONE',  ( -1.200000000000000622, 0.8299999999999999600, -1.000000000000000222 ) ) ;
#3792 = VECTOR ( 'NONE', #2778, 1000.000000000000000 ) ;
#3793 = VECTOR ( 'NONE', #3589, 1000.000000000000000 ) ;
#3794 = EDGE_LOOP ( 'NONE', ( #913, #2395, #2707, #3047 ) ) ;
#3795 = CARTESIAN_POINT ( 'NONE',  ( 1.399999999999989919, 0.1000000000000000056, 0.1249999999999995698 ) ) ;
#3796 = LINE ( 'NONE', #954, #2948 ) ;
#3797 = ORIENTED_EDGE ( 'NONE', *, *, #4227, .F. ) ;
#3798 = VECTOR ( 'NONE', #838, 1000.000000000000000 ) ;
#3799 = VECTOR ( 'NONE', #1302, 1000.000000000000000 ) ;
#3800 = ORIENTED_EDGE ( 'NONE', *, *, #3614, .T. ) ;
#3801 = LINE ( 'NONE', #1243, #4649 ) ;
#3802 = CARTESIAN_POINT ( 'NONE',  ( -1.400000000000000355, 0.000000000000000000, -0.6250000000000000000 ) ) ;
#3803 = CARTESIAN_POINT ( 'NONE',  ( -0.1250000000000001110, 0.1000000000000000056, -1.149999999999999911 ) ) ;
#3804 = EDGE_CURVE ( 'NONE', #1892, #2683, #1156, .T. ) ;
#3805 = CARTESIAN_POINT ( 'NONE',  ( -1.399999999999984812, 0.1000000000000000056, 0.6250000000000000000 ) ) ;
#3806 = LINE ( 'NONE', #3487, #4569 ) ;
#3807 = CARTESIAN_POINT ( 'NONE',  ( -1.399999999999989919, 0.000000000000000000, 0.1250000000000000000 ) ) ;
#3808 = LINE ( 'NONE', #923, #2036 ) ;
#3809 = EDGE_CURVE ( 'NONE', #4034, #1919, #2964, .T. ) ;
#3810 = VERTEX_POINT ( 'NONE', #3369 ) ;
#3811 = DIRECTION ( 'NONE',  ( -0.000000000000000000, 1.000000000000000000, 0.000000000000000000 ) ) ;
#3812 = EDGE_CURVE ( 'NONE', #2900, #1440, #4496, .T. ) ;
#3813 = ORIENTED_EDGE ( 'NONE', *, *, #2822, .T. ) ;
#3814 = CARTESIAN_POINT ( 'NONE',  ( 0.3749999999999998890, 0.1000000000000000056, 1.149999999999999911 ) ) ;
#3815 = EDGE_LOOP ( 'NONE', ( #3360, #2516, #49, #601 ) ) ;
#3816 = DIRECTION ( 'NONE',  ( 0.000000000000000000, -1.000000000000000000, 0.000000000000000000 ) ) ;
#3817 = VECTOR ( 'NONE', #4305, 1000.000000000000000 ) ;
#3818 = EDGE_LOOP ( 'NONE', ( #2588, #1209, #1475, #2486 ) ) ;
#3819 = DIRECTION ( 'NONE',  ( -1.040834085586232720E-14, 0.000000000000000000, -1.000000000000000000 ) ) ;
#3820 = PLANE ( 'NONE',  #471 ) ;
#3821 = DIRECTION ( 'NONE',  ( -1.000000000000000000, 0.000000000000000000, 0.000000000000000000 ) ) ;
#3822 = CARTESIAN_POINT ( 'NONE',  ( 1.399999999999989919, 0.1000000000000000056, 0.3749999999999991673 ) ) ;
#3823 = CARTESIAN_POINT ( 'NONE',  ( -0.6249999999999642508, 0.000000000000000000, 1.150000000000002576 ) ) ;
#3824 = DIRECTION ( 'NONE',  ( 0.000000000000000000, 0.000000000000000000, 1.000000000000000000 ) ) ;
#3825 = ADVANCED_FACE ( 'NONE', ( #4070 ), #2940, .F. ) ;
#3826 = VERTEX_POINT ( 'NONE', #381 ) ;
#3827 = LINE ( 'NONE', #3100, #3799 ) ;
#3828 = ORIENTED_EDGE ( 'NONE', *, *, #281, .T. ) ;
#3829 = LINE ( 'NONE', #1628, #3652 ) ;
#3830 = ORIENTED_EDGE ( 'NONE', *, *, #2956, .F. ) ;
#3831 = CARTESIAN_POINT ( 'NONE',  ( -0.6249999999999998890, 0.1000000000000000056, -0.6750000000000000444 ) ) ;
#3832 = CARTESIAN_POINT ( 'NONE',  ( 0.9249999999999848344, 0.000000000000000000, 0.6249999999999991118 ) ) ;
#3833 = DIRECTION ( 'NONE',  ( 0.000000000000000000, -1.000000000000000000, 0.000000000000000000 ) ) ;
#3834 = VECTOR ( 'NONE', #1656, 1000.000000000000000 ) ;
#3835 = PLANE ( 'NONE',  #959 ) ;
#3836 = FACE_OUTER_BOUND ( 'NONE', #3794, .T. ) ;
#3837 = DIRECTION ( 'NONE',  ( -1.000000000000000000, 0.000000000000000000, 4.565061778886335030E-16 ) ) ;
#3838 = CARTESIAN_POINT ( 'NONE',  ( -1.400000000000000355, 0.1000000000000000056, -0.8750000000000000000 ) ) ;
#3839 = VERTEX_POINT ( 'NONE', #109 ) ;
#3840 = PLANE ( 'NONE',  #4250 ) ;
#3841 = AXIS2_PLACEMENT_3D ( 'NONE', #2265, #2630, #4071 ) ;
#3842 = VERTEX_POINT ( 'NONE', #1569 ) ;
#3843 = VECTOR ( 'NONE', #1830, 1000.000000000000000 ) ;
#3844 = LINE ( 'NONE', #2752, #1898 ) ;
#3845 = EDGE_CURVE ( 'NONE', #1291, #3400, #2220, .T. ) ;
#3846 = EDGE_CURVE ( 'NONE', #2782, #411, #4119, .T. ) ;
#3847 = ORIENTED_EDGE ( 'NONE', *, *, #3988, .T. ) ;
#3848 = VECTOR ( 'NONE', #4567, 1000.000000000000000 ) ;
#3849 = COLOUR_RGB ( '',1.000000000000000000, 0.8117647058823529438, 0.5019607843137254832 ) ;
#3850 = EDGE_CURVE ( 'NONE', #799, #850, #3463, .T. ) ;
#3851 = CARTESIAN_POINT ( 'NONE',  ( -1.200000000000000622, 0.7800000000000000266, -0.8750000000000000000 ) ) ;
#3852 = ORIENTED_EDGE ( 'NONE', *, *, #194, .T. ) ;
#3853 = ORIENTED_EDGE ( 'NONE', *, *, #2789, .T. ) ;
#3854 = AXIS2_PLACEMENT_3D ( 'NONE', #3940, #3228, #4626 ) ;
#3855 = VERTEX_POINT ( 'NONE', #920 ) ;
#3856 = FILL_AREA_STYLE_COLOUR ( '', #753 ) ;
#3857 = ADVANCED_FACE ( 'NONE', ( #539 ), #4591, .T. ) ;
#3858 = LINE ( 'NONE', #1681, #15 ) ;
#3859 = VECTOR ( 'NONE', #1194, 1000.000000000000000 ) ;
#3860 = FACE_OUTER_BOUND ( 'NONE', #191, .T. ) ;
#3861 = VECTOR ( 'NONE', #3923, 1000.000000000000000 ) ;
#3862 = DIRECTION ( 'NONE',  ( -1.000000000000000000, -0.000000000000000000, -0.000000000000000000 ) ) ;
#3863 =( NAMED_UNIT ( * ) PLANE_ANGLE_UNIT ( ) SI_UNIT ( $, .RADIAN. ) );
#3864 = DIRECTION ( 'NONE',  ( -1.561251128378871110E-14, 0.000000000000000000, -1.000000000000000000 ) ) ;
#3865 = FACE_OUTER_BOUND ( 'NONE', #4073, .T. ) ;
#3866 = CARTESIAN_POINT ( 'NONE',  ( -0.1249999999999998890, 0.1000000000000000056, -0.6750000000000000444 ) ) ;
#3867 = SURFACE_STYLE_USAGE ( .BOTH. , #3006 ) ;
#3868 = FACE_OUTER_BOUND ( 'NONE', #3897, .T. ) ;
#3869 = ORIENTED_EDGE ( 'NONE', *, *, #4494, .T. ) ;
#3870 = DIRECTION ( 'NONE',  ( 0.000000000000000000, -1.000000000000000000, 0.000000000000000000 ) ) ;
#3871 = VERTEX_POINT ( 'NONE', #1641 ) ;
#3872 = DIRECTION ( 'NONE',  ( -1.000000000000000000, -0.000000000000000000, -0.000000000000000000 ) ) ;
#3873 = DIRECTION ( 'NONE',  ( 1.000000000000000000, 0.000000000000000000, -4.565061778886335030E-16 ) ) ;
#3874 = ORIENTED_EDGE ( 'NONE', *, *, #3925, .F. ) ;
#3875 = CARTESIAN_POINT ( 'NONE',  ( 1.400000000000000355, 0.1000000000000000056, -0.6250000000000000000 ) ) ;
#3876 = DIRECTION ( 'NONE',  ( 1.000000000000000000, 0.000000000000000000, 0.000000000000000000 ) ) ;
#3877 = ORIENTED_EDGE ( 'NONE', *, *, #3523, .F. ) ;
#3878 = ORIENTED_EDGE ( 'NONE', *, *, #271, .T. ) ;
#3879 = ADVANCED_FACE ( 'NONE', ( #3050 ), #1995, .F. ) ;
#3880 = ADVANCED_FACE ( 'NONE', ( #1666 ), #2378, .T. ) ;
#3881 = ORIENTED_EDGE ( 'NONE', *, *, #1481, .F. ) ;
#3882 = FACE_OUTER_BOUND ( 'NONE', #2633, .T. ) ;
#3883 = CARTESIAN_POINT ( 'NONE',  ( 0.9249999999999966027, 0.1000000000000000056, -0.8750000000000408562 ) ) ;
#3884 = CARTESIAN_POINT ( 'NONE',  ( -0.1250000000000001110, 0.1000000000000000056, 1.149999999999999911 ) ) ;
#3885 = EDGE_LOOP ( 'NONE', ( #4746, #437, #937, #2173 ) ) ;
#3886 = VECTOR ( 'NONE', #587, 1000.000000000000000 ) ;
#3887 = EDGE_CURVE ( 'NONE', #2361, #3643, #870, .T. ) ;
#3888 = FACE_BOUND ( 'NONE', #552, .T. ) ;
#3889 = DIRECTION ( 'NONE',  ( -4.565061778886335030E-16, 0.000000000000000000, -1.000000000000000000 ) ) ;
#3890 = CARTESIAN_POINT ( 'NONE',  ( 0.000000000000000000, 0.1000000000000000056, 0.000000000000000000 ) ) ;
#3891 = AXIS2_PLACEMENT_3D ( 'NONE', #3242, #4713, #641 ) ;
#3892 = DIRECTION ( 'NONE',  ( 0.000000000000000000, 0.000000000000000000, -1.000000000000000000 ) ) ;
#3893 = LINE ( 'NONE', #4636, #4161 ) ;
#3894 = DIRECTION ( 'NONE',  ( -1.000000000000000000, -0.000000000000000000, -0.000000000000000000 ) ) ;
#3895 = VERTEX_POINT ( 'NONE', #1297 ) ;
#3896 = DIRECTION ( 'NONE',  ( 0.000000000000000000, -1.000000000000000000, 0.000000000000000000 ) ) ;
#3897 = EDGE_LOOP ( 'NONE', ( #2498, #2850, #1062, #1197 ) ) ;
#3898 = LINE ( 'NONE', #642, #1815 ) ;
#3899 = ORIENTED_EDGE ( 'NONE', *, *, #11, .F. ) ;
#3900 = DIRECTION ( 'NONE',  ( -1.000000000000000000, 0.000000000000000000, 3.097720492815694329E-15 ) ) ;
#3901 = VERTEX_POINT ( 'NONE', #2762 ) ;
#3902 = EDGE_LOOP ( 'NONE', ( #2802, #3151, #1582, #2732 ) ) ;
#3903 = EDGE_LOOP ( 'NONE', ( #2520, #2064, #65, #3853 ) ) ;
#3904 = ORIENTED_EDGE ( 'NONE', *, *, #4670, .F. ) ;
#3905 = CARTESIAN_POINT ( 'NONE',  ( 1.399999999999995248, 0.000000000000000000, -0.3750000000000002220 ) ) ;
#3906 = EDGE_CURVE ( 'NONE', #1021, #2903, #2046, .T. ) ;
#3907 = LINE ( 'NONE', #649, #877 ) ;
#3908 = FILL_AREA_STYLE_COLOUR ( '', #2130 ) ;
#3909 = ORIENTED_EDGE ( 'NONE', *, *, #346, .F. ) ;
#3910 = EDGE_LOOP ( 'NONE', ( #3169, #1485, #4371, #4106 ) ) ;
#3911 = CARTESIAN_POINT ( 'NONE',  ( 0.9249999999999966027, 0.1000000000000000056, -0.8750000000000408562 ) ) ;
#3912 = DIRECTION ( 'NONE',  ( -1.000000000000000000, -0.000000000000000000, -0.000000000000000000 ) ) ;
#3913 = ADVANCED_FACE ( 'NONE', ( #3511 ), #4218, .F. ) ;
#3914 = CARTESIAN_POINT ( 'NONE',  ( 1.399999999999996581, 0.1000000000000000056, -0.8750000000000557332 ) ) ;
#3915 = AXIS2_PLACEMENT_3D ( 'NONE', #4430, #1002, #2582 ) ;
#3916 = EDGE_CURVE ( 'NONE', #33, #983, #3094, .T. ) ;
#3917 = LINE ( 'NONE', #759, #1388 ) ;
#3918 = DIRECTION ( 'NONE',  ( 0.000000000000000000, -1.000000000000000000, 0.000000000000000000 ) ) ;
#3919 = ADVANCED_FACE ( 'NONE', ( #1948 ), #4519, .F. ) ;
#3920 = COLOUR_RGB ( '',1.000000000000000000, 0.8117647058823529438, 0.5019607843137254832 ) ;
#3921 = DIRECTION ( 'NONE',  ( 0.000000000000000000, -1.000000000000000000, 0.000000000000000000 ) ) ;
#3922 = ORIENTED_EDGE ( 'NONE', *, *, #4589, .F. ) ;
#3923 = DIRECTION ( 'NONE',  ( 1.000000000000000000, 0.000000000000000000, 0.000000000000000000 ) ) ;
#3924 = LINE ( 'NONE', #2195, #2722 ) ;
#3925 = EDGE_CURVE ( 'NONE', #3566, #2361, #2744, .T. ) ;
#3926 = VECTOR ( 'NONE', #1133, 1000.000000000000000 ) ;
#3927 = ADVANCED_FACE ( 'NONE', ( #4196 ), #227, .T. ) ;
#3928 = ORIENTED_EDGE ( 'NONE', *, *, #3377, .F. ) ;
#3929 = DIRECTION ( 'NONE',  ( -0.000000000000000000, -1.000000000000000000, -0.000000000000000000 ) ) ;
#3930 = VECTOR ( 'NONE', #3367, 1000.000000000000000 ) ;
#3931 = CARTESIAN_POINT ( 'NONE',  ( -1.399999999999984812, 0.1000000000000000056, 0.8750000000000000000 ) ) ;
#3932 = ORIENTED_EDGE ( 'NONE', *, *, #3850, .T. ) ;
#3933 = CARTESIAN_POINT ( 'NONE',  ( 0.1250000000000001110, 0.1000000000000000056, -1.149999999999999911 ) ) ;
#3934 = VECTOR ( 'NONE', #2309, 1000.000000000000000 ) ;
#3935 = ORIENTED_EDGE ( 'NONE', *, *, #4646, .F. ) ;
#3936 = ORIENTED_EDGE ( 'NONE', *, *, #3614, .F. ) ;
#3937 = ORIENTED_EDGE ( 'NONE', *, *, #4360, .F. ) ;
#3938 = VECTOR ( 'NONE', #1550, 1000.000000000000000 ) ;
#3939 = ORIENTED_EDGE ( 'NONE', *, *, #2326, .T. ) ;
#3940 = CARTESIAN_POINT ( 'NONE',  ( 0.000000000000000000, 0.000000000000000000, 0.000000000000000000 ) ) ;
#3941 = DIRECTION ( 'NONE',  ( 0.000000000000000000, 0.000000000000000000, 1.000000000000000000 ) ) ;
#3942 = DIRECTION ( 'NONE',  ( 0.000000000000000000, -1.000000000000000000, 0.000000000000000000 ) ) ;
#3943 = VECTOR ( 'NONE', #170, 1000.000000000000000 ) ;
#3944 = FACE_OUTER_BOUND ( 'NONE', #148, .T. ) ;
#3945 = VERTEX_POINT ( 'NONE', #130 ) ;
#3946 = DIRECTION ( 'NONE',  ( -0.000000000000000000, 1.000000000000000000, 0.000000000000000000 ) ) ;
#3947 = AXIS2_PLACEMENT_3D ( 'NONE', #2906, #4416, #1823 ) ;
#3948 = PLANE ( 'NONE',  #1192 ) ;
#3949 = LINE ( 'NONE', #326, #1004 ) ;
#3950 = DIRECTION ( 'NONE',  ( -0.000000000000000000, -1.000000000000000000, -0.000000000000000000 ) ) ;
#3951 = EDGE_CURVE ( 'NONE', #1956, #771, #4143, .T. ) ;
#3952 = CARTESIAN_POINT ( 'NONE',  ( 0.3750000000000001110, 0.1000000000000000056, -0.6750000000000000444 ) ) ;
#3953 = EDGE_LOOP ( 'NONE', ( #985, #3001, #4640, #1727 ) ) ;
#3954 = CARTESIAN_POINT ( 'NONE',  ( -0.3750000000000001110, 0.000000000000000000, 0.6750000000000000444 ) ) ;
#3955 = ADVANCED_FACE ( 'NONE', ( #2783 ), #4240, .T. ) ;
#3956 = CARTESIAN_POINT ( 'NONE',  ( 0.9249999999999900524, 0.1000000000000000056, 0.3749999999999991673 ) ) ;
#3957 = ORIENTED_EDGE ( 'NONE', *, *, #3506, .F. ) ;
#3958 = EDGE_CURVE ( 'NONE', #3556, #3987, #3443, .T. ) ;
#3959 = CARTESIAN_POINT ( 'NONE',  ( 1.399999999999995248, 0.1000000000000000056, -0.1250000000000004441 ) ) ;
#3960 = ORIENTED_EDGE ( 'NONE', *, *, #3033, .T. ) ;
#3961 = ORIENTED_EDGE ( 'NONE', *, *, #2471, .T. ) ;
#3962 = EDGE_LOOP ( 'NONE', ( #591, #790, #2109, #1539 ) ) ;
#3963 = VERTEX_POINT ( 'NONE', #4544 ) ;
#3964 = PRESENTATION_STYLE_ASSIGNMENT (( #2448 ) ) ;
#3965 = DIRECTION ( 'NONE',  ( 0.000000000000000000, 0.000000000000000000, 1.000000000000000000 ) ) ;
#3966 = PRESENTATION_STYLE_ASSIGNMENT (( #1489 ) ) ;
#3967 = DIRECTION ( 'NONE',  ( 0.000000000000000000, -0.000000000000000000, -1.000000000000000000 ) ) ;
#3968 = PLANE ( 'NONE',  #1270 ) ;
#3969 = DIRECTION ( 'NONE',  ( 1.000000000000000000, 0.000000000000000000, 0.000000000000000000 ) ) ;
#3970 = DIRECTION ( 'NONE',  ( 0.000000000000000000, 0.000000000000000000, 1.000000000000000000 ) ) ;
#3971 = FILL_AREA_STYLE ('',( #2238 ) ) ;
#3972 = DIRECTION ( 'NONE',  ( 0.000000000000000000, 0.000000000000000000, 1.000000000000000000 ) ) ;
#3973 = ORIENTED_EDGE ( 'NONE', *, *, #2738, .F. ) ;
#3974 = FACE_OUTER_BOUND ( 'NONE', #182, .T. ) ;
#3975 = AXIS2_PLACEMENT_3D ( 'NONE', #4593, #2785, #202 ) ;
#3976 = DIRECTION ( 'NONE',  ( 0.000000000000000000, 0.000000000000000000, -1.000000000000000000 ) ) ;
#3977 = EDGE_CURVE ( 'NONE', #2939, #624, #2478, .T. ) ;
#3978 = ORIENTED_EDGE ( 'NONE', *, *, #3468, .F. ) ;
#3979 = LINE ( 'NONE', #1840, #2590 ) ;
#3980 = ORIENTED_EDGE ( 'NONE', *, *, #4447, .F. ) ;
#3981 = EDGE_CURVE ( 'NONE', #931, #3364, #3233, .T. ) ;
#3982 = ORIENTED_EDGE ( 'NONE', *, *, #1633, .T. ) ;
#3983 = ORIENTED_EDGE ( 'NONE', *, *, #4164, .T. ) ;
#3984 = PLANE ( 'NONE',  #1333 ) ;
#3985 = DIRECTION ( 'NONE',  ( 0.000000000000000000, 0.000000000000000000, 1.000000000000000000 ) ) ;
#3986 = CARTESIAN_POINT ( 'NONE',  ( 1.399999999999995248, 0.000000000000000000, -0.3750000000000002220 ) ) ;
#3987 = VERTEX_POINT ( 'NONE', #1712 ) ;
#3988 = EDGE_CURVE ( 'NONE', #3590, #289, #301, .T. ) ;
#3989 = VERTEX_POINT ( 'NONE', #1760 ) ;
#3990 = ORIENTED_EDGE ( 'NONE', *, *, #2730, .F. ) ;
#3991 = FACE_OUTER_BOUND ( 'NONE', #3403, .T. ) ;
#3992 = DIRECTION ( 'NONE',  ( -0.000000000000000000, -0.000000000000000000, -1.000000000000000000 ) ) ;
#3993 = EDGE_LOOP ( 'NONE', ( #2386, #529, #343, #2198 ) ) ;
#3994 = DIRECTION ( 'NONE',  ( 0.000000000000000000, 0.000000000000000000, 1.000000000000000000 ) ) ;
#3995 = CARTESIAN_POINT ( 'NONE',  ( 1.399999999999996581, 0.1000000000000000056, -0.8750000000000557332 ) ) ;
#3996 = VECTOR ( 'NONE', #3900, 1000.000000000000000 ) ;
#3997 = LINE ( 'NONE', #3243, #3355 ) ;
#3998 =( GEOMETRIC_REPRESENTATION_CONTEXT ( 3 ) GLOBAL_UNCERTAINTY_ASSIGNED_CONTEXT ( ( #2615 ) ) GLOBAL_UNIT_ASSIGNED_CONTEXT ( ( #1039, #685, #2575 ) ) REPRESENTATION_CONTEXT ( 'NONE', 'WORKASPACE' ) );
#3999 = ORIENTED_EDGE ( 'NONE', *, *, #4447, .T. ) ;
#4000 = ORIENTED_EDGE ( 'NONE', *, *, #594, .F. ) ;
#4001 = ORIENTED_EDGE ( 'NONE', *, *, #2799, .T. ) ;
#4002 = VECTOR ( 'NONE', #962, 1000.000000000000000 ) ;
#4003 = ADVANCED_FACE ( 'NONE', ( #4703 ), #682, .F. ) ;
#4004 = EDGE_CURVE ( 'NONE', #3315, #4124, #656, .T. ) ;
#4005 = ORIENTED_EDGE ( 'NONE', *, *, #4075, .T. ) ;
#4006 = CARTESIAN_POINT ( 'NONE',  ( 1.399999999999984812, 0.000000000000000000, 0.6249999999999991118 ) ) ;
#4007 = ADVANCED_FACE ( 'NONE', ( #2885 ), #1341, .T. ) ;
#4008 = VECTOR ( 'NONE', #3235, 1000.000000000000000 ) ;
#4009 = DIRECTION ( 'NONE',  ( 4.565061778886335030E-16, 0.000000000000000000, -1.000000000000000000 ) ) ;
#4010 = DIRECTION ( 'NONE',  ( 1.000000000000000000, -0.000000000000000000, -0.000000000000000000 ) ) ;
#4011 = ORIENTED_EDGE ( 'NONE', *, *, #1066, .F. ) ;
#4012 = VECTOR ( 'NONE', #2264, 1000.000000000000000 ) ;
#4013 = AXIS2_PLACEMENT_3D ( 'NONE', #2124, #1405, #2839 ) ;
#4014 = EDGE_CURVE ( 'NONE', #1455, #22, #3577, .T. ) ;
#4015 = ORIENTED_EDGE ( 'NONE', *, *, #760, .F. ) ;
#4016 = CARTESIAN_POINT ( 'NONE',  ( -0.9250000000000004885, 0.000000000000000000, -0.6250000000000000000 ) ) ;
#4017 = EDGE_CURVE ( 'NONE', #4554, #1162, #323, .T. ) ;
#4018 = PLANE ( 'NONE',  #1001 ) ;
#4019 =( GEOMETRIC_REPRESENTATION_CONTEXT ( 3 ) GLOBAL_UNCERTAINTY_ASSIGNED_CONTEXT ( ( #4618 ) ) GLOBAL_UNIT_ASSIGNED_CONTEXT ( ( #4610, #3863, #1340 ) ) REPRESENTATION_CONTEXT ( 'NONE', 'WORKASPACE' ) );
#4020 =( NAMED_UNIT ( * ) SI_UNIT ( $, .STERADIAN. ) SOLID_ANGLE_UNIT ( ) );
#4021 = VECTOR ( 'NONE', #3775, 1000.000000000000000 ) ;
#4022 = VECTOR ( 'NONE', #1555, 1000.000000000000000 ) ;
#4023 = ORIENTED_EDGE ( 'NONE', *, *, #1263, .T. ) ;
#4024 = DIRECTION ( 'NONE',  ( 1.000000000000000000, 0.000000000000000000, 0.000000000000000000 ) ) ;
#4025 = DIRECTION ( 'NONE',  ( 0.000000000000000000, 1.000000000000000000, -0.000000000000000000 ) ) ;
#4026 = CARTESIAN_POINT ( 'NONE',  ( 0.3749999999999998890, 0.000000000000000000, 1.149999999999999911 ) ) ;
#4027 = PRESENTATION_LAYER_ASSIGNMENT (  '', '', ( #296 ) ) ;
#4028 = VECTOR ( 'NONE', #3215, 1000.000000000000000 ) ;
#4029 = DIRECTION ( 'NONE',  ( 1.000000000000000000, 0.000000000000000000, -4.565061778886335030E-16 ) ) ;
#4030 = CARTESIAN_POINT ( 'NONE',  ( 0.1250000000000001110, 0.1000000000000000056, -1.149999999999999911 ) ) ;
#4031 = ORIENTED_EDGE ( 'NONE', *, *, #487, .F. ) ;
#4032 = ORIENTED_EDGE ( 'NONE', *, *, #4075, .F. ) ;
#4033 = CARTESIAN_POINT ( 'NONE',  ( -0.6249999999999642508, 0.000000000000000000, 1.150000000000002576 ) ) ;
#4034 = VERTEX_POINT ( 'NONE', #2860 ) ;
#4035 = ORIENTED_EDGE ( 'NONE', *, *, #1418, .T. ) ;
#4036 = PLANE ( 'NONE',  #3336 ) ;
#4037 = CARTESIAN_POINT ( 'NONE',  ( 0.1250000000000001110, 0.1000000000000000056, -1.149999999999999911 ) ) ;
#4038 = CARTESIAN_POINT ( 'NONE',  ( -1.049999999999996714, 0.1000000000000000056, -0.8750000000000011102 ) ) ;
#4039 = EDGE_CURVE ( 'NONE', #503, #4341, #3158, .T. ) ;
#4040 = EDGE_CURVE ( 'NONE', #3989, #1382, #1779, .T. ) ;
#4041 = ORIENTED_EDGE ( 'NONE', *, *, #1386, .F. ) ;
#4042 = CARTESIAN_POINT ( 'NONE',  ( -0.9249999999999952704, 0.1000000000000000056, -0.3750000000000000000 ) ) ;
#4043 = LINE ( 'NONE', #125, #4684 ) ;
#4044 = EDGE_CURVE ( 'NONE', #2933, #615, #4351, .T. ) ;
#4045 = DIRECTION ( 'NONE',  ( 0.000000000000000000, 0.000000000000000000, 1.000000000000000000 ) ) ;
#4046 = EDGE_CURVE ( 'NONE', #3364, #4653, #267, .T. ) ;
#4047 = LINE ( 'NONE', #2650, #4419 ) ;
#4048 = EDGE_LOOP ( 'NONE', ( #3874, #4537, #4522, #2475 ) ) ;
#4049 = CARTESIAN_POINT ( 'NONE',  ( 0.6249999999999998890, 0.1000000000000000056, -0.6750000000000000444 ) ) ;
#4050 = DIRECTION ( 'NONE',  ( 0.000000000000000000, -0.000000000000000000, 1.000000000000000000 ) ) ;
#4051 = LINE ( 'NONE', #2197, #4078 ) ;
#4052 = ORIENTED_EDGE ( 'NONE', *, *, #4381, .T. ) ;
#4053 = VECTOR ( 'NONE', #527, 1000.000000000000000 ) ;
#4054 = LINE ( 'NONE', #205, #2882 ) ;
#4055 = CARTESIAN_POINT ( 'NONE',  ( -0.3749999999999998890, 0.1000000000000000056, -1.149999999999999911 ) ) ;
#4056 = AXIS2_PLACEMENT_3D ( 'NONE', #1802, #3263, #4735 ) ;
#4057 = PLANE ( 'NONE',  #2691 ) ;
#4058 = ORIENTED_EDGE ( 'NONE', *, *, #946, .F. ) ;
#4059 = FACE_OUTER_BOUND ( 'NONE', #1754, .T. ) ;
#4060 = CARTESIAN_POINT ( 'NONE',  ( -1.399999999999989919, 0.1000000000000000056, 0.1250000000000000000 ) ) ;
#4061 = CARTESIAN_POINT ( 'NONE',  ( -1.200000000000000622, 0.7800000000000000266, -1.000000000000000222 ) ) ;
#4062 = ADVANCED_FACE ( 'NONE', ( #2527 ), #3968, .T. ) ;
#4063 = ORIENTED_EDGE ( 'NONE', *, *, #2032, .F. ) ;
#4064 = LINE ( 'NONE', #3644, #1965 ) ;
#4065 = DIRECTION ( 'NONE',  ( -4.565061778886335030E-16, 0.000000000000000000, -1.000000000000000000 ) ) ;
#4066 = DIRECTION ( 'NONE',  ( 1.000000000000000000, -0.000000000000000000, -0.000000000000000000 ) ) ;
#4067 = EDGE_CURVE ( 'NONE', #48, #4468, #345, .T. ) ;
#4068 = EDGE_CURVE ( 'NONE', #2573, #1635, #992, .T. ) ;
#4069 = ORIENTED_EDGE ( 'NONE', *, *, #4068, .T. ) ;
#4070 = FACE_OUTER_BOUND ( 'NONE', #3337, .T. ) ;
#4071 = DIRECTION ( 'NONE',  ( 0.000000000000000000, 0.000000000000000000, -1.000000000000000000 ) ) ;
#4072 = CARTESIAN_POINT ( 'NONE',  ( 0.6250000000000001110, 0.1000000000000000056, -1.149999999999999911 ) ) ;
#4073 = EDGE_LOOP ( 'NONE', ( #4000, #1841, #1959, #4433, #4154 ) ) ;
#4074 = LINE ( 'NONE', #3030, #1271 ) ;
#4075 = EDGE_CURVE ( 'NONE', #3842, #4687, #4730, .T. ) ;
#4076 = PLANE ( 'NONE',  #2595 ) ;
#4077 = EDGE_CURVE ( 'NONE', #4501, #577, #2094, .T. ) ;
#4078 = VECTOR ( 'NONE', #399, 1000.000000000000000 ) ;
#4079 = UNCERTAINTY_MEASURE_WITH_UNIT (LENGTH_MEASURE( 1.000000000000000082E-05 ), #378, 'distance_accuracy_value', 'NONE');
#4080 = PLANE ( 'NONE',  #928 ) ;
#4081 = VECTOR ( 'NONE', #3918, 1000.000000000000000 ) ;
#4082 = EDGE_LOOP ( 'NONE', ( #673, #3372, #1787, #2213 ) ) ;
#4083 = CARTESIAN_POINT ( 'NONE',  ( 0.6250000000000001110, 0.1000000000000000056, -1.149999999999999911 ) ) ;
#4084 = DIRECTION ( 'NONE',  ( 0.000000000000000000, 0.000000000000000000, 1.000000000000000000 ) ) ;
#4085 = VECTOR ( 'NONE', #4391, 1000.000000000000000 ) ;
#4086 = ORIENTED_EDGE ( 'NONE', *, *, #4638, .F. ) ;
#4087 = CARTESIAN_POINT ( 'NONE',  ( -0.6249999999999998890, 0.000000000000000000, -0.6750000000000000444 ) ) ;
#4088 = CARTESIAN_POINT ( 'NONE',  ( 0.1249999999999998890, 0.000000000000000000, 0.6750000000000000444 ) ) ;
#4089 = FACE_OUTER_BOUND ( 'NONE', #651, .T. ) ;
#4090 = LINE ( 'NONE', #1923, #807 ) ;
#4091 = VECTOR ( 'NONE', #3098, 1000.000000000000000 ) ;
#4092 = CARTESIAN_POINT ( 'NONE',  ( 1.399999999999989919, 0.000000000000000000, 0.1249999999999995698 ) ) ;
#4093 = VECTOR ( 'NONE', #1171, 1000.000000000000000 ) ;
#4094 = DIRECTION ( 'NONE',  ( 0.000000000000000000, -1.000000000000000000, 0.000000000000000000 ) ) ;
#4095 = AXIS2_PLACEMENT_3D ( 'NONE', #2275, #3287, #880 ) ;
#4096 = LINE ( 'NONE', #2331, #3092 ) ;
#4097 = ADVANCED_FACE ( 'NONE', ( #4372 ), #2428, .T. ) ;
#4098 = ORIENTED_EDGE ( 'NONE', *, *, #337, .T. ) ;
#4099 = PRESENTATION_LAYER_ASSIGNMENT (  '', '', ( #3429 ) ) ;
#4100 = VECTOR ( 'NONE', #4600, 1000.000000000000000 ) ;
#4101 = FACE_OUTER_BOUND ( 'NONE', #718, .T. ) ;
#4102 = PLANE ( 'NONE',  #1746 ) ;
#4103 = AXIS2_PLACEMENT_3D ( 'NONE', #1586, #1561, #3402 ) ;
#4104 = AXIS2_PLACEMENT_3D ( 'NONE', #3449, #232, #2770 ) ;
#4105 = ORIENTED_EDGE ( 'NONE', *, *, #3477, .T. ) ;
#4106 = ORIENTED_EDGE ( 'NONE', *, *, #181, .T. ) ;
#4107 = EDGE_CURVE ( 'NONE', #3378, #3541, #4449, .T. ) ;
#4108 = LINE ( 'NONE', #3642, #1588 ) ;
#4109 = EDGE_LOOP ( 'NONE', ( #1080, #342, #3061, #1854 ) ) ;
#4110 = DIRECTION ( 'NONE',  ( 3.097720492815694724E-15, -0.000000000000000000, 1.000000000000000000 ) ) ;
#4111 = LINE ( 'NONE', #4060, #4480 ) ;
#4112 = DIRECTION ( 'NONE',  ( 0.000000000000000000, -0.000000000000000000, 1.000000000000000000 ) ) ;
#4113 = VERTEX_POINT ( 'NONE', #412 ) ;
#4114 = PLANE ( 'NONE',  #2121 ) ;
#4115 = CARTESIAN_POINT ( 'NONE',  ( 0.000000000000000000, 0.1000000000000000056, 0.000000000000000000 ) ) ;
#4116 = CARTESIAN_POINT ( 'NONE',  ( 0.1249999999999998890, 0.1000000000000000056, 0.6750000000000000444 ) ) ;
#4117 = LINE ( 'NONE', #845, #2412 ) ;
#4118 =( NAMED_UNIT ( * ) SI_UNIT ( $, .STERADIAN. ) SOLID_ANGLE_UNIT ( ) );
#4119 = LINE ( 'NONE', #1275, #1587 ) ;
#4120 = LINE ( 'NONE', #85, #1264 ) ;
#4121 = CARTESIAN_POINT ( 'NONE',  ( -0.1249999999999998890, 0.1000000000000000056, 0.6750000000000000444 ) ) ;
#4122 = VERTEX_POINT ( 'NONE', #4087 ) ;
#4123 = CARTESIAN_POINT ( 'NONE',  ( -1.399999999999995248, 0.000000000000000000, -0.3750000000000000000 ) ) ;
#4124 = VERTEX_POINT ( 'NONE', #1828 ) ;
#4125 = LINE ( 'NONE', #3767, #2431 ) ;
#4126 = ADVANCED_FACE ( 'NONE', ( #3739 ), #775, .F. ) ;
#4127 = ORIENTED_EDGE ( 'NONE', *, *, #1897, .F. ) ;
#4128 = CARTESIAN_POINT ( 'NONE',  ( 1.399999999999995248, 0.1000000000000000056, -0.1250000000000004441 ) ) ;
#4129 = FILL_AREA_STYLE ('',( #2662 ) ) ;
#4130 = ADVANCED_FACE ( 'NONE', ( #2188 ), #28, .F. ) ;
#4131 = ORIENTED_EDGE ( 'NONE', *, *, #129, .F. ) ;
#4132 = AXIS2_PLACEMENT_3D ( 'NONE', #1606, #1579, #1188 ) ;
#4133 = ADVANCED_FACE ( 'NONE', ( #3688 ), #3709, .T. ) ;
#4134 = LINE ( 'NONE', #3014, #3241 ) ;
#4135 = DIRECTION ( 'NONE',  ( 1.000000000000000000, -0.000000000000000000, -0.000000000000000000 ) ) ;
#4136 = VECTOR ( 'NONE', #2480, 1000.000000000000000 ) ;
#4137 = ORIENTED_EDGE ( 'NONE', *, *, #3925, .T. ) ;
#4138 = DIRECTION ( 'NONE',  ( -1.000000000000000000, 0.000000000000000000, -4.565061778886335030E-16 ) ) ;
#4139 = EDGE_CURVE ( 'NONE', #3064, #526, #1901, .T. ) ;
#4140 = DIRECTION ( 'NONE',  ( 0.000000000000000000, 0.000000000000000000, 1.000000000000000000 ) ) ;
#4141 = FACE_OUTER_BOUND ( 'NONE', #3422, .T. ) ;
#4142 = LINE ( 'NONE', #1032, #440 ) ;
#4143 = LINE ( 'NONE', #1597, #435 ) ;
#4144 = LINE ( 'NONE', #871, #1339 ) ;
#4145 = CARTESIAN_POINT ( 'NONE',  ( 0.9249999999999952704, 0.000000000000000000, -0.3750000000000002220 ) ) ;
#4146 = ORIENTED_EDGE ( 'NONE', *, *, #4380, .T. ) ;
#4147 = ORIENTED_EDGE ( 'NONE', *, *, #128, .T. ) ;
#4148 = LINE ( 'NONE', #1322, #2800 ) ;
#4149 = ORIENTED_EDGE ( 'NONE', *, *, #2679, .T. ) ;
#4150 = PLANE ( 'NONE',  #2808 ) ;
#4151 = ORIENTED_EDGE ( 'NONE', *, *, #2234, .T. ) ;
#4152 = DIRECTION ( 'NONE',  ( -0.000000000000000000, -1.000000000000000000, -0.000000000000000000 ) ) ;
#4153 = PLANE ( 'NONE',  #3773 ) ;
#4154 = ORIENTED_EDGE ( 'NONE', *, *, #3299, .F. ) ;
#4155 = EDGE_CURVE ( 'NONE', #4528, #2257, #2624, .T. ) ;
#4156 = EDGE_LOOP ( 'NONE', ( #4749, #2525, #2565, #3961 ) ) ;
#4157 = VECTOR ( 'NONE', #2968, 1000.000000000000000 ) ;
#4158 = EDGE_CURVE ( 'NONE', #1750, #2875, #3313, .T. ) ;
#4159 = ORIENTED_EDGE ( 'NONE', *, *, #3320, .F. ) ;
#4160 = DIRECTION ( 'NONE',  ( 0.000000000000000000, -1.000000000000000000, 0.000000000000000000 ) ) ;
#4161 = VECTOR ( 'NONE', #4275, 1000.000000000000000 ) ;
#4162 = CARTESIAN_POINT ( 'NONE',  ( 0.9249999999999848344, 0.1000000000000000056, 0.8749999999999991118 ) ) ;
#4163 = CARTESIAN_POINT ( 'NONE',  ( -1.200000000000000622, 0.7800000000000000266, -1.125000000000000666 ) ) ;
#4164 = EDGE_CURVE ( 'NONE', #3963, #322, #4064, .T. ) ;
#4165 = VECTOR ( 'NONE', #2684, 1000.000000000000000 ) ;
#4166 = EDGE_CURVE ( 'NONE', #925, #1290, #1872, .T. ) ;
#4167 = FILL_AREA_STYLE ('',( #3118 ) ) ;
#4168 = DIRECTION ( 'NONE',  ( 0.000000000000000000, 0.000000000000000000, 1.000000000000000000 ) ) ;
#4169 = DIRECTION ( 'NONE',  ( -0.000000000000000000, -0.000000000000000000, 1.000000000000000000 ) ) ;
#4170 = CARTESIAN_POINT ( 'NONE',  ( -0.1250000000000001110, 0.000000000000000000, 1.149999999999999911 ) ) ;
#4171 = VECTOR ( 'NONE', #2866, 1000.000000000000000 ) ;
#4172 = DIRECTION ( 'NONE',  ( -0.000000000000000000, -1.000000000000000000, -0.000000000000000000 ) ) ;
#4173 = DIRECTION ( 'NONE',  ( 0.000000000000000000, -0.000000000000000000, 1.000000000000000000 ) ) ;
#4174 = AXIS2_PLACEMENT_3D ( 'NONE', #3669, #2301, #4516 ) ;
#4175 = VECTOR ( 'NONE', #3894, 1000.000000000000000 ) ;
#4176 = ORIENTED_EDGE ( 'NONE', *, *, #2878, .F. ) ;
#4177 = LINE ( 'NONE', #592, #4268 ) ;
#4178 = PRESENTATION_LAYER_ASSIGNMENT (  '', '', ( #3651 ) ) ;
#4179 = AXIS2_PLACEMENT_3D ( 'NONE', #60, #107, #3713 ) ;
#4180 = UNCERTAINTY_MEASURE_WITH_UNIT (LENGTH_MEASURE( 1.000000000000000082E-05 ), #1645, 'distance_accuracy_value', 'NONE');
#4181 = ORIENTED_EDGE ( 'NONE', *, *, #3521, .F. ) ;
#4182 = CARTESIAN_POINT ( 'NONE',  ( -0.1250000000000001110, 0.000000000000000000, 1.149999999999999911 ) ) ;
#4183 = VECTOR ( 'NONE', #2373, 1000.000000000000000 ) ;
#4184 = AXIS2_PLACEMENT_3D ( 'NONE', #2682, #1826, #1935 ) ;
#4185 = ORIENTED_EDGE ( 'NONE', *, *, #2514, .T. ) ;
#4186 = DIRECTION ( 'NONE',  ( 0.000000000000000000, 0.000000000000000000, 1.000000000000000000 ) ) ;
#4187 = ORIENTED_EDGE ( 'NONE', *, *, #4357, .F. ) ;
#4188 = VERTEX_POINT ( 'NONE', #79 ) ;
#4189 = CARTESIAN_POINT ( 'NONE',  ( 1.399999999999995248, 0.1000000000000000056, -0.3750000000000002220 ) ) ;
#4190 = ADVANCED_FACE ( 'NONE', ( #3991 ), #3338, .F. ) ;
#4191 = LINE ( 'NONE', #2372, #2713 ) ;
#4192 = DIRECTION ( 'NONE',  ( 0.000000000000000000, 0.000000000000000000, -1.000000000000000000 ) ) ;
#4193 = CARTESIAN_POINT ( 'NONE',  ( 0.6250000000000001110, 0.000000000000000000, 1.149999999999999911 ) ) ;
#4194 = DIRECTION ( 'NONE',  ( -1.000000000000000000, 0.000000000000000000, 0.000000000000000000 ) ) ;
#4195 = ORIENTED_EDGE ( 'NONE', *, *, #4323, .F. ) ;
#4196 = FACE_OUTER_BOUND ( 'NONE', #2788, .T. ) ;
#4197 = FACE_OUTER_BOUND ( 'NONE', #3953, .T. ) ;
#4198 = LINE ( 'NONE', #4242, #88 ) ;
#4199 = ORIENTED_EDGE ( 'NONE', *, *, #2658, .F. ) ;
#4200 = CARTESIAN_POINT ( 'NONE',  ( -0.6249999999999998890, 0.000000000000000000, -0.6750000000000000444 ) ) ;
#4201 = ORIENTED_EDGE ( 'NONE', *, *, #1687, .F. ) ;
#4202 = DIRECTION ( 'NONE',  ( 0.000000000000000000, 0.000000000000000000, -1.000000000000000000 ) ) ;
#4203 = FACE_OUTER_BOUND ( 'NONE', #3007, .T. ) ;
#4204 = VERTEX_POINT ( 'NONE', #58 ) ;
#4205 = LINE ( 'NONE', #475, #1033 ) ;
#4206 = CARTESIAN_POINT ( 'NONE',  ( -1.200000000000000622, 0.7800000000000000266, -0.8750000000000000000 ) ) ;
#4207 = EDGE_LOOP ( 'NONE', ( #3469, #854, #1623, #2698 ) ) ;
#4208 = ORIENTED_EDGE ( 'NONE', *, *, #2799, .F. ) ;
#4209 = VECTOR ( 'NONE', #1050, 1000.000000000000000 ) ;
#4210 = ORIENTED_EDGE ( 'NONE', *, *, #3220, .F. ) ;
#4211 = LINE ( 'NONE', #939, #290 ) ;
#4212 = DIRECTION ( 'NONE',  ( 0.000000000000000000, -0.000000000000000000, 1.000000000000000000 ) ) ;
#4213 = DIRECTION ( 'NONE',  ( 0.000000000000000000, -0.000000000000000000, 1.000000000000000000 ) ) ;
#4214 = PLANE ( 'NONE',  #1651 ) ;
#4215 = VECTOR ( 'NONE', #2285, 1000.000000000000000 ) ;
#4216 = ADVANCED_FACE ( 'NONE', ( #1084 ), #1851, .T. ) ;
#4217 = CARTESIAN_POINT ( 'NONE',  ( 1.399999999999995248, 0.1000000000000000056, -0.3750000000000002220 ) ) ;
#4218 = PLANE ( 'NONE',  #2424 ) ;
#4219 = CARTESIAN_POINT ( 'NONE',  ( 1.399999999999996581, 0.000000000000000000, -0.8750000000000557332 ) ) ;
#4220 = PRESENTATION_STYLE_ASSIGNMENT (( #2097 ) ) ;
#4221 = ADVANCED_FACE ( 'NONE', ( #1469 ), #2935, .T. ) ;
#4222 = EDGE_CURVE ( 'NONE', #887, #4420, #4470, .T. ) ;
#4223 = ORIENTED_EDGE ( 'NONE', *, *, #2268, .T. ) ;
#4224 = DIRECTION ( 'NONE',  ( -0.000000000000000000, -1.000000000000000000, -0.000000000000000000 ) ) ;
#4225 = EDGE_LOOP ( 'NONE', ( #94, #547, #478, #2849 ) ) ;
#4226 = CYLINDRICAL_SURFACE ( 'NONE', #3727, 0.1250000000000002220 ) ;
#4227 = EDGE_CURVE ( 'NONE', #3144, #3179, #2645, .T. ) ;
#4228 = ORIENTED_EDGE ( 'NONE', *, *, #806, .T. ) ;
#4229 = DIRECTION ( 'NONE',  ( 0.000000000000000000, -0.000000000000000000, 1.000000000000000000 ) ) ;
#4230 = EDGE_LOOP ( 'NONE', ( #2334, #1611, #1094, #3999 ) ) ;
#4231 = EDGE_LOOP ( 'NONE', ( #1075, #3538, #4719, #727 ) ) ;
#4232 = DIRECTION ( 'NONE',  ( 1.000000000000000000, 0.000000000000000000, 0.000000000000000000 ) ) ;
#4233 = CARTESIAN_POINT ( 'NONE',  ( -1.399999999999995248, 0.000000000000000000, -0.1250000000000000000 ) ) ;
#4234 = LINE ( 'NONE', #222, #1745 ) ;
#4235 = AXIS2_PLACEMENT_3D ( 'NONE', #3044, #1219, #1560 ) ;
#4236 = DIRECTION ( 'NONE',  ( -1.000000000000000000, 0.000000000000000000, -0.000000000000000000 ) ) ;
#4237 = VERTEX_POINT ( 'NONE', #4395 ) ;
#4238 = CARTESIAN_POINT ( 'NONE',  ( 1.399999999999995248, 0.1000000000000000056, -0.1250000000000004441 ) ) ;
#4239 = COLOUR_RGB ( '',1.000000000000000000, 0.8117647058823529438, 0.5019607843137254832 ) ;
#4240 = PLANE ( 'NONE',  #3036 ) ;
#4241 = DIRECTION ( 'NONE',  ( -1.000000000000000000, 0.000000000000000000, 0.000000000000000000 ) ) ;
#4242 = CARTESIAN_POINT ( 'NONE',  ( -1.399999999999989919, 0.000000000000000000, 0.3750000000000000000 ) ) ;
#4243 =( NAMED_UNIT ( * ) SI_UNIT ( $, .STERADIAN. ) SOLID_ANGLE_UNIT ( ) );
#4244 = VECTOR ( 'NONE', #1903, 1000.000000000000000 ) ;
#4245 = ORIENTED_EDGE ( 'NONE', *, *, #3295, .T. ) ;
#4246 = VECTOR ( 'NONE', #2404, 1000.000000000000000 ) ;
#4247 = ADVANCED_FACE ( 'NONE', ( #1103 ), #757, .F. ) ;
#4248 = ORIENTED_EDGE ( 'NONE', *, *, #3288, .T. ) ;
#4249 = ADVANCED_FACE ( 'NONE', ( #2736 ), #2668, .F. ) ;
#4250 = AXIS2_PLACEMENT_3D ( 'NONE', #525, #1283, #3537 ) ;
#4251 = LINE ( 'NONE', #3470, #1383 ) ;
#4252 = VECTOR ( 'NONE', #659, 1000.000000000000000 ) ;
#4253 = DIRECTION ( 'NONE',  ( 1.000000000000000000, 0.000000000000000000, -4.565061778886335030E-16 ) ) ;
#4254 = ORIENTED_EDGE ( 'NONE', *, *, #3226, .F. ) ;
#4255 = STYLED_ITEM ( 'NONE', ( #199 ), #2843 ) ;
#4256 = LINE ( 'NONE', #3875, #733 ) ;
#4257 = FILL_AREA_STYLE_COLOUR ( '', #4352 ) ;
#4258 = ORIENTED_EDGE ( 'NONE', *, *, #1480, .T. ) ;
#4259 = EDGE_CURVE ( 'NONE', #1135, #496, #3801, .T. ) ;
#4260 = ORIENTED_EDGE ( 'NONE', *, *, #4017, .T. ) ;
#4261 = AXIS2_PLACEMENT_3D ( 'NONE', #916, #2067, #4267 ) ;
#4262 = CIRCLE ( 'NONE', #1437, 0.1250000000000002220 ) ;
#4263 = EDGE_LOOP ( 'NONE', ( #9, #1936, #1672, #862 ) ) ;
#4264 = CARTESIAN_POINT ( 'NONE',  ( -0.1250000000000001110, 0.1000000000000000056, 1.149999999999999911 ) ) ;
#4265 = CARTESIAN_POINT ( 'NONE',  ( 0.000000000000000000, 0.000000000000000000, 0.000000000000000000 ) ) ;
#4266 = AXIS2_PLACEMENT_3D ( 'NONE', #2444, #2368, #3876 ) ;
#4267 = DIRECTION ( 'NONE',  ( -0.000000000000000000, 0.000000000000000000, -1.000000000000000000 ) ) ;
#4268 = VECTOR ( 'NONE', #616, 1000.000000000000000 ) ;
#4269 = DIRECTION ( 'NONE',  ( -1.000000000000000000, -0.000000000000000000, -0.000000000000000000 ) ) ;
#4270 = EDGE_LOOP ( 'NONE', ( #251, #3623, #260, #3637 ) ) ;
#4271 = VERTEX_POINT ( 'NONE', #1680 ) ;
#4272 = CARTESIAN_POINT ( 'NONE',  ( 1.399999999999995248, 0.000000000000000000, -0.3750000000000002220 ) ) ;
#4273 = DIRECTION ( 'NONE',  ( -1.000000000000000000, 0.000000000000000000, 0.000000000000000000 ) ) ;
#4274 = CARTESIAN_POINT ( 'NONE',  ( -1.400000000000000355, 0.000000000000000000, -0.8750000000000000000 ) ) ;
#4275 = DIRECTION ( 'NONE',  ( -0.7071067811865336949, 0.000000000000000000, -0.7071067811865613395 ) ) ;
#4276 = CARTESIAN_POINT ( 'NONE',  ( -0.1249999999999998890, 0.000000000000000000, -0.6750000000000000444 ) ) ;
#4277 = EDGE_LOOP ( 'NONE', ( #4337, #3123, #903, #1783 ) ) ;
#4278 = DIRECTION ( 'NONE',  ( 1.000000000000000000, 0.000000000000000000, -7.509526626267981124E-14 ) ) ;
#4279 = ORIENTED_EDGE ( 'NONE', *, *, #1095, .T. ) ;
#4280 = LINE ( 'NONE', #279, #3817 ) ;
#4281 = ADVANCED_FACE ( 'NONE', ( #3439 ), #4114, .T. ) ;
#4282 = DIRECTION ( 'NONE',  ( 1.000000000000000000, 0.000000000000000000, 0.000000000000000000 ) ) ;
#4283 = ORIENTED_EDGE ( 'NONE', *, *, #2440, .F. ) ;
#4284 = CARTESIAN_POINT ( 'NONE',  ( -1.049999999999996714, 0.000000000000000000, -0.8750000000000011102 ) ) ;
#4285 = EDGE_LOOP ( 'NONE', ( #878, #674, #2370, #4417 ) ) ;
#4286 = ORIENTED_EDGE ( 'NONE', *, *, #2212, .F. ) ;
#4287 = EDGE_CURVE ( 'NONE', #3383, #4742, #2011, .T. ) ;
#4288 = LINE ( 'NONE', #1704, #2125 ) ;
#4289 = PLANE ( 'NONE',  #1646 ) ;
#4290 = PLANE ( 'NONE',  #2589 ) ;
#4291 = LINE ( 'NONE', #1639, #3490 ) ;
#4292 = VERTEX_POINT ( 'NONE', #149 ) ;
#4293 = CLOSED_SHELL ( 'NONE', ( #3025, #1446, #4247, #3548, #4007, #537 ) ) ;
#4294 = EDGE_CURVE ( 'NONE', #2755, #4237, #2347, .T. ) ;
#4295 = DIRECTION ( 'NONE',  ( 1.000000000000000000, 0.000000000000000000, 0.000000000000000000 ) ) ;
#4296 = VERTEX_POINT ( 'NONE', #555 ) ;
#4297 = DIRECTION ( 'NONE',  ( -0.000000000000000000, -0.000000000000000000, -1.000000000000000000 ) ) ;
#4298 = EDGE_CURVE ( 'NONE', #1282, #666, #1614, .T. ) ;
#4299 = DIRECTION ( 'NONE',  ( -0.000000000000000000, -1.000000000000000000, -0.000000000000000000 ) ) ;
#4300 = CARTESIAN_POINT ( 'NONE',  ( 0.6250000000000001110, 0.1000000000000000056, -1.149999999999999911 ) ) ;
#4301 = SURFACE_SIDE_STYLE ('',( #2838 ) ) ;
#4302 = FACE_OUTER_BOUND ( 'NONE', #2219, .T. ) ;
#4303 = ORIENTED_EDGE ( 'NONE', *, *, #4476, .T. ) ;
#4304 = CARTESIAN_POINT ( 'NONE',  ( 1.399999999999984812, 0.1000000000000000056, 0.6249999999999991118 ) ) ;
#4305 = DIRECTION ( 'NONE',  ( -1.000000000000000000, 0.000000000000000000, 3.097720492815694329E-15 ) ) ;
#4306 = DIRECTION ( 'NONE',  ( -1.000000000000000000, -0.000000000000000000, -0.000000000000000000 ) ) ;
#4307 = LINE ( 'NONE', #3931, #3793 ) ;
#4308 = VERTEX_POINT ( 'NONE', #3480 ) ;
#4309 = FACE_OUTER_BOUND ( 'NONE', #208, .T. ) ;
#4310 = VERTEX_POINT ( 'NONE', #843 ) ;
#4311 = EDGE_LOOP ( 'NONE', ( #2322, #3662, #1491, #742 ) ) ;
#4312 = PLANE ( 'NONE',  #3324 ) ;
#4313 = CARTESIAN_POINT ( 'NONE',  ( 0.000000000000000000, 0.000000000000000000, 0.000000000000000000 ) ) ;
#4314 = EDGE_CURVE ( 'NONE', #3684, #3987, #3086, .T. ) ;
#4315 = VERTEX_POINT ( 'NONE', #3832 ) ;
#4316 = EDGE_LOOP ( 'NONE', ( #3904, #3078, #3334, #3591 ) ) ;
#4317 = EDGE_CURVE ( 'NONE', #1757, #2995, #3067, .T. ) ;
#4318 = LINE ( 'NONE', #3911, #2660 ) ;
#4319 = CARTESIAN_POINT ( 'NONE',  ( 1.499999999999999556, 0.8299999999999999600, 1.250000000000000000 ) ) ;
#4320 = DIRECTION ( 'NONE',  ( 0.000000000000000000, -1.000000000000000000, 0.000000000000000000 ) ) ;
#4321 = AXIS2_PLACEMENT_3D ( 'NONE', #2980, #74, #4084 ) ;
#4322 = FACE_OUTER_BOUND ( 'NONE', #2555, .T. ) ;
#4323 = EDGE_CURVE ( 'NONE', #3312, #3556, #1942, .T. ) ;
#4324 = FACE_OUTER_BOUND ( 'NONE', #3818, .T. ) ;
#4325 = EDGE_CURVE ( 'NONE', #3987, #1291, #192, .T. ) ;
#4326 = VECTOR ( 'NONE', #249, 1000.000000000000000 ) ;
#4327 = LINE ( 'NONE', #1782, #812 ) ;
#4328 = VERTEX_POINT ( 'NONE', #3048 ) ;
#4329 = CARTESIAN_POINT ( 'NONE',  ( -0.1249999999999998890, 0.000000000000000000, -0.6750000000000000444 ) ) ;
#4330 = LINE ( 'NONE', #1767, #2961 ) ;
#4331 = STYLED_ITEM ( 'NONE', ( #105 ), #1404 ) ;
#4332 = ORIENTED_EDGE ( 'NONE', *, *, #455, .F. ) ;
#4333 = VECTOR ( 'NONE', #445, 1000.000000000000000 ) ;
#4334 = DIRECTION ( 'NONE',  ( 0.000000000000000000, 0.000000000000000000, 1.000000000000000000 ) ) ;
#4335 = VERTEX_POINT ( 'NONE', #1636 ) ;
#4336 = VECTOR ( 'NONE', #2436, 1000.000000000000000 ) ;
#4337 = ORIENTED_EDGE ( 'NONE', *, *, #2607, .T. ) ;
#4338 = ORIENTED_EDGE ( 'NONE', *, *, #2540, .F. ) ;
#4339 = AXIS2_PLACEMENT_3D ( 'NONE', #1523, #3019, #2983 ) ;
#4340 = STYLED_ITEM ( 'NONE', ( #2295 ), #2984 ) ;
#4341 = VERTEX_POINT ( 'NONE', #1198 ) ;
#4342 = PRESENTATION_STYLE_ASSIGNMENT (( #240 ) ) ;
#4343 = CARTESIAN_POINT ( 'NONE',  ( 0.3749999999999998890, 0.1000000000000000056, 1.149999999999999911 ) ) ;
#4344 = CARTESIAN_POINT ( 'NONE',  ( -0.6249999999999642508, 0.1000000000000000056, 1.150000000000002576 ) ) ;
#4345 = ORIENTED_EDGE ( 'NONE', *, *, #3726, .F. ) ;
#4346 = PRESENTATION_LAYER_ASSIGNMENT (  '', '', ( #1891 ) ) ;
#4347 = ORIENTED_EDGE ( 'NONE', *, *, #250, .T. ) ;
#4348 = CARTESIAN_POINT ( 'NONE',  ( 0.000000000000000000, 0.000000000000000000, 0.000000000000000000 ) ) ;
#4349 = EDGE_CURVE ( 'NONE', #3684, #1673, #2398, .T. ) ;
#4350 = VERTEX_POINT ( 'NONE', #578 ) ;
#4351 = LINE ( 'NONE', #2835, #361 ) ;
#4352 = COLOUR_RGB ( '',1.000000000000000000, 0.8117647058823529438, 0.5019607843137254832 ) ;
#4353 = LINE ( 'NONE', #732, #3843 ) ;
#4354 = AXIS2_PLACEMENT_3D ( 'NONE', #4743, #2105, #4715 ) ;
#4355 =( NAMED_UNIT ( * ) PLANE_ANGLE_UNIT ( ) SI_UNIT ( $, .RADIAN. ) );
#4356 = DIRECTION ( 'NONE',  ( 1.000000000000000000, 0.000000000000000000, 0.000000000000000000 ) ) ;
#4357 = EDGE_CURVE ( 'NONE', #770, #2085, #3406, .T. ) ;
#4358 = CARTESIAN_POINT ( 'NONE',  ( 0.000000000000000000, 0.1000000000000000056, 0.000000000000000000 ) ) ;
#4359 = DIRECTION ( 'NONE',  ( 0.000000000000000000, -1.000000000000000000, 0.000000000000000000 ) ) ;
#4360 = EDGE_CURVE ( 'NONE', #696, #4554, #2757, .T. ) ;
#4361 = VERTEX_POINT ( 'NONE', #1589 ) ;
#4362 = DIRECTION ( 'NONE',  ( -0.000000000000000000, -0.000000000000000000, -1.000000000000000000 ) ) ;
#4363 = VERTEX_POINT ( 'NONE', #4189 ) ;
#4364 = ORIENTED_EDGE ( 'NONE', *, *, #4611, .F. ) ;
#4365 = ORIENTED_EDGE ( 'NONE', *, *, #2319, .F. ) ;
#4366 = LINE ( 'NONE', #3795, #1502 ) ;
#4367 = CARTESIAN_POINT ( 'NONE',  ( -0.9249999999999848344, 0.1000000000000000056, 0.6250000000000000000 ) ) ;
#4368 = LINE ( 'NONE', #2856, #1439 ) ;
#4369 = EDGE_LOOP ( 'NONE', ( #27, #4376, #4409, #1406 ) ) ;
#4370 = CARTESIAN_POINT ( 'NONE',  ( 0.3749999999999998890, 0.1000000000000000056, 1.149999999999999911 ) ) ;
#4371 = ORIENTED_EDGE ( 'NONE', *, *, #4155, .F. ) ;
#4372 = FACE_OUTER_BOUND ( 'NONE', #2283, .T. ) ;
#4373 = DIRECTION ( 'NONE',  ( 0.000000000000000000, 1.000000000000000000, 0.000000000000000000 ) ) ;
#4374 = LINE ( 'NONE', #1426, #1795 ) ;
#4375 = FILL_AREA_STYLE_COLOUR ( '', #2505 ) ;
#4376 = ORIENTED_EDGE ( 'NONE', *, *, #2476, .F. ) ;
#4377 = CARTESIAN_POINT ( 'NONE',  ( 0.3750000000000001110, 0.1000000000000000056, -0.6750000000000000444 ) ) ;
#4378 = CLOSED_SHELL ( 'NONE', ( #1150, #4190, #4249, #283, #3678, #1118 ) ) ;
#4379 = CARTESIAN_POINT ( 'NONE',  ( -1.500000000000000444, 0.8299999999999999600, 1.250000000000000000 ) ) ;
#4380 = EDGE_CURVE ( 'NONE', #931, #947, #4211, .T. ) ;
#4381 = EDGE_CURVE ( 'NONE', #2933, #4315, #1222, .T. ) ;
#4382 = EDGE_CURVE ( 'NONE', #3963, #4361, #509, .T. ) ;
#4383 = CARTESIAN_POINT ( 'NONE',  ( -0.9249999999999952704, 0.1000000000000000056, -0.3750000000000000000 ) ) ;
#4384 = ORIENTED_EDGE ( 'NONE', *, *, #3415, .T. ) ;
#4385 = EDGE_CURVE ( 'NONE', #22, #4420, #2469, .T. ) ;
#4386 = ORIENTED_EDGE ( 'NONE', *, *, #1859, .T. ) ;
#4387 = ORIENTED_EDGE ( 'NONE', *, *, #2918, .T. ) ;
#4388 = ADVANCED_FACE ( 'NONE', ( #294 ), #1006, .F. ) ;
#4389 = ORIENTED_EDGE ( 'NONE', *, *, #1480, .F. ) ;
#4390 = ORIENTED_EDGE ( 'NONE', *, *, #3234, .F. ) ;
#4391 = DIRECTION ( 'NONE',  ( 4.565061778886335030E-16, -0.000000000000000000, -1.000000000000000000 ) ) ;
#4392 = CARTESIAN_POINT ( 'NONE',  ( 1.399999999999995248, 0.1000000000000000056, -0.3750000000000002220 ) ) ;
#4393 = VERTEX_POINT ( 'NONE', #648 ) ;
#4394 = VERTEX_POINT ( 'NONE', #4606 ) ;
#4395 = CARTESIAN_POINT ( 'NONE',  ( 1.399999999999995248, 0.000000000000000000, -0.1250000000000004441 ) ) ;
#4396 = LINE ( 'NONE', #2845, #280 ) ;
#4397 = LINE ( 'NONE', #684, #3609 ) ;
#4398 = DIRECTION ( 'NONE',  ( -1.000000000000000000, 0.000000000000000000, 4.565061778886335030E-16 ) ) ;
#4399 =( LENGTH_UNIT ( ) NAMED_UNIT ( * ) SI_UNIT ( .MILLI., .METRE. ) );
#4400 = ORIENTED_EDGE ( 'NONE', *, *, #2293, .F. ) ;
#4401 = CARTESIAN_POINT ( 'NONE',  ( -1.399999999999989919, 0.1000000000000000056, 0.1250000000000000000 ) ) ;
#4402 = CARTESIAN_POINT ( 'NONE',  ( -1.399999999999989919, 0.1000000000000000056, 0.1250000000000000000 ) ) ;
#4403 = AXIS2_PLACEMENT_3D ( 'NONE', #1464, #3205, #2930 ) ;
#4404 = FACE_OUTER_BOUND ( 'NONE', #1232, .T. ) ;
#4405 = CARTESIAN_POINT ( 'NONE',  ( 0.9249999999999900524, 0.1000000000000000056, 0.3749999999999991673 ) ) ;
#4406 = AXIS2_PLACEMENT_3D ( 'NONE', #1279, #1714, #945 ) ;
#4407 = EDGE_CURVE ( 'NONE', #2024, #2139, #2854, .T. ) ;
#4408 = EDGE_LOOP ( 'NONE', ( #1562, #2776, #1941, #3238 ) ) ;
#4409 = ORIENTED_EDGE ( 'NONE', *, *, #188, .F. ) ;
#4410 = EDGE_CURVE ( 'NONE', #3567, #4508, #339, .T. ) ;
#4411 = ORIENTED_EDGE ( 'NONE', *, *, #1541, .F. ) ;
#4412 = FACE_OUTER_BOUND ( 'NONE', #4263, .T. ) ;
#4413 = VECTOR ( 'NONE', #4320, 1000.000000000000000 ) ;
#4414 = EDGE_CURVE ( 'NONE', #21, #3256, #4288, .T. ) ;
#4415 = CARTESIAN_POINT ( 'NONE',  ( -0.6249999999999642508, 0.1000000000000000056, 1.150000000000002576 ) ) ;
#4416 = DIRECTION ( 'NONE',  ( 0.000000000000000000, 0.000000000000000000, -1.000000000000000000 ) ) ;
#4417 = ORIENTED_EDGE ( 'NONE', *, *, #45, .T. ) ;
#4418 = MANIFOLD_SOLID_BREP ( 'Boss-Extrude3[11]', #2997 ) ;
#4419 = VECTOR ( 'NONE', #442, 1000.000000000000000 ) ;
#4420 = VERTEX_POINT ( 'NONE', #4676 ) ;
#4421 = DIRECTION ( 'NONE',  ( -1.000000000000000000, 0.000000000000000000, 0.000000000000000000 ) ) ;
#4422 = LINE ( 'NONE', #1132, #2082 ) ;
#4423 = VECTOR ( 'NONE', #4297, 1000.000000000000000 ) ;
#4424 = DIRECTION ( 'NONE',  ( 0.000000000000000000, 0.000000000000000000, -1.000000000000000000 ) ) ;
#4425 = MECHANICAL_DESIGN_GEOMETRIC_PRESENTATION_REPRESENTATION (  '', ( #3429 ), #2429 ) ;
#4426 = VECTOR ( 'NONE', #3397, 1000.000000000000000 ) ;
#4427 = EDGE_LOOP ( 'NONE', ( #875, #1952, #2205, #2894 ) ) ;
#4428 = CARTESIAN_POINT ( 'NONE',  ( 0.6250000000000001110, 0.000000000000000000, -1.149999999999999911 ) ) ;
#4429 = CARTESIAN_POINT ( 'NONE',  ( 1.399999999999984812, 0.1000000000000000056, 0.6249999999999991118 ) ) ;
#4430 = CARTESIAN_POINT ( 'NONE',  ( -1.399999999999984812, 0.1000000000000000056, 0.6250000000000000000 ) ) ;
#4431 = VECTOR ( 'NONE', #3230, 1000.000000000000000 ) ;
#4432 = AXIS2_PLACEMENT_3D ( 'NONE', #2512, #2532, #4738 ) ;
#4433 = ORIENTED_EDGE ( 'NONE', *, *, #3033, .F. ) ;
#4434 = CARTESIAN_POINT ( 'NONE',  ( -1.399999999999995248, 0.1000000000000000056, -0.3750000000000000000 ) ) ;
#4435 = DIRECTION ( 'NONE',  ( -1.000000000000000000, 0.000000000000000000, -0.000000000000000000 ) ) ;
#4436 = MANIFOLD_SOLID_BREP ( 'Boss-Extrude3[1]', #3142 ) ;
#4437 = ORIENTED_EDGE ( 'NONE', *, *, #840, .F. ) ;
#4438 = CARTESIAN_POINT ( 'NONE',  ( 1.399999999999995248, 0.000000000000000000, -0.3750000000000002220 ) ) ;
#4439 = EDGE_CURVE ( 'NONE', #2035, #3895, #958, .T. ) ;
#4440 = ORIENTED_EDGE ( 'NONE', *, *, #2593, .T. ) ;
#4441 = ORIENTED_EDGE ( 'NONE', *, *, #1479, .F. ) ;
#4442 = CARTESIAN_POINT ( 'NONE',  ( -0.6249999999999642508, 0.1000000000000000056, 1.150000000000002576 ) ) ;
#4443 = CARTESIAN_POINT ( 'NONE',  ( 0.3749999999999998890, 0.1000000000000000056, 1.149999999999999911 ) ) ;
#4444 = PLANE ( 'NONE',  #4103 ) ;
#4445 = EDGE_CURVE ( 'NONE', #1043, #2907, #3154, .T. ) ;
#4446 = ORIENTED_EDGE ( 'NONE', *, *, #4654, .F. ) ;
#4447 = EDGE_CURVE ( 'NONE', #4621, #2453, #2739, .T. ) ;
#4448 = ORIENTED_EDGE ( 'NONE', *, *, #54, .F. ) ;
#4449 = LINE ( 'NONE', #4042, #1513 ) ;
#4450 = CARTESIAN_POINT ( 'NONE',  ( 0.9250000000000004885, 0.1000000000000000056, -0.6250000000000000000 ) ) ;
#4451 = APPLICATION_CONTEXT ( 'automotive_design' ) ;
#4452 = DIRECTION ( 'NONE',  ( 0.000000000000000000, -1.000000000000000000, 0.000000000000000000 ) ) ;
#4453 = EDGE_CURVE ( 'NONE', #4204, #3826, #4234, .T. ) ;
#4454 = EDGE_LOOP ( 'NONE', ( #1725, #2300, #1484, #4512 ) ) ;
#4455 = CARTESIAN_POINT ( 'NONE',  ( -0.9249999999999848344, 0.1000000000000000056, 0.6250000000000000000 ) ) ;
#4456 = PLANE ( 'NONE',  #2416 ) ;
#4457 = FACE_OUTER_BOUND ( 'NONE', #2363, .T. ) ;
#4458 = VECTOR ( 'NONE', #3701, 1000.000000000000000 ) ;
#4459 = LINE ( 'NONE', #113, #3346 ) ;
#4460 = LINE ( 'NONE', #2587, #3436 ) ;
#4461 = ORIENTED_EDGE ( 'NONE', *, *, #825, .F. ) ;
#4462 = PLANE ( 'NONE',  #3380 ) ;
#4463 = CARTESIAN_POINT ( 'NONE',  ( -1.400000000000000355, 0.000000000000000000, -0.6250000000000000000 ) ) ;
#4464 = ORIENTED_EDGE ( 'NONE', *, *, #2625, .T. ) ;
#4465 = CARTESIAN_POINT ( 'NONE',  ( 0.9249999999999900524, 0.000000000000000000, 0.1249999999999995698 ) ) ;
#4466 = DIRECTION ( 'NONE',  ( 4.565061778886335030E-16, 0.000000000000000000, 1.000000000000000000 ) ) ;
#4467 = CARTESIAN_POINT ( 'NONE',  ( 0.1249999999999998890, 0.1000000000000000056, 0.6750000000000000444 ) ) ;
#4468 = VERTEX_POINT ( 'NONE', #3522 ) ;
#4469 = ORIENTED_EDGE ( 'NONE', *, *, #156, .T. ) ;
#4470 = LINE ( 'NONE', #818, #4093 ) ;
#4471 = LINE ( 'NONE', #485, #2623 ) ;
#4472 = CARTESIAN_POINT ( 'NONE',  ( 1.399999999999996581, 0.000000000000000000, -0.8750000000000557332 ) ) ;
#4473 = LINE ( 'NONE', #781, #669 ) ;
#4474 = DIRECTION ( 'NONE',  ( 0.000000000000000000, 0.000000000000000000, -1.000000000000000000 ) ) ;
#4475 = CARTESIAN_POINT ( 'NONE',  ( -0.6250000000000001110, 0.1000000000000000056, -1.149999999999999911 ) ) ;
#4476 = EDGE_CURVE ( 'NONE', #2103, #4687, #1314, .T. ) ;
#4477 = DIRECTION ( 'NONE',  ( 1.000000000000000000, 0.000000000000000000, -4.565061778886335030E-16 ) ) ;
#4478 = CARTESIAN_POINT ( 'NONE',  ( 1.399999999999989919, 0.000000000000000000, 0.1249999999999995698 ) ) ;
#4479 = DIRECTION ( 'NONE',  ( -1.000000000000000000, -0.000000000000000000, -0.000000000000000000 ) ) ;
#4480 = VECTOR ( 'NONE', #2998, 1000.000000000000000 ) ;
#4481 = UNCERTAINTY_MEASURE_WITH_UNIT (LENGTH_MEASURE( 1.000000000000000082E-05 ), #4588, 'distance_accuracy_value', 'NONE');
#4482 = CARTESIAN_POINT ( 'NONE',  ( 1.399999999999989919, 0.000000000000000000, 0.1249999999999995698 ) ) ;
#4483 = ORIENTED_EDGE ( 'NONE', *, *, #2607, .F. ) ;
#4484 = LINE ( 'NONE', #1960, #4565 ) ;
#4485 = PLANE ( 'NONE',  #4629 ) ;
#4486 = LINE ( 'NONE', #1917, #1818 ) ;
#4487 = AXIS2_PLACEMENT_3D ( 'NONE', #486, #4518, #1568 ) ;
#4488 = VECTOR ( 'NONE', #2503, 1000.000000000000000 ) ;
#4489 = ORIENTED_EDGE ( 'NONE', *, *, #1658, .F. ) ;
#4490 = CARTESIAN_POINT ( 'NONE',  ( 1.399999999999995248, 0.1000000000000000056, -0.3750000000000002220 ) ) ;
#4491 = PLANE ( 'NONE',  #2581 ) ;
#4492 = CARTESIAN_POINT ( 'NONE',  ( 0.6250000000000001110, 0.1000000000000000056, 1.149999999999999911 ) ) ;
#4493 = VECTOR ( 'NONE', #1979, 1000.000000000000000 ) ;
#4494 = EDGE_CURVE ( 'NONE', #87, #3772, #2042, .T. ) ;
#4495 = FACE_OUTER_BOUND ( 'NONE', #2982, .T. ) ;
#4496 = LINE ( 'NONE', #763, #3938 ) ;
#4497 = VECTOR ( 'NONE', #3209, 1000.000000000000000 ) ;
#4498 = LINE ( 'NONE', #110, #1580 ) ;
#4499 = AXIS2_PLACEMENT_3D ( 'NONE', #1154, #2239, #4424 ) ;
#4500 = CARTESIAN_POINT ( 'NONE',  ( -1.200000000000000622, 0.8299999999999999600, -1.000000000000000222 ) ) ;
#4501 = VERTEX_POINT ( 'NONE', #243 ) ;
#4502 = AXIS2_PLACEMENT_3D ( 'NONE', #2772, #3873, #2027 ) ;
#4503 = ADVANCED_FACE ( 'NONE', ( #3136 ), #4290, .T. ) ;
#4504 = CARTESIAN_POINT ( 'NONE',  ( 1.399999999999995248, 0.1000000000000000056, -0.3750000000000002220 ) ) ;
#4505 = DIRECTION ( 'NONE',  ( -0.000000000000000000, -0.000000000000000000, 1.000000000000000000 ) ) ;
#4506 = ADVANCED_FACE ( 'NONE', ( #2451 ), #3460, .F. ) ;
#4507 = VECTOR ( 'NONE', #948, 1000.000000000000000 ) ;
#4508 = VERTEX_POINT ( 'NONE', #3883 ) ;
#4509 = CARTESIAN_POINT ( 'NONE',  ( -1.500000000000000444, 0.8299999999999999600, -1.250000000000000000 ) ) ;
#4510 = DIRECTION ( 'NONE',  ( 0.000000000000000000, 0.000000000000000000, 1.000000000000000000 ) ) ;
#4511 = EDGE_CURVE ( 'NONE', #169, #2214, #1706, .T. ) ;
#4512 = ORIENTED_EDGE ( 'NONE', *, *, #950, .F. ) ;
#4513 = CARTESIAN_POINT ( 'NONE',  ( 0.6249999999999998890, 0.000000000000000000, 0.6750000000000000444 ) ) ;
#4514 = LINE ( 'NONE', #3751, #568 ) ;
#4515 = ORIENTED_EDGE ( 'NONE', *, *, #1325, .T. ) ;
#4516 = DIRECTION ( 'NONE',  ( 1.000000000000000000, 0.000000000000000000, -0.000000000000000000 ) ) ;
#4517 = LINE ( 'NONE', #59, #1849 ) ;
#4518 = DIRECTION ( 'NONE',  ( 0.000000000000000000, 1.000000000000000000, -0.000000000000000000 ) ) ;
#4519 = PLANE ( 'NONE',  #4720 ) ;
#4520 = CARTESIAN_POINT ( 'NONE',  ( 0.000000000000000000, 0.1000000000000000056, 0.000000000000000000 ) ) ;
#4521 = FACE_OUTER_BOUND ( 'NONE', #4316, .T. ) ;
#4522 = ORIENTED_EDGE ( 'NONE', *, *, #3906, .T. ) ;
#4523 = DIRECTION ( 'NONE',  ( -0.000000000000000000, 0.000000000000000000, 1.000000000000000000 ) ) ;
#4524 = ORIENTED_EDGE ( 'NONE', *, *, #2824, .T. ) ;
#4525 = PLANE ( 'NONE',  #4104 ) ;
#4526 = EDGE_CURVE ( 'NONE', #4501, #3783, #2780, .T. ) ;
#4527 = ADVANCED_FACE ( 'NONE', ( #3860 ), #607, .T. ) ;
#4528 = VERTEX_POINT ( 'NONE', #1336 ) ;
#4529 = AXIS2_PLACEMENT_3D ( 'NONE', #1278, #922, #2529 ) ;
#4530 = EDGE_CURVE ( 'NONE', #2939, #48, #3156, .T. ) ;
#4531 = CARTESIAN_POINT ( 'NONE',  ( 1.399999999999984812, 0.1000000000000000056, 0.8749999999999991118 ) ) ;
#4532 = VERTEX_POINT ( 'NONE', #4628 ) ;
#4533 = CARTESIAN_POINT ( 'NONE',  ( -0.9250000000000004885, 0.000000000000000000, -0.7500000000000000000 ) ) ;
#4534 = AXIS2_PLACEMENT_3D ( 'NONE', #2066, #940, #2450 ) ;
#4535 = CARTESIAN_POINT ( 'NONE',  ( -0.3749999999999998890, 0.000000000000000000, -1.149999999999999911 ) ) ;
#4536 = EDGE_CURVE ( 'NONE', #4363, #887, #2805, .T. ) ;
#4537 = ORIENTED_EDGE ( 'NONE', *, *, #4551, .F. ) ;
#4538 = EDGE_LOOP ( 'NONE', ( #1862, #569, #2731, #1286 ) ) ;
#4539 = DIRECTION ( 'NONE',  ( 0.000000000000000000, -1.000000000000000000, 0.000000000000000000 ) ) ;
#4540 = DIRECTION ( 'NONE',  ( 0.000000000000000000, 0.000000000000000000, -1.000000000000000000 ) ) ;
#4541 = DIRECTION ( 'NONE',  ( 0.000000000000000000, 1.000000000000000000, 0.000000000000000000 ) ) ;
#4542 = CARTESIAN_POINT ( 'NONE',  ( 0.6249999999999998890, 0.1000000000000000056, 0.6750000000000000444 ) ) ;
#4543 = MANIFOLD_SOLID_BREP ( 'Boss-Extrude3[7]', #2539 ) ;
#4544 = CARTESIAN_POINT ( 'NONE',  ( 0.6250000000000001110, 0.1000000000000000056, 1.149999999999999911 ) ) ;
#4545 = CARTESIAN_POINT ( 'NONE',  ( -0.1250000000000001110, 0.000000000000000000, 1.149999999999999911 ) ) ;
#4546 = DIRECTION ( 'NONE',  ( 0.000000000000000000, -0.000000000000000000, 1.000000000000000000 ) ) ;
#4547 = CARTESIAN_POINT ( 'NONE',  ( -0.6249999999999998890, 0.000000000000000000, 0.6750000000000000444 ) ) ;
#4548 = ORIENTED_EDGE ( 'NONE', *, *, #4317, .F. ) ;
#4549 = ORIENTED_EDGE ( 'NONE', *, *, #2606, .F. ) ;
#4550 = FACE_OUTER_BOUND ( 'NONE', #2864, .T. ) ;
#4551 = EDGE_CURVE ( 'NONE', #1021, #3566, #1366, .T. ) ;
#4552 = DIRECTION ( 'NONE',  ( 0.000000000000000000, 0.000000000000000000, -1.000000000000000000 ) ) ;
#4553 = VECTOR ( 'NONE', #2290, 1000.000000000000000 ) ;
#4554 = VERTEX_POINT ( 'NONE', #3986 ) ;
#4555 = CARTESIAN_POINT ( 'NONE',  ( 0.000000000000000000, 0.000000000000000000, 0.000000000000000000 ) ) ;
#4556 = EDGE_CURVE ( 'NONE', #4621, #33, #297, .T. ) ;
#4557 = PLANE ( 'NONE',  #3626 ) ;
#4558 = ORIENTED_EDGE ( 'NONE', *, *, #2218, .F. ) ;
#4559 = AXIS2_PLACEMENT_3D ( 'NONE', #1621, #4477, #1228 ) ;
#4560 = EDGE_CURVE ( 'NONE', #2257, #1926, #1847, .T. ) ;
#4561 = DIRECTION ( 'NONE',  ( 1.000000000000000000, 0.000000000000000000, 0.000000000000000000 ) ) ;
#4562 = AXIS2_PLACEMENT_3D ( 'NONE', #4555, #3062, #4581 ) ;
#4563 = PLANE ( 'NONE',  #4534 ) ;
#4564 = LINE ( 'NONE', #608, #2336 ) ;
#4565 = VECTOR ( 'NONE', #2725, 1000.000000000000000 ) ;
#4566 = MANIFOLD_SOLID_BREP ( 'Boss-Extrude3[3]', #780 ) ;
#4567 = DIRECTION ( 'NONE',  ( 0.000000000000000000, 0.000000000000000000, 1.000000000000000000 ) ) ;
#4568 = CARTESIAN_POINT ( 'NONE',  ( -1.500000000000000444, 0.000000000000000000, -1.250000000000000000 ) ) ;
#4569 = VECTOR ( 'NONE', #4241, 1000.000000000000000 ) ;
#4570 = FILL_AREA_STYLE ('',( #2748 ) ) ;
#4571 = LINE ( 'NONE', #2053, #3258 ) ;
#4572 = AXIS2_PLACEMENT_3D ( 'NONE', #2550, #2236, #462 ) ;
#4573 = VECTOR ( 'NONE', #415, 1000.000000000000000 ) ;
#4574 = VERTEX_POINT ( 'NONE', #3619 ) ;
#4575 = LINE ( 'NONE', #3557, #1819 ) ;
#4576 = VECTOR ( 'NONE', #1296, 1000.000000000000000 ) ;
#4577 = CARTESIAN_POINT ( 'NONE',  ( 0.3749999999999998890, 0.000000000000000000, 1.149999999999999911 ) ) ;
#4578 = DIRECTION ( 'NONE',  ( 0.000000000000000000, -1.000000000000000000, 0.000000000000000000 ) ) ;
#4579 = VECTOR ( 'NONE', #1029, 1000.000000000000000 ) ;
#4580 = ORIENTED_EDGE ( 'NONE', *, *, #4654, .T. ) ;
#4581 = DIRECTION ( 'NONE',  ( 0.000000000000000000, -0.000000000000000000, 1.000000000000000000 ) ) ;
#4582 = DIRECTION ( 'NONE',  ( 0.000000000000000000, -1.000000000000000000, 0.000000000000000000 ) ) ;
#4583 = EDGE_CURVE ( 'NONE', #370, #799, #1099, .T. ) ;
#4584 = ORIENTED_EDGE ( 'NONE', *, *, #1176, .T. ) ;
#4585 = ORIENTED_EDGE ( 'NONE', *, *, #1687, .T. ) ;
#4586 = DIRECTION ( 'NONE',  ( -4.565061778886335030E-16, 0.000000000000000000, 1.000000000000000000 ) ) ;
#4587 = ADVANCED_FACE ( 'NONE', ( #3636 ), #3253, .T. ) ;
#4588 =( LENGTH_UNIT ( ) NAMED_UNIT ( * ) SI_UNIT ( .MILLI., .METRE. ) );
#4589 = EDGE_CURVE ( 'NONE', #4508, #2437, #365, .T. ) ;
#4590 = CARTESIAN_POINT ( 'NONE',  ( -0.6249999999999998890, 0.000000000000000000, 0.6750000000000000444 ) ) ;
#4591 = PLANE ( 'NONE',  #55 ) ;
#4592 = CARTESIAN_POINT ( 'NONE',  ( 0.3749999999999998890, 0.1000000000000000056, 1.149999999999999911 ) ) ;
#4593 = CARTESIAN_POINT ( 'NONE',  ( 0.000000000000000000, 0.1000000000000000056, 0.000000000000000000 ) ) ;
#4594 = ADVANCED_FACE ( 'NONE', ( #1443 ), #2211, .T. ) ;
#4595 =( NAMED_UNIT ( * ) PLANE_ANGLE_UNIT ( ) SI_UNIT ( $, .RADIAN. ) );
#4596 = EDGE_CURVE ( 'NONE', #3246, #574, #4368, .T. ) ;
#4597 = VERTEX_POINT ( 'NONE', #4038 ) ;
#4598 = CARTESIAN_POINT ( 'NONE',  ( 0.3750000000000001110, 0.000000000000000000, 0.6750000000000000444 ) ) ;
#4599 = VERTEX_POINT ( 'NONE', #2600 ) ;
#4600 = DIRECTION ( 'NONE',  ( 1.000000000000000000, 0.000000000000000000, 0.000000000000000000 ) ) ;
#4601 = ORIENTED_EDGE ( 'NONE', *, *, #3592, .F. ) ;
#4602 = CARTESIAN_POINT ( 'NONE',  ( -0.6249999999999642508, 0.1000000000000000056, 1.150000000000002576 ) ) ;
#4603 = CARTESIAN_POINT ( 'NONE',  ( -0.9249999999999900524, 0.000000000000000000, 0.3750000000000000000 ) ) ;
#4604 = EDGE_LOOP ( 'NONE', ( #4702, #3928, #2817, #2137 ) ) ;
#4605 = ORIENTED_EDGE ( 'NONE', *, *, #2218, .T. ) ;
#4606 = CARTESIAN_POINT ( 'NONE',  ( 0.1249999999999998890, 0.1000000000000000056, -0.6750000000000000444 ) ) ;
#4607 = CARTESIAN_POINT ( 'NONE',  ( -1.049999999999996714, 0.000000000000000000, -0.8750000000000011102 ) ) ;
#4608 = CARTESIAN_POINT ( 'NONE',  ( -1.500000000000000444, 0.000000000000000000, -1.250000000000000000 ) ) ;
#4609 = FACE_OUTER_BOUND ( 'NONE', #2447, .T. ) ;
#4610 =( LENGTH_UNIT ( ) NAMED_UNIT ( * ) SI_UNIT ( .MILLI., .METRE. ) );
#4611 = EDGE_CURVE ( 'NONE', #316, #700, #2569, .T. ) ;
#4612 = DIRECTION ( 'NONE',  ( 1.000000000000000000, 0.000000000000000000, 0.000000000000000000 ) ) ;
#4613 = CARTESIAN_POINT ( 'NONE',  ( 1.399999999999996581, 0.1000000000000000056, -0.8750000000000557332 ) ) ;
#4614 = PRODUCT_RELATED_PRODUCT_CATEGORY ( 'part', '', ( #308 ) ) ;
#4615 = ORIENTED_EDGE ( 'NONE', *, *, #1233, .F. ) ;
#4616 = CARTESIAN_POINT ( 'NONE',  ( 1.399999999999996581, 0.1000000000000000056, -0.8750000000000557332 ) ) ;
#4617 = ADVANCED_FACE ( 'NONE', ( #1756 ), #1058, .F. ) ;
#4618 = UNCERTAINTY_MEASURE_WITH_UNIT (LENGTH_MEASURE( 1.000000000000000082E-05 ), #4610, 'distance_accuracy_value', 'NONE');
#4619 = ORIENTED_EDGE ( 'NONE', *, *, #4439, .T. ) ;
#4620 = FACE_OUTER_BOUND ( 'NONE', #4454, .T. ) ;
#4621 = VERTEX_POINT ( 'NONE', #4467 ) ;
#4622 = DIRECTION ( 'NONE',  ( 0.000000000000000000, 1.000000000000000000, 0.000000000000000000 ) ) ;
#4623 = SHAPE_DEFINITION_REPRESENTATION ( #728, #2919 ) ;
#4624 = ORIENTED_EDGE ( 'NONE', *, *, #1387, .T. ) ;
#4625 = ORIENTED_EDGE ( 'NONE', *, *, #3730, .T. ) ;
#4626 = DIRECTION ( 'NONE',  ( 0.000000000000000000, -0.000000000000000000, 1.000000000000000000 ) ) ;
#4627 = DIRECTION ( 'NONE',  ( 1.000000000000000000, 0.000000000000000000, -0.000000000000000000 ) ) ;
#4628 = CARTESIAN_POINT ( 'NONE',  ( -0.9249999999999848344, 0.000000000000000000, 0.6250000000000000000 ) ) ;
#4629 = AXIS2_PLACEMENT_3D ( 'NONE', #3401, #2952, #120 ) ;
#4630 = LINE ( 'NONE', #1337, #270 ) ;
#4631 = EDGE_LOOP ( 'NONE', ( #3509, #452, #1533, #2578 ) ) ;
#4632 = MECHANICAL_DESIGN_GEOMETRIC_PRESENTATION_REPRESENTATION (  '', ( #3333 ), #3702 ) ;
#4633 = DIRECTION ( 'NONE',  ( -0.000000000000000000, 0.000000000000000000, 1.000000000000000000 ) ) ;
#4634 = PLANE ( 'NONE',  #892 ) ;
#4635 = CARTESIAN_POINT ( 'NONE',  ( -1.399999999999995248, 0.1000000000000000056, -0.3750000000000000000 ) ) ;
#4636 = CARTESIAN_POINT ( 'NONE',  ( -0.9250000000000004885, 0.000000000000000000, -0.7500000000000000000 ) ) ;
#4637 =( GEOMETRIC_REPRESENTATION_CONTEXT ( 3 ) GLOBAL_UNCERTAINTY_ASSIGNED_CONTEXT ( ( #546 ) ) GLOBAL_UNIT_ASSIGNED_CONTEXT ( ( #3236, #4355, #3390 ) ) REPRESENTATION_CONTEXT ( 'NONE', 'WORKASPACE' ) );
#4638 = EDGE_CURVE ( 'NONE', #4271, #2291, #1868, .T. ) ;
#4639 = LINE ( 'NONE', #1348, #4175 ) ;
#4640 = ORIENTED_EDGE ( 'NONE', *, *, #1953, .F. ) ;
#4641 = CARTESIAN_POINT ( 'NONE',  ( -1.399999999999989919, 0.1000000000000000056, 0.1250000000000000000 ) ) ;
#4642 = VECTOR ( 'NONE', #4169, 1000.000000000000000 ) ;
#4643 = ORIENTED_EDGE ( 'NONE', *, *, #1047, .T. ) ;
#4644 = CIRCLE ( 'NONE', #758, 0.1250000000000002220 ) ;
#4645 = VECTOR ( 'NONE', #2459, 1000.000000000000000 ) ;
#4646 = EDGE_CURVE ( 'NONE', #1060, #3315, #1895, .T. ) ;
#4647 = CARTESIAN_POINT ( 'NONE',  ( -1.399999999999995248, 0.000000000000000000, -0.3750000000000000000 ) ) ;
#4648 = ORIENTED_EDGE ( 'NONE', *, *, #3391, .F. ) ;
#4649 = VECTOR ( 'NONE', #124, 1000.000000000000000 ) ;
#4650 = MECHANICAL_DESIGN_GEOMETRIC_PRESENTATION_REPRESENTATION (  '', ( #4340 ), #3184 ) ;
#4651 = CARTESIAN_POINT ( 'NONE',  ( -0.3749999999999998890, 0.1000000000000000056, -1.149999999999999911 ) ) ;
#4652 = ORIENTED_EDGE ( 'NONE', *, *, #866, .T. ) ;
#4653 = VERTEX_POINT ( 'NONE', #1939 ) ;
#4654 = EDGE_CURVE ( 'NONE', #615, #4335, #1168, .T. ) ;
#4655 = VECTOR ( 'NONE', #2006, 1000.000000000000000 ) ;
#4656 = ORIENTED_EDGE ( 'NONE', *, *, #3506, .T. ) ;
#4657 = LINE ( 'NONE', #3635, #2867 ) ;
#4658 = CARTESIAN_POINT ( 'NONE',  ( 1.399999999999995248, 0.1000000000000000056, -0.3750000000000002220 ) ) ;
#4659 = AXIS2_PLACEMENT_3D ( 'NONE', #4358, #640, #1069 ) ;
#4660 = LINE ( 'NONE', #4193, #3632 ) ;
#4661 = ORIENTED_EDGE ( 'NONE', *, *, #3699, .T. ) ;
#4662 = CARTESIAN_POINT ( 'NONE',  ( 1.400000000000000355, 0.000000000000000000, -0.6250000000000000000 ) ) ;
#4663 = DIRECTION ( 'NONE',  ( 4.565061778886335030E-16, -0.000000000000000000, -1.000000000000000000 ) ) ;
#4664 = CARTESIAN_POINT ( 'NONE',  ( 1.399999999999984812, 0.000000000000000000, 0.6249999999999991118 ) ) ;
#4665 = FACE_OUTER_BOUND ( 'NONE', #2076, .T. ) ;
#4666 = ORIENTED_EDGE ( 'NONE', *, *, #697, .T. ) ;
#4667 = CARTESIAN_POINT ( 'NONE',  ( 0.3750000000000001110, 0.1000000000000000056, 0.6750000000000000444 ) ) ;
#4668 = VERTEX_POINT ( 'NONE', #2706 ) ;
#4669 = CARTESIAN_POINT ( 'NONE',  ( -1.200000000000000622, 0.8299999999999999600, -1.125000000000000666 ) ) ;
#4670 = EDGE_CURVE ( 'NONE', #2840, #2007, #814, .T. ) ;
#4671 = EDGE_CURVE ( 'NONE', #1311, #4308, #2206, .T. ) ;
#4672 = ORIENTED_EDGE ( 'NONE', *, *, #3592, .T. ) ;
#4673 = LINE ( 'NONE', #2466, #1494 ) ;
#4674 = ORIENTED_EDGE ( 'NONE', *, *, #1571, .T. ) ;
#4675 = ORIENTED_EDGE ( 'NONE', *, *, #2678, .T. ) ;
#4676 = CARTESIAN_POINT ( 'NONE',  ( 0.9249999999999952704, 0.000000000000000000, -0.3750000000000002220 ) ) ;
#4677 = DIRECTION ( 'NONE',  ( -0.000000000000000000, -1.000000000000000000, -0.000000000000000000 ) ) ;
#4678 = ORIENTED_EDGE ( 'NONE', *, *, #1897, .T. ) ;
#4679 = ORIENTED_EDGE ( 'NONE', *, *, #2274, .F. ) ;
#4680 = VECTOR ( 'NONE', #453, 1000.000000000000000 ) ;
#4681 = FACE_BOUND ( 'NONE', #367, .T. ) ;
#4682 = DIRECTION ( 'NONE',  ( -1.000000000000000000, 0.000000000000000000, 0.000000000000000000 ) ) ;
#4683 = LINE ( 'NONE', #1761, #963 ) ;
#4684 = VECTOR ( 'NONE', #1173, 1000.000000000000000 ) ;
#4685 = CARTESIAN_POINT ( 'NONE',  ( 0.1250000000000001110, 0.1000000000000000056, 1.149999999999999911 ) ) ;
#4686 = CARTESIAN_POINT ( 'NONE',  ( 1.499999999999999556, 0.8299999999999999600, -1.250000000000000000 ) ) ;
#4687 = VERTEX_POINT ( 'NONE', #3736 ) ;
#4688 = LINE ( 'NONE', #1407, #1204 ) ;
#4689 = CARTESIAN_POINT ( 'NONE',  ( 1.399999999999989919, 0.1000000000000000056, 0.1249999999999995698 ) ) ;
#4690 = CARTESIAN_POINT ( 'NONE',  ( -0.9250000000000004885, 0.1000000000000000056, -0.6250000000000000000 ) ) ;
#4691 = EDGE_LOOP ( 'NONE', ( #2445, #895, #2724, #3176 ) ) ;
#4692 = ORIENTED_EDGE ( 'NONE', *, *, #2476, .T. ) ;
#4693 = ORIENTED_EDGE ( 'NONE', *, *, #3804, .F. ) ;
#4694 = EDGE_CURVE ( 'NONE', #3281, #4350, #861, .T. ) ;
#4695 = EDGE_CURVE ( 'NONE', #3810, #3144, #477, .T. ) ;
#4696 = ORIENTED_EDGE ( 'NONE', *, *, #2534, .F. ) ;
#4697 = CARTESIAN_POINT ( 'NONE',  ( 1.399999999999989919, 0.000000000000000000, 0.3749999999999991673 ) ) ;
#4698 = CARTESIAN_POINT ( 'NONE',  ( 1.399999999999989919, 0.000000000000000000, 0.3749999999999991673 ) ) ;
#4699 = ORIENTED_EDGE ( 'NONE', *, *, #919, .F. ) ;
#4700 = ADVANCED_FACE ( 'NONE', ( #2318, #3045 ), #3687, .F. ) ;
#4701 = FACE_OUTER_BOUND ( 'NONE', #26, .T. ) ;
#4702 = ORIENTED_EDGE ( 'NONE', *, *, #3906, .F. ) ;
#4703 = FACE_OUTER_BOUND ( 'NONE', #2826, .T. ) ;
#4704 = LINE ( 'NONE', #1424, #4413 ) ;
#4705 = VECTOR ( 'NONE', #1478, 1000.000000000000000 ) ;
#4706 = FACE_OUTER_BOUND ( 'NONE', #1218, .T. ) ;
#4707 =( GEOMETRIC_REPRESENTATION_CONTEXT ( 3 ) GLOBAL_UNCERTAINTY_ASSIGNED_CONTEXT ( ( #1605 ) ) GLOBAL_UNIT_ASSIGNED_CONTEXT ( ( #3121, #613, #2381 ) ) REPRESENTATION_CONTEXT ( 'NONE', 'WORKASPACE' ) );
#4708 = EDGE_LOOP ( 'NONE', ( #4210, #3255, #3472, #1229 ) ) ;
#4709 = CARTESIAN_POINT ( 'NONE',  ( -0.6249999999999642508, 0.1000000000000000056, 1.150000000000002576 ) ) ;
#4710 = PLANE ( 'NONE',  #1733 ) ;
#4711 = VECTOR ( 'NONE', #50, 1000.000000000000000 ) ;
#4712 = ORIENTED_EDGE ( 'NONE', *, *, #3533, .T. ) ;
#4713 = DIRECTION ( 'NONE',  ( 0.000000000000000000, 0.000000000000000000, 1.000000000000000000 ) ) ;
#4714 = VECTOR ( 'NONE', #634, 1000.000000000000000 ) ;
#4715 = DIRECTION ( 'NONE',  ( 1.000000000000000000, 0.000000000000000000, 0.000000000000000000 ) ) ;
#4716 = ORIENTED_EDGE ( 'NONE', *, *, #2941, .F. ) ;
#4717 = VECTOR ( 'NONE', #4299, 1000.000000000000000 ) ;
#4718 = ORIENTED_EDGE ( 'NONE', *, *, #1244, .F. ) ;
#4719 = ORIENTED_EDGE ( 'NONE', *, *, #4325, .T. ) ;
#4720 = AXIS2_PLACEMENT_3D ( 'NONE', #1249, #3837, #585 ) ;
#4721 = COLOUR_RGB ( '',1.000000000000000000, 0.8117647058823529438, 0.5019607843137254832 ) ;
#4722 = EDGE_LOOP ( 'NONE', ( #4716, #4187, #839, #4011 ) ) ;
#4723 = DIRECTION ( 'NONE',  ( -1.000000000000000000, 0.000000000000000000, 0.000000000000000000 ) ) ;
#4724 = CARTESIAN_POINT ( 'NONE',  ( -0.9250000000000004885, 0.000000000000000000, -0.6250000000000000000 ) ) ;
#4725 = EDGE_LOOP ( 'NONE', ( #3608, #2250, #3194, #2543 ) ) ;
#4726 = VECTOR ( 'NONE', #2422, 1000.000000000000000 ) ;
#4727 = ORIENTED_EDGE ( 'NONE', *, *, #3719, .F. ) ;
#4728 = PLANE ( 'NONE',  #4184 ) ;
#4729 = ORIENTED_EDGE ( 'NONE', *, *, #2319, .T. ) ;
#4730 = LINE ( 'NONE', #1448, #2584 ) ;
#4731 = AXIS2_PLACEMENT_3D ( 'NONE', #341, #1776, #1394 ) ;
#4732 = EDGE_CURVE ( 'NONE', #2482, #1750, #4486, .T. ) ;
#4733 = DIRECTION ( 'NONE',  ( 0.000000000000000000, 0.000000000000000000, 1.000000000000000000 ) ) ;
#4734 = EDGE_CURVE ( 'NONE', #1843, #2035, #3363, .T. ) ;
#4735 = DIRECTION ( 'NONE',  ( -0.000000000000000000, 0.000000000000000000, -1.000000000000000000 ) ) ;
#4736 = DIRECTION ( 'NONE',  ( 1.000000000000000000, 0.000000000000000000, 0.000000000000000000 ) ) ;
#4737 = ORIENTED_EDGE ( 'NONE', *, *, #4670, .T. ) ;
#4738 = DIRECTION ( 'NONE',  ( 0.000000000000000000, 0.000000000000000000, 1.000000000000000000 ) ) ;
#4739 = DIRECTION ( 'NONE',  ( 0.000000000000000000, -1.000000000000000000, 0.000000000000000000 ) ) ;
#4740 = ADVANCED_FACE ( 'NONE', ( #505 ), #75, .F. ) ;
#4741 = ADVANCED_FACE ( 'NONE', ( #1962 ), #4444, .T. ) ;
#4742 = VERTEX_POINT ( 'NONE', #2999 ) ;
#4743 = CARTESIAN_POINT ( 'NONE',  ( -0.1250000000000001110, 0.1000000000000000056, -1.149999999999999911 ) ) ;
#4744 = VERTEX_POINT ( 'NONE', #3434 ) ;
#4745 = ORIENTED_EDGE ( 'NONE', *, *, #3327, .T. ) ;
#4746 = ORIENTED_EDGE ( 'NONE', *, *, #4014, .F. ) ;
#4747 = FACE_OUTER_BOUND ( 'NONE', #4225, .T. ) ;
#4748 = FACE_OUTER_BOUND ( 'NONE', #1359, .T. ) ;
#4749 = ORIENTED_EDGE ( 'NONE', *, *, #1010, .T. ) ;
ENDSEC;
END-ISO-10303-21;
